Workbook

Sheet 期望
B1: 最小攻击 | C1: 最大攻击 | D1: 穿透 | E1: 伤害加成 | F1: 武学属性 | G1: 牵丝 | H1: 怪物属性 | K1: 期望 | L1: 会心期望 | M1: 会意期望 | N1: 普通期望 | O1: 擦伤期望 | P1: 次数 | Q1: 技能 | R1: 增益1 | S1: 增益2 | T1: 增益3 | U1: 增益4 | V1: 增益5 | W1: 增益6 | X1: 增益7 | Y1: 增益8 | Z1: 增益9 | AA1: 增益10 | AB1: 增益11 | AC1: 增益12 | AD1: 增益13 | AE1: 增益14 | AF1: 增益15 | AG1: 增益16 | AH1: 增益17 | AI1: 增益18 | AJ1: 增益19 | AK1: 增益20 | AL1: 类型 | AM1: 外功倍率 | AN1: 外攻固伤 | AO1: 属性倍率 | AP1: 属性固伤 | AQ1: 通用增伤 | AR1: 外攻加成 | AS1: 即时小外 | AT1: 即时大外 | AU1: 外穿加成 | AV1: 外伤加成 | AW1: 属攻加成 | AX1: 即时小鸣 | AY1: 即时大鸣 | AZ1: 鸣金穿透 | BA1: 鸣金加成 | BB1: 即时小裂 | BC1: 即时大裂 | BD1: 裂石穿透 | BE1: 裂石加成 | BF1: 即时小牵 | BG1: 即时大牵 | BH1: 牵丝穿透 | BI1: 牵丝加成 | BJ1: 即时小破 | BK1: 即时大破 | BL1: 破竹穿透 | BM1: 破竹加成 | BN1: 生效精准 | BO1: 生效会心 | BP1: 生效会心伤害 | BQ1: 生效会意 | BR1: 生效会意伤害 | BS1: 会心占比 | BT1: 普攻占比 | BU1: 擦伤占比 | BV1: 特殊增伤
A2: 外功 | B2: 3909.8 | C2: 3144.7 | D2: 63.5 | F2: 套装 | G2: 撼天 | H2: 防御 | I2: =620*(1-IF(F17="√",0.06,0)-IF(D20="√",0.04,0)) -> 582.8 | K2: =($L2*$BS2+$M2*$BQ2+$N2*$BT2+$O2*$BU2) -> 20065.445 | L2: =((($AS2+$AT2)/2*$AM2+$AN2)*(1+$AU2)*(1+$AV2)+(($AX2+$AY2)/2*IF($G$1="鸣金",$AO2,$AM2)+IF($G$1="鸣金",$AP2*1.5,0))*(1+$AZ2)*(1+$BA2)+(($BB2+$BC2)/2*IF($G$1="裂石",$AO2,$AM2)+IF($G$1="裂石",$AP2*1.5,0))*(1+$BD2)*(1+$BE2)+(($BF2+$BG2)/2*IF($G$1="牵丝",$AO2,$AM2)+IF($G$1="牵丝",$AP2*1.5,0))*(1+$BH2)*(1+$BI2)+(($BJ2+$BK2)/2*IF($G$1="破竹",$AO2,$AM2)+IF($G$1="破竹",$AP2*1.5,0))*(1+$BL2)*(1+$BM2))*(1+$AQ2)*$BP2*$P2*(1+IF(VLOOKUP($Q2,武学奇术!$A:$ZZ,30,FALSE)="弹道",$B$21,0))*(1+$BV2) -> 20060.873 | M2: =(($AT2*$AM2+$AN2)*(1+$AU2)*(1+$AV2)+($AY2*IF($G$1="鸣金",$AO2,$AM2)+IF($G$1="鸣金",$AP2*1.5,0))*(1+$AZ2)*(1+$BA2)+($BC2*IF($G$1="裂石",$AO2,$AM2)+IF($G$1="裂石",$AP2*1.5,0))*(1+$BD2)*(1+$BE2)+($BG2*IF($G$1="牵丝",$AO2,$AM2)+IF($G$1="牵丝",$AP2*1.5,0))*(1+$BH2)*(1+$BI2)+($BK2*IF($G$1="破竹",$AO2,$AM2)+IF($G$1="破竹",$AP2*1.5,0))*(1+$BL2)*(1+$BM2))*(1+$AQ2)*$BR2*$P2*(1+IF(VLOOKUP($Q2,武学奇术!$A:$ZZ,30,FALSE)="弹道",$B$21,0))*(1+$BV2) -> 20110.093 | N2: =((($AS2+$AT2)/2*$AM2+$AN2)*(1+$AU2)*(1+$AV2)+(($AX2+$AY2)/2*IF($G$1="鸣金",$AO2,$AM2)+IF($G$1="鸣金",$AP2*1.5,0))*(1+$AZ2)*(1+$BA2)+(($BB2+$BC2)/2*IF($G$1="裂石",$AO2,$AM2)+IF($G$1="裂石",$AP2*1.5,0))*(1+$BD2)*(1+$BE2)+(($BF2+$BG2)/2*IF($G$1="牵丝",$AO2,$AM2)+IF($G$1="牵丝",$AP2*1.5,0))*(1+$BH2)*(1+$BI2)+(($BJ2+$BK2)/2*IF($G$1="破竹",$AO2,$AM2)+IF($G$1="破竹",$AP2*1.5,0))*(1+$BL2)*(1+$BM2))*(1+$AQ2)*$P2*(1+IF(VLOOKUP($Q2,武学奇术!$A:$ZZ,30,FALSE)="弹道",$B$21,0))*(1+$BV2) -> 13285.346 | O2: =((($AS2*$AM2+$AN2)*(1+$AU2)*(1+$AV2)+($AX2*IF($G$1="鸣金",$AO2,$AM2)+IF($G$1="鸣金",$AP2*1.5,0))*(1+$AZ2)*(1+$BA2)+($BB2*IF($G$1="裂石",$AO2,$AM2)+IF($G$1="裂石",$AP2*1.5,0))*(1+$BD2)*(1+$BE2)+($BF2*IF($G$1="牵丝",$AO2,$AM2)+IF($G$1="牵丝",$AP2*1.5,0))*(1+$BH2)*(1+$BI2)+($BJ2*IF($G$1="破竹",$AO2,$AM2)+IF($G$1="破竹",$AP2*1.5,0))*(1+$BL2)*(1+$BM2))*(1+$AQ2))*$P2*(1+IF(VLOOKUP($Q2,武学奇术!$A:$ZZ,30,FALSE)="弹道",$B$21,0))*(1+$BV2) -> 11674.328 | P2: 1 | Q2: 萧呤千浪流星 | R2: 易水歌1层 | S2: 沧海帖1层 | T2: N/a | U2: N/a | V2: N/a | W2: N/a | X2: N/a | Y2: N/a | Z2: N/a | AA2: 近战笛 | AB2: N/a | AC2: N/a | AD2: N/a | AE2: N/a | AF2: N/a | AG2: N/a | AH2: N/a | AI2: N/a | AJ2: N/a | AK2: N/a | AL2: =VLOOKUP($Q2,武学奇术!$A:$ZZ,25,FALSE) -> 群体奇术 | AM2: =VLOOKUP($Q2,武学奇术!$A:$ZZ,26,FALSE) -> 1.4904 | AN2: =VLOOKUP($Q2,武学奇术!$A:$ZZ,27,FALSE)*(1+IF(OR($AL2=$F$4,$AL2=$F$5),$B$22,0)) -> 378 | AO2: =VLOOKUP($Q2,武学奇术!$A:$ZZ,28,FALSE) -> 2.2356 | AP2: =VLOOKUP($Q2,武学奇术!$A:$ZZ,29,FALSE)*(1+IF(OR($AL2=$F$4,$AL2=$F$5),$B$22,0)) -> 0 | AQ2: {=$G$3+IFERROR(VLOOKUP($AL2,$F$4:$G$7,2,FALSE),0)+VLOOKUP($Q2,武学奇术!$A:$ZZ,2,FALSE)+SUM(_xlfn.XLOOKUP($R2:$AK2,增益!$A:$A,增益!$B:$B,0))} -> 0.2137 | AR2: {=VLOOKUP($Q2,武学奇术!$A:$ZZ,5,FALSE)+SUM(_xlfn.XLOOKUP($R2:$AK2,增益!$A:$A,增益!$E:$E,0))} -> 0 | AS2: {=$D$10*(1+$AR2)+VLOOKUP($Q2,武学奇术!$A:$ZZ,3,FALSE)+SUM(_xlfn.XLOOKUP($R2:$AK2,增益!$A:$A,增益!$C:$C,0))-$I$2} -> 3773.588 | AT2: {=$E$10*(1+$AR2)+VLOOKUP($Q2,武学奇术!$A:$ZZ,4,FALSE)+SUM(_xlfn.XLOOKUP($R2:$AK2,增益!$A:$A,增益!$D:$D,0))-$I$2} -> 3773.588 | AU2: {=IF($F$10-$I$3+VLOOKUP($Q2,武学奇术!$A:$ZZ,6,FALSE)+SUM(_xlfn.XLOOKUP($R2:$AK2,增益!$A:$A,增益!$F:$F,0))>0,($F$10-$I$3+VLOOKUP($Q2,武学奇术!$A:$ZZ,6,FALSE)+SUM(_xlfn.XLOOKUP($R2:$AK2,增益!$A:$A,增益!$F:$F,0)))/200,($F$10-$I$3+VLOOKUP($Q2,武学奇术!$A:$ZZ,6,FALSE)+SUM(_xlfn.XLOOKUP($R2:$AK2,增益!$A:$A,增益!$F:$F,0)))/100)} -> 0.2525 | AV2: {=$G$10+VLOOKUP($Q2,武学奇术!$A:$ZZ,7,FALSE)+SUM(_xlfn.XLOOKUP($R2:$AK2,增益!$A:$A,增益!$G:$G,0))} -> 0 | AW2: {=VLOOKUP($Q2,武学奇术!$A:$ZZ,8,FALSE)+SUM(_xlfn.XLOOKUP($R2:$AK2,增益!$A:$A,增益!$H:$H,0))} -> 0 | AX2: =$D$11*(1+$AW2) -> 0 | AY2: =$E$11*(1+$AW2) -> 0 | AZ2: {=IF($F$11-$I$4+VLOOKUP($Q2,武学奇术!$A:$ZZ,9,FALSE)+SUM(_xlfn.XLOOKUP($R2:$AK2,增益!$A:$A,增益!$I:$I,0))>0,($F$11-$I$4+VLOOKUP($Q2,武学奇术!$A:$ZZ,9,FALSE)+SUM(_xlfn.XLOOKUP($R2:$AK2,增益!$A:$A,增益!$I:$I,0)))/200,($F$11-$I$4+VLOOKUP($Q2,武学奇术!$A:$ZZ,9,FALSE)+SUM(_xlfn.XLOOKUP($R2:$AK2,增益!$A:$A,增益!$I:$I,0)))/100)} -> -0.3 | BA2: {=$G$11+VLOOKUP($Q2,武学奇术!$A:$ZZ,10,FALSE)+SUM(_xlfn.XLOOKUP($R2:$AK2,增益!$A:$A,增益!$J:$J,0))} -> 0 | BB2: =$D$12*(1+$AW2) -> 0 | BC2: =$E$12*(1+$AW2) -> 0 | BD2: {=IF($F$12-$I$4+VLOOKUP($Q2,武学奇术!$A:$ZZ,11,FALSE)+SUM(_xlfn.XLOOKUP($R2:$AK2,增益!$A:$A,增益!$K:$K,0))>0,($F$12-$I$4+VLOOKUP($Q2,武学奇术!$A:$ZZ,11,FALSE)+SUM(_xlfn.XLOOKUP($R2:$AK2,增益!$A:$A,增益!$K:$K,0)))/200,($F$12-$I$4+VLOOKUP($Q2,武学奇术!$A:$ZZ,11,FALSE)+SUM(_xlfn.XLOOKUP($R2:$AK2,增益!$A:$A,增益!$K:$K,0)))/100)} -> -0.3 | BE2: {=$G$12+VLOOKUP($Q2,武学奇术!$A:$ZZ,12,FALSE)+SUM(_xlfn.XLOOKUP($R2:$AK2,增益!$A:$A,增益!$L:$L,0))} -> 0 | BF2: =$D$13*(1+$AW2) -> 605.472 | BG2: =$E$13*(1+$AW2) -> 1579.612 | BH2: {=IF($F$13-$I$4+VLOOKUP($Q2,武学奇术!$A:$ZZ,13,FALSE)+SUM(_xlfn.XLOOKUP($R2:$AK2,增益!$A:$A,增益!$M:$M,0))>0,($F$13-$I$4+VLOOKUP($Q2,武学奇术!$A:$ZZ,13,FALSE)+SUM(_xlfn.XLOOKUP($R2:$AK2,增益!$A:$A,增益!$K:$K,0)))/200,($F$13-$I$4+VLOOKUP($Q2,武学奇术!$A:$ZZ,13,FALSE)+SUM(_xlfn.XLOOKUP($R2:$AK2,增益!$A:$A,增益!$M:$M,0)))/100)} -> 0 | BI2: {=$G$13+VLOOKUP($Q2,武学奇术!$A:$ZZ,14,FALSE)+SUM(_xlfn.XLOOKUP($R2:$AK2,增益!$A:$A,增益!$N:$N,0))} -> 0.15 | BJ2: =$D$14*(1+$AW2) -> 0 | BK2: =$E$14*(1+$AW2) -> 0 | BL2: {=IF($F$14-$I$4+VLOOKUP($Q2,武学奇术!$A:$ZZ,15,FALSE)+SUM(_xlfn.XLOOKUP($R2:$AK2,增益!$A:$A,增益!$O:$O,0))>0,($F$14-$I$4+VLOOKUP($Q2,武学奇术!$A:$ZZ,15,FALSE)+SUM(_xlfn.XLOOKUP($R2:$AK2,增益!$A:$A,增益!$O:$O,0)))/200,($F$14-$I$4+VLOOKUP($Q2,武学奇术!$A:$ZZ,15,FALSE)+SUM(_xlfn.XLOOKUP($R2:$AK2,增益!$A:$A,增益!$O:$O,0)))/100)} -> -0.3 | BM2: {=$G$14+VLOOKUP($Q2,武学奇术!$A:$ZZ,16,FALSE)+SUM(_xlfn.XLOOKUP($R2:$AK2,增益!$A:$A,增益!$P:$P,0))} -> 0 | BN2: =MIN(IF(VLOOKUP($Q2,武学奇术!$A:$ZZ,23,FALSE)=1,100%,$B$8),100%) -> 1 | BO2: {=IF(VLOOKUP($Q2,武学奇术!$A:$ZZ,23,FALSE)=1,100%,MIN(80%,$B$9+VLOOKUP($Q2,武学奇术!$A:$ZZ,17,FALSE)+SUM(_xlfn.XLOOKUP($R2:$AK2,增益!$A:$A,增益!$Q:$Q,0)))+$B$11+SUM(_xlfn.XLOOKUP($R2:$AK2,增益!$A:$A,增益!$U:$U,0)))*IF(VLOOKUP($Q2,武学奇术!$A:$ZZ,24,FALSE)=1,0,1)} -> 0.9093 | BP2: {=1+$B$13+VLOOKUP($Q2,武学奇术!$A:$ZZ,18,FALSE)+SUM(_xlfn.XLOOKUP($R2:$AK2,增益!$A:$A,增益!$R:$R,0))} -> 1.51 | BQ2: {=IF(VLOOKUP($Q2,武学奇术!$A:$ZZ,24,FALSE)=1,100%,MIN(40%,$B$10+VLOOKUP($Q2,武学奇术!$A:$ZZ,19,FALSE)+SUM(_xlfn.XLOOKUP($R2:$AK2,增益!$A:$A,增益!$S:$S,0)))+$B$12+SUM(_xlfn.XLOOKUP($R2:$AK2,增益!$A:$A,增益!$V:$V,0)))*IF(VLOOKUP($Q2,武学奇术!$A:$ZZ,23,FALSE)=1,0,1)} -> 0.0929 | BR2: {=1+$B$14+VLOOKUP($Q2,武学奇术!$A:$ZZ,20,FALSE)+SUM(_xlfn.XLOOKUP($R2:$AK2,增益!$A:$A,增益!$T:$T,0))} -> 1.35 | BS2: =MIN((1-BQ2)*BN2,BN2*BO2) -> 0.9071 | BT2: =1-BQ2-BS2-BU2 -> 0 | BU2: =IF(VLOOKUP($Q2,武学奇术!$A:$ZZ,22,FALSE)=1,0,(1-$BN2))*(1-$BQ2) -> 0 | BV2: {=SUM(_xlfn.XLOOKUP($R2:$AK2,增益!$A:$A,增益!$W:$W,0))+$I$5} -> 0.06
A3: 鸣金 | F3: 通用增伤 | G3: =B16+1.5%+IF($D$16="√",8%,0)+IF($E$22="征人归",8%,0) -> 0.1837 | H3: 外抗 | I3: =25-IF(D17="√",10,0)-IF(F17="√",10,0) -> 15 | K3: =($L3*$BS3+$M3*$BQ3+$N3*$BT3+$O3*$BU3) -> 20469.385 | L3: =((($AS3+$AT3)/2*$AM3+$AN3)*(1+$AU3)*(1+$AV3)+(($AX3+$AY3)/2*IF($G$1="鸣金",$AO3,$AM3)+IF($G$1="鸣金",$AP3*1.5,0))*(1+$AZ3)*(1+$BA3)+(($BB3+$BC3)/2*IF($G$1="裂石",$AO3,$AM3)+IF($G$1="裂石",$AP3*1.5,0))*(1+$BD3)*(1+$BE3)+(($BF3+$BG3)/2*IF($G$1="牵丝",$AO3,$AM3)+IF($G$1="牵丝",$AP3*1.5,0))*(1+$BH3)*(1+$BI3)+(($BJ3+$BK3)/2*IF($G$1="破竹",$AO3,$AM3)+IF($G$1="破竹",$AP3*1.5,0))*(1+$BL3)*(1+$BM3))*(1+$AQ3)*$BP3*$P3*(1+IF(VLOOKUP($Q3,武学奇术!$A:$ZZ,30,FALSE)="弹道",$B$21,0))*(1+$BV3) -> 20478.448 | M3: =(($AT3*$AM3+$AN3)*(1+$AU3)*(1+$AV3)+($AY3*IF($G$1="鸣金",$AO3,$AM3)+IF($G$1="鸣金",$AP3*1.5,0))*(1+$AZ3)*(1+$BA3)+($BC3*IF($G$1="裂石",$AO3,$AM3)+IF($G$1="裂石",$AP3*1.5,0))*(1+$BD3)*(1+$BE3)+($BG3*IF($G$1="牵丝",$AO3,$AM3)+IF($G$1="牵丝",$AP3*1.5,0))*(1+$BH3)*(1+$BI3)+($BK3*IF($G$1="破竹",$AO3,$AM3)+IF($G$1="破竹",$AP3*1.5,0))*(1+$BL3)*(1+$BM3))*(1+$AQ3)*$BR3*$P3*(1+IF(VLOOKUP($Q3,武学奇术!$A:$ZZ,30,FALSE)="弹道",$B$21,0))*(1+$BV3) -> 20380.89 | N3: =((($AS3+$AT3)/2*$AM3+$AN3)*(1+$AU3)*(1+$AV3)+(($AX3+$AY3)/2*IF($G$1="鸣金",$AO3,$AM3)+IF($G$1="鸣金",$AP3*1.5,0))*(1+$AZ3)*(1+$BA3)+(($BB3+$BC3)/2*IF($G$1="裂石",$AO3,$AM3)+IF($G$1="裂石",$AP3*1.5,0))*(1+$BD3)*(1+$BE3)+(($BF3+$BG3)/2*IF($G$1="牵丝",$AO3,$AM3)+IF($G$1="牵丝",$AP3*1.5,0))*(1+$BH3)*(1+$BI3)+(($BJ3+$BK3)/2*IF($G$1="破竹",$AO3,$AM3)+IF($G$1="破竹",$AP3*1.5,0))*(1+$BL3)*(1+$BM3))*(1+$AQ3)*$P3*(1+IF(VLOOKUP($Q3,武学奇术!$A:$ZZ,30,FALSE)="弹道",$B$21,0))*(1+$BV3) -> 13472.663 | O3: =((($AS3*$AM3+$AN3)*(1+$AU3)*(1+$AV3)+($AX3*IF($G$1="鸣金",$AO3,$AM3)+IF($G$1="鸣金",$AP3*1.5,0))*(1+$AZ3)*(1+$BA3)+($BB3*IF($G$1="裂石",$AO3,$AM3)+IF($G$1="裂石",$AP3*1.5,0))*(1+$BD3)*(1+$BE3)+($BF3*IF($G$1="牵丝",$AO3,$AM3)+IF($G$1="牵丝",$AP3*1.5,0))*(1+$BH3)*(1+$BI3)+($BJ3*IF($G$1="破竹",$AO3,$AM3)+IF($G$1="破竹",$AP3*1.5,0))*(1+$BL3)*(1+$BM3))*(1+$AQ3))*$P3*(1+IF(VLOOKUP($Q3,武学奇术!$A:$ZZ,30,FALSE)="弹道",$B$21,0))*(1+$BV3) -> 11848.371 | P3: 1 | Q3: 萧呤千浪流星 | R3: 易水歌2层 | S3: 沧海帖2层 | T3: N/a | U3: N/a | V3: N/a | W3: N/a | X3: N/a | Y3: N/a | Z3: N/a | AA3: 近战笛 | AB3: 惧刃(拐) | AC3: N/a | AD3: N/a | AE3: N/a | AF3: N/a | AG3: N/a | AH3: N/a | AI3: N/a | AJ3: N/a | AK3: N/a | AL3: =VLOOKUP($Q3,武学奇术!$A:$ZZ,25,FALSE) -> 群体奇术 | AM3: =VLOOKUP($Q3,武学奇术!$A:$ZZ,26,FALSE) -> 1.4904 | AN3: =VLOOKUP($Q3,武学奇术!$A:$ZZ,27,FALSE)*(1+IF(OR($AL3=$F$4,$AL3=$F$5),$B$22,0)) -> 378 | AO3: =VLOOKUP($Q3,武学奇术!$A:$ZZ,28,FALSE) -> 2.2356 | AP3: =VLOOKUP($Q3,武学奇术!$A:$ZZ,29,FALSE)*(1+IF(OR($AL3=$F$4,$AL3=$F$5),$B$22,0)) -> 0 | AQ3: {=$G$3+IFERROR(VLOOKUP($AL3,$F$4:$G$7,2,FALSE),0)+VLOOKUP($Q3,武学奇术!$A:$ZZ,2,FALSE)+SUM(_xlfn.XLOOKUP($R3:$AK3,增益!$A:$A,增益!$B:$B,0))} -> 0.2237 | AR3: {=VLOOKUP($Q3,武学奇术!$A:$ZZ,5,FALSE)+SUM(_xlfn.XLOOKUP($R3:$AK3,增益!$A:$A,增益!$E:$E,0))} -> 0 | AS3: {=$D$10*(1+$AR3)+VLOOKUP($Q3,武学奇术!$A:$ZZ,3,FALSE)+SUM(_xlfn.XLOOKUP($R3:$AK3,增益!$A:$A,增益!$C:$C,0))-$I$2} -> 3773.588 | AT3: {=$E$10*(1+$AR3)+VLOOKUP($Q3,武学奇术!$A:$ZZ,4,FALSE)+SUM(_xlfn.XLOOKUP($R3:$AK3,增益!$A:$A,增益!$D:$D,0))-$I$2} -> 3773.588 | AU3: {=IF($F$10-$I$3+VLOOKUP($Q3,武学奇术!$A:$ZZ,6,FALSE)+SUM(_xlfn.XLOOKUP($R3:$AK3,增益!$A:$A,增益!$F:$F,0))>0,($F$10-$I$3+VLOOKUP($Q3,武学奇术!$A:$ZZ,6,FALSE)+SUM(_xlfn.XLOOKUP($R3:$AK3,增益!$A:$A,增益!$F:$F,0)))/200,($F$10-$I$3+VLOOKUP($Q3,武学奇术!$A:$ZZ,6,FALSE)+SUM(_xlfn.XLOOKUP($R3:$AK3,增益!$A:$A,增益!$F:$F,0)))/100)} -> 0.2625 | AV3: {=$G$10+VLOOKUP($Q3,武学奇术!$A:$ZZ,7,FALSE)+SUM(_xlfn.XLOOKUP($R3:$AK3,增益!$A:$A,增益!$G:$G,0))} -> 0 | AW3: {=VLOOKUP($Q3,武学奇术!$A:$ZZ,8,FALSE)+SUM(_xlfn.XLOOKUP($R3:$AK3,增益!$A:$A,增益!$H:$H,0))} -> 0 | AX3: =$D$11*(1+$AW3) -> 0 | AY3: =$E$11*(1+$AW3) -> 0 | AZ3: {=IF($F$11-$I$4+VLOOKUP($Q3,武学奇术!$A:$ZZ,9,FALSE)+SUM(_xlfn.XLOOKUP($R3:$AK3,增益!$A:$A,增益!$I:$I,0))>0,($F$11-$I$4+VLOOKUP($Q3,武学奇术!$A:$ZZ,9,FALSE)+SUM(_xlfn.XLOOKUP($R3:$AK3,增益!$A:$A,增益!$I:$I,0)))/200,($F$11-$I$4+VLOOKUP($Q3,武学奇术!$A:$ZZ,9,FALSE)+SUM(_xlfn.XLOOKUP($R3:$AK3,增益!$A:$A,增益!$I:$I,0)))/100)} -> -0.3 | BA3: {=$G$11+VLOOKUP($Q3,武学奇术!$A:$ZZ,10,FALSE)+SUM(_xlfn.XLOOKUP($R3:$AK3,增益!$A:$A,增益!$J:$J,0))} -> 0 | BB3: =$D$12*(1+$AW3) -> 0 | BC3: =$E$12*(1+$AW3) -> 0 | BD3: {=IF($F$12-$I$4+VLOOKUP($Q3,武学奇术!$A:$ZZ,11,FALSE)+SUM(_xlfn.XLOOKUP($R3:$AK3,增益!$A:$A,增益!$K:$K,0))>0,($F$12-$I$4+VLOOKUP($Q3,武学奇术!$A:$ZZ,11,FALSE)+SUM(_xlfn.XLOOKUP($R3:$AK3,增益!$A:$A,增益!$K:$K,0)))/200,($F$12-$I$4+VLOOKUP($Q3,武学奇术!$A:$ZZ,11,FALSE)+SUM(_xlfn.XLOOKUP($R3:$AK3,增益!$A:$A,增益!$K:$K,0)))/100)} -> -0.3 | BE3: {=$G$12+VLOOKUP($Q3,武学奇术!$A:$ZZ,12,FALSE)+SUM(_xlfn.XLOOKUP($R3:$AK3,增益!$A:$A,增益!$L:$L,0))} -> 0 | BF3: =$D$13*(1+$AW3) -> 605.472 | BG3: =$E$13*(1+$AW3) -> 1579.612 | BH3: {=IF($F$13-$I$4+VLOOKUP($Q3,武学奇术!$A:$ZZ,13,FALSE)+SUM(_xlfn.XLOOKUP($R3:$AK3,增益!$A:$A,增益!$M:$M,0))>0,($F$13-$I$4+VLOOKUP($Q3,武学奇术!$A:$ZZ,13,FALSE)+SUM(_xlfn.XLOOKUP($R3:$AK3,增益!$A:$A,增益!$K:$K,0)))/200,($F$13-$I$4+VLOOKUP($Q3,武学奇术!$A:$ZZ,13,FALSE)+SUM(_xlfn.XLOOKUP($R3:$AK3,增益!$A:$A,增益!$M:$M,0)))/100)} -> 0 | BI3: {=$G$13+VLOOKUP($Q3,武学奇术!$A:$ZZ,14,FALSE)+SUM(_xlfn.XLOOKUP($R3:$AK3,增益!$A:$A,增益!$N:$N,0))} -> 0.15 | BJ3: =$D$14*(1+$AW3) -> 0 | BK3: =$E$14*(1+$AW3) -> 0 | BL3: {=IF($F$14-$I$4+VLOOKUP($Q3,武学奇术!$A:$ZZ,15,FALSE)+SUM(_xlfn.XLOOKUP($R3:$AK3,增益!$A:$A,增益!$O:$O,0))>0,($F$14-$I$4+VLOOKUP($Q3,武学奇术!$A:$ZZ,15,FALSE)+SUM(_xlfn.XLOOKUP($R3:$AK3,增益!$A:$A,增益!$O:$O,0)))/200,($F$14-$I$4+VLOOKUP($Q3,武学奇术!$A:$ZZ,15,FALSE)+SUM(_xlfn.XLOOKUP($R3:$AK3,增益!$A:$A,增益!$O:$O,0)))/100)} -> -0.3 | BM3: {=$G$14+VLOOKUP($Q3,武学奇术!$A:$ZZ,16,FALSE)+SUM(_xlfn.XLOOKUP($R3:$AK3,增益!$A:$A,增益!$P:$P,0))} -> 0 | BN3: =MIN(IF(VLOOKUP($Q3,武学奇术!$A:$ZZ,23,FALSE)=1,100%,$B$8),100%) -> 1 | BO3: {=IF(VLOOKUP($Q3,武学奇术!$A:$ZZ,23,FALSE)=1,100%,MIN(80%,$B$9+VLOOKUP($Q3,武学奇术!$A:$ZZ,17,FALSE)+SUM(_xlfn.XLOOKUP($R3:$AK3,增益!$A:$A,增益!$Q:$Q,0)))+$B$11+SUM(_xlfn.XLOOKUP($R3:$AK3,增益!$A:$A,增益!$U:$U,0)))*IF(VLOOKUP($Q3,武学奇术!$A:$ZZ,24,FALSE)=1,0,1)} -> 0.9093 | BP3: {=1+$B$13+VLOOKUP($Q3,武学奇术!$A:$ZZ,18,FALSE)+SUM(_xlfn.XLOOKUP($R3:$AK3,增益!$A:$A,增益!$R:$R,0))} -> 1.52 | BQ3: {=IF(VLOOKUP($Q3,武学奇术!$A:$ZZ,24,FALSE)=1,100%,MIN(40%,$B$10+VLOOKUP($Q3,武学奇术!$A:$ZZ,19,FALSE)+SUM(_xlfn.XLOOKUP($R3:$AK3,增益!$A:$A,增益!$S:$S,0)))+$B$12+SUM(_xlfn.XLOOKUP($R3:$AK3,增益!$A:$A,增益!$V:$V,0)))*IF(VLOOKUP($Q3,武学奇术!$A:$ZZ,23,FALSE)=1,0,1)} -> 0.0929 | BR3: {=1+$B$14+VLOOKUP($Q3,武学奇术!$A:$ZZ,20,FALSE)+SUM(_xlfn.XLOOKUP($R3:$AK3,增益!$A:$A,增益!$T:$T,0))} -> 1.35 | BS3: =MIN((1-BQ3)*BN3,BN3*BO3) -> 0.9071 | BT3: =1-BQ3-BS3-BU3 -> 0 | BU3: =IF(VLOOKUP($Q3,武学奇术!$A:$ZZ,22,FALSE)=1,0,(1-$BN3))*(1-$BQ3) -> 0 | BV3: {=SUM(_xlfn.XLOOKUP($R3:$AK3,增益!$A:$A,增益!$W:$W,0))+$I$5} -> 0.06
A4: 裂石 | F4: 伞 | G4: =B15+B17 -> 0.1704 | H4: 属抗 | I4: =30 -> 30 | K4: =($L4*$BS4+$M4*$BQ4+$N4*$BT4+$O4*$BU4) -> 22104.908 | L4: =((($AS4+$AT4)/2*$AM4+$AN4)*(1+$AU4)*(1+$AV4)+(($AX4+$AY4)/2*IF($G$1="鸣金",$AO4,$AM4)+IF($G$1="鸣金",$AP4*1.5,0))*(1+$AZ4)*(1+$BA4)+(($BB4+$BC4)/2*IF($G$1="裂石",$AO4,$AM4)+IF($G$1="裂石",$AP4*1.5,0))*(1+$BD4)*(1+$BE4)+(($BF4+$BG4)/2*IF($G$1="牵丝",$AO4,$AM4)+IF($G$1="牵丝",$AP4*1.5,0))*(1+$BH4)*(1+$BI4)+(($BJ4+$BK4)/2*IF($G$1="破竹",$AO4,$AM4)+IF($G$1="破竹",$AP4*1.5,0))*(1+$BL4)*(1+$BM4))*(1+$AQ4)*$BP4*$P4*(1+IF(VLOOKUP($Q4,武学奇术!$A:$ZZ,30,FALSE)="弹道",$B$21,0))*(1+$BV4) -> 22141.527 | M4: =(($AT4*$AM4+$AN4)*(1+$AU4)*(1+$AV4)+($AY4*IF($G$1="鸣金",$AO4,$AM4)+IF($G$1="鸣金",$AP4*1.5,0))*(1+$AZ4)*(1+$BA4)+($BC4*IF($G$1="裂石",$AO4,$AM4)+IF($G$1="裂石",$AP4*1.5,0))*(1+$BD4)*(1+$BE4)+($BG4*IF($G$1="牵丝",$AO4,$AM4)+IF($G$1="牵丝",$AP4*1.5,0))*(1+$BH4)*(1+$BI4)+($BK4*IF($G$1="破竹",$AO4,$AM4)+IF($G$1="破竹",$AP4*1.5,0))*(1+$BL4)*(1+$BM4))*(1+$AQ4)*$BR4*$P4*(1+IF(VLOOKUP($Q4,武学奇术!$A:$ZZ,30,FALSE)="弹道",$B$21,0))*(1+$BV4) -> 21747.355 | N4: =((($AS4+$AT4)/2*$AM4+$AN4)*(1+$AU4)*(1+$AV4)+(($AX4+$AY4)/2*IF($G$1="鸣金",$AO4,$AM4)+IF($G$1="鸣金",$AP4*1.5,0))*(1+$AZ4)*(1+$BA4)+(($BB4+$BC4)/2*IF($G$1="裂石",$AO4,$AM4)+IF($G$1="裂石",$AP4*1.5,0))*(1+$BD4)*(1+$BE4)+(($BF4+$BG4)/2*IF($G$1="牵丝",$AO4,$AM4)+IF($G$1="牵丝",$AP4*1.5,0))*(1+$BH4)*(1+$BI4)+(($BJ4+$BK4)/2*IF($G$1="破竹",$AO4,$AM4)+IF($G$1="破竹",$AP4*1.5,0))*(1+$BL4)*(1+$BM4))*(1+$AQ4)*$P4*(1+IF(VLOOKUP($Q4,武学奇术!$A:$ZZ,30,FALSE)="弹道",$B$21,0))*(1+$BV4) -> 14471.586 | O4: =((($AS4*$AM4+$AN4)*(1+$AU4)*(1+$AV4)+($AX4*IF($G$1="鸣金",$AO4,$AM4)+IF($G$1="鸣金",$AP4*1.5,0))*(1+$AZ4)*(1+$BA4)+($BB4*IF($G$1="裂石",$AO4,$AM4)+IF($G$1="裂石",$AP4*1.5,0))*(1+$BD4)*(1+$BE4)+($BF4*IF($G$1="牵丝",$AO4,$AM4)+IF($G$1="牵丝",$AP4*1.5,0))*(1+$BH4)*(1+$BI4)+($BJ4*IF($G$1="破竹",$AO4,$AM4)+IF($G$1="破竹",$AP4*1.5,0))*(1+$BL4)*(1+$BM4))*(1+$AQ4))*$P4*(1+IF(VLOOKUP($Q4,武学奇术!$A:$ZZ,30,FALSE)="弹道",$B$21,0))*(1+$BV4) -> 12834.02 | P4: 1 | Q4: 萧呤千浪流星 | R4: 易水歌3层 | S4: 沧海帖3层 | T4: N/a | U4: 小纵地 | V4: N/a | W4: N/a | X4: N/a | Y4: N/a | Z4: N/a | AA4: 近战笛 | AB4: 惧刃(拐) | AC4: N/a | AD4: N/a | AE4: N/a | AF4: N/a | AG4: N/a | AH4: N/a | AI4: N/a | AJ4: N/a | AK4: N/a | AL4: =VLOOKUP($Q4,武学奇术!$A:$ZZ,25,FALSE) -> 群体奇术 | AM4: =VLOOKUP($Q4,武学奇术!$A:$ZZ,26,FALSE) -> 1.4904 | AN4: =VLOOKUP($Q4,武学奇术!$A:$ZZ,27,FALSE)*(1+IF(OR($AL4=$F$4,$AL4=$F$5),$B$22,0)) -> 378 | AO4: =VLOOKUP($Q4,武学奇术!$A:$ZZ,28,FALSE) -> 2.2356 | AP4: =VLOOKUP($Q4,武学奇术!$A:$ZZ,29,FALSE)*(1+IF(OR($AL4=$F$4,$AL4=$F$5),$B$22,0)) -> 0 | AQ4: {=$G$3+IFERROR(VLOOKUP($AL4,$F$4:$G$7,2,FALSE),0)+VLOOKUP($Q4,武学奇术!$A:$ZZ,2,FALSE)+SUM(_xlfn.XLOOKUP($R4:$AK4,增益!$A:$A,增益!$B:$B,0))} -> 0.2337 | AR4: {=VLOOKUP($Q4,武学奇术!$A:$ZZ,5,FALSE)+SUM(_xlfn.XLOOKUP($R4:$AK4,增益!$A:$A,增益!$E:$E,0))} -> 0.075 | AS4: {=$D$10*(1+$AR4)+VLOOKUP($Q4,武学奇术!$A:$ZZ,3,FALSE)+SUM(_xlfn.XLOOKUP($R4:$AK4,增益!$A:$A,增益!$C:$C,0))-$I$2} -> 4100.3171 | AT4: {=$E$10*(1+$AR4)+VLOOKUP($Q4,武学奇术!$A:$ZZ,4,FALSE)+SUM(_xlfn.XLOOKUP($R4:$AK4,增益!$A:$A,增益!$D:$D,0))-$I$2} -> 4100.3171 | AU4: {=IF($F$10-$I$3+VLOOKUP($Q4,武学奇术!$A:$ZZ,6,FALSE)+SUM(_xlfn.XLOOKUP($R4:$AK4,增益!$A:$A,增益!$F:$F,0))>0,($F$10-$I$3+VLOOKUP($Q4,武学奇术!$A:$ZZ,6,FALSE)+SUM(_xlfn.XLOOKUP($R4:$AK4,增益!$A:$A,增益!$F:$F,0)))/200,($F$10-$I$3+VLOOKUP($Q4,武学奇术!$A:$ZZ,6,FALSE)+SUM(_xlfn.XLOOKUP($R4:$AK4,增益!$A:$A,增益!$F:$F,0)))/100)} -> 0.2725 | AV4: {=$G$10+VLOOKUP($Q4,武学奇术!$A:$ZZ,7,FALSE)+SUM(_xlfn.XLOOKUP($R4:$AK4,增益!$A:$A,增益!$G:$G,0))} -> 0 | AW4: {=VLOOKUP($Q4,武学奇术!$A:$ZZ,8,FALSE)+SUM(_xlfn.XLOOKUP($R4:$AK4,增益!$A:$A,增益!$H:$H,0))} -> 0 | AX4: =$D$11*(1+$AW4) -> 0 | AY4: =$E$11*(1+$AW4) -> 0 | AZ4: {=IF($F$11-$I$4+VLOOKUP($Q4,武学奇术!$A:$ZZ,9,FALSE)+SUM(_xlfn.XLOOKUP($R4:$AK4,增益!$A:$A,增益!$I:$I,0))>0,($F$11-$I$4+VLOOKUP($Q4,武学奇术!$A:$ZZ,9,FALSE)+SUM(_xlfn.XLOOKUP($R4:$AK4,增益!$A:$A,增益!$I:$I,0)))/200,($F$11-$I$4+VLOOKUP($Q4,武学奇术!$A:$ZZ,9,FALSE)+SUM(_xlfn.XLOOKUP($R4:$AK4,增益!$A:$A,增益!$I:$I,0)))/100)} -> -0.3 | BA4: {=$G$11+VLOOKUP($Q4,武学奇术!$A:$ZZ,10,FALSE)+SUM(_xlfn.XLOOKUP($R4:$AK4,增益!$A:$A,增益!$J:$J,0))} -> 0 | BB4: =$D$12*(1+$AW4) -> 0 | BC4: =$E$12*(1+$AW4) -> 0 | BD4: {=IF($F$12-$I$4+VLOOKUP($Q4,武学奇术!$A:$ZZ,11,FALSE)+SUM(_xlfn.XLOOKUP($R4:$AK4,增益!$A:$A,增益!$K:$K,0))>0,($F$12-$I$4+VLOOKUP($Q4,武学奇术!$A:$ZZ,11,FALSE)+SUM(_xlfn.XLOOKUP($R4:$AK4,增益!$A:$A,增益!$K:$K,0)))/200,($F$12-$I$4+VLOOKUP($Q4,武学奇术!$A:$ZZ,11,FALSE)+SUM(_xlfn.XLOOKUP($R4:$AK4,增益!$A:$A,增益!$K:$K,0)))/100)} -> -0.3 | BE4: {=$G$12+VLOOKUP($Q4,武学奇术!$A:$ZZ,12,FALSE)+SUM(_xlfn.XLOOKUP($R4:$AK4,增益!$A:$A,增益!$L:$L,0))} -> 0 | BF4: =$D$13*(1+$AW4) -> 605.472 | BG4: =$E$13*(1+$AW4) -> 1579.612 | BH4: {=IF($F$13-$I$4+VLOOKUP($Q4,武学奇术!$A:$ZZ,13,FALSE)+SUM(_xlfn.XLOOKUP($R4:$AK4,增益!$A:$A,增益!$M:$M,0))>0,($F$13-$I$4+VLOOKUP($Q4,武学奇术!$A:$ZZ,13,FALSE)+SUM(_xlfn.XLOOKUP($R4:$AK4,增益!$A:$A,增益!$K:$K,0)))/200,($F$13-$I$4+VLOOKUP($Q4,武学奇术!$A:$ZZ,13,FALSE)+SUM(_xlfn.XLOOKUP($R4:$AK4,增益!$A:$A,增益!$M:$M,0)))/100)} -> 0 | BI4: {=$G$13+VLOOKUP($Q4,武学奇术!$A:$ZZ,14,FALSE)+SUM(_xlfn.XLOOKUP($R4:$AK4,增益!$A:$A,增益!$N:$N,0))} -> 0.15 | BJ4: =$D$14*(1+$AW4) -> 0 | BK4: =$E$14*(1+$AW4) -> 0 | BL4: {=IF($F$14-$I$4+VLOOKUP($Q4,武学奇术!$A:$ZZ,15,FALSE)+SUM(_xlfn.XLOOKUP($R4:$AK4,增益!$A:$A,增益!$O:$O,0))>0,($F$14-$I$4+VLOOKUP($Q4,武学奇术!$A:$ZZ,15,FALSE)+SUM(_xlfn.XLOOKUP($R4:$AK4,增益!$A:$A,增益!$O:$O,0)))/200,($F$14-$I$4+VLOOKUP($Q4,武学奇术!$A:$ZZ,15,FALSE)+SUM(_xlfn.XLOOKUP($R4:$AK4,增益!$A:$A,增益!$O:$O,0)))/100)} -> -0.3 | BM4: {=$G$14+VLOOKUP($Q4,武学奇术!$A:$ZZ,16,FALSE)+SUM(_xlfn.XLOOKUP($R4:$AK4,增益!$A:$A,增益!$P:$P,0))} -> 0 | BN4: =MIN(IF(VLOOKUP($Q4,武学奇术!$A:$ZZ,23,FALSE)=1,100%,$B$8),100%) -> 1 | BO4: {=IF(VLOOKUP($Q4,武学奇术!$A:$ZZ,23,FALSE)=1,100%,MIN(80%,$B$9+VLOOKUP($Q4,武学奇术!$A:$ZZ,17,FALSE)+SUM(_xlfn.XLOOKUP($R4:$AK4,增益!$A:$A,增益!$Q:$Q,0)))+$B$11+SUM(_xlfn.XLOOKUP($R4:$AK4,增益!$A:$A,增益!$U:$U,0)))*IF(VLOOKUP($Q4,武学奇术!$A:$ZZ,24,FALSE)=1,0,1)} -> 0.9093 | BP4: {=1+$B$13+VLOOKUP($Q4,武学奇术!$A:$ZZ,18,FALSE)+SUM(_xlfn.XLOOKUP($R4:$AK4,增益!$A:$A,增益!$R:$R,0))} -> 1.53 | BQ4: {=IF(VLOOKUP($Q4,武学奇术!$A:$ZZ,24,FALSE)=1,100%,MIN(40%,$B$10+VLOOKUP($Q4,武学奇术!$A:$ZZ,19,FALSE)+SUM(_xlfn.XLOOKUP($R4:$AK4,增益!$A:$A,增益!$S:$S,0)))+$B$12+SUM(_xlfn.XLOOKUP($R4:$AK4,增益!$A:$A,增益!$V:$V,0)))*IF(VLOOKUP($Q4,武学奇术!$A:$ZZ,23,FALSE)=1,0,1)} -> 0.0929 | BR4: {=1+$B$14+VLOOKUP($Q4,武学奇术!$A:$ZZ,20,FALSE)+SUM(_xlfn.XLOOKUP($R4:$AK4,增益!$A:$A,增益!$T:$T,0))} -> 1.35 | BS4: =MIN((1-BQ4)*BN4,BN4*BO4) -> 0.9071 | BT4: =1-BQ4-BS4-BU4 -> 0 | BU4: =IF(VLOOKUP($Q4,武学奇术!$A:$ZZ,22,FALSE)=1,0,(1-$BN4))*(1-$BQ4) -> 0 | BV4: {=SUM(_xlfn.XLOOKUP($R4:$AK4,增益!$A:$A,增益!$W:$W,0))+$I$5} -> 0.06
A5: 牵丝 | B5: 492 | C5: 1260.2 | D5: 30 | E5: 0.15 | F5: 扇 | G5: =B15+B18 -> 0.0852 | H5: 副本天赋 | I5: 0.06 | K5: =($L5*$BS5+$M5*$BQ5+$N5*$BT5+$O5*$BU5) -> 22546.653 | L5: =((($AS5+$AT5)/2*$AM5+$AN5)*(1+$AU5)*(1+$AV5)+(($AX5+$AY5)/2*IF($G$1="鸣金",$AO5,$AM5)+IF($G$1="鸣金",$AP5*1.5,0))*(1+$AZ5)*(1+$BA5)+(($BB5+$BC5)/2*IF($G$1="裂石",$AO5,$AM5)+IF($G$1="裂石",$AP5*1.5,0))*(1+$BD5)*(1+$BE5)+(($BF5+$BG5)/2*IF($G$1="牵丝",$AO5,$AM5)+IF($G$1="牵丝",$AP5*1.5,0))*(1+$BH5)*(1+$BI5)+(($BJ5+$BK5)/2*IF($G$1="破竹",$AO5,$AM5)+IF($G$1="破竹",$AP5*1.5,0))*(1+$BL5)*(1+$BM5))*(1+$AQ5)*$BP5*$P5*(1+IF(VLOOKUP($Q5,武学奇术!$A:$ZZ,30,FALSE)="弹道",$B$21,0))*(1+$BV5) -> 22598.631 | M5: =(($AT5*$AM5+$AN5)*(1+$AU5)*(1+$AV5)+($AY5*IF($G$1="鸣金",$AO5,$AM5)+IF($G$1="鸣金",$AP5*1.5,0))*(1+$AZ5)*(1+$BA5)+($BC5*IF($G$1="裂石",$AO5,$AM5)+IF($G$1="裂石",$AP5*1.5,0))*(1+$BD5)*(1+$BE5)+($BG5*IF($G$1="牵丝",$AO5,$AM5)+IF($G$1="牵丝",$AP5*1.5,0))*(1+$BH5)*(1+$BI5)+($BK5*IF($G$1="破竹",$AO5,$AM5)+IF($G$1="破竹",$AP5*1.5,0))*(1+$BL5)*(1+$BM5))*(1+$AQ5)*$BR5*$P5*(1+IF(VLOOKUP($Q5,武学奇术!$A:$ZZ,30,FALSE)="弹道",$B$21,0))*(1+$BV5) -> 22039.121 | N5: =((($AS5+$AT5)/2*$AM5+$AN5)*(1+$AU5)*(1+$AV5)+(($AX5+$AY5)/2*IF($G$1="鸣金",$AO5,$AM5)+IF($G$1="鸣金",$AP5*1.5,0))*(1+$AZ5)*(1+$BA5)+(($BB5+$BC5)/2*IF($G$1="裂石",$AO5,$AM5)+IF($G$1="裂石",$AP5*1.5,0))*(1+$BD5)*(1+$BE5)+(($BF5+$BG5)/2*IF($G$1="牵丝",$AO5,$AM5)+IF($G$1="牵丝",$AP5*1.5,0))*(1+$BH5)*(1+$BI5)+(($BJ5+$BK5)/2*IF($G$1="破竹",$AO5,$AM5)+IF($G$1="破竹",$AP5*1.5,0))*(1+$BL5)*(1+$BM5))*(1+$AQ5)*$P5*(1+IF(VLOOKUP($Q5,武学奇术!$A:$ZZ,30,FALSE)="弹道",$B$21,0))*(1+$BV5) -> 14674.436 | O5: =((($AS5*$AM5+$AN5)*(1+$AU5)*(1+$AV5)+($AX5*IF($G$1="鸣金",$AO5,$AM5)+IF($G$1="鸣金",$AP5*1.5,0))*(1+$AZ5)*(1+$BA5)+($BB5*IF($G$1="裂石",$AO5,$AM5)+IF($G$1="裂石",$AP5*1.5,0))*(1+$BD5)*(1+$BE5)+($BF5*IF($G$1="牵丝",$AO5,$AM5)+IF($G$1="牵丝",$AP5*1.5,0))*(1+$BH5)*(1+$BI5)+($BJ5*IF($G$1="破竹",$AO5,$AM5)+IF($G$1="破竹",$AP5*1.5,0))*(1+$BL5)*(1+$BM5))*(1+$AQ5))*$P5*(1+IF(VLOOKUP($Q5,武学奇术!$A:$ZZ,30,FALSE)="弹道",$B$21,0))*(1+$BV5) -> 13023.596 | P5: 1 | Q5: 萧呤千浪流星 | R5: 易水歌4层 | S5: 沧海帖4层 | T5: N/a | U5: 小纵地 | V5: N/a | W5: N/a | X5: N/a | Y5: N/a | Z5: N/a | AA5: 近战笛 | AB5: 惧刃(拐) | AC5: N/a | AD5: N/a | AE5: N/a | AF5: N/a | AG5: N/a | AH5: N/a | AI5: N/a | AJ5: N/a | AK5: N/a | AL5: =VLOOKUP($Q5,武学奇术!$A:$ZZ,25,FALSE) -> 群体奇术 | AM5: =VLOOKUP($Q5,武学奇术!$A:$ZZ,26,FALSE) -> 1.4904 | AN5: =VLOOKUP($Q5,武学奇术!$A:$ZZ,27,FALSE)*(1+IF(OR($AL5=$F$4,$AL5=$F$5),$B$22,0)) -> 378 | AO5: =VLOOKUP($Q5,武学奇术!$A:$ZZ,28,FALSE) -> 2.2356 | AP5: =VLOOKUP($Q5,武学奇术!$A:$ZZ,29,FALSE)*(1+IF(OR($AL5=$F$4,$AL5=$F$5),$B$22,0)) -> 0 | AQ5: {=$G$3+IFERROR(VLOOKUP($AL5,$F$4:$G$7,2,FALSE),0)+VLOOKUP($Q5,武学奇术!$A:$ZZ,2,FALSE)+SUM(_xlfn.XLOOKUP($R5:$AK5,增益!$A:$A,增益!$B:$B,0))} -> 0.2437 | AR5: {=VLOOKUP($Q5,武学奇术!$A:$ZZ,5,FALSE)+SUM(_xlfn.XLOOKUP($R5:$AK5,增益!$A:$A,增益!$E:$E,0))} -> 0.075 | AS5: {=$D$10*(1+$AR5)+VLOOKUP($Q5,武学奇术!$A:$ZZ,3,FALSE)+SUM(_xlfn.XLOOKUP($R5:$AK5,增益!$A:$A,增益!$C:$C,0))-$I$2} -> 4100.3171 | AT5: {=$E$10*(1+$AR5)+VLOOKUP($Q5,武学奇术!$A:$ZZ,4,FALSE)+SUM(_xlfn.XLOOKUP($R5:$AK5,增益!$A:$A,增益!$D:$D,0))-$I$2} -> 4100.3171 | AU5: {=IF($F$10-$I$3+VLOOKUP($Q5,武学奇术!$A:$ZZ,6,FALSE)+SUM(_xlfn.XLOOKUP($R5:$AK5,增益!$A:$A,增益!$F:$F,0))>0,($F$10-$I$3+VLOOKUP($Q5,武学奇术!$A:$ZZ,6,FALSE)+SUM(_xlfn.XLOOKUP($R5:$AK5,增益!$A:$A,增益!$F:$F,0)))/200,($F$10-$I$3+VLOOKUP($Q5,武学奇术!$A:$ZZ,6,FALSE)+SUM(_xlfn.XLOOKUP($R5:$AK5,增益!$A:$A,增益!$F:$F,0)))/100)} -> 0.2825 | AV5: {=$G$10+VLOOKUP($Q5,武学奇术!$A:$ZZ,7,FALSE)+SUM(_xlfn.XLOOKUP($R5:$AK5,增益!$A:$A,增益!$G:$G,0))} -> 0 | AW5: {=VLOOKUP($Q5,武学奇术!$A:$ZZ,8,FALSE)+SUM(_xlfn.XLOOKUP($R5:$AK5,增益!$A:$A,增益!$H:$H,0))} -> 0 | AX5: =$D$11*(1+$AW5) -> 0 | AY5: =$E$11*(1+$AW5) -> 0 | AZ5: {=IF($F$11-$I$4+VLOOKUP($Q5,武学奇术!$A:$ZZ,9,FALSE)+SUM(_xlfn.XLOOKUP($R5:$AK5,增益!$A:$A,增益!$I:$I,0))>0,($F$11-$I$4+VLOOKUP($Q5,武学奇术!$A:$ZZ,9,FALSE)+SUM(_xlfn.XLOOKUP($R5:$AK5,增益!$A:$A,增益!$I:$I,0)))/200,($F$11-$I$4+VLOOKUP($Q5,武学奇术!$A:$ZZ,9,FALSE)+SUM(_xlfn.XLOOKUP($R5:$AK5,增益!$A:$A,增益!$I:$I,0)))/100)} -> -0.3 | BA5: {=$G$11+VLOOKUP($Q5,武学奇术!$A:$ZZ,10,FALSE)+SUM(_xlfn.XLOOKUP($R5:$AK5,增益!$A:$A,增益!$J:$J,0))} -> 0 | BB5: =$D$12*(1+$AW5) -> 0 | BC5: =$E$12*(1+$AW5) -> 0 | BD5: {=IF($F$12-$I$4+VLOOKUP($Q5,武学奇术!$A:$ZZ,11,FALSE)+SUM(_xlfn.XLOOKUP($R5:$AK5,增益!$A:$A,增益!$K:$K,0))>0,($F$12-$I$4+VLOOKUP($Q5,武学奇术!$A:$ZZ,11,FALSE)+SUM(_xlfn.XLOOKUP($R5:$AK5,增益!$A:$A,增益!$K:$K,0)))/200,($F$12-$I$4+VLOOKUP($Q5,武学奇术!$A:$ZZ,11,FALSE)+SUM(_xlfn.XLOOKUP($R5:$AK5,增益!$A:$A,增益!$K:$K,0)))/100)} -> -0.3 | BE5: {=$G$12+VLOOKUP($Q5,武学奇术!$A:$ZZ,12,FALSE)+SUM(_xlfn.XLOOKUP($R5:$AK5,增益!$A:$A,增益!$L:$L,0))} -> 0 | BF5: =$D$13*(1+$AW5) -> 605.472 | BG5: =$E$13*(1+$AW5) -> 1579.612 | BH5: {=IF($F$13-$I$4+VLOOKUP($Q5,武学奇术!$A:$ZZ,13,FALSE)+SUM(_xlfn.XLOOKUP($R5:$AK5,增益!$A:$A,增益!$M:$M,0))>0,($F$13-$I$4+VLOOKUP($Q5,武学奇术!$A:$ZZ,13,FALSE)+SUM(_xlfn.XLOOKUP($R5:$AK5,增益!$A:$A,增益!$K:$K,0)))/200,($F$13-$I$4+VLOOKUP($Q5,武学奇术!$A:$ZZ,13,FALSE)+SUM(_xlfn.XLOOKUP($R5:$AK5,增益!$A:$A,增益!$M:$M,0)))/100)} -> 0 | BI5: {=$G$13+VLOOKUP($Q5,武学奇术!$A:$ZZ,14,FALSE)+SUM(_xlfn.XLOOKUP($R5:$AK5,增益!$A:$A,增益!$N:$N,0))} -> 0.15 | BJ5: =$D$14*(1+$AW5) -> 0 | BK5: =$E$14*(1+$AW5) -> 0 | BL5: {=IF($F$14-$I$4+VLOOKUP($Q5,武学奇术!$A:$ZZ,15,FALSE)+SUM(_xlfn.XLOOKUP($R5:$AK5,增益!$A:$A,增益!$O:$O,0))>0,($F$14-$I$4+VLOOKUP($Q5,武学奇术!$A:$ZZ,15,FALSE)+SUM(_xlfn.XLOOKUP($R5:$AK5,增益!$A:$A,增益!$O:$O,0)))/200,($F$14-$I$4+VLOOKUP($Q5,武学奇术!$A:$ZZ,15,FALSE)+SUM(_xlfn.XLOOKUP($R5:$AK5,增益!$A:$A,增益!$O:$O,0)))/100)} -> -0.3 | BM5: {=$G$14+VLOOKUP($Q5,武学奇术!$A:$ZZ,16,FALSE)+SUM(_xlfn.XLOOKUP($R5:$AK5,增益!$A:$A,增益!$P:$P,0))} -> 0 | BN5: =MIN(IF(VLOOKUP($Q5,武学奇术!$A:$ZZ,23,FALSE)=1,100%,$B$8),100%) -> 1 | BO5: {=IF(VLOOKUP($Q5,武学奇术!$A:$ZZ,23,FALSE)=1,100%,MIN(80%,$B$9+VLOOKUP($Q5,武学奇术!$A:$ZZ,17,FALSE)+SUM(_xlfn.XLOOKUP($R5:$AK5,增益!$A:$A,增益!$Q:$Q,0)))+$B$11+SUM(_xlfn.XLOOKUP($R5:$AK5,增益!$A:$A,增益!$U:$U,0)))*IF(VLOOKUP($Q5,武学奇术!$A:$ZZ,24,FALSE)=1,0,1)} -> 0.9093 | BP5: {=1+$B$13+VLOOKUP($Q5,武学奇术!$A:$ZZ,18,FALSE)+SUM(_xlfn.XLOOKUP($R5:$AK5,增益!$A:$A,增益!$R:$R,0))} -> 1.54 | BQ5: {=IF(VLOOKUP($Q5,武学奇术!$A:$ZZ,24,FALSE)=1,100%,MIN(40%,$B$10+VLOOKUP($Q5,武学奇术!$A:$ZZ,19,FALSE)+SUM(_xlfn.XLOOKUP($R5:$AK5,增益!$A:$A,增益!$S:$S,0)))+$B$12+SUM(_xlfn.XLOOKUP($R5:$AK5,增益!$A:$A,增益!$V:$V,0)))*IF(VLOOKUP($Q5,武学奇术!$A:$ZZ,23,FALSE)=1,0,1)} -> 0.0929 | BR5: {=1+$B$14+VLOOKUP($Q5,武学奇术!$A:$ZZ,20,FALSE)+SUM(_xlfn.XLOOKUP($R5:$AK5,增益!$A:$A,增益!$T:$T,0))} -> 1.35 | BS5: =MIN((1-BQ5)*BN5,BN5*BO5) -> 0.9071 | BT5: =1-BQ5-BS5-BU5 -> 0 | BU5: =IF(VLOOKUP($Q5,武学奇术!$A:$ZZ,22,FALSE)=1,0,(1-$BN5))*(1-$BQ5) -> 0 | BV5: {=SUM(_xlfn.XLOOKUP($R5:$AK5,增益!$A:$A,增益!$W:$W,0))+$I$5} -> 0.06
A6: 破竹 | F6: 单体奇术 | G6: =B19 -> 0.2678 | K6: =($L6*$BS6+$M6*$BQ6+$N6*$BT6+$O6*$BU6) -> 22994.184 | L6: =((($AS6+$AT6)/2*$AM6+$AN6)*(1+$AU6)*(1+$AV6)+(($AX6+$AY6)/2*IF($G$1="鸣金",$AO6,$AM6)+IF($G$1="鸣金",$AP6*1.5,0))*(1+$AZ6)*(1+$BA6)+(($BB6+$BC6)/2*IF($G$1="裂石",$AO6,$AM6)+IF($G$1="裂石",$AP6*1.5,0))*(1+$BD6)*(1+$BE6)+(($BF6+$BG6)/2*IF($G$1="牵丝",$AO6,$AM6)+IF($G$1="牵丝",$AP6*1.5,0))*(1+$BH6)*(1+$BI6)+(($BJ6+$BK6)/2*IF($G$1="破竹",$AO6,$AM6)+IF($G$1="破竹",$AP6*1.5,0))*(1+$BL6)*(1+$BM6))*(1+$AQ6)*$BP6*$P6*(1+IF(VLOOKUP($Q6,武学奇术!$A:$ZZ,30,FALSE)="弹道",$B$21,0))*(1+$BV6) -> 23061.925 | M6: =(($AT6*$AM6+$AN6)*(1+$AU6)*(1+$AV6)+($AY6*IF($G$1="鸣金",$AO6,$AM6)+IF($G$1="鸣金",$AP6*1.5,0))*(1+$AZ6)*(1+$BA6)+($BC6*IF($G$1="裂石",$AO6,$AM6)+IF($G$1="裂石",$AP6*1.5,0))*(1+$BD6)*(1+$BE6)+($BG6*IF($G$1="牵丝",$AO6,$AM6)+IF($G$1="牵丝",$AP6*1.5,0))*(1+$BH6)*(1+$BI6)+($BK6*IF($G$1="破竹",$AO6,$AM6)+IF($G$1="破竹",$AP6*1.5,0))*(1+$BL6)*(1+$BM6))*(1+$AQ6)*$BR6*$P6*(1+IF(VLOOKUP($Q6,武学奇术!$A:$ZZ,30,FALSE)="弹道",$B$21,0))*(1+$BV6) -> 22332.745 | N6: =((($AS6+$AT6)/2*$AM6+$AN6)*(1+$AU6)*(1+$AV6)+(($AX6+$AY6)/2*IF($G$1="鸣金",$AO6,$AM6)+IF($G$1="鸣金",$AP6*1.5,0))*(1+$AZ6)*(1+$BA6)+(($BB6+$BC6)/2*IF($G$1="裂石",$AO6,$AM6)+IF($G$1="裂石",$AP6*1.5,0))*(1+$BD6)*(1+$BE6)+(($BF6+$BG6)/2*IF($G$1="牵丝",$AO6,$AM6)+IF($G$1="牵丝",$AP6*1.5,0))*(1+$BH6)*(1+$BI6)+(($BJ6+$BK6)/2*IF($G$1="破竹",$AO6,$AM6)+IF($G$1="破竹",$AP6*1.5,0))*(1+$BL6)*(1+$BM6))*(1+$AQ6)*$P6*(1+IF(VLOOKUP($Q6,武学奇术!$A:$ZZ,30,FALSE)="弹道",$B$21,0))*(1+$BV6) -> 14878.661 | O6: =((($AS6*$AM6+$AN6)*(1+$AU6)*(1+$AV6)+($AX6*IF($G$1="鸣金",$AO6,$AM6)+IF($G$1="鸣金",$AP6*1.5,0))*(1+$AZ6)*(1+$BA6)+($BB6*IF($G$1="裂石",$AO6,$AM6)+IF($G$1="裂石",$AP6*1.5,0))*(1+$BD6)*(1+$BE6)+($BF6*IF($G$1="牵丝",$AO6,$AM6)+IF($G$1="牵丝",$AP6*1.5,0))*(1+$BH6)*(1+$BI6)+($BJ6*IF($G$1="破竹",$AO6,$AM6)+IF($G$1="破竹",$AP6*1.5,0))*(1+$BL6)*(1+$BM6))*(1+$AQ6))*$P6*(1+IF(VLOOKUP($Q6,武学奇术!$A:$ZZ,30,FALSE)="弹道",$B$21,0))*(1+$BV6) -> 13214.548 | P6: 1 | Q6: 萧呤千浪流星 | R6: 易水歌5层 | S6: 沧海帖5层 | T6: N/a | U6: 小纵地 | V6: N/a | W6: N/a | X6: N/a | Y6: N/a | Z6: N/a | AA6: 近战笛 | AB6: 惧刃(拐) | AC6: N/a | AD6: N/a | AE6: N/a | AF6: N/a | AG6: N/a | AH6: N/a | AI6: N/a | AJ6: N/a | AK6: N/a | AL6: =VLOOKUP($Q6,武学奇术!$A:$ZZ,25,FALSE) -> 群体奇术 | AM6: =VLOOKUP($Q6,武学奇术!$A:$ZZ,26,FALSE) -> 1.4904 | AN6: =VLOOKUP($Q6,武学奇术!$A:$ZZ,27,FALSE)*(1+IF(OR($AL6=$F$4,$AL6=$F$5),$B$22,0)) -> 378 | AO6: =VLOOKUP($Q6,武学奇术!$A:$ZZ,28,FALSE) -> 2.2356 | AP6: =VLOOKUP($Q6,武学奇术!$A:$ZZ,29,FALSE)*(1+IF(OR($AL6=$F$4,$AL6=$F$5),$B$22,0)) -> 0 | AQ6: {=$G$3+IFERROR(VLOOKUP($AL6,$F$4:$G$7,2,FALSE),0)+VLOOKUP($Q6,武学奇术!$A:$ZZ,2,FALSE)+SUM(_xlfn.XLOOKUP($R6:$AK6,增益!$A:$A,增益!$B:$B,0))} -> 0.2537 | AR6: {=VLOOKUP($Q6,武学奇术!$A:$ZZ,5,FALSE)+SUM(_xlfn.XLOOKUP($R6:$AK6,增益!$A:$A,增益!$E:$E,0))} -> 0.075 | AS6: {=$D$10*(1+$AR6)+VLOOKUP($Q6,武学奇术!$A:$ZZ,3,FALSE)+SUM(_xlfn.XLOOKUP($R6:$AK6,增益!$A:$A,增益!$C:$C,0))-$I$2} -> 4100.3171 | AT6: {=$E$10*(1+$AR6)+VLOOKUP($Q6,武学奇术!$A:$ZZ,4,FALSE)+SUM(_xlfn.XLOOKUP($R6:$AK6,增益!$A:$A,增益!$D:$D,0))-$I$2} -> 4100.3171 | AU6: {=IF($F$10-$I$3+VLOOKUP($Q6,武学奇术!$A:$ZZ,6,FALSE)+SUM(_xlfn.XLOOKUP($R6:$AK6,增益!$A:$A,增益!$F:$F,0))>0,($F$10-$I$3+VLOOKUP($Q6,武学奇术!$A:$ZZ,6,FALSE)+SUM(_xlfn.XLOOKUP($R6:$AK6,增益!$A:$A,增益!$F:$F,0)))/200,($F$10-$I$3+VLOOKUP($Q6,武学奇术!$A:$ZZ,6,FALSE)+SUM(_xlfn.XLOOKUP($R6:$AK6,增益!$A:$A,增益!$F:$F,0)))/100)} -> 0.2925 | AV6: {=$G$10+VLOOKUP($Q6,武学奇术!$A:$ZZ,7,FALSE)+SUM(_xlfn.XLOOKUP($R6:$AK6,增益!$A:$A,增益!$G:$G,0))} -> 0 | AW6: {=VLOOKUP($Q6,武学奇术!$A:$ZZ,8,FALSE)+SUM(_xlfn.XLOOKUP($R6:$AK6,增益!$A:$A,增益!$H:$H,0))} -> 0 | AX6: =$D$11*(1+$AW6) -> 0 | AY6: =$E$11*(1+$AW6) -> 0 | AZ6: {=IF($F$11-$I$4+VLOOKUP($Q6,武学奇术!$A:$ZZ,9,FALSE)+SUM(_xlfn.XLOOKUP($R6:$AK6,增益!$A:$A,增益!$I:$I,0))>0,($F$11-$I$4+VLOOKUP($Q6,武学奇术!$A:$ZZ,9,FALSE)+SUM(_xlfn.XLOOKUP($R6:$AK6,增益!$A:$A,增益!$I:$I,0)))/200,($F$11-$I$4+VLOOKUP($Q6,武学奇术!$A:$ZZ,9,FALSE)+SUM(_xlfn.XLOOKUP($R6:$AK6,增益!$A:$A,增益!$I:$I,0)))/100)} -> -0.3 | BA6: {=$G$11+VLOOKUP($Q6,武学奇术!$A:$ZZ,10,FALSE)+SUM(_xlfn.XLOOKUP($R6:$AK6,增益!$A:$A,增益!$J:$J,0))} -> 0 | BB6: =$D$12*(1+$AW6) -> 0 | BC6: =$E$12*(1+$AW6) -> 0 | BD6: {=IF($F$12-$I$4+VLOOKUP($Q6,武学奇术!$A:$ZZ,11,FALSE)+SUM(_xlfn.XLOOKUP($R6:$AK6,增益!$A:$A,增益!$K:$K,0))>0,($F$12-$I$4+VLOOKUP($Q6,武学奇术!$A:$ZZ,11,FALSE)+SUM(_xlfn.XLOOKUP($R6:$AK6,增益!$A:$A,增益!$K:$K,0)))/200,($F$12-$I$4+VLOOKUP($Q6,武学奇术!$A:$ZZ,11,FALSE)+SUM(_xlfn.XLOOKUP($R6:$AK6,增益!$A:$A,增益!$K:$K,0)))/100)} -> -0.3 | BE6: {=$G$12+VLOOKUP($Q6,武学奇术!$A:$ZZ,12,FALSE)+SUM(_xlfn.XLOOKUP($R6:$AK6,增益!$A:$A,增益!$L:$L,0))} -> 0 | BF6: =$D$13*(1+$AW6) -> 605.472 | BG6: =$E$13*(1+$AW6) -> 1579.612 | BH6: {=IF($F$13-$I$4+VLOOKUP($Q6,武学奇术!$A:$ZZ,13,FALSE)+SUM(_xlfn.XLOOKUP($R6:$AK6,增益!$A:$A,增益!$M:$M,0))>0,($F$13-$I$4+VLOOKUP($Q6,武学奇术!$A:$ZZ,13,FALSE)+SUM(_xlfn.XLOOKUP($R6:$AK6,增益!$A:$A,增益!$K:$K,0)))/200,($F$13-$I$4+VLOOKUP($Q6,武学奇术!$A:$ZZ,13,FALSE)+SUM(_xlfn.XLOOKUP($R6:$AK6,增益!$A:$A,增益!$M:$M,0)))/100)} -> 0 | BI6: {=$G$13+VLOOKUP($Q6,武学奇术!$A:$ZZ,14,FALSE)+SUM(_xlfn.XLOOKUP($R6:$AK6,增益!$A:$A,增益!$N:$N,0))} -> 0.15 | BJ6: =$D$14*(1+$AW6) -> 0 | BK6: =$E$14*(1+$AW6) -> 0 | BL6: {=IF($F$14-$I$4+VLOOKUP($Q6,武学奇术!$A:$ZZ,15,FALSE)+SUM(_xlfn.XLOOKUP($R6:$AK6,增益!$A:$A,增益!$O:$O,0))>0,($F$14-$I$4+VLOOKUP($Q6,武学奇术!$A:$ZZ,15,FALSE)+SUM(_xlfn.XLOOKUP($R6:$AK6,增益!$A:$A,增益!$O:$O,0)))/200,($F$14-$I$4+VLOOKUP($Q6,武学奇术!$A:$ZZ,15,FALSE)+SUM(_xlfn.XLOOKUP($R6:$AK6,增益!$A:$A,增益!$O:$O,0)))/100)} -> -0.3 | BM6: {=$G$14+VLOOKUP($Q6,武学奇术!$A:$ZZ,16,FALSE)+SUM(_xlfn.XLOOKUP($R6:$AK6,增益!$A:$A,增益!$P:$P,0))} -> 0 | BN6: =MIN(IF(VLOOKUP($Q6,武学奇术!$A:$ZZ,23,FALSE)=1,100%,$B$8),100%) -> 1 | BO6: {=IF(VLOOKUP($Q6,武学奇术!$A:$ZZ,23,FALSE)=1,100%,MIN(80%,$B$9+VLOOKUP($Q6,武学奇术!$A:$ZZ,17,FALSE)+SUM(_xlfn.XLOOKUP($R6:$AK6,增益!$A:$A,增益!$Q:$Q,0)))+$B$11+SUM(_xlfn.XLOOKUP($R6:$AK6,增益!$A:$A,增益!$U:$U,0)))*IF(VLOOKUP($Q6,武学奇术!$A:$ZZ,24,FALSE)=1,0,1)} -> 0.9093 | BP6: {=1+$B$13+VLOOKUP($Q6,武学奇术!$A:$ZZ,18,FALSE)+SUM(_xlfn.XLOOKUP($R6:$AK6,增益!$A:$A,增益!$R:$R,0))} -> 1.55 | BQ6: {=IF(VLOOKUP($Q6,武学奇术!$A:$ZZ,24,FALSE)=1,100%,MIN(40%,$B$10+VLOOKUP($Q6,武学奇术!$A:$ZZ,19,FALSE)+SUM(_xlfn.XLOOKUP($R6:$AK6,增益!$A:$A,增益!$S:$S,0)))+$B$12+SUM(_xlfn.XLOOKUP($R6:$AK6,增益!$A:$A,增益!$V:$V,0)))*IF(VLOOKUP($Q6,武学奇术!$A:$ZZ,23,FALSE)=1,0,1)} -> 0.0929 | BR6: {=1+$B$14+VLOOKUP($Q6,武学奇术!$A:$ZZ,20,FALSE)+SUM(_xlfn.XLOOKUP($R6:$AK6,增益!$A:$A,增益!$T:$T,0))} -> 1.35 | BS6: =MIN((1-BQ6)*BN6,BN6*BO6) -> 0.9071 | BT6: =1-BQ6-BS6-BU6 -> 0 | BU6: =IF(VLOOKUP($Q6,武学奇术!$A:$ZZ,22,FALSE)=1,0,(1-$BN6))*(1-$BQ6) -> 0 | BV6: {=SUM(_xlfn.XLOOKUP($R6:$AK6,增益!$A:$A,增益!$W:$W,0))+$I$5} -> 0.06
A7: 无相 | B7: 79.2 | C7: =92.4+68.8*2 -> 230 | F7: 群体奇术 | G7: =B20 -> 0 | K7: =($L7*$BS7+$M7*$BQ7+$N7*$BT7+$O7*$BU7) -> 60565.692 | L7: =((($AS7+$AT7)/2*$AM7+$AN7)*(1+$AU7)*(1+$AV7)+(($AX7+$AY7)/2*IF($G$1="鸣金",$AO7,$AM7)+IF($G$1="鸣金",$AP7*1.5,0))*(1+$AZ7)*(1+$BA7)+(($BB7+$BC7)/2*IF($G$1="裂石",$AO7,$AM7)+IF($G$1="裂石",$AP7*1.5,0))*(1+$BD7)*(1+$BE7)+(($BF7+$BG7)/2*IF($G$1="牵丝",$AO7,$AM7)+IF($G$1="牵丝",$AP7*1.5,0))*(1+$BH7)*(1+$BI7)+(($BJ7+$BK7)/2*IF($G$1="破竹",$AO7,$AM7)+IF($G$1="破竹",$AP7*1.5,0))*(1+$BL7)*(1+$BM7))*(1+$AQ7)*$BP7*$P7*(1+IF(VLOOKUP($Q7,武学奇术!$A:$ZZ,30,FALSE)="弹道",$B$21,0))*(1+$BV7) -> 61701.229 | M7: =(($AT7*$AM7+$AN7)*(1+$AU7)*(1+$AV7)+($AY7*IF($G$1="鸣金",$AO7,$AM7)+IF($G$1="鸣金",$AP7*1.5,0))*(1+$AZ7)*(1+$BA7)+($BC7*IF($G$1="裂石",$AO7,$AM7)+IF($G$1="裂石",$AP7*1.5,0))*(1+$BD7)*(1+$BE7)+($BG7*IF($G$1="牵丝",$AO7,$AM7)+IF($G$1="牵丝",$AP7*1.5,0))*(1+$BH7)*(1+$BI7)+($BK7*IF($G$1="破竹",$AO7,$AM7)+IF($G$1="破竹",$AP7*1.5,0))*(1+$BL7)*(1+$BM7))*(1+$AQ7)*$BR7*$P7*(1+IF(VLOOKUP($Q7,武学奇术!$A:$ZZ,30,FALSE)="弹道",$B$21,0))*(1+$BV7) -> 49478.001 | N7: =((($AS7+$AT7)/2*$AM7+$AN7)*(1+$AU7)*(1+$AV7)+(($AX7+$AY7)/2*IF($G$1="鸣金",$AO7,$AM7)+IF($G$1="鸣金",$AP7*1.5,0))*(1+$AZ7)*(1+$BA7)+(($BB7+$BC7)/2*IF($G$1="裂石",$AO7,$AM7)+IF($G$1="裂石",$AP7*1.5,0))*(1+$BD7)*(1+$BE7)+(($BF7+$BG7)/2*IF($G$1="牵丝",$AO7,$AM7)+IF($G$1="牵丝",$AP7*1.5,0))*(1+$BH7)*(1+$BI7)+(($BJ7+$BK7)/2*IF($G$1="破竹",$AO7,$AM7)+IF($G$1="破竹",$AP7*1.5,0))*(1+$BL7)*(1+$BM7))*(1+$AQ7)*$P7*(1+IF(VLOOKUP($Q7,武学奇术!$A:$ZZ,30,FALSE)="弹道",$B$21,0))*(1+$BV7) -> 32995.31 | O7: =((($AS7*$AM7+$AN7)*(1+$AU7)*(1+$AV7)+($AX7*IF($G$1="鸣金",$AO7,$AM7)+IF($G$1="鸣金",$AP7*1.5,0))*(1+$AZ7)*(1+$BA7)+($BB7*IF($G$1="裂石",$AO7,$AM7)+IF($G$1="裂石",$AP7*1.5,0))*(1+$BD7)*(1+$BE7)+($BF7*IF($G$1="牵丝",$AO7,$AM7)+IF($G$1="牵丝",$AP7*1.5,0))*(1+$BH7)*(1+$BI7)+($BJ7*IF($G$1="破竹",$AO7,$AM7)+IF($G$1="破竹",$AP7*1.5,0))*(1+$BL7)*(1+$BM7))*(1+$AQ7))*$P7*(1+IF(VLOOKUP($Q7,武学奇术!$A:$ZZ,30,FALSE)="弹道",$B$21,0))*(1+$BV7) -> 29340.248 | P7: 1 | Q7: 伞Q | R7: N/a | S7: 沧海帖1层 | T7: N/a | U7: N/a | V7: 风墙(弹道) | W7: N/a | X7: N/a | Y7: N/a | Z7: N/a | AA7: N/a | AB7: N/a | AC7: N/a | AD7: N/a | AE7: N/a | AF7: N/a | AG7: N/a | AH7: N/a | AI7: N/a | AJ7: N/a | AK7: N/a | AL7: =VLOOKUP($Q7,武学奇术!$A:$ZZ,25,FALSE) -> 伞 | AM7: =VLOOKUP($Q7,武学奇术!$A:$ZZ,26,FALSE) -> 2.3397 | AN7: =VLOOKUP($Q7,武学奇术!$A:$ZZ,27,FALSE)*(1+IF(OR($AL7=$F$4,$AL7=$F$5),$B$22,0)) -> 972 | AO7: =VLOOKUP($Q7,武学奇术!$A:$ZZ,28,FALSE) -> 3.5095 | AP7: =VLOOKUP($Q7,武学奇术!$A:$ZZ,29,FALSE)*(1+IF(OR($AL7=$F$4,$AL7=$F$5),$B$22,0)) -> 529.5 | AQ7: {=$G$3+IFERROR(VLOOKUP($AL7,$F$4:$G$7,2,FALSE),0)+VLOOKUP($Q7,武学奇术!$A:$ZZ,2,FALSE)+SUM(_xlfn.XLOOKUP($R7:$AK7,增益!$A:$A,增益!$B:$B,0))} -> 0.7541 | AR7: {=VLOOKUP($Q7,武学奇术!$A:$ZZ,5,FALSE)+SUM(_xlfn.XLOOKUP($R7:$AK7,增益!$A:$A,增益!$E:$E,0))} -> 0 | AS7: {=$D$10*(1+$AR7)+VLOOKUP($Q7,武学奇术!$A:$ZZ,3,FALSE)+SUM(_xlfn.XLOOKUP($R7:$AK7,增益!$A:$A,增益!$C:$C,0))-$I$2} -> 3773.588 | AT7: {=$E$10*(1+$AR7)+VLOOKUP($Q7,武学奇术!$A:$ZZ,4,FALSE)+SUM(_xlfn.XLOOKUP($R7:$AK7,增益!$A:$A,增益!$D:$D,0))-$I$2} -> 3773.588 | AU7: {=IF($F$10-$I$3+VLOOKUP($Q7,武学奇术!$A:$ZZ,6,FALSE)+SUM(_xlfn.XLOOKUP($R7:$AK7,增益!$A:$A,增益!$F:$F,0))>0,($F$10-$I$3+VLOOKUP($Q7,武学奇术!$A:$ZZ,6,FALSE)+SUM(_xlfn.XLOOKUP($R7:$AK7,增益!$A:$A,增益!$F:$F,0)))/200,($F$10-$I$3+VLOOKUP($Q7,武学奇术!$A:$ZZ,6,FALSE)+SUM(_xlfn.XLOOKUP($R7:$AK7,增益!$A:$A,增益!$F:$F,0)))/100)} -> 0.2675 | AV7: {=$G$10+VLOOKUP($Q7,武学奇术!$A:$ZZ,7,FALSE)+SUM(_xlfn.XLOOKUP($R7:$AK7,增益!$A:$A,增益!$G:$G,0))} -> 0 | AW7: {=VLOOKUP($Q7,武学奇术!$A:$ZZ,8,FALSE)+SUM(_xlfn.XLOOKUP($R7:$AK7,增益!$A:$A,增益!$H:$H,0))} -> 0 | AX7: =$D$11*(1+$AW7) -> 0 | AY7: =$E$11*(1+$AW7) -> 0 | AZ7: {=IF($F$11-$I$4+VLOOKUP($Q7,武学奇术!$A:$ZZ,9,FALSE)+SUM(_xlfn.XLOOKUP($R7:$AK7,增益!$A:$A,增益!$I:$I,0))>0,($F$11-$I$4+VLOOKUP($Q7,武学奇术!$A:$ZZ,9,FALSE)+SUM(_xlfn.XLOOKUP($R7:$AK7,增益!$A:$A,增益!$I:$I,0)))/200,($F$11-$I$4+VLOOKUP($Q7,武学奇术!$A:$ZZ,9,FALSE)+SUM(_xlfn.XLOOKUP($R7:$AK7,增益!$A:$A,增益!$I:$I,0)))/100)} -> -0.3 | BA7: {=$G$11+VLOOKUP($Q7,武学奇术!$A:$ZZ,10,FALSE)+SUM(_xlfn.XLOOKUP($R7:$AK7,增益!$A:$A,增益!$J:$J,0))} -> 0 | BB7: =$D$12*(1+$AW7) -> 0 | BC7: =$E$12*(1+$AW7) -> 0 | BD7: {=IF($F$12-$I$4+VLOOKUP($Q7,武学奇术!$A:$ZZ,11,FALSE)+SUM(_xlfn.XLOOKUP($R7:$AK7,增益!$A:$A,增益!$K:$K,0))>0,($F$12-$I$4+VLOOKUP($Q7,武学奇术!$A:$ZZ,11,FALSE)+SUM(_xlfn.XLOOKUP($R7:$AK7,增益!$A:$A,增益!$K:$K,0)))/200,($F$12-$I$4+VLOOKUP($Q7,武学奇术!$A:$ZZ,11,FALSE)+SUM(_xlfn.XLOOKUP($R7:$AK7,增益!$A:$A,增益!$K:$K,0)))/100)} -> -0.3 | BE7: {=$G$12+VLOOKUP($Q7,武学奇术!$A:$ZZ,12,FALSE)+SUM(_xlfn.XLOOKUP($R7:$AK7,增益!$A:$A,增益!$L:$L,0))} -> 0 | BF7: =$D$13*(1+$AW7) -> 605.472 | BG7: =$E$13*(1+$AW7) -> 1579.612 | BH7: {=IF($F$13-$I$4+VLOOKUP($Q7,武学奇术!$A:$ZZ,13,FALSE)+SUM(_xlfn.XLOOKUP($R7:$AK7,增益!$A:$A,增益!$M:$M,0))>0,($F$13-$I$4+VLOOKUP($Q7,武学奇术!$A:$ZZ,13,FALSE)+SUM(_xlfn.XLOOKUP($R7:$AK7,增益!$A:$A,增益!$K:$K,0)))/200,($F$13-$I$4+VLOOKUP($Q7,武学奇术!$A:$ZZ,13,FALSE)+SUM(_xlfn.XLOOKUP($R7:$AK7,增益!$A:$A,增益!$M:$M,0)))/100)} -> 0 | BI7: {=$G$13+VLOOKUP($Q7,武学奇术!$A:$ZZ,14,FALSE)+SUM(_xlfn.XLOOKUP($R7:$AK7,增益!$A:$A,增益!$N:$N,0))} -> 0.15 | BJ7: =$D$14*(1+$AW7) -> 0 | BK7: =$E$14*(1+$AW7) -> 0 | BL7: {=IF($F$14-$I$4+VLOOKUP($Q7,武学奇术!$A:$ZZ,15,FALSE)+SUM(_xlfn.XLOOKUP($R7:$AK7,增益!$A:$A,增益!$O:$O,0))>0,($F$14-$I$4+VLOOKUP($Q7,武学奇术!$A:$ZZ,15,FALSE)+SUM(_xlfn.XLOOKUP($R7:$AK7,增益!$A:$A,增益!$O:$O,0)))/200,($F$14-$I$4+VLOOKUP($Q7,武学奇术!$A:$ZZ,15,FALSE)+SUM(_xlfn.XLOOKUP($R7:$AK7,增益!$A:$A,增益!$O:$O,0)))/100)} -> -0.3 | BM7: {=$G$14+VLOOKUP($Q7,武学奇术!$A:$ZZ,16,FALSE)+SUM(_xlfn.XLOOKUP($R7:$AK7,增益!$A:$A,增益!$P:$P,0))} -> 0 | BN7: =MIN(IF(VLOOKUP($Q7,武学奇术!$A:$ZZ,23,FALSE)=1,100%,$B$8),100%) -> 1 | BO7: {=IF(VLOOKUP($Q7,武学奇术!$A:$ZZ,23,FALSE)=1,100%,MIN(80%,$B$9+VLOOKUP($Q7,武学奇术!$A:$ZZ,17,FALSE)+SUM(_xlfn.XLOOKUP($R7:$AK7,增益!$A:$A,增益!$Q:$Q,0)))+$B$11+SUM(_xlfn.XLOOKUP($R7:$AK7,增益!$A:$A,增益!$U:$U,0)))*IF(VLOOKUP($Q7,武学奇术!$A:$ZZ,24,FALSE)=1,0,1)} -> 0.9093 | BP7: {=1+$B$13+VLOOKUP($Q7,武学奇术!$A:$ZZ,18,FALSE)+SUM(_xlfn.XLOOKUP($R7:$AK7,增益!$A:$A,增益!$R:$R,0))} -> 1.87 | BQ7: {=IF(VLOOKUP($Q7,武学奇术!$A:$ZZ,24,FALSE)=1,100%,MIN(40%,$B$10+VLOOKUP($Q7,武学奇术!$A:$ZZ,19,FALSE)+SUM(_xlfn.XLOOKUP($R7:$AK7,增益!$A:$A,增益!$S:$S,0)))+$B$12+SUM(_xlfn.XLOOKUP($R7:$AK7,增益!$A:$A,增益!$V:$V,0)))*IF(VLOOKUP($Q7,武学奇术!$A:$ZZ,23,FALSE)=1,0,1)} -> 0.0929 | BR7: {=1+$B$14+VLOOKUP($Q7,武学奇术!$A:$ZZ,20,FALSE)+SUM(_xlfn.XLOOKUP($R7:$AK7,增益!$A:$A,增益!$T:$T,0))} -> 1.35 | BS7: =MIN((1-BQ7)*BN7,BN7*BO7) -> 0.9071 | BT7: =1-BQ7-BS7-BU7 -> 0 | BU7: =IF(VLOOKUP($Q7,武学奇术!$A:$ZZ,22,FALSE)=1,0,(1-$BN7))*(1-$BQ7) -> 0 | BV7: {=SUM(_xlfn.XLOOKUP($R7:$AK7,增益!$A:$A,增益!$W:$W,0))+$I$5} -> 0.06
A8: 精准率 | B8: 1.0067 | C8: 实际属性 | H8: 战斗时间 | I8: 91.6 | K8: =($L8*$BS8+$M8*$BQ8+$N8*$BT8+$O8*$BU8) -> 70618.521 | L8: =((($AS8+$AT8)/2*$AM8+$AN8)*(1+$AU8)*(1+$AV8)+(($AX8+$AY8)/2*IF($G$1="鸣金",$AO8,$AM8)+IF($G$1="鸣金",$AP8*1.5,0))*(1+$AZ8)*(1+$BA8)+(($BB8+$BC8)/2*IF($G$1="裂石",$AO8,$AM8)+IF($G$1="裂石",$AP8*1.5,0))*(1+$BD8)*(1+$BE8)+(($BF8+$BG8)/2*IF($G$1="牵丝",$AO8,$AM8)+IF($G$1="牵丝",$AP8*1.5,0))*(1+$BH8)*(1+$BI8)+(($BJ8+$BK8)/2*IF($G$1="破竹",$AO8,$AM8)+IF($G$1="破竹",$AP8*1.5,0))*(1+$BL8)*(1+$BM8))*(1+$AQ8)*$BP8*$P8*(1+IF(VLOOKUP($Q8,武学奇术!$A:$ZZ,30,FALSE)="弹道",$B$21,0))*(1+$BV8) -> 71945.529 | M8: =(($AT8*$AM8+$AN8)*(1+$AU8)*(1+$AV8)+($AY8*IF($G$1="鸣金",$AO8,$AM8)+IF($G$1="鸣金",$AP8*1.5,0))*(1+$AZ8)*(1+$BA8)+($BC8*IF($G$1="裂石",$AO8,$AM8)+IF($G$1="裂石",$AP8*1.5,0))*(1+$BD8)*(1+$BE8)+($BG8*IF($G$1="牵丝",$AO8,$AM8)+IF($G$1="牵丝",$AP8*1.5,0))*(1+$BH8)*(1+$BI8)+($BK8*IF($G$1="破竹",$AO8,$AM8)+IF($G$1="破竹",$AP8*1.5,0))*(1+$BL8)*(1+$BM8))*(1+$AQ8)*$BR8*$P8*(1+IF(VLOOKUP($Q8,武学奇术!$A:$ZZ,30,FALSE)="弹道",$B$21,0))*(1+$BV8) -> 57661.267 | N8: =((($AS8+$AT8)/2*$AM8+$AN8)*(1+$AU8)*(1+$AV8)+(($AX8+$AY8)/2*IF($G$1="鸣金",$AO8,$AM8)+IF($G$1="鸣金",$AP8*1.5,0))*(1+$AZ8)*(1+$BA8)+(($BB8+$BC8)/2*IF($G$1="裂石",$AO8,$AM8)+IF($G$1="裂石",$AP8*1.5,0))*(1+$BD8)*(1+$BE8)+(($BF8+$BG8)/2*IF($G$1="牵丝",$AO8,$AM8)+IF($G$1="牵丝",$AP8*1.5,0))*(1+$BH8)*(1+$BI8)+(($BJ8+$BK8)/2*IF($G$1="破竹",$AO8,$AM8)+IF($G$1="破竹",$AP8*1.5,0))*(1+$BL8)*(1+$BM8))*(1+$AQ8)*$P8*(1+IF(VLOOKUP($Q8,武学奇术!$A:$ZZ,30,FALSE)="弹道",$B$21,0))*(1+$BV8) -> 38473.545 | O8: =((($AS8*$AM8+$AN8)*(1+$AU8)*(1+$AV8)+($AX8*IF($G$1="鸣金",$AO8,$AM8)+IF($G$1="鸣金",$AP8*1.5,0))*(1+$AZ8)*(1+$BA8)+($BB8*IF($G$1="裂石",$AO8,$AM8)+IF($G$1="裂石",$AP8*1.5,0))*(1+$BD8)*(1+$BE8)+($BF8*IF($G$1="牵丝",$AO8,$AM8)+IF($G$1="牵丝",$AP8*1.5,0))*(1+$BH8)*(1+$BI8)+($BJ8*IF($G$1="破竹",$AO8,$AM8)+IF($G$1="破竹",$AP8*1.5,0))*(1+$BL8)*(1+$BM8))*(1+$AQ8))*$P8*(1+IF(VLOOKUP($Q8,武学奇术!$A:$ZZ,30,FALSE)="弹道",$B$21,0))*(1+$BV8) -> 34235.041 | P8: 1 | Q8: 伞Q | R8: 易水歌1层 | S8: 沧海帖1层 | T8: 连中 | U8: N/a | V8: 风墙(弹道) | W8: N/a | X8: N/a | Y8: N/a | Z8: N/a | AA8: 近战笛 | AB8: N/a | AC8: N/a | AD8: N/a | AE8: N/a | AF8: N/a | AG8: N/a | AH8: N/a | AI8: N/a | AJ8: N/a | AK8: N/a | AL8: =VLOOKUP($Q8,武学奇术!$A:$ZZ,25,FALSE) -> 伞 | AM8: =VLOOKUP($Q8,武学奇术!$A:$ZZ,26,FALSE) -> 2.3397 | AN8: =VLOOKUP($Q8,武学奇术!$A:$ZZ,27,FALSE)*(1+IF(OR($AL8=$F$4,$AL8=$F$5),$B$22,0)) -> 972 | AO8: =VLOOKUP($Q8,武学奇术!$A:$ZZ,28,FALSE) -> 3.5095 | AP8: =VLOOKUP($Q8,武学奇术!$A:$ZZ,29,FALSE)*(1+IF(OR($AL8=$F$4,$AL8=$F$5),$B$22,0)) -> 529.5 | AQ8: {=$G$3+IFERROR(VLOOKUP($AL8,$F$4:$G$7,2,FALSE),0)+VLOOKUP($Q8,武学奇术!$A:$ZZ,2,FALSE)+SUM(_xlfn.XLOOKUP($R8:$AK8,增益!$A:$A,增益!$B:$B,0))} -> 1.0341 | AR8: {=VLOOKUP($Q8,武学奇术!$A:$ZZ,5,FALSE)+SUM(_xlfn.XLOOKUP($R8:$AK8,增益!$A:$A,增益!$E:$E,0))} -> 0 | AS8: {=$D$10*(1+$AR8)+VLOOKUP($Q8,武学奇术!$A:$ZZ,3,FALSE)+SUM(_xlfn.XLOOKUP($R8:$AK8,增益!$A:$A,增益!$C:$C,0))-$I$2} -> 3773.588 | AT8: {=$E$10*(1+$AR8)+VLOOKUP($Q8,武学奇术!$A:$ZZ,4,FALSE)+SUM(_xlfn.XLOOKUP($R8:$AK8,增益!$A:$A,增益!$D:$D,0))-$I$2} -> 3773.588 | AU8: {=IF($F$10-$I$3+VLOOKUP($Q8,武学奇术!$A:$ZZ,6,FALSE)+SUM(_xlfn.XLOOKUP($R8:$AK8,增益!$A:$A,增益!$F:$F,0))>0,($F$10-$I$3+VLOOKUP($Q8,武学奇术!$A:$ZZ,6,FALSE)+SUM(_xlfn.XLOOKUP($R8:$AK8,增益!$A:$A,增益!$F:$F,0)))/200,($F$10-$I$3+VLOOKUP($Q8,武学奇术!$A:$ZZ,6,FALSE)+SUM(_xlfn.XLOOKUP($R8:$AK8,增益!$A:$A,增益!$F:$F,0)))/100)} -> 0.2775 | AV8: {=$G$10+VLOOKUP($Q8,武学奇术!$A:$ZZ,7,FALSE)+SUM(_xlfn.XLOOKUP($R8:$AK8,增益!$A:$A,增益!$G:$G,0))} -> 0 | AW8: {=VLOOKUP($Q8,武学奇术!$A:$ZZ,8,FALSE)+SUM(_xlfn.XLOOKUP($R8:$AK8,增益!$A:$A,增益!$H:$H,0))} -> 0 | AX8: =$D$11*(1+$AW8) -> 0 | AY8: =$E$11*(1+$AW8) -> 0 | AZ8: {=IF($F$11-$I$4+VLOOKUP($Q8,武学奇术!$A:$ZZ,9,FALSE)+SUM(_xlfn.XLOOKUP($R8:$AK8,增益!$A:$A,增益!$I:$I,0))>0,($F$11-$I$4+VLOOKUP($Q8,武学奇术!$A:$ZZ,9,FALSE)+SUM(_xlfn.XLOOKUP($R8:$AK8,增益!$A:$A,增益!$I:$I,0)))/200,($F$11-$I$4+VLOOKUP($Q8,武学奇术!$A:$ZZ,9,FALSE)+SUM(_xlfn.XLOOKUP($R8:$AK8,增益!$A:$A,增益!$I:$I,0)))/100)} -> -0.3 | BA8: {=$G$11+VLOOKUP($Q8,武学奇术!$A:$ZZ,10,FALSE)+SUM(_xlfn.XLOOKUP($R8:$AK8,增益!$A:$A,增益!$J:$J,0))} -> 0 | BB8: =$D$12*(1+$AW8) -> 0 | BC8: =$E$12*(1+$AW8) -> 0 | BD8: {=IF($F$12-$I$4+VLOOKUP($Q8,武学奇术!$A:$ZZ,11,FALSE)+SUM(_xlfn.XLOOKUP($R8:$AK8,增益!$A:$A,增益!$K:$K,0))>0,($F$12-$I$4+VLOOKUP($Q8,武学奇术!$A:$ZZ,11,FALSE)+SUM(_xlfn.XLOOKUP($R8:$AK8,增益!$A:$A,增益!$K:$K,0)))/200,($F$12-$I$4+VLOOKUP($Q8,武学奇术!$A:$ZZ,11,FALSE)+SUM(_xlfn.XLOOKUP($R8:$AK8,增益!$A:$A,增益!$K:$K,0)))/100)} -> -0.3 | BE8: {=$G$12+VLOOKUP($Q8,武学奇术!$A:$ZZ,12,FALSE)+SUM(_xlfn.XLOOKUP($R8:$AK8,增益!$A:$A,增益!$L:$L,0))} -> 0 | BF8: =$D$13*(1+$AW8) -> 605.472 | BG8: =$E$13*(1+$AW8) -> 1579.612 | BH8: {=IF($F$13-$I$4+VLOOKUP($Q8,武学奇术!$A:$ZZ,13,FALSE)+SUM(_xlfn.XLOOKUP($R8:$AK8,增益!$A:$A,增益!$M:$M,0))>0,($F$13-$I$4+VLOOKUP($Q8,武学奇术!$A:$ZZ,13,FALSE)+SUM(_xlfn.XLOOKUP($R8:$AK8,增益!$A:$A,增益!$K:$K,0)))/200,($F$13-$I$4+VLOOKUP($Q8,武学奇术!$A:$ZZ,13,FALSE)+SUM(_xlfn.XLOOKUP($R8:$AK8,增益!$A:$A,增益!$M:$M,0)))/100)} -> 0 | BI8: {=$G$13+VLOOKUP($Q8,武学奇术!$A:$ZZ,14,FALSE)+SUM(_xlfn.XLOOKUP($R8:$AK8,增益!$A:$A,增益!$N:$N,0))} -> 0.15 | BJ8: =$D$14*(1+$AW8) -> 0 | BK8: =$E$14*(1+$AW8) -> 0 | BL8: {=IF($F$14-$I$4+VLOOKUP($Q8,武学奇术!$A:$ZZ,15,FALSE)+SUM(_xlfn.XLOOKUP($R8:$AK8,增益!$A:$A,增益!$O:$O,0))>0,($F$14-$I$4+VLOOKUP($Q8,武学奇术!$A:$ZZ,15,FALSE)+SUM(_xlfn.XLOOKUP($R8:$AK8,增益!$A:$A,增益!$O:$O,0)))/200,($F$14-$I$4+VLOOKUP($Q8,武学奇术!$A:$ZZ,15,FALSE)+SUM(_xlfn.XLOOKUP($R8:$AK8,增益!$A:$A,增益!$O:$O,0)))/100)} -> -0.3 | BM8: {=$G$14+VLOOKUP($Q8,武学奇术!$A:$ZZ,16,FALSE)+SUM(_xlfn.XLOOKUP($R8:$AK8,增益!$A:$A,增益!$P:$P,0))} -> 0 | BN8: =MIN(IF(VLOOKUP($Q8,武学奇术!$A:$ZZ,23,FALSE)=1,100%,$B$8),100%) -> 1 | BO8: {=IF(VLOOKUP($Q8,武学奇术!$A:$ZZ,23,FALSE)=1,100%,MIN(80%,$B$9+VLOOKUP($Q8,武学奇术!$A:$ZZ,17,FALSE)+SUM(_xlfn.XLOOKUP($R8:$AK8,增益!$A:$A,增益!$Q:$Q,0)))+$B$11+SUM(_xlfn.XLOOKUP($R8:$AK8,增益!$A:$A,增益!$U:$U,0)))*IF(VLOOKUP($Q8,武学奇术!$A:$ZZ,24,FALSE)=1,0,1)} -> 0.9093 | BP8: {=1+$B$13+VLOOKUP($Q8,武学奇术!$A:$ZZ,18,FALSE)+SUM(_xlfn.XLOOKUP($R8:$AK8,增益!$A:$A,增益!$R:$R,0))} -> 1.87 | BQ8: {=IF(VLOOKUP($Q8,武学奇术!$A:$ZZ,24,FALSE)=1,100%,MIN(40%,$B$10+VLOOKUP($Q8,武学奇术!$A:$ZZ,19,FALSE)+SUM(_xlfn.XLOOKUP($R8:$AK8,增益!$A:$A,增益!$S:$S,0)))+$B$12+SUM(_xlfn.XLOOKUP($R8:$AK8,增益!$A:$A,增益!$V:$V,0)))*IF(VLOOKUP($Q8,武学奇术!$A:$ZZ,23,FALSE)=1,0,1)} -> 0.0929 | BR8: {=1+$B$14+VLOOKUP($Q8,武学奇术!$A:$ZZ,20,FALSE)+SUM(_xlfn.XLOOKUP($R8:$AK8,增益!$A:$A,增益!$T:$T,0))} -> 1.35 | BS8: =MIN((1-BQ8)*BN8,BN8*BO8) -> 0.9071 | BT8: =1-BQ8-BS8-BU8 -> 0 | BU8: =IF(VLOOKUP($Q8,武学奇术!$A:$ZZ,22,FALSE)=1,0,(1-$BN8))*(1-$BQ8) -> 0 | BV8: {=SUM(_xlfn.XLOOKUP($R8:$AK8,增益!$A:$A,增益!$W:$W,0))+$I$5} -> 0.06
A9: 会心率 | B9: 0.7763 | D9: 最小攻击 | E9: 最大攻击 | F9: 穿透 | G9: 伤害加成 | K9: =($L9*$BS9+$M9*$BQ9+$N9*$BT9+$O9*$BU9) -> 28673.662 | L9: =((($AS9+$AT9)/2*$AM9+$AN9)*(1+$AU9)*(1+$AV9)+(($AX9+$AY9)/2*IF($G$1="鸣金",$AO9,$AM9)+IF($G$1="鸣金",$AP9*1.5,0))*(1+$AZ9)*(1+$BA9)+(($BB9+$BC9)/2*IF($G$1="裂石",$AO9,$AM9)+IF($G$1="裂石",$AP9*1.5,0))*(1+$BD9)*(1+$BE9)+(($BF9+$BG9)/2*IF($G$1="牵丝",$AO9,$AM9)+IF($G$1="牵丝",$AP9*1.5,0))*(1+$BH9)*(1+$BI9)+(($BJ9+$BK9)/2*IF($G$1="破竹",$AO9,$AM9)+IF($G$1="破竹",$AP9*1.5,0))*(1+$BL9)*(1+$BM9))*(1+$AQ9)*$BP9*$P9*(1+IF(VLOOKUP($Q9,武学奇术!$A:$ZZ,30,FALSE)="弹道",$B$21,0))*(1+$BV9) -> 28691.355 | M9: =(($AT9*$AM9+$AN9)*(1+$AU9)*(1+$AV9)+($AY9*IF($G$1="鸣金",$AO9,$AM9)+IF($G$1="鸣金",$AP9*1.5,0))*(1+$AZ9)*(1+$BA9)+($BC9*IF($G$1="裂石",$AO9,$AM9)+IF($G$1="裂石",$AP9*1.5,0))*(1+$BD9)*(1+$BE9)+($BG9*IF($G$1="牵丝",$AO9,$AM9)+IF($G$1="牵丝",$AP9*1.5,0))*(1+$BH9)*(1+$BI9)+($BK9*IF($G$1="破竹",$AO9,$AM9)+IF($G$1="破竹",$AP9*1.5,0))*(1+$BL9)*(1+$BM9))*(1+$AQ9)*$BR9*$P9*(1+IF(VLOOKUP($Q9,武学奇术!$A:$ZZ,30,FALSE)="弹道",$B$21,0))*(1+$BV9) -> 28500.898 | N9: =((($AS9+$AT9)/2*$AM9+$AN9)*(1+$AU9)*(1+$AV9)+(($AX9+$AY9)/2*IF($G$1="鸣金",$AO9,$AM9)+IF($G$1="鸣金",$AP9*1.5,0))*(1+$AZ9)*(1+$BA9)+(($BB9+$BC9)/2*IF($G$1="裂石",$AO9,$AM9)+IF($G$1="裂石",$AP9*1.5,0))*(1+$BD9)*(1+$BE9)+(($BF9+$BG9)/2*IF($G$1="牵丝",$AO9,$AM9)+IF($G$1="牵丝",$AP9*1.5,0))*(1+$BH9)*(1+$BI9)+(($BJ9+$BK9)/2*IF($G$1="破竹",$AO9,$AM9)+IF($G$1="破竹",$AP9*1.5,0))*(1+$BL9)*(1+$BM9))*(1+$AQ9)*$P9*(1+IF(VLOOKUP($Q9,武学奇术!$A:$ZZ,30,FALSE)="弹道",$B$21,0))*(1+$BV9) -> 19000.897 | O9: =((($AS9*$AM9+$AN9)*(1+$AU9)*(1+$AV9)+($AX9*IF($G$1="鸣金",$AO9,$AM9)+IF($G$1="鸣金",$AP9*1.5,0))*(1+$AZ9)*(1+$BA9)+($BB9*IF($G$1="裂石",$AO9,$AM9)+IF($G$1="裂石",$AP9*1.5,0))*(1+$BD9)*(1+$BE9)+($BF9*IF($G$1="牵丝",$AO9,$AM9)+IF($G$1="牵丝",$AP9*1.5,0))*(1+$BH9)*(1+$BI9)+($BJ9*IF($G$1="破竹",$AO9,$AM9)+IF($G$1="破竹",$AP9*1.5,0))*(1+$BL9)*(1+$BM9))*(1+$AQ9))*$P9*(1+IF(VLOOKUP($Q9,武学奇术!$A:$ZZ,30,FALSE)="弹道",$B$21,0))*(1+$BV9) -> 16890.019 | P9: 1 | Q9: 伞重击派生 | R9: 易水歌2层 | S9: 沧海帖1层 | T9: N/a | U9: N/a | V9: N/a | W9: N/a | X9: N/a | Y9: N/a | Z9: N/a | AA9: 近战笛 | AB9: 惧刃(拐) | AC9: N/a | AD9: N/a | AE9: N/a | AF9: N/a | AG9: N/a | AH9: N/a | AI9: N/a | AJ9: N/a | AK9: N/a | AL9: =VLOOKUP($Q9,武学奇术!$A:$ZZ,25,FALSE) -> 伞 | AM9: =VLOOKUP($Q9,武学奇术!$A:$ZZ,26,FALSE) -> 1.7001 | AN9: =VLOOKUP($Q9,武学奇术!$A:$ZZ,27,FALSE)*(1+IF(OR($AL9=$F$4,$AL9=$F$5),$B$22,0)) -> 706.5 | AO9: =VLOOKUP($Q9,武学奇术!$A:$ZZ,28,FALSE) -> 2.5502 | AP9: =VLOOKUP($Q9,武学奇术!$A:$ZZ,29,FALSE)*(1+IF(OR($AL9=$F$4,$AL9=$F$5),$B$22,0)) -> 384 | AQ9: {=$G$3+IFERROR(VLOOKUP($AL9,$F$4:$G$7,2,FALSE),0)+VLOOKUP($Q9,武学奇术!$A:$ZZ,2,FALSE)+SUM(_xlfn.XLOOKUP($R9:$AK9,增益!$A:$A,增益!$B:$B,0))} -> 0.3941 | AR9: {=VLOOKUP($Q9,武学奇术!$A:$ZZ,5,FALSE)+SUM(_xlfn.XLOOKUP($R9:$AK9,增益!$A:$A,增益!$E:$E,0))} -> 0 | AS9: {=$D$10*(1+$AR9)+VLOOKUP($Q9,武学奇术!$A:$ZZ,3,FALSE)+SUM(_xlfn.XLOOKUP($R9:$AK9,增益!$A:$A,增益!$C:$C,0))-$I$2} -> 3773.588 | AT9: {=$E$10*(1+$AR9)+VLOOKUP($Q9,武学奇术!$A:$ZZ,4,FALSE)+SUM(_xlfn.XLOOKUP($R9:$AK9,增益!$A:$A,增益!$D:$D,0))-$I$2} -> 3773.588 | AU9: {=IF($F$10-$I$3+VLOOKUP($Q9,武学奇术!$A:$ZZ,6,FALSE)+SUM(_xlfn.XLOOKUP($R9:$AK9,增益!$A:$A,增益!$F:$F,0))>0,($F$10-$I$3+VLOOKUP($Q9,武学奇术!$A:$ZZ,6,FALSE)+SUM(_xlfn.XLOOKUP($R9:$AK9,增益!$A:$A,增益!$F:$F,0)))/200,($F$10-$I$3+VLOOKUP($Q9,武学奇术!$A:$ZZ,6,FALSE)+SUM(_xlfn.XLOOKUP($R9:$AK9,增益!$A:$A,增益!$F:$F,0)))/100)} -> 0.2625 | AV9: {=$G$10+VLOOKUP($Q9,武学奇术!$A:$ZZ,7,FALSE)+SUM(_xlfn.XLOOKUP($R9:$AK9,增益!$A:$A,增益!$G:$G,0))} -> 0 | AW9: {=VLOOKUP($Q9,武学奇术!$A:$ZZ,8,FALSE)+SUM(_xlfn.XLOOKUP($R9:$AK9,增益!$A:$A,增益!$H:$H,0))} -> 0 | AX9: =$D$11*(1+$AW9) -> 0 | AY9: =$E$11*(1+$AW9) -> 0 | AZ9: {=IF($F$11-$I$4+VLOOKUP($Q9,武学奇术!$A:$ZZ,9,FALSE)+SUM(_xlfn.XLOOKUP($R9:$AK9,增益!$A:$A,增益!$I:$I,0))>0,($F$11-$I$4+VLOOKUP($Q9,武学奇术!$A:$ZZ,9,FALSE)+SUM(_xlfn.XLOOKUP($R9:$AK9,增益!$A:$A,增益!$I:$I,0)))/200,($F$11-$I$4+VLOOKUP($Q9,武学奇术!$A:$ZZ,9,FALSE)+SUM(_xlfn.XLOOKUP($R9:$AK9,增益!$A:$A,增益!$I:$I,0)))/100)} -> -0.3 | BA9: {=$G$11+VLOOKUP($Q9,武学奇术!$A:$ZZ,10,FALSE)+SUM(_xlfn.XLOOKUP($R9:$AK9,增益!$A:$A,增益!$J:$J,0))} -> 0 | BB9: =$D$12*(1+$AW9) -> 0 | BC9: =$E$12*(1+$AW9) -> 0 | BD9: {=IF($F$12-$I$4+VLOOKUP($Q9,武学奇术!$A:$ZZ,11,FALSE)+SUM(_xlfn.XLOOKUP($R9:$AK9,增益!$A:$A,增益!$K:$K,0))>0,($F$12-$I$4+VLOOKUP($Q9,武学奇术!$A:$ZZ,11,FALSE)+SUM(_xlfn.XLOOKUP($R9:$AK9,增益!$A:$A,增益!$K:$K,0)))/200,($F$12-$I$4+VLOOKUP($Q9,武学奇术!$A:$ZZ,11,FALSE)+SUM(_xlfn.XLOOKUP($R9:$AK9,增益!$A:$A,增益!$K:$K,0)))/100)} -> -0.3 | BE9: {=$G$12+VLOOKUP($Q9,武学奇术!$A:$ZZ,12,FALSE)+SUM(_xlfn.XLOOKUP($R9:$AK9,增益!$A:$A,增益!$L:$L,0))} -> 0 | BF9: =$D$13*(1+$AW9) -> 605.472 | BG9: =$E$13*(1+$AW9) -> 1579.612 | BH9: {=IF($F$13-$I$4+VLOOKUP($Q9,武学奇术!$A:$ZZ,13,FALSE)+SUM(_xlfn.XLOOKUP($R9:$AK9,增益!$A:$A,增益!$M:$M,0))>0,($F$13-$I$4+VLOOKUP($Q9,武学奇术!$A:$ZZ,13,FALSE)+SUM(_xlfn.XLOOKUP($R9:$AK9,增益!$A:$A,增益!$K:$K,0)))/200,($F$13-$I$4+VLOOKUP($Q9,武学奇术!$A:$ZZ,13,FALSE)+SUM(_xlfn.XLOOKUP($R9:$AK9,增益!$A:$A,增益!$M:$M,0)))/100)} -> 0 | BI9: {=$G$13+VLOOKUP($Q9,武学奇术!$A:$ZZ,14,FALSE)+SUM(_xlfn.XLOOKUP($R9:$AK9,增益!$A:$A,增益!$N:$N,0))} -> 0.15 | BJ9: =$D$14*(1+$AW9) -> 0 | BK9: =$E$14*(1+$AW9) -> 0 | BL9: {=IF($F$14-$I$4+VLOOKUP($Q9,武学奇术!$A:$ZZ,15,FALSE)+SUM(_xlfn.XLOOKUP($R9:$AK9,增益!$A:$A,增益!$O:$O,0))>0,($F$14-$I$4+VLOOKUP($Q9,武学奇术!$A:$ZZ,15,FALSE)+SUM(_xlfn.XLOOKUP($R9:$AK9,增益!$A:$A,增益!$O:$O,0)))/200,($F$14-$I$4+VLOOKUP($Q9,武学奇术!$A:$ZZ,15,FALSE)+SUM(_xlfn.XLOOKUP($R9:$AK9,增益!$A:$A,增益!$O:$O,0)))/100)} -> -0.3 | BM9: {=$G$14+VLOOKUP($Q9,武学奇术!$A:$ZZ,16,FALSE)+SUM(_xlfn.XLOOKUP($R9:$AK9,增益!$A:$A,增益!$P:$P,0))} -> 0 | BN9: =MIN(IF(VLOOKUP($Q9,武学奇术!$A:$ZZ,23,FALSE)=1,100%,$B$8),100%) -> 1 | BO9: {=IF(VLOOKUP($Q9,武学奇术!$A:$ZZ,23,FALSE)=1,100%,MIN(80%,$B$9+VLOOKUP($Q9,武学奇术!$A:$ZZ,17,FALSE)+SUM(_xlfn.XLOOKUP($R9:$AK9,增益!$A:$A,增益!$Q:$Q,0)))+$B$11+SUM(_xlfn.XLOOKUP($R9:$AK9,增益!$A:$A,增益!$U:$U,0)))*IF(VLOOKUP($Q9,武学奇术!$A:$ZZ,24,FALSE)=1,0,1)} -> 0.9093 | BP9: {=1+$B$13+VLOOKUP($Q9,武学奇术!$A:$ZZ,18,FALSE)+SUM(_xlfn.XLOOKUP($R9:$AK9,增益!$A:$A,增益!$R:$R,0))} -> 1.51 | BQ9: {=IF(VLOOKUP($Q9,武学奇术!$A:$ZZ,24,FALSE)=1,100%,MIN(40%,$B$10+VLOOKUP($Q9,武学奇术!$A:$ZZ,19,FALSE)+SUM(_xlfn.XLOOKUP($R9:$AK9,增益!$A:$A,增益!$S:$S,0)))+$B$12+SUM(_xlfn.XLOOKUP($R9:$AK9,增益!$A:$A,增益!$V:$V,0)))*IF(VLOOKUP($Q9,武学奇术!$A:$ZZ,23,FALSE)=1,0,1)} -> 0.0929 | BR9: {=1+$B$14+VLOOKUP($Q9,武学奇术!$A:$ZZ,20,FALSE)+SUM(_xlfn.XLOOKUP($R9:$AK9,增益!$A:$A,增益!$T:$T,0))} -> 1.35 | BS9: =MIN((1-BQ9)*BN9,BN9*BO9) -> 0.9071 | BT9: =1-BQ9-BS9-BU9 -> 0 | BU9: =IF(VLOOKUP($Q9,武学奇术!$A:$ZZ,22,FALSE)=1,0,(1-$BN9))*(1-$BQ9) -> 0 | BV9: {=SUM(_xlfn.XLOOKUP($R9:$AK9,增益!$A:$A,增益!$W:$W,0))+$I$5} -> 0.06
A10: 会意率 | B10: 0.0929 | C10: 外功 | D10: =(B2+B23)*IF($G$2="撼天",1.06,1) -> 4356.388 | E10: =MAX(B2+B23,C2+B24)*IF($G$2="撼天",1.06,1) -> 4356.388 | F10: =D2 -> 63.5 | G10: =E2 -> 0 | H10: 总伤 | I10: =SUM(K:K) -> 15323521 | K10: =($L10*$BS10+$M10*$BQ10+$N10*$BT10+$O10*$BU10) -> 12086.708 | L10: =((($AS10+$AT10)/2*$AM10+$AN10)*(1+$AU10)*(1+$AV10)+(($AX10+$AY10)/2*IF($G$1="鸣金",$AO10,$AM10)+IF($G$1="鸣金",$AP10*1.5,0))*(1+$AZ10)*(1+$BA10)+(($BB10+$BC10)/2*IF($G$1="裂石",$AO10,$AM10)+IF($G$1="裂石",$AP10*1.5,0))*(1+$BD10)*(1+$BE10)+(($BF10+$BG10)/2*IF($G$1="牵丝",$AO10,$AM10)+IF($G$1="牵丝",$AP10*1.5,0))*(1+$BH10)*(1+$BI10)+(($BJ10+$BK10)/2*IF($G$1="破竹",$AO10,$AM10)+IF($G$1="破竹",$AP10*1.5,0))*(1+$BL10)*(1+$BM10))*(1+$AQ10)*$BP10*$P10*(1+IF(VLOOKUP($Q10,武学奇术!$A:$ZZ,30,FALSE)="弹道",$B$21,0))*(1+$BV10) -> 12101.45 | M10: =(($AT10*$AM10+$AN10)*(1+$AU10)*(1+$AV10)+($AY10*IF($G$1="鸣金",$AO10,$AM10)+IF($G$1="鸣金",$AP10*1.5,0))*(1+$AZ10)*(1+$BA10)+($BC10*IF($G$1="裂石",$AO10,$AM10)+IF($G$1="裂石",$AP10*1.5,0))*(1+$BD10)*(1+$BE10)+($BG10*IF($G$1="牵丝",$AO10,$AM10)+IF($G$1="牵丝",$AP10*1.5,0))*(1+$BH10)*(1+$BI10)+($BK10*IF($G$1="破竹",$AO10,$AM10)+IF($G$1="破竹",$AP10*1.5,0))*(1+$BL10)*(1+$BM10))*(1+$AQ10)*$BR10*$P10*(1+IF(VLOOKUP($Q10,武学奇术!$A:$ZZ,30,FALSE)="弹道",$B$21,0))*(1+$BV10) -> 11942.761 | N10: =((($AS10+$AT10)/2*$AM10+$AN10)*(1+$AU10)*(1+$AV10)+(($AX10+$AY10)/2*IF($G$1="鸣金",$AO10,$AM10)+IF($G$1="鸣金",$AP10*1.5,0))*(1+$AZ10)*(1+$BA10)+(($BB10+$BC10)/2*IF($G$1="裂石",$AO10,$AM10)+IF($G$1="裂石",$AP10*1.5,0))*(1+$BD10)*(1+$BE10)+(($BF10+$BG10)/2*IF($G$1="牵丝",$AO10,$AM10)+IF($G$1="牵丝",$AP10*1.5,0))*(1+$BH10)*(1+$BI10)+(($BJ10+$BK10)/2*IF($G$1="破竹",$AO10,$AM10)+IF($G$1="破竹",$AP10*1.5,0))*(1+$BL10)*(1+$BM10))*(1+$AQ10)*$P10*(1+IF(VLOOKUP($Q10,武学奇术!$A:$ZZ,30,FALSE)="弹道",$B$21,0))*(1+$BV10) -> 7961.4801 | O10: =((($AS10*$AM10+$AN10)*(1+$AU10)*(1+$AV10)+($AX10*IF($G$1="鸣金",$AO10,$AM10)+IF($G$1="鸣金",$AP10*1.5,0))*(1+$AZ10)*(1+$BA10)+($BB10*IF($G$1="裂石",$AO10,$AM10)+IF($G$1="裂石",$AP10*1.5,0))*(1+$BD10)*(1+$BE10)+($BF10*IF($G$1="牵丝",$AO10,$AM10)+IF($G$1="牵丝",$AP10*1.5,0))*(1+$BH10)*(1+$BI10)+($BJ10*IF($G$1="破竹",$AO10,$AM10)+IF($G$1="破竹",$AP10*1.5,0))*(1+$BL10)*(1+$BM10))*(1+$AQ10))*$P10*(1+IF(VLOOKUP($Q10,武学奇术!$A:$ZZ,30,FALSE)="弹道",$B$21,0))*(1+$BV10) -> 7076.4706 | P10: 1 | Q10: 丢伞 | R10: 易水歌2层 | S10: 沧海帖2层 | T10: N/a | U10: N/a | V10: N/a | W10: N/a | X10: N/a | Y10: N/a | Z10: N/a | AA10: 近战笛 | AB10: 惧刃(拐) | AC10: N/a | AD10: N/a | AE10: N/a | AF10: N/a | AG10: N/a | AH10: N/a | AI10: N/a | AJ10: N/a | AK10: N/a | AL10: =VLOOKUP($Q10,武学奇术!$A:$ZZ,25,FALSE) -> 伞 | AM10: =VLOOKUP($Q10,武学奇术!$A:$ZZ,26,FALSE) -> 0.54 | AN10: =VLOOKUP($Q10,武学奇术!$A:$ZZ,27,FALSE)*(1+IF(OR($AL10=$F$4,$AL10=$F$5),$B$22,0)) -> 222 | AO10: =VLOOKUP($Q10,武学奇术!$A:$ZZ,28,FALSE) -> 0.81 | AP10: =VLOOKUP($Q10,武学奇术!$A:$ZZ,29,FALSE)*(1+IF(OR($AL10=$F$4,$AL10=$F$5),$B$22,0)) -> 122.25 | AQ10: {=$G$3+IFERROR(VLOOKUP($AL10,$F$4:$G$7,2,FALSE),0)+VLOOKUP($Q10,武学奇术!$A:$ZZ,2,FALSE)+SUM(_xlfn.XLOOKUP($R10:$AK10,增益!$A:$A,增益!$B:$B,0))} -> 0.3941 | AR10: {=VLOOKUP($Q10,武学奇术!$A:$ZZ,5,FALSE)+SUM(_xlfn.XLOOKUP($R10:$AK10,增益!$A:$A,增益!$E:$E,0))} -> 0 | AS10: {=$D$10*(1+$AR10)+VLOOKUP($Q10,武学奇术!$A:$ZZ,3,FALSE)+SUM(_xlfn.XLOOKUP($R10:$AK10,增益!$A:$A,增益!$C:$C,0))-$I$2} -> 3773.588 | AT10: {=$E$10*(1+$AR10)+VLOOKUP($Q10,武学奇术!$A:$ZZ,4,FALSE)+SUM(_xlfn.XLOOKUP($R10:$AK10,增益!$A:$A,增益!$D:$D,0))-$I$2} -> 3773.588 | AU10: {=IF($F$10-$I$3+VLOOKUP($Q10,武学奇术!$A:$ZZ,6,FALSE)+SUM(_xlfn.XLOOKUP($R10:$AK10,增益!$A:$A,增益!$F:$F,0))>0,($F$10-$I$3+VLOOKUP($Q10,武学奇术!$A:$ZZ,6,FALSE)+SUM(_xlfn.XLOOKUP($R10:$AK10,增益!$A:$A,增益!$F:$F,0)))/200,($F$10-$I$3+VLOOKUP($Q10,武学奇术!$A:$ZZ,6,FALSE)+SUM(_xlfn.XLOOKUP($R10:$AK10,增益!$A:$A,增益!$F:$F,0)))/100)} -> 0.2625 | AV10: {=$G$10+VLOOKUP($Q10,武学奇术!$A:$ZZ,7,FALSE)+SUM(_xlfn.XLOOKUP($R10:$AK10,增益!$A:$A,增益!$G:$G,0))} -> 0 | AW10: {=VLOOKUP($Q10,武学奇术!$A:$ZZ,8,FALSE)+SUM(_xlfn.XLOOKUP($R10:$AK10,增益!$A:$A,增益!$H:$H,0))} -> 0 | AX10: =$D$11*(1+$AW10) -> 0 | AY10: =$E$11*(1+$AW10) -> 0 | AZ10: {=IF($F$11-$I$4+VLOOKUP($Q10,武学奇术!$A:$ZZ,9,FALSE)+SUM(_xlfn.XLOOKUP($R10:$AK10,增益!$A:$A,增益!$I:$I,0))>0,($F$11-$I$4+VLOOKUP($Q10,武学奇术!$A:$ZZ,9,FALSE)+SUM(_xlfn.XLOOKUP($R10:$AK10,增益!$A:$A,增益!$I:$I,0)))/200,($F$11-$I$4+VLOOKUP($Q10,武学奇术!$A:$ZZ,9,FALSE)+SUM(_xlfn.XLOOKUP($R10:$AK10,增益!$A:$A,增益!$I:$I,0)))/100)} -> -0.3 | BA10: {=$G$11+VLOOKUP($Q10,武学奇术!$A:$ZZ,10,FALSE)+SUM(_xlfn.XLOOKUP($R10:$AK10,增益!$A:$A,增益!$J:$J,0))} -> 0 | BB10: =$D$12*(1+$AW10) -> 0 | BC10: =$E$12*(1+$AW10) -> 0 | BD10: {=IF($F$12-$I$4+VLOOKUP($Q10,武学奇术!$A:$ZZ,11,FALSE)+SUM(_xlfn.XLOOKUP($R10:$AK10,增益!$A:$A,增益!$K:$K,0))>0,($F$12-$I$4+VLOOKUP($Q10,武学奇术!$A:$ZZ,11,FALSE)+SUM(_xlfn.XLOOKUP($R10:$AK10,增益!$A:$A,增益!$K:$K,0)))/200,($F$12-$I$4+VLOOKUP($Q10,武学奇术!$A:$ZZ,11,FALSE)+SUM(_xlfn.XLOOKUP($R10:$AK10,增益!$A:$A,增益!$K:$K,0)))/100)} -> -0.3 | BE10: {=$G$12+VLOOKUP($Q10,武学奇术!$A:$ZZ,12,FALSE)+SUM(_xlfn.XLOOKUP($R10:$AK10,增益!$A:$A,增益!$L:$L,0))} -> 0 | BF10: =$D$13*(1+$AW10) -> 605.472 | BG10: =$E$13*(1+$AW10) -> 1579.612 | BH10: {=IF($F$13-$I$4+VLOOKUP($Q10,武学奇术!$A:$ZZ,13,FALSE)+SUM(_xlfn.XLOOKUP($R10:$AK10,增益!$A:$A,增益!$M:$M,0))>0,($F$13-$I$4+VLOOKUP($Q10,武学奇术!$A:$ZZ,13,FALSE)+SUM(_xlfn.XLOOKUP($R10:$AK10,增益!$A:$A,增益!$K:$K,0)))/200,($F$13-$I$4+VLOOKUP($Q10,武学奇术!$A:$ZZ,13,FALSE)+SUM(_xlfn.XLOOKUP($R10:$AK10,增益!$A:$A,增益!$M:$M,0)))/100)} -> 0 | BI10: {=$G$13+VLOOKUP($Q10,武学奇术!$A:$ZZ,14,FALSE)+SUM(_xlfn.XLOOKUP($R10:$AK10,增益!$A:$A,增益!$N:$N,0))} -> 0.15 | BJ10: =$D$14*(1+$AW10) -> 0 | BK10: =$E$14*(1+$AW10) -> 0 | BL10: {=IF($F$14-$I$4+VLOOKUP($Q10,武学奇术!$A:$ZZ,15,FALSE)+SUM(_xlfn.XLOOKUP($R10:$AK10,增益!$A:$A,增益!$O:$O,0))>0,($F$14-$I$4+VLOOKUP($Q10,武学奇术!$A:$ZZ,15,FALSE)+SUM(_xlfn.XLOOKUP($R10:$AK10,增益!$A:$A,增益!$O:$O,0)))/200,($F$14-$I$4+VLOOKUP($Q10,武学奇术!$A:$ZZ,15,FALSE)+SUM(_xlfn.XLOOKUP($R10:$AK10,增益!$A:$A,增益!$O:$O,0)))/100)} -> -0.3 | BM10: {=$G$14+VLOOKUP($Q10,武学奇术!$A:$ZZ,16,FALSE)+SUM(_xlfn.XLOOKUP($R10:$AK10,增益!$A:$A,增益!$P:$P,0))} -> 0 | BN10: =MIN(IF(VLOOKUP($Q10,武学奇术!$A:$ZZ,23,FALSE)=1,100%,$B$8),100%) -> 1 | BO10: {=IF(VLOOKUP($Q10,武学奇术!$A:$ZZ,23,FALSE)=1,100%,MIN(80%,$B$9+VLOOKUP($Q10,武学奇术!$A:$ZZ,17,FALSE)+SUM(_xlfn.XLOOKUP($R10:$AK10,增益!$A:$A,增益!$Q:$Q,0)))+$B$11+SUM(_xlfn.XLOOKUP($R10:$AK10,增益!$A:$A,增益!$U:$U,0)))*IF(VLOOKUP($Q10,武学奇术!$A:$ZZ,24,FALSE)=1,0,1)} -> 0.9093 | BP10: {=1+$B$13+VLOOKUP($Q10,武学奇术!$A:$ZZ,18,FALSE)+SUM(_xlfn.XLOOKUP($R10:$AK10,增益!$A:$A,增益!$R:$R,0))} -> 1.52 | BQ10: {=IF(VLOOKUP($Q10,武学奇术!$A:$ZZ,24,FALSE)=1,100%,MIN(40%,$B$10+VLOOKUP($Q10,武学奇术!$A:$ZZ,19,FALSE)+SUM(_xlfn.XLOOKUP($R10:$AK10,增益!$A:$A,增益!$S:$S,0)))+$B$12+SUM(_xlfn.XLOOKUP($R10:$AK10,增益!$A:$A,增益!$V:$V,0)))*IF(VLOOKUP($Q10,武学奇术!$A:$ZZ,23,FALSE)=1,0,1)} -> 0.0929 | BR10: {=1+$B$14+VLOOKUP($Q10,武学奇术!$A:$ZZ,20,FALSE)+SUM(_xlfn.XLOOKUP($R10:$AK10,增益!$A:$A,增益!$T:$T,0))} -> 1.35 | BS10: =MIN((1-BQ10)*BN10,BN10*BO10) -> 0.9071 | BT10: =1-BQ10-BS10-BU10 -> 0 | BU10: =IF(VLOOKUP($Q10,武学奇术!$A:$ZZ,22,FALSE)=1,0,(1-$BN10))*(1-$BQ10) -> 0 | BV10: {=SUM(_xlfn.XLOOKUP($R10:$AK10,增益!$A:$A,增益!$W:$W,0))+$I$5} -> 0.06
A11: 直接会心率 | B11: 0.133 | C11: 鸣金 | D11: =(B3+IF($G$1=$C11,$B$7,0))*IF($G$2="撼天",1.06,1) -> 0 | E11: =(MAX(B3,C3)+IF($G$1=$C11,$C$7,0))*IF($G$2="撼天",1.06,1) -> 0 | F11: =D3 -> 0 | G11: =E3 -> 0 | K11: =($L11*$BS11+$M11*$BQ11+$N11*$BT11+$O11*$BU11) -> 24004.757 | L11: =((($AS11+$AT11)/2*$AM11+$AN11)*(1+$AU11)*(1+$AV11)+(($AX11+$AY11)/2*IF($G$1="鸣金",$AO11,$AM11)+IF($G$1="鸣金",$AP11*1.5,0))*(1+$AZ11)*(1+$BA11)+(($BB11+$BC11)/2*IF($G$1="裂石",$AO11,$AM11)+IF($G$1="裂石",$AP11*1.5,0))*(1+$BD11)*(1+$BE11)+(($BF11+$BG11)/2*IF($G$1="牵丝",$AO11,$AM11)+IF($G$1="牵丝",$AP11*1.5,0))*(1+$BH11)*(1+$BI11)+(($BJ11+$BK11)/2*IF($G$1="破竹",$AO11,$AM11)+IF($G$1="破竹",$AP11*1.5,0))*(1+$BL11)*(1+$BM11))*(1+$AQ11)*$BP11*$P11*(1+IF(VLOOKUP($Q11,武学奇术!$A:$ZZ,30,FALSE)="弹道",$B$21,0))*(1+$BV11) -> 24467.649 | M11: =(($AT11*$AM11+$AN11)*(1+$AU11)*(1+$AV11)+($AY11*IF($G$1="鸣金",$AO11,$AM11)+IF($G$1="鸣金",$AP11*1.5,0))*(1+$AZ11)*(1+$BA11)+($BC11*IF($G$1="裂石",$AO11,$AM11)+IF($G$1="裂石",$AP11*1.5,0))*(1+$BD11)*(1+$BE11)+($BG11*IF($G$1="牵丝",$AO11,$AM11)+IF($G$1="牵丝",$AP11*1.5,0))*(1+$BH11)*(1+$BI11)+($BK11*IF($G$1="破竹",$AO11,$AM11)+IF($G$1="破竹",$AP11*1.5,0))*(1+$BL11)*(1+$BM11))*(1+$AQ11)*$BR11*$P11*(1+IF(VLOOKUP($Q11,武学奇术!$A:$ZZ,30,FALSE)="弹道",$B$21,0))*(1+$BV11) -> 19484.96 | N11: =((($AS11+$AT11)/2*$AM11+$AN11)*(1+$AU11)*(1+$AV11)+(($AX11+$AY11)/2*IF($G$1="鸣金",$AO11,$AM11)+IF($G$1="鸣金",$AP11*1.5,0))*(1+$AZ11)*(1+$BA11)+(($BB11+$BC11)/2*IF($G$1="裂石",$AO11,$AM11)+IF($G$1="裂石",$AP11*1.5,0))*(1+$BD11)*(1+$BE11)+(($BF11+$BG11)/2*IF($G$1="牵丝",$AO11,$AM11)+IF($G$1="牵丝",$AP11*1.5,0))*(1+$BH11)*(1+$BI11)+(($BJ11+$BK11)/2*IF($G$1="破竹",$AO11,$AM11)+IF($G$1="破竹",$AP11*1.5,0))*(1+$BL11)*(1+$BM11))*(1+$AQ11)*$P11*(1+IF(VLOOKUP($Q11,武学奇术!$A:$ZZ,30,FALSE)="弹道",$B$21,0))*(1+$BV11) -> 13014.707 | O11: =((($AS11*$AM11+$AN11)*(1+$AU11)*(1+$AV11)+($AX11*IF($G$1="鸣金",$AO11,$AM11)+IF($G$1="鸣金",$AP11*1.5,0))*(1+$AZ11)*(1+$BA11)+($BB11*IF($G$1="裂石",$AO11,$AM11)+IF($G$1="裂石",$AP11*1.5,0))*(1+$BD11)*(1+$BE11)+($BF11*IF($G$1="牵丝",$AO11,$AM11)+IF($G$1="牵丝",$AP11*1.5,0))*(1+$BH11)*(1+$BI11)+($BJ11*IF($G$1="破竹",$AO11,$AM11)+IF($G$1="破竹",$AP11*1.5,0))*(1+$BL11)*(1+$BM11))*(1+$AQ11))*$P11*(1+IF(VLOOKUP($Q11,武学奇术!$A:$ZZ,30,FALSE)="弹道",$B$21,0))*(1+$BV11) -> 11596.11 | P11: 0.5 | Q11: 伞～每秒 | R11: 易水歌3层 | S11: 沧海帖2层 | T11: 连中 | U11: N/a | V11: 风墙(弹道) | W11: N/a | X11: N/a | Y11: N/a | Z11: N/a | AA11: 近战笛 | AB11: 惧刃(拐) | AC11: N/a | AD11: N/a | AE11: N/a | AF11: N/a | AG11: N/a | AH11: N/a | AI11: N/a | AJ11: N/a | AK11: N/a | AL11: =VLOOKUP($Q11,武学奇术!$A:$ZZ,25,FALSE) -> 伞 | AM11: =VLOOKUP($Q11,武学奇术!$A:$ZZ,26,FALSE) -> 1.174955 | AN11: =VLOOKUP($Q11,武学奇术!$A:$ZZ,27,FALSE)*(1+IF(OR($AL11=$F$4,$AL11=$F$5),$B$22,0)) -> 486.45 | AO11: =VLOOKUP($Q11,武学奇术!$A:$ZZ,28,FALSE) -> 1.762375 | AP11: =VLOOKUP($Q11,武学奇术!$A:$ZZ,29,FALSE)*(1+IF(OR($AL11=$F$4,$AL11=$F$5),$B$22,0)) -> 265.65 | AQ11: {=$G$3+IFERROR(VLOOKUP($AL11,$F$4:$G$7,2,FALSE),0)+VLOOKUP($Q11,武学奇术!$A:$ZZ,2,FALSE)+SUM(_xlfn.XLOOKUP($R11:$AK11,增益!$A:$A,增益!$B:$B,0))} -> 1.0541 | AR11: {=VLOOKUP($Q11,武学奇术!$A:$ZZ,5,FALSE)+SUM(_xlfn.XLOOKUP($R11:$AK11,增益!$A:$A,增益!$E:$E,0))} -> 0 | AS11: {=$D$10*(1+$AR11)+VLOOKUP($Q11,武学奇术!$A:$ZZ,3,FALSE)+SUM(_xlfn.XLOOKUP($R11:$AK11,增益!$A:$A,增益!$C:$C,0))-$I$2} -> 3773.588 | AT11: {=$E$10*(1+$AR11)+VLOOKUP($Q11,武学奇术!$A:$ZZ,4,FALSE)+SUM(_xlfn.XLOOKUP($R11:$AK11,增益!$A:$A,增益!$D:$D,0))-$I$2} -> 3773.588 | AU11: {=IF($F$10-$I$3+VLOOKUP($Q11,武学奇术!$A:$ZZ,6,FALSE)+SUM(_xlfn.XLOOKUP($R11:$AK11,增益!$A:$A,增益!$F:$F,0))>0,($F$10-$I$3+VLOOKUP($Q11,武学奇术!$A:$ZZ,6,FALSE)+SUM(_xlfn.XLOOKUP($R11:$AK11,增益!$A:$A,增益!$F:$F,0)))/200,($F$10-$I$3+VLOOKUP($Q11,武学奇术!$A:$ZZ,6,FALSE)+SUM(_xlfn.XLOOKUP($R11:$AK11,增益!$A:$A,增益!$F:$F,0)))/100)} -> 0.2975 | AV11: {=$G$10+VLOOKUP($Q11,武学奇术!$A:$ZZ,7,FALSE)+SUM(_xlfn.XLOOKUP($R11:$AK11,增益!$A:$A,增益!$G:$G,0))} -> 0 | AW11: {=VLOOKUP($Q11,武学奇术!$A:$ZZ,8,FALSE)+SUM(_xlfn.XLOOKUP($R11:$AK11,增益!$A:$A,增益!$H:$H,0))} -> 0 | AX11: =$D$11*(1+$AW11) -> 0 | AY11: =$E$11*(1+$AW11) -> 0 | AZ11: {=IF($F$11-$I$4+VLOOKUP($Q11,武学奇术!$A:$ZZ,9,FALSE)+SUM(_xlfn.XLOOKUP($R11:$AK11,增益!$A:$A,增益!$I:$I,0))>0,($F$11-$I$4+VLOOKUP($Q11,武学奇术!$A:$ZZ,9,FALSE)+SUM(_xlfn.XLOOKUP($R11:$AK11,增益!$A:$A,增益!$I:$I,0)))/200,($F$11-$I$4+VLOOKUP($Q11,武学奇术!$A:$ZZ,9,FALSE)+SUM(_xlfn.XLOOKUP($R11:$AK11,增益!$A:$A,增益!$I:$I,0)))/100)} -> -0.3 | BA11: {=$G$11+VLOOKUP($Q11,武学奇术!$A:$ZZ,10,FALSE)+SUM(_xlfn.XLOOKUP($R11:$AK11,增益!$A:$A,增益!$J:$J,0))} -> 0 | BB11: =$D$12*(1+$AW11) -> 0 | BC11: =$E$12*(1+$AW11) -> 0 | BD11: {=IF($F$12-$I$4+VLOOKUP($Q11,武学奇术!$A:$ZZ,11,FALSE)+SUM(_xlfn.XLOOKUP($R11:$AK11,增益!$A:$A,增益!$K:$K,0))>0,($F$12-$I$4+VLOOKUP($Q11,武学奇术!$A:$ZZ,11,FALSE)+SUM(_xlfn.XLOOKUP($R11:$AK11,增益!$A:$A,增益!$K:$K,0)))/200,($F$12-$I$4+VLOOKUP($Q11,武学奇术!$A:$ZZ,11,FALSE)+SUM(_xlfn.XLOOKUP($R11:$AK11,增益!$A:$A,增益!$K:$K,0)))/100)} -> -0.3 | BE11: {=$G$12+VLOOKUP($Q11,武学奇术!$A:$ZZ,12,FALSE)+SUM(_xlfn.XLOOKUP($R11:$AK11,增益!$A:$A,增益!$L:$L,0))} -> 0 | BF11: =$D$13*(1+$AW11) -> 605.472 | BG11: =$E$13*(1+$AW11) -> 1579.612 | BH11: {=IF($F$13-$I$4+VLOOKUP($Q11,武学奇术!$A:$ZZ,13,FALSE)+SUM(_xlfn.XLOOKUP($R11:$AK11,增益!$A:$A,增益!$M:$M,0))>0,($F$13-$I$4+VLOOKUP($Q11,武学奇术!$A:$ZZ,13,FALSE)+SUM(_xlfn.XLOOKUP($R11:$AK11,增益!$A:$A,增益!$K:$K,0)))/200,($F$13-$I$4+VLOOKUP($Q11,武学奇术!$A:$ZZ,13,FALSE)+SUM(_xlfn.XLOOKUP($R11:$AK11,增益!$A:$A,增益!$M:$M,0)))/100)} -> 0 | BI11: {=$G$13+VLOOKUP($Q11,武学奇术!$A:$ZZ,14,FALSE)+SUM(_xlfn.XLOOKUP($R11:$AK11,增益!$A:$A,增益!$N:$N,0))} -> 0.15 | BJ11: =$D$14*(1+$AW11) -> 0 | BK11: =$E$14*(1+$AW11) -> 0 | BL11: {=IF($F$14-$I$4+VLOOKUP($Q11,武学奇术!$A:$ZZ,15,FALSE)+SUM(_xlfn.XLOOKUP($R11:$AK11,增益!$A:$A,增益!$O:$O,0))>0,($F$14-$I$4+VLOOKUP($Q11,武学奇术!$A:$ZZ,15,FALSE)+SUM(_xlfn.XLOOKUP($R11:$AK11,增益!$A:$A,增益!$O:$O,0)))/200,($F$14-$I$4+VLOOKUP($Q11,武学奇术!$A:$ZZ,15,FALSE)+SUM(_xlfn.XLOOKUP($R11:$AK11,增益!$A:$A,增益!$O:$O,0)))/100)} -> -0.3 | BM11: {=$G$14+VLOOKUP($Q11,武学奇术!$A:$ZZ,16,FALSE)+SUM(_xlfn.XLOOKUP($R11:$AK11,增益!$A:$A,增益!$P:$P,0))} -> 0 | BN11: =MIN(IF(VLOOKUP($Q11,武学奇术!$A:$ZZ,23,FALSE)=1,100%,$B$8),100%) -> 1 | BO11: {=IF(VLOOKUP($Q11,武学奇术!$A:$ZZ,23,FALSE)=1,100%,MIN(80%,$B$9+VLOOKUP($Q11,武学奇术!$A:$ZZ,17,FALSE)+SUM(_xlfn.XLOOKUP($R11:$AK11,增益!$A:$A,增益!$Q:$Q,0)))+$B$11+SUM(_xlfn.XLOOKUP($R11:$AK11,增益!$A:$A,增益!$U:$U,0)))*IF(VLOOKUP($Q11,武学奇术!$A:$ZZ,24,FALSE)=1,0,1)} -> 0.9093 | BP11: {=1+$B$13+VLOOKUP($Q11,武学奇术!$A:$ZZ,18,FALSE)+SUM(_xlfn.XLOOKUP($R11:$AK11,增益!$A:$A,增益!$R:$R,0))} -> 1.88 | BQ11: {=IF(VLOOKUP($Q11,武学奇术!$A:$ZZ,24,FALSE)=1,100%,MIN(40%,$B$10+VLOOKUP($Q11,武学奇术!$A:$ZZ,19,FALSE)+SUM(_xlfn.XLOOKUP($R11:$AK11,增益!$A:$A,增益!$S:$S,0)))+$B$12+SUM(_xlfn.XLOOKUP($R11:$AK11,增益!$A:$A,增益!$V:$V,0)))*IF(VLOOKUP($Q11,武学奇术!$A:$ZZ,23,FALSE)=1,0,1)} -> 0.0929 | BR11: {=1+$B$14+VLOOKUP($Q11,武学奇术!$A:$ZZ,20,FALSE)+SUM(_xlfn.XLOOKUP($R11:$AK11,增益!$A:$A,增益!$T:$T,0))} -> 1.35 | BS11: =MIN((1-BQ11)*BN11,BN11*BO11) -> 0.9071 | BT11: =1-BQ11-BS11-BU11 -> 0 | BU11: =IF(VLOOKUP($Q11,武学奇术!$A:$ZZ,22,FALSE)=1,0,(1-$BN11))*(1-$BQ11) -> 0 | BV11: {=SUM(_xlfn.XLOOKUP($R11:$AK11,增益!$A:$A,增益!$W:$W,0))+$I$5} -> 0.06
A12: 直接会意率 | B12: 0 | C12: 裂石 | D12: =(B4+IF($G$1=$C12,$B$7,0))*IF($G$2="撼天",1.06,1) -> 0 | E12: =(MAX(B4,C4)+IF($G$1=$C12,$C$7,0))*IF($G$2="撼天",1.06,1) -> 0 | F12: =D4 -> 0 | G12: =E4 -> 0 | H12: ADPS | I12: =I10/I8 -> 167287.35 | K12: =($L12*$BS12+$M12*$BQ12+$N12*$BT12+$O12*$BU12) -> 24004.757 | L12: =((($AS12+$AT12)/2*$AM12+$AN12)*(1+$AU12)*(1+$AV12)+(($AX12+$AY12)/2*IF($G$1="鸣金",$AO12,$AM12)+IF($G$1="鸣金",$AP12*1.5,0))*(1+$AZ12)*(1+$BA12)+(($BB12+$BC12)/2*IF($G$1="裂石",$AO12,$AM12)+IF($G$1="裂石",$AP12*1.5,0))*(1+$BD12)*(1+$BE12)+(($BF12+$BG12)/2*IF($G$1="牵丝",$AO12,$AM12)+IF($G$1="牵丝",$AP12*1.5,0))*(1+$BH12)*(1+$BI12)+(($BJ12+$BK12)/2*IF($G$1="破竹",$AO12,$AM12)+IF($G$1="破竹",$AP12*1.5,0))*(1+$BL12)*(1+$BM12))*(1+$AQ12)*$BP12*$P12*(1+IF(VLOOKUP($Q12,武学奇术!$A:$ZZ,30,FALSE)="弹道",$B$21,0))*(1+$BV12) -> 24467.649 | M12: =(($AT12*$AM12+$AN12)*(1+$AU12)*(1+$AV12)+($AY12*IF($G$1="鸣金",$AO12,$AM12)+IF($G$1="鸣金",$AP12*1.5,0))*(1+$AZ12)*(1+$BA12)+($BC12*IF($G$1="裂石",$AO12,$AM12)+IF($G$1="裂石",$AP12*1.5,0))*(1+$BD12)*(1+$BE12)+($BG12*IF($G$1="牵丝",$AO12,$AM12)+IF($G$1="牵丝",$AP12*1.5,0))*(1+$BH12)*(1+$BI12)+($BK12*IF($G$1="破竹",$AO12,$AM12)+IF($G$1="破竹",$AP12*1.5,0))*(1+$BL12)*(1+$BM12))*(1+$AQ12)*$BR12*$P12*(1+IF(VLOOKUP($Q12,武学奇术!$A:$ZZ,30,FALSE)="弹道",$B$21,0))*(1+$BV12) -> 19484.96 | N12: =((($AS12+$AT12)/2*$AM12+$AN12)*(1+$AU12)*(1+$AV12)+(($AX12+$AY12)/2*IF($G$1="鸣金",$AO12,$AM12)+IF($G$1="鸣金",$AP12*1.5,0))*(1+$AZ12)*(1+$BA12)+(($BB12+$BC12)/2*IF($G$1="裂石",$AO12,$AM12)+IF($G$1="裂石",$AP12*1.5,0))*(1+$BD12)*(1+$BE12)+(($BF12+$BG12)/2*IF($G$1="牵丝",$AO12,$AM12)+IF($G$1="牵丝",$AP12*1.5,0))*(1+$BH12)*(1+$BI12)+(($BJ12+$BK12)/2*IF($G$1="破竹",$AO12,$AM12)+IF($G$1="破竹",$AP12*1.5,0))*(1+$BL12)*(1+$BM12))*(1+$AQ12)*$P12*(1+IF(VLOOKUP($Q12,武学奇术!$A:$ZZ,30,FALSE)="弹道",$B$21,0))*(1+$BV12) -> 13014.707 | O12: =((($AS12*$AM12+$AN12)*(1+$AU12)*(1+$AV12)+($AX12*IF($G$1="鸣金",$AO12,$AM12)+IF($G$1="鸣金",$AP12*1.5,0))*(1+$AZ12)*(1+$BA12)+($BB12*IF($G$1="裂石",$AO12,$AM12)+IF($G$1="裂石",$AP12*1.5,0))*(1+$BD12)*(1+$BE12)+($BF12*IF($G$1="牵丝",$AO12,$AM12)+IF($G$1="牵丝",$AP12*1.5,0))*(1+$BH12)*(1+$BI12)+($BJ12*IF($G$1="破竹",$AO12,$AM12)+IF($G$1="破竹",$AP12*1.5,0))*(1+$BL12)*(1+$BM12))*(1+$AQ12))*$P12*(1+IF(VLOOKUP($Q12,武学奇术!$A:$ZZ,30,FALSE)="弹道",$B$21,0))*(1+$BV12) -> 11596.11 | P12: 0.5 | Q12: 伞～每秒 | R12: 易水歌3层 | S12: 沧海帖2层 | T12: 连中 | U12: N/a | V12: 风墙(弹道) | W12: N/a | X12: N/a | Y12: N/a | Z12: N/a | AA12: 近战笛 | AB12: 惧刃(拐) | AC12: N/a | AD12: N/a | AE12: N/a | AF12: N/a | AG12: N/a | AH12: N/a | AI12: N/a | AJ12: N/a | AK12: N/a | AL12: =VLOOKUP($Q12,武学奇术!$A:$ZZ,25,FALSE) -> 伞 | AM12: =VLOOKUP($Q12,武学奇术!$A:$ZZ,26,FALSE) -> 1.174955 | AN12: =VLOOKUP($Q12,武学奇术!$A:$ZZ,27,FALSE)*(1+IF(OR($AL12=$F$4,$AL12=$F$5),$B$22,0)) -> 486.45 | AO12: =VLOOKUP($Q12,武学奇术!$A:$ZZ,28,FALSE) -> 1.762375 | AP12: =VLOOKUP($Q12,武学奇术!$A:$ZZ,29,FALSE)*(1+IF(OR($AL12=$F$4,$AL12=$F$5),$B$22,0)) -> 265.65 | AQ12: {=$G$3+IFERROR(VLOOKUP($AL12,$F$4:$G$7,2,FALSE),0)+VLOOKUP($Q12,武学奇术!$A:$ZZ,2,FALSE)+SUM(_xlfn.XLOOKUP($R12:$AK12,增益!$A:$A,增益!$B:$B,0))} -> 1.0541 | AR12: {=VLOOKUP($Q12,武学奇术!$A:$ZZ,5,FALSE)+SUM(_xlfn.XLOOKUP($R12:$AK12,增益!$A:$A,增益!$E:$E,0))} -> 0 | AS12: {=$D$10*(1+$AR12)+VLOOKUP($Q12,武学奇术!$A:$ZZ,3,FALSE)+SUM(_xlfn.XLOOKUP($R12:$AK12,增益!$A:$A,增益!$C:$C,0))-$I$2} -> 3773.588 | AT12: {=$E$10*(1+$AR12)+VLOOKUP($Q12,武学奇术!$A:$ZZ,4,FALSE)+SUM(_xlfn.XLOOKUP($R12:$AK12,增益!$A:$A,增益!$D:$D,0))-$I$2} -> 3773.588 | AU12: {=IF($F$10-$I$3+VLOOKUP($Q12,武学奇术!$A:$ZZ,6,FALSE)+SUM(_xlfn.XLOOKUP($R12:$AK12,增益!$A:$A,增益!$F:$F,0))>0,($F$10-$I$3+VLOOKUP($Q12,武学奇术!$A:$ZZ,6,FALSE)+SUM(_xlfn.XLOOKUP($R12:$AK12,增益!$A:$A,增益!$F:$F,0)))/200,($F$10-$I$3+VLOOKUP($Q12,武学奇术!$A:$ZZ,6,FALSE)+SUM(_xlfn.XLOOKUP($R12:$AK12,增益!$A:$A,增益!$F:$F,0)))/100)} -> 0.2975 | AV12: {=$G$10+VLOOKUP($Q12,武学奇术!$A:$ZZ,7,FALSE)+SUM(_xlfn.XLOOKUP($R12:$AK12,增益!$A:$A,增益!$G:$G,0))} -> 0 | AW12: {=VLOOKUP($Q12,武学奇术!$A:$ZZ,8,FALSE)+SUM(_xlfn.XLOOKUP($R12:$AK12,增益!$A:$A,增益!$H:$H,0))} -> 0 | AX12: =$D$11*(1+$AW12) -> 0 | AY12: =$E$11*(1+$AW12) -> 0 | AZ12: {=IF($F$11-$I$4+VLOOKUP($Q12,武学奇术!$A:$ZZ,9,FALSE)+SUM(_xlfn.XLOOKUP($R12:$AK12,增益!$A:$A,增益!$I:$I,0))>0,($F$11-$I$4+VLOOKUP($Q12,武学奇术!$A:$ZZ,9,FALSE)+SUM(_xlfn.XLOOKUP($R12:$AK12,增益!$A:$A,增益!$I:$I,0)))/200,($F$11-$I$4+VLOOKUP($Q12,武学奇术!$A:$ZZ,9,FALSE)+SUM(_xlfn.XLOOKUP($R12:$AK12,增益!$A:$A,增益!$I:$I,0)))/100)} -> -0.3 | BA12: {=$G$11+VLOOKUP($Q12,武学奇术!$A:$ZZ,10,FALSE)+SUM(_xlfn.XLOOKUP($R12:$AK12,增益!$A:$A,增益!$J:$J,0))} -> 0 | BB12: =$D$12*(1+$AW12) -> 0 | BC12: =$E$12*(1+$AW12) -> 0 | BD12: {=IF($F$12-$I$4+VLOOKUP($Q12,武学奇术!$A:$ZZ,11,FALSE)+SUM(_xlfn.XLOOKUP($R12:$AK12,增益!$A:$A,增益!$K:$K,0))>0,($F$12-$I$4+VLOOKUP($Q12,武学奇术!$A:$ZZ,11,FALSE)+SUM(_xlfn.XLOOKUP($R12:$AK12,增益!$A:$A,增益!$K:$K,0)))/200,($F$12-$I$4+VLOOKUP($Q12,武学奇术!$A:$ZZ,11,FALSE)+SUM(_xlfn.XLOOKUP($R12:$AK12,增益!$A:$A,增益!$K:$K,0)))/100)} -> -0.3 | BE12: {=$G$12+VLOOKUP($Q12,武学奇术!$A:$ZZ,12,FALSE)+SUM(_xlfn.XLOOKUP($R12:$AK12,增益!$A:$A,增益!$L:$L,0))} -> 0 | BF12: =$D$13*(1+$AW12) -> 605.472 | BG12: =$E$13*(1+$AW12) -> 1579.612 | BH12: {=IF($F$13-$I$4+VLOOKUP($Q12,武学奇术!$A:$ZZ,13,FALSE)+SUM(_xlfn.XLOOKUP($R12:$AK12,增益!$A:$A,增益!$M:$M,0))>0,($F$13-$I$4+VLOOKUP($Q12,武学奇术!$A:$ZZ,13,FALSE)+SUM(_xlfn.XLOOKUP($R12:$AK12,增益!$A:$A,增益!$K:$K,0)))/200,($F$13-$I$4+VLOOKUP($Q12,武学奇术!$A:$ZZ,13,FALSE)+SUM(_xlfn.XLOOKUP($R12:$AK12,增益!$A:$A,增益!$M:$M,0)))/100)} -> 0 | BI12: {=$G$13+VLOOKUP($Q12,武学奇术!$A:$ZZ,14,FALSE)+SUM(_xlfn.XLOOKUP($R12:$AK12,增益!$A:$A,增益!$N:$N,0))} -> 0.15 | BJ12: =$D$14*(1+$AW12) -> 0 | BK12: =$E$14*(1+$AW12) -> 0 | BL12: {=IF($F$14-$I$4+VLOOKUP($Q12,武学奇术!$A:$ZZ,15,FALSE)+SUM(_xlfn.XLOOKUP($R12:$AK12,增益!$A:$A,增益!$O:$O,0))>0,($F$14-$I$4+VLOOKUP($Q12,武学奇术!$A:$ZZ,15,FALSE)+SUM(_xlfn.XLOOKUP($R12:$AK12,增益!$A:$A,增益!$O:$O,0)))/200,($F$14-$I$4+VLOOKUP($Q12,武学奇术!$A:$ZZ,15,FALSE)+SUM(_xlfn.XLOOKUP($R12:$AK12,增益!$A:$A,增益!$O:$O,0)))/100)} -> -0.3 | BM12: {=$G$14+VLOOKUP($Q12,武学奇术!$A:$ZZ,16,FALSE)+SUM(_xlfn.XLOOKUP($R12:$AK12,增益!$A:$A,增益!$P:$P,0))} -> 0 | BN12: =MIN(IF(VLOOKUP($Q12,武学奇术!$A:$ZZ,23,FALSE)=1,100%,$B$8),100%) -> 1 | BO12: {=IF(VLOOKUP($Q12,武学奇术!$A:$ZZ,23,FALSE)=1,100%,MIN(80%,$B$9+VLOOKUP($Q12,武学奇术!$A:$ZZ,17,FALSE)+SUM(_xlfn.XLOOKUP($R12:$AK12,增益!$A:$A,增益!$Q:$Q,0)))+$B$11+SUM(_xlfn.XLOOKUP($R12:$AK12,增益!$A:$A,增益!$U:$U,0)))*IF(VLOOKUP($Q12,武学奇术!$A:$ZZ,24,FALSE)=1,0,1)} -> 0.9093 | BP12: {=1+$B$13+VLOOKUP($Q12,武学奇术!$A:$ZZ,18,FALSE)+SUM(_xlfn.XLOOKUP($R12:$AK12,增益!$A:$A,增益!$R:$R,0))} -> 1.88 | BQ12: {=IF(VLOOKUP($Q12,武学奇术!$A:$ZZ,24,FALSE)=1,100%,MIN(40%,$B$10+VLOOKUP($Q12,武学奇术!$A:$ZZ,19,FALSE)+SUM(_xlfn.XLOOKUP($R12:$AK12,增益!$A:$A,增益!$S:$S,0)))+$B$12+SUM(_xlfn.XLOOKUP($R12:$AK12,增益!$A:$A,增益!$V:$V,0)))*IF(VLOOKUP($Q12,武学奇术!$A:$ZZ,23,FALSE)=1,0,1)} -> 0.0929 | BR12: {=1+$B$14+VLOOKUP($Q12,武学奇术!$A:$ZZ,20,FALSE)+SUM(_xlfn.XLOOKUP($R12:$AK12,增益!$A:$A,增益!$T:$T,0))} -> 1.35 | BS12: =MIN((1-BQ12)*BN12,BN12*BO12) -> 0.9071 | BT12: =1-BQ12-BS12-BU12 -> 0 | BU12: =IF(VLOOKUP($Q12,武学奇术!$A:$ZZ,22,FALSE)=1,0,(1-$BN12))*(1-$BQ12) -> 0 | BV12: {=SUM(_xlfn.XLOOKUP($R12:$AK12,增益!$A:$A,增益!$W:$W,0))+$I$5} -> 0.06
A13: 会心伤害加成 | B13: =50%+IF(G2="时雨",10%,0) -> 0.5 | C13: 牵丝 | D13: =(B5+IF($G$1=$C13,$B$7,0))*IF($G$2="撼天",1.06,1) -> 605.472 | E13: =(MAX(B5,C5)+IF($G$1=$C13,$C$7,0))*IF($G$2="撼天",1.06,1) -> 1579.612 | F13: =D5 -> 30 | G13: =E5 -> 0.15 | K13: =($L13*$BS13+$M13*$BQ13+$N13*$BT13+$O13*$BU13) -> 141365.11 | L13: =((($AS13+$AT13)/2*$AM13+$AN13)*(1+$AU13)*(1+$AV13)+(($AX13+$AY13)/2*IF($G$1="鸣金",$AO13,$AM13)+IF($G$1="鸣金",$AP13*1.5,0))*(1+$AZ13)*(1+$BA13)+(($BB13+$BC13)/2*IF($G$1="裂石",$AO13,$AM13)+IF($G$1="裂石",$AP13*1.5,0))*(1+$BD13)*(1+$BE13)+(($BF13+$BG13)/2*IF($G$1="牵丝",$AO13,$AM13)+IF($G$1="牵丝",$AP13*1.5,0))*(1+$BH13)*(1+$BI13)+(($BJ13+$BK13)/2*IF($G$1="破竹",$AO13,$AM13)+IF($G$1="破竹",$AP13*1.5,0))*(1+$BL13)*(1+$BM13))*(1+$AQ13)*$BP13*$P13*(1+IF(VLOOKUP($Q13,武学奇术!$A:$ZZ,30,FALSE)="弹道",$B$21,0))*(1+$BV13) -> 144146.79 | M13: =(($AT13*$AM13+$AN13)*(1+$AU13)*(1+$AV13)+($AY13*IF($G$1="鸣金",$AO13,$AM13)+IF($G$1="鸣金",$AP13*1.5,0))*(1+$AZ13)*(1+$BA13)+($BC13*IF($G$1="裂石",$AO13,$AM13)+IF($G$1="裂石",$AP13*1.5,0))*(1+$BD13)*(1+$BE13)+($BG13*IF($G$1="牵丝",$AO13,$AM13)+IF($G$1="牵丝",$AP13*1.5,0))*(1+$BH13)*(1+$BI13)+($BK13*IF($G$1="破竹",$AO13,$AM13)+IF($G$1="破竹",$AP13*1.5,0))*(1+$BL13)*(1+$BM13))*(1+$AQ13)*$BR13*$P13*(1+IF(VLOOKUP($Q13,武学奇术!$A:$ZZ,30,FALSE)="弹道",$B$21,0))*(1+$BV13) -> 114203.99 | N13: =((($AS13+$AT13)/2*$AM13+$AN13)*(1+$AU13)*(1+$AV13)+(($AX13+$AY13)/2*IF($G$1="鸣金",$AO13,$AM13)+IF($G$1="鸣金",$AP13*1.5,0))*(1+$AZ13)*(1+$BA13)+(($BB13+$BC13)/2*IF($G$1="裂石",$AO13,$AM13)+IF($G$1="裂石",$AP13*1.5,0))*(1+$BD13)*(1+$BE13)+(($BF13+$BG13)/2*IF($G$1="牵丝",$AO13,$AM13)+IF($G$1="牵丝",$AP13*1.5,0))*(1+$BH13)*(1+$BI13)+(($BJ13+$BK13)/2*IF($G$1="破竹",$AO13,$AM13)+IF($G$1="破竹",$AP13*1.5,0))*(1+$BL13)*(1+$BM13))*(1+$AQ13)*$P13*(1+IF(VLOOKUP($Q13,武学奇术!$A:$ZZ,30,FALSE)="弹道",$B$21,0))*(1+$BV13) -> 76673.826 | O13: =((($AS13*$AM13+$AN13)*(1+$AU13)*(1+$AV13)+($AX13*IF($G$1="鸣金",$AO13,$AM13)+IF($G$1="鸣金",$AP13*1.5,0))*(1+$AZ13)*(1+$BA13)+($BB13*IF($G$1="裂石",$AO13,$AM13)+IF($G$1="裂石",$AP13*1.5,0))*(1+$BD13)*(1+$BE13)+($BF13*IF($G$1="牵丝",$AO13,$AM13)+IF($G$1="牵丝",$AP13*1.5,0))*(1+$BH13)*(1+$BI13)+($BJ13*IF($G$1="破竹",$AO13,$AM13)+IF($G$1="破竹",$AP13*1.5,0))*(1+$BL13)*(1+$BM13))*(1+$AQ13))*$P13*(1+IF(VLOOKUP($Q13,武学奇术!$A:$ZZ,30,FALSE)="弹道",$B$21,0))*(1+$BV13) -> 68752.102 | P13: 2.5 | Q13: 伞～每秒 | R13: 易水歌3层 | S13: 沧海帖2层 | T13: 连中 | U13: 小纵地 | V13: 风墙(弹道) | W13: N/a | X13: N/a | Y13: N/a | Z13: N/a | AA13: 近战笛 | AB13: 惧刃(拐) | AC13: N/a | AD13: N/a | AE13: N/a | AF13: 伞增(拐) | AG13: N/a | AH13: N/a | AI13: N/a | AJ13: N/a | AK13: N/a | AL13: =VLOOKUP($Q13,武学奇术!$A:$ZZ,25,FALSE) -> 伞 | AM13: =VLOOKUP($Q13,武学奇术!$A:$ZZ,26,FALSE) -> 1.174955 | AN13: =VLOOKUP($Q13,武学奇术!$A:$ZZ,27,FALSE)*(1+IF(OR($AL13=$F$4,$AL13=$F$5),$B$22,0)) -> 486.45 | AO13: =VLOOKUP($Q13,武学奇术!$A:$ZZ,28,FALSE) -> 1.762375 | AP13: =VLOOKUP($Q13,武学奇术!$A:$ZZ,29,FALSE)*(1+IF(OR($AL13=$F$4,$AL13=$F$5),$B$22,0)) -> 265.65 | AQ13: {=$G$3+IFERROR(VLOOKUP($AL13,$F$4:$G$7,2,FALSE),0)+VLOOKUP($Q13,武学奇术!$A:$ZZ,2,FALSE)+SUM(_xlfn.XLOOKUP($R13:$AK13,增益!$A:$A,增益!$B:$B,0))} -> 1.2941 | AR13: {=VLOOKUP($Q13,武学奇术!$A:$ZZ,5,FALSE)+SUM(_xlfn.XLOOKUP($R13:$AK13,增益!$A:$A,增益!$E:$E,0))} -> 0.075 | AS13: {=$D$10*(1+$AR13)+VLOOKUP($Q13,武学奇术!$A:$ZZ,3,FALSE)+SUM(_xlfn.XLOOKUP($R13:$AK13,增益!$A:$A,增益!$C:$C,0))-$I$2} -> 4100.3171 | AT13: {=$E$10*(1+$AR13)+VLOOKUP($Q13,武学奇术!$A:$ZZ,4,FALSE)+SUM(_xlfn.XLOOKUP($R13:$AK13,增益!$A:$A,增益!$D:$D,0))-$I$2} -> 4100.3171 | AU13: {=IF($F$10-$I$3+VLOOKUP($Q13,武学奇术!$A:$ZZ,6,FALSE)+SUM(_xlfn.XLOOKUP($R13:$AK13,增益!$A:$A,增益!$F:$F,0))>0,($F$10-$I$3+VLOOKUP($Q13,武学奇术!$A:$ZZ,6,FALSE)+SUM(_xlfn.XLOOKUP($R13:$AK13,增益!$A:$A,增益!$F:$F,0)))/200,($F$10-$I$3+VLOOKUP($Q13,武学奇术!$A:$ZZ,6,FALSE)+SUM(_xlfn.XLOOKUP($R13:$AK13,增益!$A:$A,增益!$F:$F,0)))/100)} -> 0.2975 | AV13: {=$G$10+VLOOKUP($Q13,武学奇术!$A:$ZZ,7,FALSE)+SUM(_xlfn.XLOOKUP($R13:$AK13,增益!$A:$A,增益!$G:$G,0))} -> 0 | AW13: {=VLOOKUP($Q13,武学奇术!$A:$ZZ,8,FALSE)+SUM(_xlfn.XLOOKUP($R13:$AK13,增益!$A:$A,增益!$H:$H,0))} -> 0 | AX13: =$D$11*(1+$AW13) -> 0 | AY13: =$E$11*(1+$AW13) -> 0 | AZ13: {=IF($F$11-$I$4+VLOOKUP($Q13,武学奇术!$A:$ZZ,9,FALSE)+SUM(_xlfn.XLOOKUP($R13:$AK13,增益!$A:$A,增益!$I:$I,0))>0,($F$11-$I$4+VLOOKUP($Q13,武学奇术!$A:$ZZ,9,FALSE)+SUM(_xlfn.XLOOKUP($R13:$AK13,增益!$A:$A,增益!$I:$I,0)))/200,($F$11-$I$4+VLOOKUP($Q13,武学奇术!$A:$ZZ,9,FALSE)+SUM(_xlfn.XLOOKUP($R13:$AK13,增益!$A:$A,增益!$I:$I,0)))/100)} -> -0.3 | BA13: {=$G$11+VLOOKUP($Q13,武学奇术!$A:$ZZ,10,FALSE)+SUM(_xlfn.XLOOKUP($R13:$AK13,增益!$A:$A,增益!$J:$J,0))} -> 0 | BB13: =$D$12*(1+$AW13) -> 0 | BC13: =$E$12*(1+$AW13) -> 0 | BD13: {=IF($F$12-$I$4+VLOOKUP($Q13,武学奇术!$A:$ZZ,11,FALSE)+SUM(_xlfn.XLOOKUP($R13:$AK13,增益!$A:$A,增益!$K:$K,0))>0,($F$12-$I$4+VLOOKUP($Q13,武学奇术!$A:$ZZ,11,FALSE)+SUM(_xlfn.XLOOKUP($R13:$AK13,增益!$A:$A,增益!$K:$K,0)))/200,($F$12-$I$4+VLOOKUP($Q13,武学奇术!$A:$ZZ,11,FALSE)+SUM(_xlfn.XLOOKUP($R13:$AK13,增益!$A:$A,增益!$K:$K,0)))/100)} -> -0.3 | BE13: {=$G$12+VLOOKUP($Q13,武学奇术!$A:$ZZ,12,FALSE)+SUM(_xlfn.XLOOKUP($R13:$AK13,增益!$A:$A,增益!$L:$L,0))} -> 0 | BF13: =$D$13*(1+$AW13) -> 605.472 | BG13: =$E$13*(1+$AW13) -> 1579.612 | BH13: {=IF($F$13-$I$4+VLOOKUP($Q13,武学奇术!$A:$ZZ,13,FALSE)+SUM(_xlfn.XLOOKUP($R13:$AK13,增益!$A:$A,增益!$M:$M,0))>0,($F$13-$I$4+VLOOKUP($Q13,武学奇术!$A:$ZZ,13,FALSE)+SUM(_xlfn.XLOOKUP($R13:$AK13,增益!$A:$A,增益!$K:$K,0)))/200,($F$13-$I$4+VLOOKUP($Q13,武学奇术!$A:$ZZ,13,FALSE)+SUM(_xlfn.XLOOKUP($R13:$AK13,增益!$A:$A,增益!$M:$M,0)))/100)} -> 0 | BI13: {=$G$13+VLOOKUP($Q13,武学奇术!$A:$ZZ,14,FALSE)+SUM(_xlfn.XLOOKUP($R13:$AK13,增益!$A:$A,增益!$N:$N,0))} -> 0.15 | BJ13: =$D$14*(1+$AW13) -> 0 | BK13: =$E$14*(1+$AW13) -> 0 | BL13: {=IF($F$14-$I$4+VLOOKUP($Q13,武学奇术!$A:$ZZ,15,FALSE)+SUM(_xlfn.XLOOKUP($R13:$AK13,增益!$A:$A,增益!$O:$O,0))>0,($F$14-$I$4+VLOOKUP($Q13,武学奇术!$A:$ZZ,15,FALSE)+SUM(_xlfn.XLOOKUP($R13:$AK13,增益!$A:$A,增益!$O:$O,0)))/200,($F$14-$I$4+VLOOKUP($Q13,武学奇术!$A:$ZZ,15,FALSE)+SUM(_xlfn.XLOOKUP($R13:$AK13,增益!$A:$A,增益!$O:$O,0)))/100)} -> -0.3 | BM13: {=$G$14+VLOOKUP($Q13,武学奇术!$A:$ZZ,16,FALSE)+SUM(_xlfn.XLOOKUP($R13:$AK13,增益!$A:$A,增益!$P:$P,0))} -> 0 | BN13: =MIN(IF(VLOOKUP($Q13,武学奇术!$A:$ZZ,23,FALSE)=1,100%,$B$8),100%) -> 1 | BO13: {=IF(VLOOKUP($Q13,武学奇术!$A:$ZZ,23,FALSE)=1,100%,MIN(80%,$B$9+VLOOKUP($Q13,武学奇术!$A:$ZZ,17,FALSE)+SUM(_xlfn.XLOOKUP($R13:$AK13,增益!$A:$A,增益!$Q:$Q,0)))+$B$11+SUM(_xlfn.XLOOKUP($R13:$AK13,增益!$A:$A,增益!$U:$U,0)))*IF(VLOOKUP($Q13,武学奇术!$A:$ZZ,24,FALSE)=1,0,1)} -> 0.9093 | BP13: {=1+$B$13+VLOOKUP($Q13,武学奇术!$A:$ZZ,18,FALSE)+SUM(_xlfn.XLOOKUP($R13:$AK13,增益!$A:$A,增益!$R:$R,0))} -> 1.88 | BQ13: {=IF(VLOOKUP($Q13,武学奇术!$A:$ZZ,24,FALSE)=1,100%,MIN(40%,$B$10+VLOOKUP($Q13,武学奇术!$A:$ZZ,19,FALSE)+SUM(_xlfn.XLOOKUP($R13:$AK13,增益!$A:$A,增益!$S:$S,0)))+$B$12+SUM(_xlfn.XLOOKUP($R13:$AK13,增益!$A:$A,增益!$V:$V,0)))*IF(VLOOKUP($Q13,武学奇术!$A:$ZZ,23,FALSE)=1,0,1)} -> 0.0929 | BR13: {=1+$B$14+VLOOKUP($Q13,武学奇术!$A:$ZZ,20,FALSE)+SUM(_xlfn.XLOOKUP($R13:$AK13,增益!$A:$A,增益!$T:$T,0))} -> 1.35 | BS13: =MIN((1-BQ13)*BN13,BN13*BO13) -> 0.9071 | BT13: =1-BQ13-BS13-BU13 -> 0 | BU13: =IF(VLOOKUP($Q13,武学奇术!$A:$ZZ,22,FALSE)=1,0,(1-$BN13))*(1-$BQ13) -> 0 | BV13: {=SUM(_xlfn.XLOOKUP($R13:$AK13,增益!$A:$A,增益!$W:$W,0))+$I$5} -> 0.06
A14: 会意伤害加成 | B14: 0.35 | C14: 破竹 | D14: =(B6+IF($G$1=$C14,B7,0))*IF($G$2="撼天",1.06,1) -> 0 | E14: =(MAX(B6,C6)+IF($G$1=$C14,$C$7,0))*IF($G$2="撼天",1.06,1) -> 0 | F14: =D6 -> 0 | G14: =E6 -> 0 | H14: RDPS | I14: =RD!I14 -> 141932.22 | K14: =($L14*$BS14+$M14*$BQ14+$N14*$BT14+$O14*$BU14) -> 229546.22 | L14: =((($AS14+$AT14)/2*$AM14+$AN14)*(1+$AU14)*(1+$AV14)+(($AX14+$AY14)/2*IF($G$1="鸣金",$AO14,$AM14)+IF($G$1="鸣金",$AP14*1.5,0))*(1+$AZ14)*(1+$BA14)+(($BB14+$BC14)/2*IF($G$1="裂石",$AO14,$AM14)+IF($G$1="裂石",$AP14*1.5,0))*(1+$BD14)*(1+$BE14)+(($BF14+$BG14)/2*IF($G$1="牵丝",$AO14,$AM14)+IF($G$1="牵丝",$AP14*1.5,0))*(1+$BH14)*(1+$BI14)+(($BJ14+$BK14)/2*IF($G$1="破竹",$AO14,$AM14)+IF($G$1="破竹",$AP14*1.5,0))*(1+$BL14)*(1+$BM14))*(1+$AQ14)*$BP14*$P14*(1+IF(VLOOKUP($Q14,武学奇术!$A:$ZZ,30,FALSE)="弹道",$B$21,0))*(1+$BV14) -> 234165.1 | M14: =(($AT14*$AM14+$AN14)*(1+$AU14)*(1+$AV14)+($AY14*IF($G$1="鸣金",$AO14,$AM14)+IF($G$1="鸣金",$AP14*1.5,0))*(1+$AZ14)*(1+$BA14)+($BC14*IF($G$1="裂石",$AO14,$AM14)+IF($G$1="裂石",$AP14*1.5,0))*(1+$BD14)*(1+$BE14)+($BG14*IF($G$1="牵丝",$AO14,$AM14)+IF($G$1="牵丝",$AP14*1.5,0))*(1+$BH14)*(1+$BI14)+($BK14*IF($G$1="破竹",$AO14,$AM14)+IF($G$1="破竹",$AP14*1.5,0))*(1+$BL14)*(1+$BM14))*(1+$AQ14)*$BR14*$P14*(1+IF(VLOOKUP($Q14,武学奇术!$A:$ZZ,30,FALSE)="弹道",$B$21,0))*(1+$BV14) -> 184446.29 | N14: =((($AS14+$AT14)/2*$AM14+$AN14)*(1+$AU14)*(1+$AV14)+(($AX14+$AY14)/2*IF($G$1="鸣金",$AO14,$AM14)+IF($G$1="鸣金",$AP14*1.5,0))*(1+$AZ14)*(1+$BA14)+(($BB14+$BC14)/2*IF($G$1="裂石",$AO14,$AM14)+IF($G$1="裂石",$AP14*1.5,0))*(1+$BD14)*(1+$BE14)+(($BF14+$BG14)/2*IF($G$1="牵丝",$AO14,$AM14)+IF($G$1="牵丝",$AP14*1.5,0))*(1+$BH14)*(1+$BI14)+(($BJ14+$BK14)/2*IF($G$1="破竹",$AO14,$AM14)+IF($G$1="破竹",$AP14*1.5,0))*(1+$BL14)*(1+$BM14))*(1+$AQ14)*$P14*(1+IF(VLOOKUP($Q14,武学奇术!$A:$ZZ,30,FALSE)="弹道",$B$21,0))*(1+$BV14) -> 123896.88 | O14: =((($AS14*$AM14+$AN14)*(1+$AU14)*(1+$AV14)+($AX14*IF($G$1="鸣金",$AO14,$AM14)+IF($G$1="鸣金",$AP14*1.5,0))*(1+$AZ14)*(1+$BA14)+($BB14*IF($G$1="裂石",$AO14,$AM14)+IF($G$1="裂石",$AP14*1.5,0))*(1+$BD14)*(1+$BE14)+($BF14*IF($G$1="牵丝",$AO14,$AM14)+IF($G$1="牵丝",$AP14*1.5,0))*(1+$BH14)*(1+$BI14)+($BJ14*IF($G$1="破竹",$AO14,$AM14)+IF($G$1="破竹",$AP14*1.5,0))*(1+$BL14)*(1+$BM14))*(1+$AQ14))*$P14*(1+IF(VLOOKUP($Q14,武学奇术!$A:$ZZ,30,FALSE)="弹道",$B$21,0))*(1+$BV14) -> 111166.87 | P14: 4 | Q14: 伞～每秒 | R14: 易水歌4层 | S14: 沧海帖3层 | T14: 连中 | U14: 小纵地 | V14: 风墙(弹道) | W14: N/a | X14: N/a | Y14: N/a | Z14: N/a | AA14: 近战笛 | AB14: 惧刃(拐) | AC14: N/a | AD14: N/a | AE14: N/a | AF14: 伞增(拐) | AG14: N/a | AH14: N/a | AI14: N/a | AJ14: N/a | AK14: N/a | AL14: =VLOOKUP($Q14,武学奇术!$A:$ZZ,25,FALSE) -> 伞 | AM14: =VLOOKUP($Q14,武学奇术!$A:$ZZ,26,FALSE) -> 1.174955 | AN14: =VLOOKUP($Q14,武学奇术!$A:$ZZ,27,FALSE)*(1+IF(OR($AL14=$F$4,$AL14=$F$5),$B$22,0)) -> 486.45 | AO14: =VLOOKUP($Q14,武学奇术!$A:$ZZ,28,FALSE) -> 1.762375 | AP14: =VLOOKUP($Q14,武学奇术!$A:$ZZ,29,FALSE)*(1+IF(OR($AL14=$F$4,$AL14=$F$5),$B$22,0)) -> 265.65 | AQ14: {=$G$3+IFERROR(VLOOKUP($AL14,$F$4:$G$7,2,FALSE),0)+VLOOKUP($Q14,武学奇术!$A:$ZZ,2,FALSE)+SUM(_xlfn.XLOOKUP($R14:$AK14,增益!$A:$A,增益!$B:$B,0))} -> 1.3041 | AR14: {=VLOOKUP($Q14,武学奇术!$A:$ZZ,5,FALSE)+SUM(_xlfn.XLOOKUP($R14:$AK14,增益!$A:$A,增益!$E:$E,0))} -> 0.075 | AS14: {=$D$10*(1+$AR14)+VLOOKUP($Q14,武学奇术!$A:$ZZ,3,FALSE)+SUM(_xlfn.XLOOKUP($R14:$AK14,增益!$A:$A,增益!$C:$C,0))-$I$2} -> 4100.3171 | AT14: {=$E$10*(1+$AR14)+VLOOKUP($Q14,武学奇术!$A:$ZZ,4,FALSE)+SUM(_xlfn.XLOOKUP($R14:$AK14,增益!$A:$A,增益!$D:$D,0))-$I$2} -> 4100.3171 | AU14: {=IF($F$10-$I$3+VLOOKUP($Q14,武学奇术!$A:$ZZ,6,FALSE)+SUM(_xlfn.XLOOKUP($R14:$AK14,增益!$A:$A,增益!$F:$F,0))>0,($F$10-$I$3+VLOOKUP($Q14,武学奇术!$A:$ZZ,6,FALSE)+SUM(_xlfn.XLOOKUP($R14:$AK14,增益!$A:$A,增益!$F:$F,0)))/200,($F$10-$I$3+VLOOKUP($Q14,武学奇术!$A:$ZZ,6,FALSE)+SUM(_xlfn.XLOOKUP($R14:$AK14,增益!$A:$A,增益!$F:$F,0)))/100)} -> 0.3075 | AV14: {=$G$10+VLOOKUP($Q14,武学奇术!$A:$ZZ,7,FALSE)+SUM(_xlfn.XLOOKUP($R14:$AK14,增益!$A:$A,增益!$G:$G,0))} -> 0 | AW14: {=VLOOKUP($Q14,武学奇术!$A:$ZZ,8,FALSE)+SUM(_xlfn.XLOOKUP($R14:$AK14,增益!$A:$A,增益!$H:$H,0))} -> 0 | AX14: =$D$11*(1+$AW14) -> 0 | AY14: =$E$11*(1+$AW14) -> 0 | AZ14: {=IF($F$11-$I$4+VLOOKUP($Q14,武学奇术!$A:$ZZ,9,FALSE)+SUM(_xlfn.XLOOKUP($R14:$AK14,增益!$A:$A,增益!$I:$I,0))>0,($F$11-$I$4+VLOOKUP($Q14,武学奇术!$A:$ZZ,9,FALSE)+SUM(_xlfn.XLOOKUP($R14:$AK14,增益!$A:$A,增益!$I:$I,0)))/200,($F$11-$I$4+VLOOKUP($Q14,武学奇术!$A:$ZZ,9,FALSE)+SUM(_xlfn.XLOOKUP($R14:$AK14,增益!$A:$A,增益!$I:$I,0)))/100)} -> -0.3 | BA14: {=$G$11+VLOOKUP($Q14,武学奇术!$A:$ZZ,10,FALSE)+SUM(_xlfn.XLOOKUP($R14:$AK14,增益!$A:$A,增益!$J:$J,0))} -> 0 | BB14: =$D$12*(1+$AW14) -> 0 | BC14: =$E$12*(1+$AW14) -> 0 | BD14: {=IF($F$12-$I$4+VLOOKUP($Q14,武学奇术!$A:$ZZ,11,FALSE)+SUM(_xlfn.XLOOKUP($R14:$AK14,增益!$A:$A,增益!$K:$K,0))>0,($F$12-$I$4+VLOOKUP($Q14,武学奇术!$A:$ZZ,11,FALSE)+SUM(_xlfn.XLOOKUP($R14:$AK14,增益!$A:$A,增益!$K:$K,0)))/200,($F$12-$I$4+VLOOKUP($Q14,武学奇术!$A:$ZZ,11,FALSE)+SUM(_xlfn.XLOOKUP($R14:$AK14,增益!$A:$A,增益!$K:$K,0)))/100)} -> -0.3 | BE14: {=$G$12+VLOOKUP($Q14,武学奇术!$A:$ZZ,12,FALSE)+SUM(_xlfn.XLOOKUP($R14:$AK14,增益!$A:$A,增益!$L:$L,0))} -> 0 | BF14: =$D$13*(1+$AW14) -> 605.472 | BG14: =$E$13*(1+$AW14) -> 1579.612 | BH14: {=IF($F$13-$I$4+VLOOKUP($Q14,武学奇术!$A:$ZZ,13,FALSE)+SUM(_xlfn.XLOOKUP($R14:$AK14,增益!$A:$A,增益!$M:$M,0))>0,($F$13-$I$4+VLOOKUP($Q14,武学奇术!$A:$ZZ,13,FALSE)+SUM(_xlfn.XLOOKUP($R14:$AK14,增益!$A:$A,增益!$K:$K,0)))/200,($F$13-$I$4+VLOOKUP($Q14,武学奇术!$A:$ZZ,13,FALSE)+SUM(_xlfn.XLOOKUP($R14:$AK14,增益!$A:$A,增益!$M:$M,0)))/100)} -> 0 | BI14: {=$G$13+VLOOKUP($Q14,武学奇术!$A:$ZZ,14,FALSE)+SUM(_xlfn.XLOOKUP($R14:$AK14,增益!$A:$A,增益!$N:$N,0))} -> 0.15 | BJ14: =$D$14*(1+$AW14) -> 0 | BK14: =$E$14*(1+$AW14) -> 0 | BL14: {=IF($F$14-$I$4+VLOOKUP($Q14,武学奇术!$A:$ZZ,15,FALSE)+SUM(_xlfn.XLOOKUP($R14:$AK14,增益!$A:$A,增益!$O:$O,0))>0,($F$14-$I$4+VLOOKUP($Q14,武学奇术!$A:$ZZ,15,FALSE)+SUM(_xlfn.XLOOKUP($R14:$AK14,增益!$A:$A,增益!$O:$O,0)))/200,($F$14-$I$4+VLOOKUP($Q14,武学奇术!$A:$ZZ,15,FALSE)+SUM(_xlfn.XLOOKUP($R14:$AK14,增益!$A:$A,增益!$O:$O,0)))/100)} -> -0.3 | BM14: {=$G$14+VLOOKUP($Q14,武学奇术!$A:$ZZ,16,FALSE)+SUM(_xlfn.XLOOKUP($R14:$AK14,增益!$A:$A,增益!$P:$P,0))} -> 0 | BN14: =MIN(IF(VLOOKUP($Q14,武学奇术!$A:$ZZ,23,FALSE)=1,100%,$B$8),100%) -> 1 | BO14: {=IF(VLOOKUP($Q14,武学奇术!$A:$ZZ,23,FALSE)=1,100%,MIN(80%,$B$9+VLOOKUP($Q14,武学奇术!$A:$ZZ,17,FALSE)+SUM(_xlfn.XLOOKUP($R14:$AK14,增益!$A:$A,增益!$Q:$Q,0)))+$B$11+SUM(_xlfn.XLOOKUP($R14:$AK14,增益!$A:$A,增益!$U:$U,0)))*IF(VLOOKUP($Q14,武学奇术!$A:$ZZ,24,FALSE)=1,0,1)} -> 0.9093 | BP14: {=1+$B$13+VLOOKUP($Q14,武学奇术!$A:$ZZ,18,FALSE)+SUM(_xlfn.XLOOKUP($R14:$AK14,增益!$A:$A,增益!$R:$R,0))} -> 1.89 | BQ14: {=IF(VLOOKUP($Q14,武学奇术!$A:$ZZ,24,FALSE)=1,100%,MIN(40%,$B$10+VLOOKUP($Q14,武学奇术!$A:$ZZ,19,FALSE)+SUM(_xlfn.XLOOKUP($R14:$AK14,增益!$A:$A,增益!$S:$S,0)))+$B$12+SUM(_xlfn.XLOOKUP($R14:$AK14,增益!$A:$A,增益!$V:$V,0)))*IF(VLOOKUP($Q14,武学奇术!$A:$ZZ,23,FALSE)=1,0,1)} -> 0.0929 | BR14: {=1+$B$14+VLOOKUP($Q14,武学奇术!$A:$ZZ,20,FALSE)+SUM(_xlfn.XLOOKUP($R14:$AK14,增益!$A:$A,增益!$T:$T,0))} -> 1.35 | BS14: =MIN((1-BQ14)*BN14,BN14*BO14) -> 0.9071 | BT14: =1-BQ14-BS14-BU14 -> 0 | BU14: =IF(VLOOKUP($Q14,武学奇术!$A:$ZZ,22,FALSE)=1,0,(1-$BN14))*(1-$BQ14) -> 0 | BV14: {=SUM(_xlfn.XLOOKUP($R14:$AK14,增益!$A:$A,增益!$W:$W,0))+$I$5} -> 0.06
A15: 全武增 | B15: 0.0852 | C15: 团队增益 | K15: =($L15*$BS15+$M15*$BQ15+$N15*$BT15+$O15*$BU15) -> 115903.19 | L15: =((($AS15+$AT15)/2*$AM15+$AN15)*(1+$AU15)*(1+$AV15)+(($AX15+$AY15)/2*IF($G$1="鸣金",$AO15,$AM15)+IF($G$1="鸣金",$AP15*1.5,0))*(1+$AZ15)*(1+$BA15)+(($BB15+$BC15)/2*IF($G$1="裂石",$AO15,$AM15)+IF($G$1="裂石",$AP15*1.5,0))*(1+$BD15)*(1+$BE15)+(($BF15+$BG15)/2*IF($G$1="牵丝",$AO15,$AM15)+IF($G$1="牵丝",$AP15*1.5,0))*(1+$BH15)*(1+$BI15)+(($BJ15+$BK15)/2*IF($G$1="破竹",$AO15,$AM15)+IF($G$1="破竹",$AP15*1.5,0))*(1+$BL15)*(1+$BM15))*(1+$AQ15)*$BP15*$P15*(1+IF(VLOOKUP($Q15,武学奇术!$A:$ZZ,30,FALSE)="弹道",$B$21,0))*(1+$BV15) -> 118239.88 | M15: =(($AT15*$AM15+$AN15)*(1+$AU15)*(1+$AV15)+($AY15*IF($G$1="鸣金",$AO15,$AM15)+IF($G$1="鸣金",$AP15*1.5,0))*(1+$AZ15)*(1+$BA15)+($BC15*IF($G$1="裂石",$AO15,$AM15)+IF($G$1="裂石",$AP15*1.5,0))*(1+$BD15)*(1+$BE15)+($BG15*IF($G$1="牵丝",$AO15,$AM15)+IF($G$1="牵丝",$AP15*1.5,0))*(1+$BH15)*(1+$BI15)+($BK15*IF($G$1="破竹",$AO15,$AM15)+IF($G$1="破竹",$AP15*1.5,0))*(1+$BL15)*(1+$BM15))*(1+$AQ15)*$BR15*$P15*(1+IF(VLOOKUP($Q15,武学奇术!$A:$ZZ,30,FALSE)="弹道",$B$21,0))*(1+$BV15) -> 93087.107 | N15: =((($AS15+$AT15)/2*$AM15+$AN15)*(1+$AU15)*(1+$AV15)+(($AX15+$AY15)/2*IF($G$1="鸣金",$AO15,$AM15)+IF($G$1="鸣金",$AP15*1.5,0))*(1+$AZ15)*(1+$BA15)+(($BB15+$BC15)/2*IF($G$1="裂石",$AO15,$AM15)+IF($G$1="裂石",$AP15*1.5,0))*(1+$BD15)*(1+$BE15)+(($BF15+$BG15)/2*IF($G$1="牵丝",$AO15,$AM15)+IF($G$1="牵丝",$AP15*1.5,0))*(1+$BH15)*(1+$BI15)+(($BJ15+$BK15)/2*IF($G$1="破竹",$AO15,$AM15)+IF($G$1="破竹",$AP15*1.5,0))*(1+$BL15)*(1+$BM15))*(1+$AQ15)*$P15*(1+IF(VLOOKUP($Q15,武学奇术!$A:$ZZ,30,FALSE)="弹道",$B$21,0))*(1+$BV15) -> 62560.784 | O15: =((($AS15*$AM15+$AN15)*(1+$AU15)*(1+$AV15)+($AX15*IF($G$1="鸣金",$AO15,$AM15)+IF($G$1="鸣金",$AP15*1.5,0))*(1+$AZ15)*(1+$BA15)+($BB15*IF($G$1="裂石",$AO15,$AM15)+IF($G$1="裂石",$AP15*1.5,0))*(1+$BD15)*(1+$BE15)+($BF15*IF($G$1="牵丝",$AO15,$AM15)+IF($G$1="牵丝",$AP15*1.5,0))*(1+$BH15)*(1+$BI15)+($BJ15*IF($G$1="破竹",$AO15,$AM15)+IF($G$1="破竹",$AP15*1.5,0))*(1+$BL15)*(1+$BM15))*(1+$AQ15))*$P15*(1+IF(VLOOKUP($Q15,武学奇术!$A:$ZZ,30,FALSE)="弹道",$B$21,0))*(1+$BV15) -> 56168.156 | P15: 2 | Q15: 伞～每秒 | R15: 易水歌5层 | S15: 沧海帖3层 | T15: 连中 | U15: 小纵地 | V15: 风墙(弹道) | W15: N/a | X15: N/a | Y15: N/a | Z15: N/a | AA15: 近战笛 | AB15: 惧刃(拐) | AC15: N/a | AD15: N/a | AE15: N/a | AF15: 伞增(拐) | AG15: N/a | AH15: N/a | AI15: N/a | AJ15: N/a | AK15: N/a | AL15: =VLOOKUP($Q15,武学奇术!$A:$ZZ,25,FALSE) -> 伞 | AM15: =VLOOKUP($Q15,武学奇术!$A:$ZZ,26,FALSE) -> 1.174955 | AN15: =VLOOKUP($Q15,武学奇术!$A:$ZZ,27,FALSE)*(1+IF(OR($AL15=$F$4,$AL15=$F$5),$B$22,0)) -> 486.45 | AO15: =VLOOKUP($Q15,武学奇术!$A:$ZZ,28,FALSE) -> 1.762375 | AP15: =VLOOKUP($Q15,武学奇术!$A:$ZZ,29,FALSE)*(1+IF(OR($AL15=$F$4,$AL15=$F$5),$B$22,0)) -> 265.65 | AQ15: {=$G$3+IFERROR(VLOOKUP($AL15,$F$4:$G$7,2,FALSE),0)+VLOOKUP($Q15,武学奇术!$A:$ZZ,2,FALSE)+SUM(_xlfn.XLOOKUP($R15:$AK15,增益!$A:$A,增益!$B:$B,0))} -> 1.3141 | AR15: {=VLOOKUP($Q15,武学奇术!$A:$ZZ,5,FALSE)+SUM(_xlfn.XLOOKUP($R15:$AK15,增益!$A:$A,增益!$E:$E,0))} -> 0.075 | AS15: {=$D$10*(1+$AR15)+VLOOKUP($Q15,武学奇术!$A:$ZZ,3,FALSE)+SUM(_xlfn.XLOOKUP($R15:$AK15,增益!$A:$A,增益!$C:$C,0))-$I$2} -> 4100.3171 | AT15: {=$E$10*(1+$AR15)+VLOOKUP($Q15,武学奇术!$A:$ZZ,4,FALSE)+SUM(_xlfn.XLOOKUP($R15:$AK15,增益!$A:$A,增益!$D:$D,0))-$I$2} -> 4100.3171 | AU15: {=IF($F$10-$I$3+VLOOKUP($Q15,武学奇术!$A:$ZZ,6,FALSE)+SUM(_xlfn.XLOOKUP($R15:$AK15,增益!$A:$A,增益!$F:$F,0))>0,($F$10-$I$3+VLOOKUP($Q15,武学奇术!$A:$ZZ,6,FALSE)+SUM(_xlfn.XLOOKUP($R15:$AK15,增益!$A:$A,增益!$F:$F,0)))/200,($F$10-$I$3+VLOOKUP($Q15,武学奇术!$A:$ZZ,6,FALSE)+SUM(_xlfn.XLOOKUP($R15:$AK15,增益!$A:$A,增益!$F:$F,0)))/100)} -> 0.3175 | AV15: {=$G$10+VLOOKUP($Q15,武学奇术!$A:$ZZ,7,FALSE)+SUM(_xlfn.XLOOKUP($R15:$AK15,增益!$A:$A,增益!$G:$G,0))} -> 0 | AW15: {=VLOOKUP($Q15,武学奇术!$A:$ZZ,8,FALSE)+SUM(_xlfn.XLOOKUP($R15:$AK15,增益!$A:$A,增益!$H:$H,0))} -> 0 | AX15: =$D$11*(1+$AW15) -> 0 | AY15: =$E$11*(1+$AW15) -> 0 | AZ15: {=IF($F$11-$I$4+VLOOKUP($Q15,武学奇术!$A:$ZZ,9,FALSE)+SUM(_xlfn.XLOOKUP($R15:$AK15,增益!$A:$A,增益!$I:$I,0))>0,($F$11-$I$4+VLOOKUP($Q15,武学奇术!$A:$ZZ,9,FALSE)+SUM(_xlfn.XLOOKUP($R15:$AK15,增益!$A:$A,增益!$I:$I,0)))/200,($F$11-$I$4+VLOOKUP($Q15,武学奇术!$A:$ZZ,9,FALSE)+SUM(_xlfn.XLOOKUP($R15:$AK15,增益!$A:$A,增益!$I:$I,0)))/100)} -> -0.3 | BA15: {=$G$11+VLOOKUP($Q15,武学奇术!$A:$ZZ,10,FALSE)+SUM(_xlfn.XLOOKUP($R15:$AK15,增益!$A:$A,增益!$J:$J,0))} -> 0 | BB15: =$D$12*(1+$AW15) -> 0 | BC15: =$E$12*(1+$AW15) -> 0 | BD15: {=IF($F$12-$I$4+VLOOKUP($Q15,武学奇术!$A:$ZZ,11,FALSE)+SUM(_xlfn.XLOOKUP($R15:$AK15,增益!$A:$A,增益!$K:$K,0))>0,($F$12-$I$4+VLOOKUP($Q15,武学奇术!$A:$ZZ,11,FALSE)+SUM(_xlfn.XLOOKUP($R15:$AK15,增益!$A:$A,增益!$K:$K,0)))/200,($F$12-$I$4+VLOOKUP($Q15,武学奇术!$A:$ZZ,11,FALSE)+SUM(_xlfn.XLOOKUP($R15:$AK15,增益!$A:$A,增益!$K:$K,0)))/100)} -> -0.3 | BE15: {=$G$12+VLOOKUP($Q15,武学奇术!$A:$ZZ,12,FALSE)+SUM(_xlfn.XLOOKUP($R15:$AK15,增益!$A:$A,增益!$L:$L,0))} -> 0 | BF15: =$D$13*(1+$AW15) -> 605.472 | BG15: =$E$13*(1+$AW15) -> 1579.612 | BH15: {=IF($F$13-$I$4+VLOOKUP($Q15,武学奇术!$A:$ZZ,13,FALSE)+SUM(_xlfn.XLOOKUP($R15:$AK15,增益!$A:$A,增益!$M:$M,0))>0,($F$13-$I$4+VLOOKUP($Q15,武学奇术!$A:$ZZ,13,FALSE)+SUM(_xlfn.XLOOKUP($R15:$AK15,增益!$A:$A,增益!$K:$K,0)))/200,($F$13-$I$4+VLOOKUP($Q15,武学奇术!$A:$ZZ,13,FALSE)+SUM(_xlfn.XLOOKUP($R15:$AK15,增益!$A:$A,增益!$M:$M,0)))/100)} -> 0 | BI15: {=$G$13+VLOOKUP($Q15,武学奇术!$A:$ZZ,14,FALSE)+SUM(_xlfn.XLOOKUP($R15:$AK15,增益!$A:$A,增益!$N:$N,0))} -> 0.15 | BJ15: =$D$14*(1+$AW15) -> 0 | BK15: =$E$14*(1+$AW15) -> 0 | BL15: {=IF($F$14-$I$4+VLOOKUP($Q15,武学奇术!$A:$ZZ,15,FALSE)+SUM(_xlfn.XLOOKUP($R15:$AK15,增益!$A:$A,增益!$O:$O,0))>0,($F$14-$I$4+VLOOKUP($Q15,武学奇术!$A:$ZZ,15,FALSE)+SUM(_xlfn.XLOOKUP($R15:$AK15,增益!$A:$A,增益!$O:$O,0)))/200,($F$14-$I$4+VLOOKUP($Q15,武学奇术!$A:$ZZ,15,FALSE)+SUM(_xlfn.XLOOKUP($R15:$AK15,增益!$A:$A,增益!$O:$O,0)))/100)} -> -0.3 | BM15: {=$G$14+VLOOKUP($Q15,武学奇术!$A:$ZZ,16,FALSE)+SUM(_xlfn.XLOOKUP($R15:$AK15,增益!$A:$A,增益!$P:$P,0))} -> 0 | BN15: =MIN(IF(VLOOKUP($Q15,武学奇术!$A:$ZZ,23,FALSE)=1,100%,$B$8),100%) -> 1 | BO15: {=IF(VLOOKUP($Q15,武学奇术!$A:$ZZ,23,FALSE)=1,100%,MIN(80%,$B$9+VLOOKUP($Q15,武学奇术!$A:$ZZ,17,FALSE)+SUM(_xlfn.XLOOKUP($R15:$AK15,增益!$A:$A,增益!$Q:$Q,0)))+$B$11+SUM(_xlfn.XLOOKUP($R15:$AK15,增益!$A:$A,增益!$U:$U,0)))*IF(VLOOKUP($Q15,武学奇术!$A:$ZZ,24,FALSE)=1,0,1)} -> 0.9093 | BP15: {=1+$B$13+VLOOKUP($Q15,武学奇术!$A:$ZZ,18,FALSE)+SUM(_xlfn.XLOOKUP($R15:$AK15,增益!$A:$A,增益!$R:$R,0))} -> 1.89 | BQ15: {=IF(VLOOKUP($Q15,武学奇术!$A:$ZZ,24,FALSE)=1,100%,MIN(40%,$B$10+VLOOKUP($Q15,武学奇术!$A:$ZZ,19,FALSE)+SUM(_xlfn.XLOOKUP($R15:$AK15,增益!$A:$A,增益!$S:$S,0)))+$B$12+SUM(_xlfn.XLOOKUP($R15:$AK15,增益!$A:$A,增益!$V:$V,0)))*IF(VLOOKUP($Q15,武学奇术!$A:$ZZ,23,FALSE)=1,0,1)} -> 0.0929 | BR15: {=1+$B$14+VLOOKUP($Q15,武学奇术!$A:$ZZ,20,FALSE)+SUM(_xlfn.XLOOKUP($R15:$AK15,增益!$A:$A,增益!$T:$T,0))} -> 1.35 | BS15: =MIN((1-BQ15)*BN15,BN15*BO15) -> 0.9071 | BT15: =1-BQ15-BS15-BU15 -> 0 | BU15: =IF(VLOOKUP($Q15,武学奇术!$A:$ZZ,22,FALSE)=1,0,(1-$BN15))*(1-$BQ15) -> 0 | BV15: {=SUM(_xlfn.XLOOKUP($R15:$AK15,增益!$A:$A,增益!$W:$W,0))+$I$5} -> 0.06
A16: 首领增 | B16: 0.0887 | C16: 威 | D16: √ | E16: 沧海帖 | F16: √ | H16: 毕业率 | I16: =I12/167287.35 -> 0.99999999 | K16: =($L16*$BS16+$M16*$BQ16+$N16*$BT16+$O16*$BU16) -> 29117.669 | L16: =((($AS16+$AT16)/2*$AM16+$AN16)*(1+$AU16)*(1+$AV16)+(($AX16+$AY16)/2*IF($G$1="鸣金",$AO16,$AM16)+IF($G$1="鸣金",$AP16*1.5,0))*(1+$AZ16)*(1+$BA16)+(($BB16+$BC16)/2*IF($G$1="裂石",$AO16,$AM16)+IF($G$1="裂石",$AP16*1.5,0))*(1+$BD16)*(1+$BE16)+(($BF16+$BG16)/2*IF($G$1="牵丝",$AO16,$AM16)+IF($G$1="牵丝",$AP16*1.5,0))*(1+$BH16)*(1+$BI16)+(($BJ16+$BK16)/2*IF($G$1="破竹",$AO16,$AM16)+IF($G$1="破竹",$AP16*1.5,0))*(1+$BL16)*(1+$BM16))*(1+$AQ16)*$BP16*$P16*(1+IF(VLOOKUP($Q16,武学奇术!$A:$ZZ,30,FALSE)="弹道",$B$21,0))*(1+$BV16) -> 29716.372 | M16: =(($AT16*$AM16+$AN16)*(1+$AU16)*(1+$AV16)+($AY16*IF($G$1="鸣金",$AO16,$AM16)+IF($G$1="鸣金",$AP16*1.5,0))*(1+$AZ16)*(1+$BA16)+($BC16*IF($G$1="裂石",$AO16,$AM16)+IF($G$1="裂石",$AP16*1.5,0))*(1+$BD16)*(1+$BE16)+($BG16*IF($G$1="牵丝",$AO16,$AM16)+IF($G$1="牵丝",$AP16*1.5,0))*(1+$BH16)*(1+$BI16)+($BK16*IF($G$1="破竹",$AO16,$AM16)+IF($G$1="破竹",$AP16*1.5,0))*(1+$BL16)*(1+$BM16))*(1+$AQ16)*$BR16*$P16*(1+IF(VLOOKUP($Q16,武学奇术!$A:$ZZ,30,FALSE)="弹道",$B$21,0))*(1+$BV16) -> 23271.777 | N16: =((($AS16+$AT16)/2*$AM16+$AN16)*(1+$AU16)*(1+$AV16)+(($AX16+$AY16)/2*IF($G$1="鸣金",$AO16,$AM16)+IF($G$1="鸣金",$AP16*1.5,0))*(1+$AZ16)*(1+$BA16)+(($BB16+$BC16)/2*IF($G$1="裂石",$AO16,$AM16)+IF($G$1="裂石",$AP16*1.5,0))*(1+$BD16)*(1+$BE16)+(($BF16+$BG16)/2*IF($G$1="牵丝",$AO16,$AM16)+IF($G$1="牵丝",$AP16*1.5,0))*(1+$BH16)*(1+$BI16)+(($BJ16+$BK16)/2*IF($G$1="破竹",$AO16,$AM16)+IF($G$1="破竹",$AP16*1.5,0))*(1+$BL16)*(1+$BM16))*(1+$AQ16)*$P16*(1+IF(VLOOKUP($Q16,武学奇术!$A:$ZZ,30,FALSE)="弹道",$B$21,0))*(1+$BV16) -> 15640.196 | O16: =((($AS16*$AM16+$AN16)*(1+$AU16)*(1+$AV16)+($AX16*IF($G$1="鸣金",$AO16,$AM16)+IF($G$1="鸣金",$AP16*1.5,0))*(1+$AZ16)*(1+$BA16)+($BB16*IF($G$1="裂石",$AO16,$AM16)+IF($G$1="裂石",$AP16*1.5,0))*(1+$BD16)*(1+$BE16)+($BF16*IF($G$1="牵丝",$AO16,$AM16)+IF($G$1="牵丝",$AP16*1.5,0))*(1+$BH16)*(1+$BI16)+($BJ16*IF($G$1="破竹",$AO16,$AM16)+IF($G$1="破竹",$AP16*1.5,0))*(1+$BL16)*(1+$BM16))*(1+$AQ16))*$P16*(1+IF(VLOOKUP($Q16,武学奇术!$A:$ZZ,30,FALSE)="弹道",$B$21,0))*(1+$BV16) -> 14042.039 | P16: 0.5 | Q16: 伞～每秒 | R16: 易水歌5层 | S16: 沧海帖4层 | T16: 连中 | U16: 小纵地 | V16: 风墙(弹道) | W16: N/a | X16: N/a | Y16: N/a | Z16: N/a | AA16: 近战笛 | AB16: 惧刃(拐) | AC16: N/a | AD16: N/a | AE16: N/a | AF16: 伞增(拐) | AG16: N/a | AH16: N/a | AI16: N/a | AJ16: N/a | AK16: N/a | AL16: =VLOOKUP($Q16,武学奇术!$A:$ZZ,25,FALSE) -> 伞 | AM16: =VLOOKUP($Q16,武学奇术!$A:$ZZ,26,FALSE) -> 1.174955 | AN16: =VLOOKUP($Q16,武学奇术!$A:$ZZ,27,FALSE)*(1+IF(OR($AL16=$F$4,$AL16=$F$5),$B$22,0)) -> 486.45 | AO16: =VLOOKUP($Q16,武学奇术!$A:$ZZ,28,FALSE) -> 1.762375 | AP16: =VLOOKUP($Q16,武学奇术!$A:$ZZ,29,FALSE)*(1+IF(OR($AL16=$F$4,$AL16=$F$5),$B$22,0)) -> 265.65 | AQ16: {=$G$3+IFERROR(VLOOKUP($AL16,$F$4:$G$7,2,FALSE),0)+VLOOKUP($Q16,武学奇术!$A:$ZZ,2,FALSE)+SUM(_xlfn.XLOOKUP($R16:$AK16,增益!$A:$A,增益!$B:$B,0))} -> 1.3141 | AR16: {=VLOOKUP($Q16,武学奇术!$A:$ZZ,5,FALSE)+SUM(_xlfn.XLOOKUP($R16:$AK16,增益!$A:$A,增益!$E:$E,0))} -> 0.075 | AS16: {=$D$10*(1+$AR16)+VLOOKUP($Q16,武学奇术!$A:$ZZ,3,FALSE)+SUM(_xlfn.XLOOKUP($R16:$AK16,增益!$A:$A,增益!$C:$C,0))-$I$2} -> 4100.3171 | AT16: {=$E$10*(1+$AR16)+VLOOKUP($Q16,武学奇术!$A:$ZZ,4,FALSE)+SUM(_xlfn.XLOOKUP($R16:$AK16,增益!$A:$A,增益!$D:$D,0))-$I$2} -> 4100.3171 | AU16: {=IF($F$10-$I$3+VLOOKUP($Q16,武学奇术!$A:$ZZ,6,FALSE)+SUM(_xlfn.XLOOKUP($R16:$AK16,增益!$A:$A,增益!$F:$F,0))>0,($F$10-$I$3+VLOOKUP($Q16,武学奇术!$A:$ZZ,6,FALSE)+SUM(_xlfn.XLOOKUP($R16:$AK16,增益!$A:$A,增益!$F:$F,0)))/200,($F$10-$I$3+VLOOKUP($Q16,武学奇术!$A:$ZZ,6,FALSE)+SUM(_xlfn.XLOOKUP($R16:$AK16,增益!$A:$A,增益!$F:$F,0)))/100)} -> 0.3175 | AV16: {=$G$10+VLOOKUP($Q16,武学奇术!$A:$ZZ,7,FALSE)+SUM(_xlfn.XLOOKUP($R16:$AK16,增益!$A:$A,增益!$G:$G,0))} -> 0 | AW16: {=VLOOKUP($Q16,武学奇术!$A:$ZZ,8,FALSE)+SUM(_xlfn.XLOOKUP($R16:$AK16,增益!$A:$A,增益!$H:$H,0))} -> 0 | AX16: =$D$11*(1+$AW16) -> 0 | AY16: =$E$11*(1+$AW16) -> 0 | AZ16: {=IF($F$11-$I$4+VLOOKUP($Q16,武学奇术!$A:$ZZ,9,FALSE)+SUM(_xlfn.XLOOKUP($R16:$AK16,增益!$A:$A,增益!$I:$I,0))>0,($F$11-$I$4+VLOOKUP($Q16,武学奇术!$A:$ZZ,9,FALSE)+SUM(_xlfn.XLOOKUP($R16:$AK16,增益!$A:$A,增益!$I:$I,0)))/200,($F$11-$I$4+VLOOKUP($Q16,武学奇术!$A:$ZZ,9,FALSE)+SUM(_xlfn.XLOOKUP($R16:$AK16,增益!$A:$A,增益!$I:$I,0)))/100)} -> -0.3 | BA16: {=$G$11+VLOOKUP($Q16,武学奇术!$A:$ZZ,10,FALSE)+SUM(_xlfn.XLOOKUP($R16:$AK16,增益!$A:$A,增益!$J:$J,0))} -> 0 | BB16: =$D$12*(1+$AW16) -> 0 | BC16: =$E$12*(1+$AW16) -> 0 | BD16: {=IF($F$12-$I$4+VLOOKUP($Q16,武学奇术!$A:$ZZ,11,FALSE)+SUM(_xlfn.XLOOKUP($R16:$AK16,增益!$A:$A,增益!$K:$K,0))>0,($F$12-$I$4+VLOOKUP($Q16,武学奇术!$A:$ZZ,11,FALSE)+SUM(_xlfn.XLOOKUP($R16:$AK16,增益!$A:$A,增益!$K:$K,0)))/200,($F$12-$I$4+VLOOKUP($Q16,武学奇术!$A:$ZZ,11,FALSE)+SUM(_xlfn.XLOOKUP($R16:$AK16,增益!$A:$A,增益!$K:$K,0)))/100)} -> -0.3 | BE16: {=$G$12+VLOOKUP($Q16,武学奇术!$A:$ZZ,12,FALSE)+SUM(_xlfn.XLOOKUP($R16:$AK16,增益!$A:$A,增益!$L:$L,0))} -> 0 | BF16: =$D$13*(1+$AW16) -> 605.472 | BG16: =$E$13*(1+$AW16) -> 1579.612 | BH16: {=IF($F$13-$I$4+VLOOKUP($Q16,武学奇术!$A:$ZZ,13,FALSE)+SUM(_xlfn.XLOOKUP($R16:$AK16,增益!$A:$A,增益!$M:$M,0))>0,($F$13-$I$4+VLOOKUP($Q16,武学奇术!$A:$ZZ,13,FALSE)+SUM(_xlfn.XLOOKUP($R16:$AK16,增益!$A:$A,增益!$K:$K,0)))/200,($F$13-$I$4+VLOOKUP($Q16,武学奇术!$A:$ZZ,13,FALSE)+SUM(_xlfn.XLOOKUP($R16:$AK16,增益!$A:$A,增益!$M:$M,0)))/100)} -> 0 | BI16: {=$G$13+VLOOKUP($Q16,武学奇术!$A:$ZZ,14,FALSE)+SUM(_xlfn.XLOOKUP($R16:$AK16,增益!$A:$A,增益!$N:$N,0))} -> 0.15 | BJ16: =$D$14*(1+$AW16) -> 0 | BK16: =$E$14*(1+$AW16) -> 0 | BL16: {=IF($F$14-$I$4+VLOOKUP($Q16,武学奇术!$A:$ZZ,15,FALSE)+SUM(_xlfn.XLOOKUP($R16:$AK16,增益!$A:$A,增益!$O:$O,0))>0,($F$14-$I$4+VLOOKUP($Q16,武学奇术!$A:$ZZ,15,FALSE)+SUM(_xlfn.XLOOKUP($R16:$AK16,增益!$A:$A,增益!$O:$O,0)))/200,($F$14-$I$4+VLOOKUP($Q16,武学奇术!$A:$ZZ,15,FALSE)+SUM(_xlfn.XLOOKUP($R16:$AK16,增益!$A:$A,增益!$O:$O,0)))/100)} -> -0.3 | BM16: {=$G$14+VLOOKUP($Q16,武学奇术!$A:$ZZ,16,FALSE)+SUM(_xlfn.XLOOKUP($R16:$AK16,增益!$A:$A,增益!$P:$P,0))} -> 0 | BN16: =MIN(IF(VLOOKUP($Q16,武学奇术!$A:$ZZ,23,FALSE)=1,100%,$B$8),100%) -> 1 | BO16: {=IF(VLOOKUP($Q16,武学奇术!$A:$ZZ,23,FALSE)=1,100%,MIN(80%,$B$9+VLOOKUP($Q16,武学奇术!$A:$ZZ,17,FALSE)+SUM(_xlfn.XLOOKUP($R16:$AK16,增益!$A:$A,增益!$Q:$Q,0)))+$B$11+SUM(_xlfn.XLOOKUP($R16:$AK16,增益!$A:$A,增益!$U:$U,0)))*IF(VLOOKUP($Q16,武学奇术!$A:$ZZ,24,FALSE)=1,0,1)} -> 0.9093 | BP16: {=1+$B$13+VLOOKUP($Q16,武学奇术!$A:$ZZ,18,FALSE)+SUM(_xlfn.XLOOKUP($R16:$AK16,增益!$A:$A,增益!$R:$R,0))} -> 1.9 | BQ16: {=IF(VLOOKUP($Q16,武学奇术!$A:$ZZ,24,FALSE)=1,100%,MIN(40%,$B$10+VLOOKUP($Q16,武学奇术!$A:$ZZ,19,FALSE)+SUM(_xlfn.XLOOKUP($R16:$AK16,增益!$A:$A,增益!$S:$S,0)))+$B$12+SUM(_xlfn.XLOOKUP($R16:$AK16,增益!$A:$A,增益!$V:$V,0)))*IF(VLOOKUP($Q16,武学奇术!$A:$ZZ,23,FALSE)=1,0,1)} -> 0.0929 | BR16: {=1+$B$14+VLOOKUP($Q16,武学奇术!$A:$ZZ,20,FALSE)+SUM(_xlfn.XLOOKUP($R16:$AK16,增益!$A:$A,增益!$T:$T,0))} -> 1.35 | BS16: =MIN((1-BQ16)*BN16,BN16*BO16) -> 0.9071 | BT16: =1-BQ16-BS16-BU16 -> 0 | BU16: =IF(VLOOKUP($Q16,武学奇术!$A:$ZZ,22,FALSE)=1,0,(1-$BN16))*(1-$BQ16) -> 0 | BV16: {=SUM(_xlfn.XLOOKUP($R16:$AK16,增益!$A:$A,增益!$W:$W,0))+$I$5} -> 0.06
A17: 伞增 | B17: 0.0852 | C17: 尘 | D17: × | E17: 所恨年年 | F17: √ | K17: =($L17*$BS17+$M17*$BQ17+$N17*$BT17+$O17*$BU17) -> 24418.717 | L17: =((($AS17+$AT17)/2*$AM17+$AN17)*(1+$AU17)*(1+$AV17)+(($AX17+$AY17)/2*IF($G$1="鸣金",$AO17,$AM17)+IF($G$1="鸣金",$AP17*1.5,0))*(1+$AZ17)*(1+$BA17)+(($BB17+$BC17)/2*IF($G$1="裂石",$AO17,$AM17)+IF($G$1="裂石",$AP17*1.5,0))*(1+$BD17)*(1+$BE17)+(($BF17+$BG17)/2*IF($G$1="牵丝",$AO17,$AM17)+IF($G$1="牵丝",$AP17*1.5,0))*(1+$BH17)*(1+$BI17)+(($BJ17+$BK17)/2*IF($G$1="破竹",$AO17,$AM17)+IF($G$1="破竹",$AP17*1.5,0))*(1+$BL17)*(1+$BM17))*(1+$AQ17)*$BP17*$P17*(1+IF(VLOOKUP($Q17,武学奇术!$A:$ZZ,30,FALSE)="弹道",$B$21,0))*(1+$BV17) -> 24449.913 | M17: =(($AT17*$AM17+$AN17)*(1+$AU17)*(1+$AV17)+($AY17*IF($G$1="鸣金",$AO17,$AM17)+IF($G$1="鸣金",$AP17*1.5,0))*(1+$AZ17)*(1+$BA17)+($BC17*IF($G$1="裂石",$AO17,$AM17)+IF($G$1="裂石",$AP17*1.5,0))*(1+$BD17)*(1+$BE17)+($BG17*IF($G$1="牵丝",$AO17,$AM17)+IF($G$1="牵丝",$AP17*1.5,0))*(1+$BH17)*(1+$BI17)+($BK17*IF($G$1="破竹",$AO17,$AM17)+IF($G$1="破竹",$AP17*1.5,0))*(1+$BL17)*(1+$BM17))*(1+$AQ17)*$BR17*$P17*(1+IF(VLOOKUP($Q17,武学奇术!$A:$ZZ,30,FALSE)="弹道",$B$21,0))*(1+$BV17) -> 24114.108 | N17: =((($AS17+$AT17)/2*$AM17+$AN17)*(1+$AU17)*(1+$AV17)+(($AX17+$AY17)/2*IF($G$1="鸣金",$AO17,$AM17)+IF($G$1="鸣金",$AP17*1.5,0))*(1+$AZ17)*(1+$BA17)+(($BB17+$BC17)/2*IF($G$1="裂石",$AO17,$AM17)+IF($G$1="裂石",$AP17*1.5,0))*(1+$BD17)*(1+$BE17)+(($BF17+$BG17)/2*IF($G$1="牵丝",$AO17,$AM17)+IF($G$1="牵丝",$AP17*1.5,0))*(1+$BH17)*(1+$BI17)+(($BJ17+$BK17)/2*IF($G$1="破竹",$AO17,$AM17)+IF($G$1="破竹",$AP17*1.5,0))*(1+$BL17)*(1+$BM17))*(1+$AQ17)*$P17*(1+IF(VLOOKUP($Q17,武学奇术!$A:$ZZ,30,FALSE)="弹道",$B$21,0))*(1+$BV17) -> 16085.469 | O17: =((($AS17*$AM17+$AN17)*(1+$AU17)*(1+$AV17)+($AX17*IF($G$1="鸣金",$AO17,$AM17)+IF($G$1="鸣金",$AP17*1.5,0))*(1+$AZ17)*(1+$BA17)+($BB17*IF($G$1="裂石",$AO17,$AM17)+IF($G$1="裂石",$AP17*1.5,0))*(1+$BD17)*(1+$BE17)+($BF17*IF($G$1="牵丝",$AO17,$AM17)+IF($G$1="牵丝",$AP17*1.5,0))*(1+$BH17)*(1+$BI17)+($BJ17*IF($G$1="破竹",$AO17,$AM17)+IF($G$1="破竹",$AP17*1.5,0))*(1+$BL17)*(1+$BM17))*(1+$AQ17))*$P17*(1+IF(VLOOKUP($Q17,武学奇术!$A:$ZZ,30,FALSE)="弹道",$B$21,0))*(1+$BV17) -> 14308.636 | P17: 1 | Q17: 扇～ | R17: 易水歌3层 | S17: 沧海帖2层 | T17: N/a | U17: N/a | V17: N/a | W17: N/a | X17: N/a | Y17: N/a | Z17: N/a | AA17: 近战笛 | AB17: 惧刃(拐) | AC17: N/a | AD17: N/a | AE17: N/a | AF17: 伞增(拐) | AG17: N/a | AH17: N/a | AI17: N/a | AJ17: N/a | AK17: N/a | AL17: =VLOOKUP($Q17,武学奇术!$A:$ZZ,25,FALSE) -> 扇 | AM17: =VLOOKUP($Q17,武学奇术!$A:$ZZ,26,FALSE) -> 1.2798 | AN17: =VLOOKUP($Q17,武学奇术!$A:$ZZ,27,FALSE)*(1+IF(OR($AL17=$F$4,$AL17=$F$5),$B$22,0)) -> 532.5 | AO17: =VLOOKUP($Q17,武学奇术!$A:$ZZ,28,FALSE) -> 1.9197 | AP17: =VLOOKUP($Q17,武学奇术!$A:$ZZ,29,FALSE)*(1+IF(OR($AL17=$F$4,$AL17=$F$5),$B$22,0)) -> 289.5 | AQ17: {=$G$3+IFERROR(VLOOKUP($AL17,$F$4:$G$7,2,FALSE),0)+VLOOKUP($Q17,武学奇术!$A:$ZZ,2,FALSE)+SUM(_xlfn.XLOOKUP($R17:$AK17,增益!$A:$A,增益!$B:$B,0))} -> 0.5589 | AR17: {=VLOOKUP($Q17,武学奇术!$A:$ZZ,5,FALSE)+SUM(_xlfn.XLOOKUP($R17:$AK17,增益!$A:$A,增益!$E:$E,0))} -> 0 | AS17: {=$D$10*(1+$AR17)+VLOOKUP($Q17,武学奇术!$A:$ZZ,3,FALSE)+SUM(_xlfn.XLOOKUP($R17:$AK17,增益!$A:$A,增益!$C:$C,0))-$I$2} -> 3773.588 | AT17: {=$E$10*(1+$AR17)+VLOOKUP($Q17,武学奇术!$A:$ZZ,4,FALSE)+SUM(_xlfn.XLOOKUP($R17:$AK17,增益!$A:$A,增益!$D:$D,0))-$I$2} -> 3773.588 | AU17: {=IF($F$10-$I$3+VLOOKUP($Q17,武学奇术!$A:$ZZ,6,FALSE)+SUM(_xlfn.XLOOKUP($R17:$AK17,增益!$A:$A,增益!$F:$F,0))>0,($F$10-$I$3+VLOOKUP($Q17,武学奇术!$A:$ZZ,6,FALSE)+SUM(_xlfn.XLOOKUP($R17:$AK17,增益!$A:$A,增益!$F:$F,0)))/200,($F$10-$I$3+VLOOKUP($Q17,武学奇术!$A:$ZZ,6,FALSE)+SUM(_xlfn.XLOOKUP($R17:$AK17,增益!$A:$A,增益!$F:$F,0)))/100)} -> 0.2725 | AV17: {=$G$10+VLOOKUP($Q17,武学奇术!$A:$ZZ,7,FALSE)+SUM(_xlfn.XLOOKUP($R17:$AK17,增益!$A:$A,增益!$G:$G,0))} -> 0 | AW17: {=VLOOKUP($Q17,武学奇术!$A:$ZZ,8,FALSE)+SUM(_xlfn.XLOOKUP($R17:$AK17,增益!$A:$A,增益!$H:$H,0))} -> 0 | AX17: =$D$11*(1+$AW17) -> 0 | AY17: =$E$11*(1+$AW17) -> 0 | AZ17: {=IF($F$11-$I$4+VLOOKUP($Q17,武学奇术!$A:$ZZ,9,FALSE)+SUM(_xlfn.XLOOKUP($R17:$AK17,增益!$A:$A,增益!$I:$I,0))>0,($F$11-$I$4+VLOOKUP($Q17,武学奇术!$A:$ZZ,9,FALSE)+SUM(_xlfn.XLOOKUP($R17:$AK17,增益!$A:$A,增益!$I:$I,0)))/200,($F$11-$I$4+VLOOKUP($Q17,武学奇术!$A:$ZZ,9,FALSE)+SUM(_xlfn.XLOOKUP($R17:$AK17,增益!$A:$A,增益!$I:$I,0)))/100)} -> -0.3 | BA17: {=$G$11+VLOOKUP($Q17,武学奇术!$A:$ZZ,10,FALSE)+SUM(_xlfn.XLOOKUP($R17:$AK17,增益!$A:$A,增益!$J:$J,0))} -> 0 | BB17: =$D$12*(1+$AW17) -> 0 | BC17: =$E$12*(1+$AW17) -> 0 | BD17: {=IF($F$12-$I$4+VLOOKUP($Q17,武学奇术!$A:$ZZ,11,FALSE)+SUM(_xlfn.XLOOKUP($R17:$AK17,增益!$A:$A,增益!$K:$K,0))>0,($F$12-$I$4+VLOOKUP($Q17,武学奇术!$A:$ZZ,11,FALSE)+SUM(_xlfn.XLOOKUP($R17:$AK17,增益!$A:$A,增益!$K:$K,0)))/200,($F$12-$I$4+VLOOKUP($Q17,武学奇术!$A:$ZZ,11,FALSE)+SUM(_xlfn.XLOOKUP($R17:$AK17,增益!$A:$A,增益!$K:$K,0)))/100)} -> -0.3 | BE17: {=$G$12+VLOOKUP($Q17,武学奇术!$A:$ZZ,12,FALSE)+SUM(_xlfn.XLOOKUP($R17:$AK17,增益!$A:$A,增益!$L:$L,0))} -> 0 | BF17: =$D$13*(1+$AW17) -> 605.472 | BG17: =$E$13*(1+$AW17) -> 1579.612 | BH17: {=IF($F$13-$I$4+VLOOKUP($Q17,武学奇术!$A:$ZZ,13,FALSE)+SUM(_xlfn.XLOOKUP($R17:$AK17,增益!$A:$A,增益!$M:$M,0))>0,($F$13-$I$4+VLOOKUP($Q17,武学奇术!$A:$ZZ,13,FALSE)+SUM(_xlfn.XLOOKUP($R17:$AK17,增益!$A:$A,增益!$K:$K,0)))/200,($F$13-$I$4+VLOOKUP($Q17,武学奇术!$A:$ZZ,13,FALSE)+SUM(_xlfn.XLOOKUP($R17:$AK17,增益!$A:$A,增益!$M:$M,0)))/100)} -> 0 | BI17: {=$G$13+VLOOKUP($Q17,武学奇术!$A:$ZZ,14,FALSE)+SUM(_xlfn.XLOOKUP($R17:$AK17,增益!$A:$A,增益!$N:$N,0))} -> 0.15 | BJ17: =$D$14*(1+$AW17) -> 0 | BK17: =$E$14*(1+$AW17) -> 0 | BL17: {=IF($F$14-$I$4+VLOOKUP($Q17,武学奇术!$A:$ZZ,15,FALSE)+SUM(_xlfn.XLOOKUP($R17:$AK17,增益!$A:$A,增益!$O:$O,0))>0,($F$14-$I$4+VLOOKUP($Q17,武学奇术!$A:$ZZ,15,FALSE)+SUM(_xlfn.XLOOKUP($R17:$AK17,增益!$A:$A,增益!$O:$O,0)))/200,($F$14-$I$4+VLOOKUP($Q17,武学奇术!$A:$ZZ,15,FALSE)+SUM(_xlfn.XLOOKUP($R17:$AK17,增益!$A:$A,增益!$O:$O,0)))/100)} -> -0.3 | BM17: {=$G$14+VLOOKUP($Q17,武学奇术!$A:$ZZ,16,FALSE)+SUM(_xlfn.XLOOKUP($R17:$AK17,增益!$A:$A,增益!$P:$P,0))} -> 0 | BN17: =MIN(IF(VLOOKUP($Q17,武学奇术!$A:$ZZ,23,FALSE)=1,100%,$B$8),100%) -> 1 | BO17: {=IF(VLOOKUP($Q17,武学奇术!$A:$ZZ,23,FALSE)=1,100%,MIN(80%,$B$9+VLOOKUP($Q17,武学奇术!$A:$ZZ,17,FALSE)+SUM(_xlfn.XLOOKUP($R17:$AK17,增益!$A:$A,增益!$Q:$Q,0)))+$B$11+SUM(_xlfn.XLOOKUP($R17:$AK17,增益!$A:$A,增益!$U:$U,0)))*IF(VLOOKUP($Q17,武学奇术!$A:$ZZ,24,FALSE)=1,0,1)} -> 0.9093 | BP17: {=1+$B$13+VLOOKUP($Q17,武学奇术!$A:$ZZ,18,FALSE)+SUM(_xlfn.XLOOKUP($R17:$AK17,增益!$A:$A,增益!$R:$R,0))} -> 1.52 | BQ17: {=IF(VLOOKUP($Q17,武学奇术!$A:$ZZ,24,FALSE)=1,100%,MIN(40%,$B$10+VLOOKUP($Q17,武学奇术!$A:$ZZ,19,FALSE)+SUM(_xlfn.XLOOKUP($R17:$AK17,增益!$A:$A,增益!$S:$S,0)))+$B$12+SUM(_xlfn.XLOOKUP($R17:$AK17,增益!$A:$A,增益!$V:$V,0)))*IF(VLOOKUP($Q17,武学奇术!$A:$ZZ,23,FALSE)=1,0,1)} -> 0.0929 | BR17: {=1+$B$14+VLOOKUP($Q17,武学奇术!$A:$ZZ,20,FALSE)+SUM(_xlfn.XLOOKUP($R17:$AK17,增益!$A:$A,增益!$T:$T,0))} -> 1.35 | BS17: =MIN((1-BQ17)*BN17,BN17*BO17) -> 0.9071 | BT17: =1-BQ17-BS17-BU17 -> 0 | BU17: =IF(VLOOKUP($Q17,武学奇术!$A:$ZZ,22,FALSE)=1,0,(1-$BN17))*(1-$BQ17) -> 0 | BV17: {=SUM(_xlfn.XLOOKUP($R17:$AK17,增益!$A:$A,增益!$W:$W,0))+$I$5} -> 0.06
A18: 扇增 | B18: 0 | C18: 虹 | D18: × | K18: =($L18*$BS18+$M18*$BQ18+$N18*$BT18+$O18*$BU18) -> 83585.585 | L18: =((($AS18+$AT18)/2*$AM18+$AN18)*(1+$AU18)*(1+$AV18)+(($AX18+$AY18)/2*IF($G$1="鸣金",$AO18,$AM18)+IF($G$1="鸣金",$AP18*1.5,0))*(1+$AZ18)*(1+$BA18)+(($BB18+$BC18)/2*IF($G$1="裂石",$AO18,$AM18)+IF($G$1="裂石",$AP18*1.5,0))*(1+$BD18)*(1+$BE18)+(($BF18+$BG18)/2*IF($G$1="牵丝",$AO18,$AM18)+IF($G$1="牵丝",$AP18*1.5,0))*(1+$BH18)*(1+$BI18)+(($BJ18+$BK18)/2*IF($G$1="破竹",$AO18,$AM18)+IF($G$1="破竹",$AP18*1.5,0))*(1+$BL18)*(1+$BM18))*(1+$AQ18)*$BP18*$P18*(1+IF(VLOOKUP($Q18,武学奇术!$A:$ZZ,30,FALSE)="弹道",$B$21,0))*(1+$BV18) -> 83720.745 | M18: =(($AT18*$AM18+$AN18)*(1+$AU18)*(1+$AV18)+($AY18*IF($G$1="鸣金",$AO18,$AM18)+IF($G$1="鸣金",$AP18*1.5,0))*(1+$AZ18)*(1+$BA18)+($BC18*IF($G$1="裂石",$AO18,$AM18)+IF($G$1="裂石",$AP18*1.5,0))*(1+$BD18)*(1+$BE18)+($BG18*IF($G$1="牵丝",$AO18,$AM18)+IF($G$1="牵丝",$AP18*1.5,0))*(1+$BH18)*(1+$BI18)+($BK18*IF($G$1="破竹",$AO18,$AM18)+IF($G$1="破竹",$AP18*1.5,0))*(1+$BL18)*(1+$BM18))*(1+$AQ18)*$BR18*$P18*(1+IF(VLOOKUP($Q18,武学奇术!$A:$ZZ,30,FALSE)="弹道",$B$21,0))*(1+$BV18) -> 82265.85 | N18: =((($AS18+$AT18)/2*$AM18+$AN18)*(1+$AU18)*(1+$AV18)+(($AX18+$AY18)/2*IF($G$1="鸣金",$AO18,$AM18)+IF($G$1="鸣金",$AP18*1.5,0))*(1+$AZ18)*(1+$BA18)+(($BB18+$BC18)/2*IF($G$1="裂石",$AO18,$AM18)+IF($G$1="裂石",$AP18*1.5,0))*(1+$BD18)*(1+$BE18)+(($BF18+$BG18)/2*IF($G$1="牵丝",$AO18,$AM18)+IF($G$1="牵丝",$AP18*1.5,0))*(1+$BH18)*(1+$BI18)+(($BJ18+$BK18)/2*IF($G$1="破竹",$AO18,$AM18)+IF($G$1="破竹",$AP18*1.5,0))*(1+$BL18)*(1+$BM18))*(1+$AQ18)*$P18*(1+IF(VLOOKUP($Q18,武学奇术!$A:$ZZ,30,FALSE)="弹道",$B$21,0))*(1+$BV18) -> 54719.441 | O18: =((($AS18*$AM18+$AN18)*(1+$AU18)*(1+$AV18)+($AX18*IF($G$1="鸣金",$AO18,$AM18)+IF($G$1="鸣金",$AP18*1.5,0))*(1+$AZ18)*(1+$BA18)+($BB18*IF($G$1="裂石",$AO18,$AM18)+IF($G$1="裂石",$AP18*1.5,0))*(1+$BD18)*(1+$BE18)+($BF18*IF($G$1="牵丝",$AO18,$AM18)+IF($G$1="牵丝",$AP18*1.5,0))*(1+$BH18)*(1+$BI18)+($BJ18*IF($G$1="破竹",$AO18,$AM18)+IF($G$1="破竹",$AP18*1.5,0))*(1+$BL18)*(1+$BM18))*(1+$AQ18))*$P18*(1+IF(VLOOKUP($Q18,武学奇术!$A:$ZZ,30,FALSE)="弹道",$B$21,0))*(1+$BV18) -> 48501.216 | P18: 1 | Q18: 神龙吐火暗灼2hit | R18: 易水歌4层 | S18: 沧海帖3层 | T18: N/a | U18: 小纵地 | V18: N/a | W18: N/a | X18: N/a | Y18: N/a | Z18: N/a | AA18: 近战笛 | AB18: 惧刃(拐) | AC18: N/a | AD18: N/a | AE18: N/a | AF18: 伞增(拐) | AG18: N/a | AH18: N/a | AI18: N/a | AJ18: N/a | AK18: N/a | AL18: =VLOOKUP($Q18,武学奇术!$A:$ZZ,25,FALSE) -> 单体奇术 | AM18: =VLOOKUP($Q18,武学奇术!$A:$ZZ,26,FALSE) -> 3.9863 | AN18: =VLOOKUP($Q18,武学奇术!$A:$ZZ,27,FALSE)*(1+IF(OR($AL18=$F$4,$AL18=$F$5),$B$22,0)) -> 778 | AO18: =VLOOKUP($Q18,武学奇术!$A:$ZZ,28,FALSE) -> 5.97945 | AP18: =VLOOKUP($Q18,武学奇术!$A:$ZZ,29,FALSE)*(1+IF(OR($AL18=$F$4,$AL18=$F$5),$B$22,0)) -> 0 | AQ18: {=$G$3+IFERROR(VLOOKUP($AL18,$F$4:$G$7,2,FALSE),0)+VLOOKUP($Q18,武学奇术!$A:$ZZ,2,FALSE)+SUM(_xlfn.XLOOKUP($R18:$AK18,增益!$A:$A,增益!$B:$B,0))} -> 0.7515 | AR18: {=VLOOKUP($Q18,武学奇术!$A:$ZZ,5,FALSE)+SUM(_xlfn.XLOOKUP($R18:$AK18,增益!$A:$A,增益!$E:$E,0))} -> 0.075 | AS18: {=$D$10*(1+$AR18)+VLOOKUP($Q18,武学奇术!$A:$ZZ,3,FALSE)+SUM(_xlfn.XLOOKUP($R18:$AK18,增益!$A:$A,增益!$C:$C,0))-$I$2} -> 4100.3171 | AT18: {=$E$10*(1+$AR18)+VLOOKUP($Q18,武学奇术!$A:$ZZ,4,FALSE)+SUM(_xlfn.XLOOKUP($R18:$AK18,增益!$A:$A,增益!$D:$D,0))-$I$2} -> 4100.3171 | AU18: {=IF($F$10-$I$3+VLOOKUP($Q18,武学奇术!$A:$ZZ,6,FALSE)+SUM(_xlfn.XLOOKUP($R18:$AK18,增益!$A:$A,增益!$F:$F,0))>0,($F$10-$I$3+VLOOKUP($Q18,武学奇术!$A:$ZZ,6,FALSE)+SUM(_xlfn.XLOOKUP($R18:$AK18,增益!$A:$A,增益!$F:$F,0)))/200,($F$10-$I$3+VLOOKUP($Q18,武学奇术!$A:$ZZ,6,FALSE)+SUM(_xlfn.XLOOKUP($R18:$AK18,增益!$A:$A,增益!$F:$F,0)))/100)} -> 0.2825 | AV18: {=$G$10+VLOOKUP($Q18,武学奇术!$A:$ZZ,7,FALSE)+SUM(_xlfn.XLOOKUP($R18:$AK18,增益!$A:$A,增益!$G:$G,0))} -> 0 | AW18: {=VLOOKUP($Q18,武学奇术!$A:$ZZ,8,FALSE)+SUM(_xlfn.XLOOKUP($R18:$AK18,增益!$A:$A,增益!$H:$H,0))} -> 0 | AX18: =$D$11*(1+$AW18) -> 0 | AY18: =$E$11*(1+$AW18) -> 0 | AZ18: {=IF($F$11-$I$4+VLOOKUP($Q18,武学奇术!$A:$ZZ,9,FALSE)+SUM(_xlfn.XLOOKUP($R18:$AK18,增益!$A:$A,增益!$I:$I,0))>0,($F$11-$I$4+VLOOKUP($Q18,武学奇术!$A:$ZZ,9,FALSE)+SUM(_xlfn.XLOOKUP($R18:$AK18,增益!$A:$A,增益!$I:$I,0)))/200,($F$11-$I$4+VLOOKUP($Q18,武学奇术!$A:$ZZ,9,FALSE)+SUM(_xlfn.XLOOKUP($R18:$AK18,增益!$A:$A,增益!$I:$I,0)))/100)} -> -0.3 | BA18: {=$G$11+VLOOKUP($Q18,武学奇术!$A:$ZZ,10,FALSE)+SUM(_xlfn.XLOOKUP($R18:$AK18,增益!$A:$A,增益!$J:$J,0))} -> 0 | BB18: =$D$12*(1+$AW18) -> 0 | BC18: =$E$12*(1+$AW18) -> 0 | BD18: {=IF($F$12-$I$4+VLOOKUP($Q18,武学奇术!$A:$ZZ,11,FALSE)+SUM(_xlfn.XLOOKUP($R18:$AK18,增益!$A:$A,增益!$K:$K,0))>0,($F$12-$I$4+VLOOKUP($Q18,武学奇术!$A:$ZZ,11,FALSE)+SUM(_xlfn.XLOOKUP($R18:$AK18,增益!$A:$A,增益!$K:$K,0)))/200,($F$12-$I$4+VLOOKUP($Q18,武学奇术!$A:$ZZ,11,FALSE)+SUM(_xlfn.XLOOKUP($R18:$AK18,增益!$A:$A,增益!$K:$K,0)))/100)} -> -0.3 | BE18: {=$G$12+VLOOKUP($Q18,武学奇术!$A:$ZZ,12,FALSE)+SUM(_xlfn.XLOOKUP($R18:$AK18,增益!$A:$A,增益!$L:$L,0))} -> 0 | BF18: =$D$13*(1+$AW18) -> 605.472 | BG18: =$E$13*(1+$AW18) -> 1579.612 | BH18: {=IF($F$13-$I$4+VLOOKUP($Q18,武学奇术!$A:$ZZ,13,FALSE)+SUM(_xlfn.XLOOKUP($R18:$AK18,增益!$A:$A,增益!$M:$M,0))>0,($F$13-$I$4+VLOOKUP($Q18,武学奇术!$A:$ZZ,13,FALSE)+SUM(_xlfn.XLOOKUP($R18:$AK18,增益!$A:$A,增益!$K:$K,0)))/200,($F$13-$I$4+VLOOKUP($Q18,武学奇术!$A:$ZZ,13,FALSE)+SUM(_xlfn.XLOOKUP($R18:$AK18,增益!$A:$A,增益!$M:$M,0)))/100)} -> 0 | BI18: {=$G$13+VLOOKUP($Q18,武学奇术!$A:$ZZ,14,FALSE)+SUM(_xlfn.XLOOKUP($R18:$AK18,增益!$A:$A,增益!$N:$N,0))} -> 0.15 | BJ18: =$D$14*(1+$AW18) -> 0 | BK18: =$E$14*(1+$AW18) -> 0 | BL18: {=IF($F$14-$I$4+VLOOKUP($Q18,武学奇术!$A:$ZZ,15,FALSE)+SUM(_xlfn.XLOOKUP($R18:$AK18,增益!$A:$A,增益!$O:$O,0))>0,($F$14-$I$4+VLOOKUP($Q18,武学奇术!$A:$ZZ,15,FALSE)+SUM(_xlfn.XLOOKUP($R18:$AK18,增益!$A:$A,增益!$O:$O,0)))/200,($F$14-$I$4+VLOOKUP($Q18,武学奇术!$A:$ZZ,15,FALSE)+SUM(_xlfn.XLOOKUP($R18:$AK18,增益!$A:$A,增益!$O:$O,0)))/100)} -> -0.3 | BM18: {=$G$14+VLOOKUP($Q18,武学奇术!$A:$ZZ,16,FALSE)+SUM(_xlfn.XLOOKUP($R18:$AK18,增益!$A:$A,增益!$P:$P,0))} -> 0 | BN18: =MIN(IF(VLOOKUP($Q18,武学奇术!$A:$ZZ,23,FALSE)=1,100%,$B$8),100%) -> 1 | BO18: {=IF(VLOOKUP($Q18,武学奇术!$A:$ZZ,23,FALSE)=1,100%,MIN(80%,$B$9+VLOOKUP($Q18,武学奇术!$A:$ZZ,17,FALSE)+SUM(_xlfn.XLOOKUP($R18:$AK18,增益!$A:$A,增益!$Q:$Q,0)))+$B$11+SUM(_xlfn.XLOOKUP($R18:$AK18,增益!$A:$A,增益!$U:$U,0)))*IF(VLOOKUP($Q18,武学奇术!$A:$ZZ,24,FALSE)=1,0,1)} -> 0.9093 | BP18: {=1+$B$13+VLOOKUP($Q18,武学奇术!$A:$ZZ,18,FALSE)+SUM(_xlfn.XLOOKUP($R18:$AK18,增益!$A:$A,增益!$R:$R,0))} -> 1.53 | BQ18: {=IF(VLOOKUP($Q18,武学奇术!$A:$ZZ,24,FALSE)=1,100%,MIN(40%,$B$10+VLOOKUP($Q18,武学奇术!$A:$ZZ,19,FALSE)+SUM(_xlfn.XLOOKUP($R18:$AK18,增益!$A:$A,增益!$S:$S,0)))+$B$12+SUM(_xlfn.XLOOKUP($R18:$AK18,增益!$A:$A,增益!$V:$V,0)))*IF(VLOOKUP($Q18,武学奇术!$A:$ZZ,23,FALSE)=1,0,1)} -> 0.0929 | BR18: {=1+$B$14+VLOOKUP($Q18,武学奇术!$A:$ZZ,20,FALSE)+SUM(_xlfn.XLOOKUP($R18:$AK18,增益!$A:$A,增益!$T:$T,0))} -> 1.35 | BS18: =MIN((1-BQ18)*BN18,BN18*BO18) -> 0.9071 | BT18: =1-BQ18-BS18-BU18 -> 0 | BU18: =IF(VLOOKUP($Q18,武学奇术!$A:$ZZ,22,FALSE)=1,0,(1-$BN18))*(1-$BQ18) -> 0 | BV18: {=SUM(_xlfn.XLOOKUP($R18:$AK18,增益!$A:$A,增益!$W:$W,0))+$I$5} -> 0.06
A19: 单体奇术增 | B19: 0.2678 | C19: 钧 | D19: × | K19: =($L19*$BS19+$M19*$BQ19+$N19*$BT19+$O19*$BU19) -> 19793.131 | L19: =((($AS19+$AT19)/2*$AM19+$AN19)*(1+$AU19)*(1+$AV19)+(($AX19+$AY19)/2*IF($G$1="鸣金",$AO19,$AM19)+IF($G$1="鸣金",$AP19*1.5,0))*(1+$AZ19)*(1+$BA19)+(($BB19+$BC19)/2*IF($G$1="裂石",$AO19,$AM19)+IF($G$1="裂石",$AP19*1.5,0))*(1+$BD19)*(1+$BE19)+(($BF19+$BG19)/2*IF($G$1="牵丝",$AO19,$AM19)+IF($G$1="牵丝",$AP19*1.5,0))*(1+$BH19)*(1+$BI19)+(($BJ19+$BK19)/2*IF($G$1="破竹",$AO19,$AM19)+IF($G$1="破竹",$AP19*1.5,0))*(1+$BL19)*(1+$BM19))*(1+$AQ19)*$BP19*$P19*(1+IF(VLOOKUP($Q19,武学奇术!$A:$ZZ,30,FALSE)="弹道",$B$21,0))*(1+$BV19) -> 19825.129 | M19: =(($AT19*$AM19+$AN19)*(1+$AU19)*(1+$AV19)+($AY19*IF($G$1="鸣金",$AO19,$AM19)+IF($G$1="鸣金",$AP19*1.5,0))*(1+$AZ19)*(1+$BA19)+($BC19*IF($G$1="裂石",$AO19,$AM19)+IF($G$1="裂石",$AP19*1.5,0))*(1+$BD19)*(1+$BE19)+($BG19*IF($G$1="牵丝",$AO19,$AM19)+IF($G$1="牵丝",$AP19*1.5,0))*(1+$BH19)*(1+$BI19)+($BK19*IF($G$1="破竹",$AO19,$AM19)+IF($G$1="破竹",$AP19*1.5,0))*(1+$BL19)*(1+$BM19))*(1+$AQ19)*$BR19*$P19*(1+IF(VLOOKUP($Q19,武学奇术!$A:$ZZ,30,FALSE)="弹道",$B$21,0))*(1+$BV19) -> 19480.696 | N19: =((($AS19+$AT19)/2*$AM19+$AN19)*(1+$AU19)*(1+$AV19)+(($AX19+$AY19)/2*IF($G$1="鸣金",$AO19,$AM19)+IF($G$1="鸣金",$AP19*1.5,0))*(1+$AZ19)*(1+$BA19)+(($BB19+$BC19)/2*IF($G$1="裂石",$AO19,$AM19)+IF($G$1="裂石",$AP19*1.5,0))*(1+$BD19)*(1+$BE19)+(($BF19+$BG19)/2*IF($G$1="牵丝",$AO19,$AM19)+IF($G$1="牵丝",$AP19*1.5,0))*(1+$BH19)*(1+$BI19)+(($BJ19+$BK19)/2*IF($G$1="破竹",$AO19,$AM19)+IF($G$1="破竹",$AP19*1.5,0))*(1+$BL19)*(1+$BM19))*(1+$AQ19)*$P19*(1+IF(VLOOKUP($Q19,武学奇术!$A:$ZZ,30,FALSE)="弹道",$B$21,0))*(1+$BV19) -> 12957.601 | O19: =((($AS19*$AM19+$AN19)*(1+$AU19)*(1+$AV19)+($AX19*IF($G$1="鸣金",$AO19,$AM19)+IF($G$1="鸣金",$AP19*1.5,0))*(1+$AZ19)*(1+$BA19)+($BB19*IF($G$1="裂石",$AO19,$AM19)+IF($G$1="裂石",$AP19*1.5,0))*(1+$BD19)*(1+$BE19)+($BF19*IF($G$1="牵丝",$AO19,$AM19)+IF($G$1="牵丝",$AP19*1.5,0))*(1+$BH19)*(1+$BI19)+($BJ19*IF($G$1="破竹",$AO19,$AM19)+IF($G$1="破竹",$AP19*1.5,0))*(1+$BL19)*(1+$BM19))*(1+$AQ19))*$P19*(1+IF(VLOOKUP($Q19,武学奇术!$A:$ZZ,30,FALSE)="弹道",$B$21,0))*(1+$BV19) -> 11485.056 | P19: 4 | Q19: 神龙吐火暗灼dot | R19: 易水歌4层 | S19: 沧海帖3层 | T19: N/a | U19: 小纵地 | V19: N/a | W19: N/a | X19: N/a | Y19: N/a | Z19: N/a | AA19: 近战笛 | AB19: 惧刃(拐) | AC19: N/a | AD19: N/a | AE19: 惊神(拐) | AF19: 伞增(拐) | AG19: N/a | AH19: N/a | AI19: N/a | AJ19: N/a | AK19: N/a | AL19: =VLOOKUP($Q19,武学奇术!$A:$ZZ,25,FALSE) -> 单体奇术 | AM19: =VLOOKUP($Q19,武学奇术!$A:$ZZ,26,FALSE) -> 0.236 | AN19: =VLOOKUP($Q19,武学奇术!$A:$ZZ,27,FALSE)*(1+IF(OR($AL19=$F$4,$AL19=$F$5),$B$22,0)) -> 46 | AO19: =VLOOKUP($Q19,武学奇术!$A:$ZZ,28,FALSE) -> 0.354 | AP19: =VLOOKUP($Q19,武学奇术!$A:$ZZ,29,FALSE)*(1+IF(OR($AL19=$F$4,$AL19=$F$5),$B$22,0)) -> 0 | AQ19: {=$G$3+IFERROR(VLOOKUP($AL19,$F$4:$G$7,2,FALSE),0)+VLOOKUP($Q19,武学奇术!$A:$ZZ,2,FALSE)+SUM(_xlfn.XLOOKUP($R19:$AK19,增益!$A:$A,增益!$B:$B,0))} -> 0.7515 | AR19: {=VLOOKUP($Q19,武学奇术!$A:$ZZ,5,FALSE)+SUM(_xlfn.XLOOKUP($R19:$AK19,增益!$A:$A,增益!$E:$E,0))} -> 0.075 | AS19: {=$D$10*(1+$AR19)+VLOOKUP($Q19,武学奇术!$A:$ZZ,3,FALSE)+SUM(_xlfn.XLOOKUP($R19:$AK19,增益!$A:$A,增益!$C:$C,0))-$I$2} -> 4100.3171 | AT19: {=$E$10*(1+$AR19)+VLOOKUP($Q19,武学奇术!$A:$ZZ,4,FALSE)+SUM(_xlfn.XLOOKUP($R19:$AK19,增益!$A:$A,增益!$D:$D,0))-$I$2} -> 4100.3171 | AU19: {=IF($F$10-$I$3+VLOOKUP($Q19,武学奇术!$A:$ZZ,6,FALSE)+SUM(_xlfn.XLOOKUP($R19:$AK19,增益!$A:$A,增益!$F:$F,0))>0,($F$10-$I$3+VLOOKUP($Q19,武学奇术!$A:$ZZ,6,FALSE)+SUM(_xlfn.XLOOKUP($R19:$AK19,增益!$A:$A,增益!$F:$F,0)))/200,($F$10-$I$3+VLOOKUP($Q19,武学奇术!$A:$ZZ,6,FALSE)+SUM(_xlfn.XLOOKUP($R19:$AK19,增益!$A:$A,增益!$F:$F,0)))/100)} -> 0.2825 | AV19: {=$G$10+VLOOKUP($Q19,武学奇术!$A:$ZZ,7,FALSE)+SUM(_xlfn.XLOOKUP($R19:$AK19,增益!$A:$A,增益!$G:$G,0))} -> 0 | AW19: {=VLOOKUP($Q19,武学奇术!$A:$ZZ,8,FALSE)+SUM(_xlfn.XLOOKUP($R19:$AK19,增益!$A:$A,增益!$H:$H,0))} -> 0 | AX19: =$D$11*(1+$AW19) -> 0 | AY19: =$E$11*(1+$AW19) -> 0 | AZ19: {=IF($F$11-$I$4+VLOOKUP($Q19,武学奇术!$A:$ZZ,9,FALSE)+SUM(_xlfn.XLOOKUP($R19:$AK19,增益!$A:$A,增益!$I:$I,0))>0,($F$11-$I$4+VLOOKUP($Q19,武学奇术!$A:$ZZ,9,FALSE)+SUM(_xlfn.XLOOKUP($R19:$AK19,增益!$A:$A,增益!$I:$I,0)))/200,($F$11-$I$4+VLOOKUP($Q19,武学奇术!$A:$ZZ,9,FALSE)+SUM(_xlfn.XLOOKUP($R19:$AK19,增益!$A:$A,增益!$I:$I,0)))/100)} -> -0.3 | BA19: {=$G$11+VLOOKUP($Q19,武学奇术!$A:$ZZ,10,FALSE)+SUM(_xlfn.XLOOKUP($R19:$AK19,增益!$A:$A,增益!$J:$J,0))} -> 0 | BB19: =$D$12*(1+$AW19) -> 0 | BC19: =$E$12*(1+$AW19) -> 0 | BD19: {=IF($F$12-$I$4+VLOOKUP($Q19,武学奇术!$A:$ZZ,11,FALSE)+SUM(_xlfn.XLOOKUP($R19:$AK19,增益!$A:$A,增益!$K:$K,0))>0,($F$12-$I$4+VLOOKUP($Q19,武学奇术!$A:$ZZ,11,FALSE)+SUM(_xlfn.XLOOKUP($R19:$AK19,增益!$A:$A,增益!$K:$K,0)))/200,($F$12-$I$4+VLOOKUP($Q19,武学奇术!$A:$ZZ,11,FALSE)+SUM(_xlfn.XLOOKUP($R19:$AK19,增益!$A:$A,增益!$K:$K,0)))/100)} -> -0.3 | BE19: {=$G$12+VLOOKUP($Q19,武学奇术!$A:$ZZ,12,FALSE)+SUM(_xlfn.XLOOKUP($R19:$AK19,增益!$A:$A,增益!$L:$L,0))} -> 0 | BF19: =$D$13*(1+$AW19) -> 605.472 | BG19: =$E$13*(1+$AW19) -> 1579.612 | BH19: {=IF($F$13-$I$4+VLOOKUP($Q19,武学奇术!$A:$ZZ,13,FALSE)+SUM(_xlfn.XLOOKUP($R19:$AK19,增益!$A:$A,增益!$M:$M,0))>0,($F$13-$I$4+VLOOKUP($Q19,武学奇术!$A:$ZZ,13,FALSE)+SUM(_xlfn.XLOOKUP($R19:$AK19,增益!$A:$A,增益!$K:$K,0)))/200,($F$13-$I$4+VLOOKUP($Q19,武学奇术!$A:$ZZ,13,FALSE)+SUM(_xlfn.XLOOKUP($R19:$AK19,增益!$A:$A,增益!$M:$M,0)))/100)} -> 0 | BI19: {=$G$13+VLOOKUP($Q19,武学奇术!$A:$ZZ,14,FALSE)+SUM(_xlfn.XLOOKUP($R19:$AK19,增益!$A:$A,增益!$N:$N,0))} -> 0.15 | BJ19: =$D$14*(1+$AW19) -> 0 | BK19: =$E$14*(1+$AW19) -> 0 | BL19: {=IF($F$14-$I$4+VLOOKUP($Q19,武学奇术!$A:$ZZ,15,FALSE)+SUM(_xlfn.XLOOKUP($R19:$AK19,增益!$A:$A,增益!$O:$O,0))>0,($F$14-$I$4+VLOOKUP($Q19,武学奇术!$A:$ZZ,15,FALSE)+SUM(_xlfn.XLOOKUP($R19:$AK19,增益!$A:$A,增益!$O:$O,0)))/200,($F$14-$I$4+VLOOKUP($Q19,武学奇术!$A:$ZZ,15,FALSE)+SUM(_xlfn.XLOOKUP($R19:$AK19,增益!$A:$A,增益!$O:$O,0)))/100)} -> -0.3 | BM19: {=$G$14+VLOOKUP($Q19,武学奇术!$A:$ZZ,16,FALSE)+SUM(_xlfn.XLOOKUP($R19:$AK19,增益!$A:$A,增益!$P:$P,0))} -> 0 | BN19: =MIN(IF(VLOOKUP($Q19,武学奇术!$A:$ZZ,23,FALSE)=1,100%,$B$8),100%) -> 1 | BO19: {=IF(VLOOKUP($Q19,武学奇术!$A:$ZZ,23,FALSE)=1,100%,MIN(80%,$B$9+VLOOKUP($Q19,武学奇术!$A:$ZZ,17,FALSE)+SUM(_xlfn.XLOOKUP($R19:$AK19,增益!$A:$A,增益!$Q:$Q,0)))+$B$11+SUM(_xlfn.XLOOKUP($R19:$AK19,增益!$A:$A,增益!$U:$U,0)))*IF(VLOOKUP($Q19,武学奇术!$A:$ZZ,24,FALSE)=1,0,1)} -> 0.9093 | BP19: {=1+$B$13+VLOOKUP($Q19,武学奇术!$A:$ZZ,18,FALSE)+SUM(_xlfn.XLOOKUP($R19:$AK19,增益!$A:$A,增益!$R:$R,0))} -> 1.53 | BQ19: {=IF(VLOOKUP($Q19,武学奇术!$A:$ZZ,24,FALSE)=1,100%,MIN(40%,$B$10+VLOOKUP($Q19,武学奇术!$A:$ZZ,19,FALSE)+SUM(_xlfn.XLOOKUP($R19:$AK19,增益!$A:$A,增益!$S:$S,0)))+$B$12+SUM(_xlfn.XLOOKUP($R19:$AK19,增益!$A:$A,增益!$V:$V,0)))*IF(VLOOKUP($Q19,武学奇术!$A:$ZZ,23,FALSE)=1,0,1)} -> 0.0929 | BR19: {=1+$B$14+VLOOKUP($Q19,武学奇术!$A:$ZZ,20,FALSE)+SUM(_xlfn.XLOOKUP($R19:$AK19,增益!$A:$A,增益!$T:$T,0))} -> 1.35 | BS19: =MIN((1-BQ19)*BN19,BN19*BO19) -> 0.9071 | BT19: =1-BQ19-BS19-BU19 -> 0 | BU19: =IF(VLOOKUP($Q19,武学奇术!$A:$ZZ,22,FALSE)=1,0,(1-$BN19))*(1-$BQ19) -> 0 | BV19: {=SUM(_xlfn.XLOOKUP($R19:$AK19,增益!$A:$A,增益!$W:$W,0))+$I$5} -> 0.06
A20: 群体奇术增 | B20: 0 | C20: 影 | D20: × | K20: =($L20*$BS20+$M20*$BQ20+$N20*$BT20+$O20*$BU20) -> 10010.353 | L20: =((($AS20+$AT20)/2*$AM20+$AN20)*(1+$AU20)*(1+$AV20)+(($AX20+$AY20)/2*IF($G$1="鸣金",$AO20,$AM20)+IF($G$1="鸣金",$AP20*1.5,0))*(1+$AZ20)*(1+$BA20)+(($BB20+$BC20)/2*IF($G$1="裂石",$AO20,$AM20)+IF($G$1="裂石",$AP20*1.5,0))*(1+$BD20)*(1+$BE20)+(($BF20+$BG20)/2*IF($G$1="牵丝",$AO20,$AM20)+IF($G$1="牵丝",$AP20*1.5,0))*(1+$BH20)*(1+$BI20)+(($BJ20+$BK20)/2*IF($G$1="破竹",$AO20,$AM20)+IF($G$1="破竹",$AP20*1.5,0))*(1+$BL20)*(1+$BM20))*(1+$AQ20)*$BP20*$P20*(1+IF(VLOOKUP($Q20,武学奇术!$A:$ZZ,30,FALSE)="弹道",$B$21,0))*(1+$BV20) -> 10027.077 | M20: =(($AT20*$AM20+$AN20)*(1+$AU20)*(1+$AV20)+($AY20*IF($G$1="鸣金",$AO20,$AM20)+IF($G$1="鸣金",$AP20*1.5,0))*(1+$AZ20)*(1+$BA20)+($BC20*IF($G$1="裂石",$AO20,$AM20)+IF($G$1="裂石",$AP20*1.5,0))*(1+$BD20)*(1+$BE20)+($BG20*IF($G$1="牵丝",$AO20,$AM20)+IF($G$1="牵丝",$AP20*1.5,0))*(1+$BH20)*(1+$BI20)+($BK20*IF($G$1="破竹",$AO20,$AM20)+IF($G$1="破竹",$AP20*1.5,0))*(1+$BL20)*(1+$BM20))*(1+$AQ20)*$BR20*$P20*(1+IF(VLOOKUP($Q20,武学奇术!$A:$ZZ,30,FALSE)="弹道",$B$21,0))*(1+$BV20) -> 9847.0632 | N20: =((($AS20+$AT20)/2*$AM20+$AN20)*(1+$AU20)*(1+$AV20)+(($AX20+$AY20)/2*IF($G$1="鸣金",$AO20,$AM20)+IF($G$1="鸣金",$AP20*1.5,0))*(1+$AZ20)*(1+$BA20)+(($BB20+$BC20)/2*IF($G$1="裂石",$AO20,$AM20)+IF($G$1="裂石",$AP20*1.5,0))*(1+$BD20)*(1+$BE20)+(($BF20+$BG20)/2*IF($G$1="牵丝",$AO20,$AM20)+IF($G$1="牵丝",$AP20*1.5,0))*(1+$BH20)*(1+$BI20)+(($BJ20+$BK20)/2*IF($G$1="破竹",$AO20,$AM20)+IF($G$1="破竹",$AP20*1.5,0))*(1+$BL20)*(1+$BM20))*(1+$AQ20)*$P20*(1+IF(VLOOKUP($Q20,武学奇术!$A:$ZZ,30,FALSE)="弹道",$B$21,0))*(1+$BV20) -> 6553.6449 | O20: =((($AS20*$AM20+$AN20)*(1+$AU20)*(1+$AV20)+($AX20*IF($G$1="鸣金",$AO20,$AM20)+IF($G$1="鸣金",$AP20*1.5,0))*(1+$AZ20)*(1+$BA20)+($BB20*IF($G$1="裂石",$AO20,$AM20)+IF($G$1="裂石",$AP20*1.5,0))*(1+$BD20)*(1+$BE20)+($BF20*IF($G$1="牵丝",$AO20,$AM20)+IF($G$1="牵丝",$AP20*1.5,0))*(1+$BH20)*(1+$BI20)+($BJ20*IF($G$1="破竹",$AO20,$AM20)+IF($G$1="破竹",$AP20*1.5,0))*(1+$BL20)*(1+$BM20))*(1+$AQ20))*$P20*(1+IF(VLOOKUP($Q20,武学奇术!$A:$ZZ,30,FALSE)="弹道",$B$21,0))*(1+$BV20) -> 5813.1688 | P20: 2 | Q20: 神龙吐火暗灼dot | R20: 易水歌5层 | S20: 沧海帖3层 | T20: N/a | U20: 小纵地 | V20: N/a | W20: N/a | X20: N/a | Y20: N/a | Z20: N/a | AA20: 近战笛 | AB20: 惧刃(拐) | AC20: N/a | AD20: N/a | AE20: 惊神(拐) | AF20: 伞增(拐) | AG20: N/a | AH20: N/a | AI20: N/a | AJ20: N/a | AK20: N/a | AL20: =VLOOKUP($Q20,武学奇术!$A:$ZZ,25,FALSE) -> 单体奇术 | AM20: =VLOOKUP($Q20,武学奇术!$A:$ZZ,26,FALSE) -> 0.236 | AN20: =VLOOKUP($Q20,武学奇术!$A:$ZZ,27,FALSE)*(1+IF(OR($AL20=$F$4,$AL20=$F$5),$B$22,0)) -> 46 | AO20: =VLOOKUP($Q20,武学奇术!$A:$ZZ,28,FALSE) -> 0.354 | AP20: =VLOOKUP($Q20,武学奇术!$A:$ZZ,29,FALSE)*(1+IF(OR($AL20=$F$4,$AL20=$F$5),$B$22,0)) -> 0 | AQ20: {=$G$3+IFERROR(VLOOKUP($AL20,$F$4:$G$7,2,FALSE),0)+VLOOKUP($Q20,武学奇术!$A:$ZZ,2,FALSE)+SUM(_xlfn.XLOOKUP($R20:$AK20,增益!$A:$A,增益!$B:$B,0))} -> 0.7615 | AR20: {=VLOOKUP($Q20,武学奇术!$A:$ZZ,5,FALSE)+SUM(_xlfn.XLOOKUP($R20:$AK20,增益!$A:$A,增益!$E:$E,0))} -> 0.075 | AS20: {=$D$10*(1+$AR20)+VLOOKUP($Q20,武学奇术!$A:$ZZ,3,FALSE)+SUM(_xlfn.XLOOKUP($R20:$AK20,增益!$A:$A,增益!$C:$C,0))-$I$2} -> 4100.3171 | AT20: {=$E$10*(1+$AR20)+VLOOKUP($Q20,武学奇术!$A:$ZZ,4,FALSE)+SUM(_xlfn.XLOOKUP($R20:$AK20,增益!$A:$A,增益!$D:$D,0))-$I$2} -> 4100.3171 | AU20: {=IF($F$10-$I$3+VLOOKUP($Q20,武学奇术!$A:$ZZ,6,FALSE)+SUM(_xlfn.XLOOKUP($R20:$AK20,增益!$A:$A,增益!$F:$F,0))>0,($F$10-$I$3+VLOOKUP($Q20,武学奇术!$A:$ZZ,6,FALSE)+SUM(_xlfn.XLOOKUP($R20:$AK20,增益!$A:$A,增益!$F:$F,0)))/200,($F$10-$I$3+VLOOKUP($Q20,武学奇术!$A:$ZZ,6,FALSE)+SUM(_xlfn.XLOOKUP($R20:$AK20,增益!$A:$A,增益!$F:$F,0)))/100)} -> 0.2925 | AV20: {=$G$10+VLOOKUP($Q20,武学奇术!$A:$ZZ,7,FALSE)+SUM(_xlfn.XLOOKUP($R20:$AK20,增益!$A:$A,增益!$G:$G,0))} -> 0 | AW20: {=VLOOKUP($Q20,武学奇术!$A:$ZZ,8,FALSE)+SUM(_xlfn.XLOOKUP($R20:$AK20,增益!$A:$A,增益!$H:$H,0))} -> 0 | AX20: =$D$11*(1+$AW20) -> 0 | AY20: =$E$11*(1+$AW20) -> 0 | AZ20: {=IF($F$11-$I$4+VLOOKUP($Q20,武学奇术!$A:$ZZ,9,FALSE)+SUM(_xlfn.XLOOKUP($R20:$AK20,增益!$A:$A,增益!$I:$I,0))>0,($F$11-$I$4+VLOOKUP($Q20,武学奇术!$A:$ZZ,9,FALSE)+SUM(_xlfn.XLOOKUP($R20:$AK20,增益!$A:$A,增益!$I:$I,0)))/200,($F$11-$I$4+VLOOKUP($Q20,武学奇术!$A:$ZZ,9,FALSE)+SUM(_xlfn.XLOOKUP($R20:$AK20,增益!$A:$A,增益!$I:$I,0)))/100)} -> -0.3 | BA20: {=$G$11+VLOOKUP($Q20,武学奇术!$A:$ZZ,10,FALSE)+SUM(_xlfn.XLOOKUP($R20:$AK20,增益!$A:$A,增益!$J:$J,0))} -> 0 | BB20: =$D$12*(1+$AW20) -> 0 | BC20: =$E$12*(1+$AW20) -> 0 | BD20: {=IF($F$12-$I$4+VLOOKUP($Q20,武学奇术!$A:$ZZ,11,FALSE)+SUM(_xlfn.XLOOKUP($R20:$AK20,增益!$A:$A,增益!$K:$K,0))>0,($F$12-$I$4+VLOOKUP($Q20,武学奇术!$A:$ZZ,11,FALSE)+SUM(_xlfn.XLOOKUP($R20:$AK20,增益!$A:$A,增益!$K:$K,0)))/200,($F$12-$I$4+VLOOKUP($Q20,武学奇术!$A:$ZZ,11,FALSE)+SUM(_xlfn.XLOOKUP($R20:$AK20,增益!$A:$A,增益!$K:$K,0)))/100)} -> -0.3 | BE20: {=$G$12+VLOOKUP($Q20,武学奇术!$A:$ZZ,12,FALSE)+SUM(_xlfn.XLOOKUP($R20:$AK20,增益!$A:$A,增益!$L:$L,0))} -> 0 | BF20: =$D$13*(1+$AW20) -> 605.472 | BG20: =$E$13*(1+$AW20) -> 1579.612 | BH20: {=IF($F$13-$I$4+VLOOKUP($Q20,武学奇术!$A:$ZZ,13,FALSE)+SUM(_xlfn.XLOOKUP($R20:$AK20,增益!$A:$A,增益!$M:$M,0))>0,($F$13-$I$4+VLOOKUP($Q20,武学奇术!$A:$ZZ,13,FALSE)+SUM(_xlfn.XLOOKUP($R20:$AK20,增益!$A:$A,增益!$K:$K,0)))/200,($F$13-$I$4+VLOOKUP($Q20,武学奇术!$A:$ZZ,13,FALSE)+SUM(_xlfn.XLOOKUP($R20:$AK20,增益!$A:$A,增益!$M:$M,0)))/100)} -> 0 | BI20: {=$G$13+VLOOKUP($Q20,武学奇术!$A:$ZZ,14,FALSE)+SUM(_xlfn.XLOOKUP($R20:$AK20,增益!$A:$A,增益!$N:$N,0))} -> 0.15 | BJ20: =$D$14*(1+$AW20) -> 0 | BK20: =$E$14*(1+$AW20) -> 0 | BL20: {=IF($F$14-$I$4+VLOOKUP($Q20,武学奇术!$A:$ZZ,15,FALSE)+SUM(_xlfn.XLOOKUP($R20:$AK20,增益!$A:$A,增益!$O:$O,0))>0,($F$14-$I$4+VLOOKUP($Q20,武学奇术!$A:$ZZ,15,FALSE)+SUM(_xlfn.XLOOKUP($R20:$AK20,增益!$A:$A,增益!$O:$O,0)))/200,($F$14-$I$4+VLOOKUP($Q20,武学奇术!$A:$ZZ,15,FALSE)+SUM(_xlfn.XLOOKUP($R20:$AK20,增益!$A:$A,增益!$O:$O,0)))/100)} -> -0.3 | BM20: {=$G$14+VLOOKUP($Q20,武学奇术!$A:$ZZ,16,FALSE)+SUM(_xlfn.XLOOKUP($R20:$AK20,增益!$A:$A,增益!$P:$P,0))} -> 0 | BN20: =MIN(IF(VLOOKUP($Q20,武学奇术!$A:$ZZ,23,FALSE)=1,100%,$B$8),100%) -> 1 | BO20: {=IF(VLOOKUP($Q20,武学奇术!$A:$ZZ,23,FALSE)=1,100%,MIN(80%,$B$9+VLOOKUP($Q20,武学奇术!$A:$ZZ,17,FALSE)+SUM(_xlfn.XLOOKUP($R20:$AK20,增益!$A:$A,增益!$Q:$Q,0)))+$B$11+SUM(_xlfn.XLOOKUP($R20:$AK20,增益!$A:$A,增益!$U:$U,0)))*IF(VLOOKUP($Q20,武学奇术!$A:$ZZ,24,FALSE)=1,0,1)} -> 0.9093 | BP20: {=1+$B$13+VLOOKUP($Q20,武学奇术!$A:$ZZ,18,FALSE)+SUM(_xlfn.XLOOKUP($R20:$AK20,增益!$A:$A,增益!$R:$R,0))} -> 1.53 | BQ20: {=IF(VLOOKUP($Q20,武学奇术!$A:$ZZ,24,FALSE)=1,100%,MIN(40%,$B$10+VLOOKUP($Q20,武学奇术!$A:$ZZ,19,FALSE)+SUM(_xlfn.XLOOKUP($R20:$AK20,增益!$A:$A,增益!$S:$S,0)))+$B$12+SUM(_xlfn.XLOOKUP($R20:$AK20,增益!$A:$A,增益!$V:$V,0)))*IF(VLOOKUP($Q20,武学奇术!$A:$ZZ,23,FALSE)=1,0,1)} -> 0.0929 | BR20: {=1+$B$14+VLOOKUP($Q20,武学奇术!$A:$ZZ,20,FALSE)+SUM(_xlfn.XLOOKUP($R20:$AK20,增益!$A:$A,增益!$T:$T,0))} -> 1.35 | BS20: =MIN((1-BQ20)*BN20,BN20*BO20) -> 0.9071 | BT20: =1-BQ20-BS20-BU20 -> 0 | BU20: =IF(VLOOKUP($Q20,武学奇术!$A:$ZZ,22,FALSE)=1,0,(1-$BN20))*(1-$BQ20) -> 0 | BV20: {=SUM(_xlfn.XLOOKUP($R20:$AK20,增益!$A:$A,增益!$W:$W,0))+$I$5} -> 0.06
A21: 弹道定音 | B21: 0.32 | C21: 翊 | D21: × | E21: 第四心法 | K21: =($L21*$BS21+$M21*$BQ21+$N21*$BT21+$O21*$BU21) -> 30209.404 | L21: =((($AS21+$AT21)/2*$AM21+$AN21)*(1+$AU21)*(1+$AV21)+(($AX21+$AY21)/2*IF($G$1="鸣金",$AO21,$AM21)+IF($G$1="鸣金",$AP21*1.5,0))*(1+$AZ21)*(1+$BA21)+(($BB21+$BC21)/2*IF($G$1="裂石",$AO21,$AM21)+IF($G$1="裂石",$AP21*1.5,0))*(1+$BD21)*(1+$BE21)+(($BF21+$BG21)/2*IF($G$1="牵丝",$AO21,$AM21)+IF($G$1="牵丝",$AP21*1.5,0))*(1+$BH21)*(1+$BI21)+(($BJ21+$BK21)/2*IF($G$1="破竹",$AO21,$AM21)+IF($G$1="破竹",$AP21*1.5,0))*(1+$BL21)*(1+$BM21))*(1+$AQ21)*$BP21*$P21*(1+IF(VLOOKUP($Q21,武学奇术!$A:$ZZ,30,FALSE)="弹道",$B$21,0))*(1+$BV21) -> 30277.839 | M21: =(($AT21*$AM21+$AN21)*(1+$AU21)*(1+$AV21)+($AY21*IF($G$1="鸣金",$AO21,$AM21)+IF($G$1="鸣金",$AP21*1.5,0))*(1+$AZ21)*(1+$BA21)+($BC21*IF($G$1="裂石",$AO21,$AM21)+IF($G$1="裂石",$AP21*1.5,0))*(1+$BD21)*(1+$BE21)+($BG21*IF($G$1="牵丝",$AO21,$AM21)+IF($G$1="牵丝",$AP21*1.5,0))*(1+$BH21)*(1+$BI21)+($BK21*IF($G$1="破竹",$AO21,$AM21)+IF($G$1="破竹",$AP21*1.5,0))*(1+$BL21)*(1+$BM21))*(1+$AQ21)*$BR21*$P21*(1+IF(VLOOKUP($Q21,武学奇术!$A:$ZZ,30,FALSE)="弹道",$B$21,0))*(1+$BV21) -> 29541.189 | N21: =((($AS21+$AT21)/2*$AM21+$AN21)*(1+$AU21)*(1+$AV21)+(($AX21+$AY21)/2*IF($G$1="鸣金",$AO21,$AM21)+IF($G$1="鸣金",$AP21*1.5,0))*(1+$AZ21)*(1+$BA21)+(($BB21+$BC21)/2*IF($G$1="裂石",$AO21,$AM21)+IF($G$1="裂石",$AP21*1.5,0))*(1+$BD21)*(1+$BE21)+(($BF21+$BG21)/2*IF($G$1="牵丝",$AO21,$AM21)+IF($G$1="牵丝",$AP21*1.5,0))*(1+$BH21)*(1+$BI21)+(($BJ21+$BK21)/2*IF($G$1="破竹",$AO21,$AM21)+IF($G$1="破竹",$AP21*1.5,0))*(1+$BL21)*(1+$BM21))*(1+$AQ21)*$P21*(1+IF(VLOOKUP($Q21,武学奇术!$A:$ZZ,30,FALSE)="弹道",$B$21,0))*(1+$BV21) -> 19660.935 | O21: =((($AS21*$AM21+$AN21)*(1+$AU21)*(1+$AV21)+($AX21*IF($G$1="鸣金",$AO21,$AM21)+IF($G$1="鸣金",$AP21*1.5,0))*(1+$AZ21)*(1+$BA21)+($BB21*IF($G$1="裂石",$AO21,$AM21)+IF($G$1="裂石",$AP21*1.5,0))*(1+$BD21)*(1+$BE21)+($BF21*IF($G$1="牵丝",$AO21,$AM21)+IF($G$1="牵丝",$AP21*1.5,0))*(1+$BH21)*(1+$BI21)+($BJ21*IF($G$1="破竹",$AO21,$AM21)+IF($G$1="破竹",$AP21*1.5,0))*(1+$BL21)*(1+$BM21))*(1+$AQ21))*$P21*(1+IF(VLOOKUP($Q21,武学奇术!$A:$ZZ,30,FALSE)="弹道",$B$21,0))*(1+$BV21) -> 17439.507 | P21: 6 | Q21: 神龙吐火暗灼dot | R21: 易水歌5层 | S21: 沧海帖4层 | T21: N/a | U21: 小纵地 | V21: N/a | W21: N/a | X21: N/a | Y21: N/a | Z21: N/a | AA21: 近战笛 | AB21: 惧刃(拐) | AC21: N/a | AD21: N/a | AE21: 惊神(拐) | AF21: 伞增(拐) | AG21: N/a | AH21: N/a | AI21: N/a | AJ21: N/a | AK21: N/a | AL21: =VLOOKUP($Q21,武学奇术!$A:$ZZ,25,FALSE) -> 单体奇术 | AM21: =VLOOKUP($Q21,武学奇术!$A:$ZZ,26,FALSE) -> 0.236 | AN21: =VLOOKUP($Q21,武学奇术!$A:$ZZ,27,FALSE)*(1+IF(OR($AL21=$F$4,$AL21=$F$5),$B$22,0)) -> 46 | AO21: =VLOOKUP($Q21,武学奇术!$A:$ZZ,28,FALSE) -> 0.354 | AP21: =VLOOKUP($Q21,武学奇术!$A:$ZZ,29,FALSE)*(1+IF(OR($AL21=$F$4,$AL21=$F$5),$B$22,0)) -> 0 | AQ21: {=$G$3+IFERROR(VLOOKUP($AL21,$F$4:$G$7,2,FALSE),0)+VLOOKUP($Q21,武学奇术!$A:$ZZ,2,FALSE)+SUM(_xlfn.XLOOKUP($R21:$AK21,增益!$A:$A,增益!$B:$B,0))} -> 0.7615 | AR21: {=VLOOKUP($Q21,武学奇术!$A:$ZZ,5,FALSE)+SUM(_xlfn.XLOOKUP($R21:$AK21,增益!$A:$A,增益!$E:$E,0))} -> 0.075 | AS21: {=$D$10*(1+$AR21)+VLOOKUP($Q21,武学奇术!$A:$ZZ,3,FALSE)+SUM(_xlfn.XLOOKUP($R21:$AK21,增益!$A:$A,增益!$C:$C,0))-$I$2} -> 4100.3171 | AT21: {=$E$10*(1+$AR21)+VLOOKUP($Q21,武学奇术!$A:$ZZ,4,FALSE)+SUM(_xlfn.XLOOKUP($R21:$AK21,增益!$A:$A,增益!$D:$D,0))-$I$2} -> 4100.3171 | AU21: {=IF($F$10-$I$3+VLOOKUP($Q21,武学奇术!$A:$ZZ,6,FALSE)+SUM(_xlfn.XLOOKUP($R21:$AK21,增益!$A:$A,增益!$F:$F,0))>0,($F$10-$I$3+VLOOKUP($Q21,武学奇术!$A:$ZZ,6,FALSE)+SUM(_xlfn.XLOOKUP($R21:$AK21,增益!$A:$A,增益!$F:$F,0)))/200,($F$10-$I$3+VLOOKUP($Q21,武学奇术!$A:$ZZ,6,FALSE)+SUM(_xlfn.XLOOKUP($R21:$AK21,增益!$A:$A,增益!$F:$F,0)))/100)} -> 0.2925 | AV21: {=$G$10+VLOOKUP($Q21,武学奇术!$A:$ZZ,7,FALSE)+SUM(_xlfn.XLOOKUP($R21:$AK21,增益!$A:$A,增益!$G:$G,0))} -> 0 | AW21: {=VLOOKUP($Q21,武学奇术!$A:$ZZ,8,FALSE)+SUM(_xlfn.XLOOKUP($R21:$AK21,增益!$A:$A,增益!$H:$H,0))} -> 0 | AX21: =$D$11*(1+$AW21) -> 0 | AY21: =$E$11*(1+$AW21) -> 0 | AZ21: {=IF($F$11-$I$4+VLOOKUP($Q21,武学奇术!$A:$ZZ,9,FALSE)+SUM(_xlfn.XLOOKUP($R21:$AK21,增益!$A:$A,增益!$I:$I,0))>0,($F$11-$I$4+VLOOKUP($Q21,武学奇术!$A:$ZZ,9,FALSE)+SUM(_xlfn.XLOOKUP($R21:$AK21,增益!$A:$A,增益!$I:$I,0)))/200,($F$11-$I$4+VLOOKUP($Q21,武学奇术!$A:$ZZ,9,FALSE)+SUM(_xlfn.XLOOKUP($R21:$AK21,增益!$A:$A,增益!$I:$I,0)))/100)} -> -0.3 | BA21: {=$G$11+VLOOKUP($Q21,武学奇术!$A:$ZZ,10,FALSE)+SUM(_xlfn.XLOOKUP($R21:$AK21,增益!$A:$A,增益!$J:$J,0))} -> 0 | BB21: =$D$12*(1+$AW21) -> 0 | BC21: =$E$12*(1+$AW21) -> 0 | BD21: {=IF($F$12-$I$4+VLOOKUP($Q21,武学奇术!$A:$ZZ,11,FALSE)+SUM(_xlfn.XLOOKUP($R21:$AK21,增益!$A:$A,增益!$K:$K,0))>0,($F$12-$I$4+VLOOKUP($Q21,武学奇术!$A:$ZZ,11,FALSE)+SUM(_xlfn.XLOOKUP($R21:$AK21,增益!$A:$A,增益!$K:$K,0)))/200,($F$12-$I$4+VLOOKUP($Q21,武学奇术!$A:$ZZ,11,FALSE)+SUM(_xlfn.XLOOKUP($R21:$AK21,增益!$A:$A,增益!$K:$K,0)))/100)} -> -0.3 | BE21: {=$G$12+VLOOKUP($Q21,武学奇术!$A:$ZZ,12,FALSE)+SUM(_xlfn.XLOOKUP($R21:$AK21,增益!$A:$A,增益!$L:$L,0))} -> 0 | BF21: =$D$13*(1+$AW21) -> 605.472 | BG21: =$E$13*(1+$AW21) -> 1579.612 | BH21: {=IF($F$13-$I$4+VLOOKUP($Q21,武学奇术!$A:$ZZ,13,FALSE)+SUM(_xlfn.XLOOKUP($R21:$AK21,增益!$A:$A,增益!$M:$M,0))>0,($F$13-$I$4+VLOOKUP($Q21,武学奇术!$A:$ZZ,13,FALSE)+SUM(_xlfn.XLOOKUP($R21:$AK21,增益!$A:$A,增益!$K:$K,0)))/200,($F$13-$I$4+VLOOKUP($Q21,武学奇术!$A:$ZZ,13,FALSE)+SUM(_xlfn.XLOOKUP($R21:$AK21,增益!$A:$A,增益!$M:$M,0)))/100)} -> 0 | BI21: {=$G$13+VLOOKUP($Q21,武学奇术!$A:$ZZ,14,FALSE)+SUM(_xlfn.XLOOKUP($R21:$AK21,增益!$A:$A,增益!$N:$N,0))} -> 0.15 | BJ21: =$D$14*(1+$AW21) -> 0 | BK21: =$E$14*(1+$AW21) -> 0 | BL21: {=IF($F$14-$I$4+VLOOKUP($Q21,武学奇术!$A:$ZZ,15,FALSE)+SUM(_xlfn.XLOOKUP($R21:$AK21,增益!$A:$A,增益!$O:$O,0))>0,($F$14-$I$4+VLOOKUP($Q21,武学奇术!$A:$ZZ,15,FALSE)+SUM(_xlfn.XLOOKUP($R21:$AK21,增益!$A:$A,增益!$O:$O,0)))/200,($F$14-$I$4+VLOOKUP($Q21,武学奇术!$A:$ZZ,15,FALSE)+SUM(_xlfn.XLOOKUP($R21:$AK21,增益!$A:$A,增益!$O:$O,0)))/100)} -> -0.3 | BM21: {=$G$14+VLOOKUP($Q21,武学奇术!$A:$ZZ,16,FALSE)+SUM(_xlfn.XLOOKUP($R21:$AK21,增益!$A:$A,增益!$P:$P,0))} -> 0 | BN21: =MIN(IF(VLOOKUP($Q21,武学奇术!$A:$ZZ,23,FALSE)=1,100%,$B$8),100%) -> 1 | BO21: {=IF(VLOOKUP($Q21,武学奇术!$A:$ZZ,23,FALSE)=1,100%,MIN(80%,$B$9+VLOOKUP($Q21,武学奇术!$A:$ZZ,17,FALSE)+SUM(_xlfn.XLOOKUP($R21:$AK21,增益!$A:$A,增益!$Q:$Q,0)))+$B$11+SUM(_xlfn.XLOOKUP($R21:$AK21,增益!$A:$A,增益!$U:$U,0)))*IF(VLOOKUP($Q21,武学奇术!$A:$ZZ,24,FALSE)=1,0,1)} -> 0.9093 | BP21: {=1+$B$13+VLOOKUP($Q21,武学奇术!$A:$ZZ,18,FALSE)+SUM(_xlfn.XLOOKUP($R21:$AK21,增益!$A:$A,增益!$R:$R,0))} -> 1.54 | BQ21: {=IF(VLOOKUP($Q21,武学奇术!$A:$ZZ,24,FALSE)=1,100%,MIN(40%,$B$10+VLOOKUP($Q21,武学奇术!$A:$ZZ,19,FALSE)+SUM(_xlfn.XLOOKUP($R21:$AK21,增益!$A:$A,增益!$S:$S,0)))+$B$12+SUM(_xlfn.XLOOKUP($R21:$AK21,增益!$A:$A,增益!$V:$V,0)))*IF(VLOOKUP($Q21,武学奇术!$A:$ZZ,23,FALSE)=1,0,1)} -> 0.0929 | BR21: {=1+$B$14+VLOOKUP($Q21,武学奇术!$A:$ZZ,20,FALSE)+SUM(_xlfn.XLOOKUP($R21:$AK21,增益!$A:$A,增益!$T:$T,0))} -> 1.35 | BS21: =MIN((1-BQ21)*BN21,BN21*BO21) -> 0.9071 | BT21: =1-BQ21-BS21-BU21 -> 0 | BU21: =IF(VLOOKUP($Q21,武学奇术!$A:$ZZ,22,FALSE)=1,0,(1-$BN21))*(1-$BQ21) -> 0 | BV21: {=SUM(_xlfn.XLOOKUP($R21:$AK21,增益!$A:$A,增益!$W:$W,0))+$I$5} -> 0.06
A22: 固伤加成 | B22: 0.5 | C22: 樽 | D22: × | E22: 易水歌 | K22: =($L22*$BS22+$M22*$BQ22+$N22*$BT22+$O22*$BU22) -> 10129.25 | L22: =((($AS22+$AT22)/2*$AM22+$AN22)*(1+$AU22)*(1+$AV22)+(($AX22+$AY22)/2*IF($G$1="鸣金",$AO22,$AM22)+IF($G$1="鸣金",$AP22*1.5,0))*(1+$AZ22)*(1+$BA22)+(($BB22+$BC22)/2*IF($G$1="裂石",$AO22,$AM22)+IF($G$1="裂石",$AP22*1.5,0))*(1+$BD22)*(1+$BE22)+(($BF22+$BG22)/2*IF($G$1="牵丝",$AO22,$AM22)+IF($G$1="牵丝",$AP22*1.5,0))*(1+$BH22)*(1+$BI22)+(($BJ22+$BK22)/2*IF($G$1="破竹",$AO22,$AM22)+IF($G$1="破竹",$AP22*1.5,0))*(1+$BL22)*(1+$BM22))*(1+$AQ22)*$BP22*$P22*(1+IF(VLOOKUP($Q22,武学奇术!$A:$ZZ,30,FALSE)="弹道",$B$21,0))*(1+$BV22) -> 10158.15 | M22: =(($AT22*$AM22+$AN22)*(1+$AU22)*(1+$AV22)+($AY22*IF($G$1="鸣金",$AO22,$AM22)+IF($G$1="鸣金",$AP22*1.5,0))*(1+$AZ22)*(1+$BA22)+($BC22*IF($G$1="裂石",$AO22,$AM22)+IF($G$1="裂石",$AP22*1.5,0))*(1+$BD22)*(1+$BE22)+($BG22*IF($G$1="牵丝",$AO22,$AM22)+IF($G$1="牵丝",$AP22*1.5,0))*(1+$BH22)*(1+$BI22)+($BK22*IF($G$1="破竹",$AO22,$AM22)+IF($G$1="破竹",$AP22*1.5,0))*(1+$BL22)*(1+$BM22))*(1+$AQ22)*$BR22*$P22*(1+IF(VLOOKUP($Q22,武学奇术!$A:$ZZ,30,FALSE)="弹道",$B$21,0))*(1+$BV22) -> 9847.0632 | N22: =((($AS22+$AT22)/2*$AM22+$AN22)*(1+$AU22)*(1+$AV22)+(($AX22+$AY22)/2*IF($G$1="鸣金",$AO22,$AM22)+IF($G$1="鸣金",$AP22*1.5,0))*(1+$AZ22)*(1+$BA22)+(($BB22+$BC22)/2*IF($G$1="裂石",$AO22,$AM22)+IF($G$1="裂石",$AP22*1.5,0))*(1+$BD22)*(1+$BE22)+(($BF22+$BG22)/2*IF($G$1="牵丝",$AO22,$AM22)+IF($G$1="牵丝",$AP22*1.5,0))*(1+$BH22)*(1+$BI22)+(($BJ22+$BK22)/2*IF($G$1="破竹",$AO22,$AM22)+IF($G$1="破竹",$AP22*1.5,0))*(1+$BL22)*(1+$BM22))*(1+$AQ22)*$P22*(1+IF(VLOOKUP($Q22,武学奇术!$A:$ZZ,30,FALSE)="弹道",$B$21,0))*(1+$BV22) -> 6553.6449 | O22: =((($AS22*$AM22+$AN22)*(1+$AU22)*(1+$AV22)+($AX22*IF($G$1="鸣金",$AO22,$AM22)+IF($G$1="鸣金",$AP22*1.5,0))*(1+$AZ22)*(1+$BA22)+($BB22*IF($G$1="裂石",$AO22,$AM22)+IF($G$1="裂石",$AP22*1.5,0))*(1+$BD22)*(1+$BE22)+($BF22*IF($G$1="牵丝",$AO22,$AM22)+IF($G$1="牵丝",$AP22*1.5,0))*(1+$BH22)*(1+$BI22)+($BJ22*IF($G$1="破竹",$AO22,$AM22)+IF($G$1="破竹",$AP22*1.5,0))*(1+$BL22)*(1+$BM22))*(1+$AQ22))*$P22*(1+IF(VLOOKUP($Q22,武学奇术!$A:$ZZ,30,FALSE)="弹道",$B$21,0))*(1+$BV22) -> 5813.1688 | P22: 2 | Q22: 神龙吐火暗灼dot | R22: 易水歌5层 | S22: 沧海帖5层 | T22: N/a | U22: 小纵地 | V22: N/a | W22: N/a | X22: N/a | Y22: N/a | Z22: N/a | AA22: 近战笛 | AB22: 惧刃(拐) | AC22: N/a | AD22: N/a | AE22: 惊神(拐) | AF22: 伞增(拐) | AG22: N/a | AH22: N/a | AI22: N/a | AJ22: N/a | AK22: N/a | AL22: =VLOOKUP($Q22,武学奇术!$A:$ZZ,25,FALSE) -> 单体奇术 | AM22: =VLOOKUP($Q22,武学奇术!$A:$ZZ,26,FALSE) -> 0.236 | AN22: =VLOOKUP($Q22,武学奇术!$A:$ZZ,27,FALSE)*(1+IF(OR($AL22=$F$4,$AL22=$F$5),$B$22,0)) -> 46 | AO22: =VLOOKUP($Q22,武学奇术!$A:$ZZ,28,FALSE) -> 0.354 | AP22: =VLOOKUP($Q22,武学奇术!$A:$ZZ,29,FALSE)*(1+IF(OR($AL22=$F$4,$AL22=$F$5),$B$22,0)) -> 0 | AQ22: {=$G$3+IFERROR(VLOOKUP($AL22,$F$4:$G$7,2,FALSE),0)+VLOOKUP($Q22,武学奇术!$A:$ZZ,2,FALSE)+SUM(_xlfn.XLOOKUP($R22:$AK22,增益!$A:$A,增益!$B:$B,0))} -> 0.7615 | AR22: {=VLOOKUP($Q22,武学奇术!$A:$ZZ,5,FALSE)+SUM(_xlfn.XLOOKUP($R22:$AK22,增益!$A:$A,增益!$E:$E,0))} -> 0.075 | AS22: {=$D$10*(1+$AR22)+VLOOKUP($Q22,武学奇术!$A:$ZZ,3,FALSE)+SUM(_xlfn.XLOOKUP($R22:$AK22,增益!$A:$A,增益!$C:$C,0))-$I$2} -> 4100.3171 | AT22: {=$E$10*(1+$AR22)+VLOOKUP($Q22,武学奇术!$A:$ZZ,4,FALSE)+SUM(_xlfn.XLOOKUP($R22:$AK22,增益!$A:$A,增益!$D:$D,0))-$I$2} -> 4100.3171 | AU22: {=IF($F$10-$I$3+VLOOKUP($Q22,武学奇术!$A:$ZZ,6,FALSE)+SUM(_xlfn.XLOOKUP($R22:$AK22,增益!$A:$A,增益!$F:$F,0))>0,($F$10-$I$3+VLOOKUP($Q22,武学奇术!$A:$ZZ,6,FALSE)+SUM(_xlfn.XLOOKUP($R22:$AK22,增益!$A:$A,增益!$F:$F,0)))/200,($F$10-$I$3+VLOOKUP($Q22,武学奇术!$A:$ZZ,6,FALSE)+SUM(_xlfn.XLOOKUP($R22:$AK22,增益!$A:$A,增益!$F:$F,0)))/100)} -> 0.2925 | AV22: {=$G$10+VLOOKUP($Q22,武学奇术!$A:$ZZ,7,FALSE)+SUM(_xlfn.XLOOKUP($R22:$AK22,增益!$A:$A,增益!$G:$G,0))} -> 0 | AW22: {=VLOOKUP($Q22,武学奇术!$A:$ZZ,8,FALSE)+SUM(_xlfn.XLOOKUP($R22:$AK22,增益!$A:$A,增益!$H:$H,0))} -> 0 | AX22: =$D$11*(1+$AW22) -> 0 | AY22: =$E$11*(1+$AW22) -> 0 | AZ22: {=IF($F$11-$I$4+VLOOKUP($Q22,武学奇术!$A:$ZZ,9,FALSE)+SUM(_xlfn.XLOOKUP($R22:$AK22,增益!$A:$A,增益!$I:$I,0))>0,($F$11-$I$4+VLOOKUP($Q22,武学奇术!$A:$ZZ,9,FALSE)+SUM(_xlfn.XLOOKUP($R22:$AK22,增益!$A:$A,增益!$I:$I,0)))/200,($F$11-$I$4+VLOOKUP($Q22,武学奇术!$A:$ZZ,9,FALSE)+SUM(_xlfn.XLOOKUP($R22:$AK22,增益!$A:$A,增益!$I:$I,0)))/100)} -> -0.3 | BA22: {=$G$11+VLOOKUP($Q22,武学奇术!$A:$ZZ,10,FALSE)+SUM(_xlfn.XLOOKUP($R22:$AK22,增益!$A:$A,增益!$J:$J,0))} -> 0 | BB22: =$D$12*(1+$AW22) -> 0 | BC22: =$E$12*(1+$AW22) -> 0 | BD22: {=IF($F$12-$I$4+VLOOKUP($Q22,武学奇术!$A:$ZZ,11,FALSE)+SUM(_xlfn.XLOOKUP($R22:$AK22,增益!$A:$A,增益!$K:$K,0))>0,($F$12-$I$4+VLOOKUP($Q22,武学奇术!$A:$ZZ,11,FALSE)+SUM(_xlfn.XLOOKUP($R22:$AK22,增益!$A:$A,增益!$K:$K,0)))/200,($F$12-$I$4+VLOOKUP($Q22,武学奇术!$A:$ZZ,11,FALSE)+SUM(_xlfn.XLOOKUP($R22:$AK22,增益!$A:$A,增益!$K:$K,0)))/100)} -> -0.3 | BE22: {=$G$12+VLOOKUP($Q22,武学奇术!$A:$ZZ,12,FALSE)+SUM(_xlfn.XLOOKUP($R22:$AK22,增益!$A:$A,增益!$L:$L,0))} -> 0 | BF22: =$D$13*(1+$AW22) -> 605.472 | BG22: =$E$13*(1+$AW22) -> 1579.612 | BH22: {=IF($F$13-$I$4+VLOOKUP($Q22,武学奇术!$A:$ZZ,13,FALSE)+SUM(_xlfn.XLOOKUP($R22:$AK22,增益!$A:$A,增益!$M:$M,0))>0,($F$13-$I$4+VLOOKUP($Q22,武学奇术!$A:$ZZ,13,FALSE)+SUM(_xlfn.XLOOKUP($R22:$AK22,增益!$A:$A,增益!$K:$K,0)))/200,($F$13-$I$4+VLOOKUP($Q22,武学奇术!$A:$ZZ,13,FALSE)+SUM(_xlfn.XLOOKUP($R22:$AK22,增益!$A:$A,增益!$M:$M,0)))/100)} -> 0 | BI22: {=$G$13+VLOOKUP($Q22,武学奇术!$A:$ZZ,14,FALSE)+SUM(_xlfn.XLOOKUP($R22:$AK22,增益!$A:$A,增益!$N:$N,0))} -> 0.15 | BJ22: =$D$14*(1+$AW22) -> 0 | BK22: =$E$14*(1+$AW22) -> 0 | BL22: {=IF($F$14-$I$4+VLOOKUP($Q22,武学奇术!$A:$ZZ,15,FALSE)+SUM(_xlfn.XLOOKUP($R22:$AK22,增益!$A:$A,增益!$O:$O,0))>0,($F$14-$I$4+VLOOKUP($Q22,武学奇术!$A:$ZZ,15,FALSE)+SUM(_xlfn.XLOOKUP($R22:$AK22,增益!$A:$A,增益!$O:$O,0)))/200,($F$14-$I$4+VLOOKUP($Q22,武学奇术!$A:$ZZ,15,FALSE)+SUM(_xlfn.XLOOKUP($R22:$AK22,增益!$A:$A,增益!$O:$O,0)))/100)} -> -0.3 | BM22: {=$G$14+VLOOKUP($Q22,武学奇术!$A:$ZZ,16,FALSE)+SUM(_xlfn.XLOOKUP($R22:$AK22,增益!$A:$A,增益!$P:$P,0))} -> 0 | BN22: =MIN(IF(VLOOKUP($Q22,武学奇术!$A:$ZZ,23,FALSE)=1,100%,$B$8),100%) -> 1 | BO22: {=IF(VLOOKUP($Q22,武学奇术!$A:$ZZ,23,FALSE)=1,100%,MIN(80%,$B$9+VLOOKUP($Q22,武学奇术!$A:$ZZ,17,FALSE)+SUM(_xlfn.XLOOKUP($R22:$AK22,增益!$A:$A,增益!$Q:$Q,0)))+$B$11+SUM(_xlfn.XLOOKUP($R22:$AK22,增益!$A:$A,增益!$U:$U,0)))*IF(VLOOKUP($Q22,武学奇术!$A:$ZZ,24,FALSE)=1,0,1)} -> 0.9093 | BP22: {=1+$B$13+VLOOKUP($Q22,武学奇术!$A:$ZZ,18,FALSE)+SUM(_xlfn.XLOOKUP($R22:$AK22,增益!$A:$A,增益!$R:$R,0))} -> 1.55 | BQ22: {=IF(VLOOKUP($Q22,武学奇术!$A:$ZZ,24,FALSE)=1,100%,MIN(40%,$B$10+VLOOKUP($Q22,武学奇术!$A:$ZZ,19,FALSE)+SUM(_xlfn.XLOOKUP($R22:$AK22,增益!$A:$A,增益!$S:$S,0)))+$B$12+SUM(_xlfn.XLOOKUP($R22:$AK22,增益!$A:$A,增益!$V:$V,0)))*IF(VLOOKUP($Q22,武学奇术!$A:$ZZ,23,FALSE)=1,0,1)} -> 0.0929 | BR22: {=1+$B$14+VLOOKUP($Q22,武学奇术!$A:$ZZ,20,FALSE)+SUM(_xlfn.XLOOKUP($R22:$AK22,增益!$A:$A,增益!$T:$T,0))} -> 1.35 | BS22: =MIN((1-BQ22)*BN22,BN22*BO22) -> 0.9071 | BT22: =1-BQ22-BS22-BU22 -> 0 | BU22: =IF(VLOOKUP($Q22,武学奇术!$A:$ZZ,22,FALSE)=1,0,(1-$BN22))*(1-$BQ22) -> 0 | BV22: {=SUM(_xlfn.XLOOKUP($R22:$AK22,增益!$A:$A,增益!$W:$W,0))+$I$5} -> 0.06
A23: 食物加成 | B23: 200 | C23: 霖 | D23: √ | E23: 断石覆盖 | F23: 全蹭 | K23: =($L23*$BS23+$M23*$BQ23+$N23*$BT23+$O23*$BU23) -> 24612.139 | L23: =((($AS23+$AT23)/2*$AM23+$AN23)*(1+$AU23)*(1+$AV23)+(($AX23+$AY23)/2*IF($G$1="鸣金",$AO23,$AM23)+IF($G$1="鸣金",$AP23*1.5,0))*(1+$AZ23)*(1+$BA23)+(($BB23+$BC23)/2*IF($G$1="裂石",$AO23,$AM23)+IF($G$1="裂石",$AP23*1.5,0))*(1+$BD23)*(1+$BE23)+(($BF23+$BG23)/2*IF($G$1="牵丝",$AO23,$AM23)+IF($G$1="牵丝",$AP23*1.5,0))*(1+$BH23)*(1+$BI23)+(($BJ23+$BK23)/2*IF($G$1="破竹",$AO23,$AM23)+IF($G$1="破竹",$AP23*1.5,0))*(1+$BL23)*(1+$BM23))*(1+$AQ23)*$BP23*$P23*(1+IF(VLOOKUP($Q23,武学奇术!$A:$ZZ,30,FALSE)="弹道",$B$21,0))*(1+$BV23) -> 25009.356 | M23: =(($AT23*$AM23+$AN23)*(1+$AU23)*(1+$AV23)+($AY23*IF($G$1="鸣金",$AO23,$AM23)+IF($G$1="鸣金",$AP23*1.5,0))*(1+$AZ23)*(1+$BA23)+($BC23*IF($G$1="裂石",$AO23,$AM23)+IF($G$1="裂石",$AP23*1.5,0))*(1+$BD23)*(1+$BE23)+($BG23*IF($G$1="牵丝",$AO23,$AM23)+IF($G$1="牵丝",$AP23*1.5,0))*(1+$BH23)*(1+$BI23)+($BK23*IF($G$1="破竹",$AO23,$AM23)+IF($G$1="破竹",$AP23*1.5,0))*(1+$BL23)*(1+$BM23))*(1+$AQ23)*$BR23*$P23*(1+IF(VLOOKUP($Q23,武学奇术!$A:$ZZ,30,FALSE)="弹道",$B$21,0))*(1+$BV23) -> 20733.603 | N23: =((($AS23+$AT23)/2*$AM23+$AN23)*(1+$AU23)*(1+$AV23)+(($AX23+$AY23)/2*IF($G$1="鸣金",$AO23,$AM23)+IF($G$1="鸣金",$AP23*1.5,0))*(1+$AZ23)*(1+$BA23)+(($BB23+$BC23)/2*IF($G$1="裂石",$AO23,$AM23)+IF($G$1="裂石",$AP23*1.5,0))*(1+$BD23)*(1+$BE23)+(($BF23+$BG23)/2*IF($G$1="牵丝",$AO23,$AM23)+IF($G$1="牵丝",$AP23*1.5,0))*(1+$BH23)*(1+$BI23)+(($BJ23+$BK23)/2*IF($G$1="破竹",$AO23,$AM23)+IF($G$1="破竹",$AP23*1.5,0))*(1+$BL23)*(1+$BM23))*(1+$AQ23)*$P23*(1+IF(VLOOKUP($Q23,武学奇术!$A:$ZZ,30,FALSE)="弹道",$B$21,0))*(1+$BV23) -> 13894.087 | O23: =((($AS23*$AM23+$AN23)*(1+$AU23)*(1+$AV23)+($AX23*IF($G$1="鸣金",$AO23,$AM23)+IF($G$1="鸣金",$AP23*1.5,0))*(1+$AZ23)*(1+$BA23)+($BB23*IF($G$1="裂石",$AO23,$AM23)+IF($G$1="裂石",$AP23*1.5,0))*(1+$BD23)*(1+$BE23)+($BF23*IF($G$1="牵丝",$AO23,$AM23)+IF($G$1="牵丝",$AP23*1.5,0))*(1+$BH23)*(1+$BI23)+($BJ23*IF($G$1="破竹",$AO23,$AM23)+IF($G$1="破竹",$AP23*1.5,0))*(1+$BL23)*(1+$BM23))*(1+$AQ23))*$P23*(1+IF(VLOOKUP($Q23,武学奇术!$A:$ZZ,30,FALSE)="弹道",$B$21,0))*(1+$BV23) -> 12429.95 | P23: 4 | Q23: 神龙吐火暗灼dot | R23: 易水歌5层 | S23: 沧海帖5层 | T23: N/a | U23: 小纵地 | V23: N/a | W23: N/a | X23: N/a | Y23: 断石5额外 | Z23: N/a | AA23: N/a | AB23: 惧刃(拐) | AC23: N/a | AD23: N/a | AE23: 惊神(拐) | AF23: 伞增(拐) | AG23: N/a | AH23: N/a | AI23: N/a | AJ23: N/a | AK23: N/a | AL23: =VLOOKUP($Q23,武学奇术!$A:$ZZ,25,FALSE) -> 单体奇术 | AM23: =VLOOKUP($Q23,武学奇术!$A:$ZZ,26,FALSE) -> 0.236 | AN23: =VLOOKUP($Q23,武学奇术!$A:$ZZ,27,FALSE)*(1+IF(OR($AL23=$F$4,$AL23=$F$5),$B$22,0)) -> 46 | AO23: =VLOOKUP($Q23,武学奇术!$A:$ZZ,28,FALSE) -> 0.354 | AP23: =VLOOKUP($Q23,武学奇术!$A:$ZZ,29,FALSE)*(1+IF(OR($AL23=$F$4,$AL23=$F$5),$B$22,0)) -> 0 | AQ23: {=$G$3+IFERROR(VLOOKUP($AL23,$F$4:$G$7,2,FALSE),0)+VLOOKUP($Q23,武学奇术!$A:$ZZ,2,FALSE)+SUM(_xlfn.XLOOKUP($R23:$AK23,增益!$A:$A,增益!$B:$B,0))} -> 0.7415 | AR23: {=VLOOKUP($Q23,武学奇术!$A:$ZZ,5,FALSE)+SUM(_xlfn.XLOOKUP($R23:$AK23,增益!$A:$A,增益!$E:$E,0))} -> 0.075 | AS23: {=$D$10*(1+$AR23)+VLOOKUP($Q23,武学奇术!$A:$ZZ,3,FALSE)+SUM(_xlfn.XLOOKUP($R23:$AK23,增益!$A:$A,增益!$C:$C,0))-$I$2} -> 4100.3171 | AT23: {=$E$10*(1+$AR23)+VLOOKUP($Q23,武学奇术!$A:$ZZ,4,FALSE)+SUM(_xlfn.XLOOKUP($R23:$AK23,增益!$A:$A,增益!$D:$D,0))-$I$2} -> 4100.3171 | AU23: {=IF($F$10-$I$3+VLOOKUP($Q23,武学奇术!$A:$ZZ,6,FALSE)+SUM(_xlfn.XLOOKUP($R23:$AK23,增益!$A:$A,增益!$F:$F,0))>0,($F$10-$I$3+VLOOKUP($Q23,武学奇术!$A:$ZZ,6,FALSE)+SUM(_xlfn.XLOOKUP($R23:$AK23,增益!$A:$A,增益!$F:$F,0)))/200,($F$10-$I$3+VLOOKUP($Q23,武学奇术!$A:$ZZ,6,FALSE)+SUM(_xlfn.XLOOKUP($R23:$AK23,增益!$A:$A,增益!$F:$F,0)))/100)} -> 0.4175 | AV23: {=$G$10+VLOOKUP($Q23,武学奇术!$A:$ZZ,7,FALSE)+SUM(_xlfn.XLOOKUP($R23:$AK23,增益!$A:$A,增益!$G:$G,0))} -> 0 | AW23: {=VLOOKUP($Q23,武学奇术!$A:$ZZ,8,FALSE)+SUM(_xlfn.XLOOKUP($R23:$AK23,增益!$A:$A,增益!$H:$H,0))} -> 0 | AX23: =$D$11*(1+$AW23) -> 0 | AY23: =$E$11*(1+$AW23) -> 0 | AZ23: {=IF($F$11-$I$4+VLOOKUP($Q23,武学奇术!$A:$ZZ,9,FALSE)+SUM(_xlfn.XLOOKUP($R23:$AK23,增益!$A:$A,增益!$I:$I,0))>0,($F$11-$I$4+VLOOKUP($Q23,武学奇术!$A:$ZZ,9,FALSE)+SUM(_xlfn.XLOOKUP($R23:$AK23,增益!$A:$A,增益!$I:$I,0)))/200,($F$11-$I$4+VLOOKUP($Q23,武学奇术!$A:$ZZ,9,FALSE)+SUM(_xlfn.XLOOKUP($R23:$AK23,增益!$A:$A,增益!$I:$I,0)))/100)} -> -0.3 | BA23: {=$G$11+VLOOKUP($Q23,武学奇术!$A:$ZZ,10,FALSE)+SUM(_xlfn.XLOOKUP($R23:$AK23,增益!$A:$A,增益!$J:$J,0))} -> 0 | BB23: =$D$12*(1+$AW23) -> 0 | BC23: =$E$12*(1+$AW23) -> 0 | BD23: {=IF($F$12-$I$4+VLOOKUP($Q23,武学奇术!$A:$ZZ,11,FALSE)+SUM(_xlfn.XLOOKUP($R23:$AK23,增益!$A:$A,增益!$K:$K,0))>0,($F$12-$I$4+VLOOKUP($Q23,武学奇术!$A:$ZZ,11,FALSE)+SUM(_xlfn.XLOOKUP($R23:$AK23,增益!$A:$A,增益!$K:$K,0)))/200,($F$12-$I$4+VLOOKUP($Q23,武学奇术!$A:$ZZ,11,FALSE)+SUM(_xlfn.XLOOKUP($R23:$AK23,增益!$A:$A,增益!$K:$K,0)))/100)} -> -0.3 | BE23: {=$G$12+VLOOKUP($Q23,武学奇术!$A:$ZZ,12,FALSE)+SUM(_xlfn.XLOOKUP($R23:$AK23,增益!$A:$A,增益!$L:$L,0))} -> 0 | BF23: =$D$13*(1+$AW23) -> 605.472 | BG23: =$E$13*(1+$AW23) -> 1579.612 | BH23: {=IF($F$13-$I$4+VLOOKUP($Q23,武学奇术!$A:$ZZ,13,FALSE)+SUM(_xlfn.XLOOKUP($R23:$AK23,增益!$A:$A,增益!$M:$M,0))>0,($F$13-$I$4+VLOOKUP($Q23,武学奇术!$A:$ZZ,13,FALSE)+SUM(_xlfn.XLOOKUP($R23:$AK23,增益!$A:$A,增益!$K:$K,0)))/200,($F$13-$I$4+VLOOKUP($Q23,武学奇术!$A:$ZZ,13,FALSE)+SUM(_xlfn.XLOOKUP($R23:$AK23,增益!$A:$A,增益!$M:$M,0)))/100)} -> 0 | BI23: {=$G$13+VLOOKUP($Q23,武学奇术!$A:$ZZ,14,FALSE)+SUM(_xlfn.XLOOKUP($R23:$AK23,增益!$A:$A,增益!$N:$N,0))} -> 0.15 | BJ23: =$D$14*(1+$AW23) -> 0 | BK23: =$E$14*(1+$AW23) -> 0 | BL23: {=IF($F$14-$I$4+VLOOKUP($Q23,武学奇术!$A:$ZZ,15,FALSE)+SUM(_xlfn.XLOOKUP($R23:$AK23,增益!$A:$A,增益!$O:$O,0))>0,($F$14-$I$4+VLOOKUP($Q23,武学奇术!$A:$ZZ,15,FALSE)+SUM(_xlfn.XLOOKUP($R23:$AK23,增益!$A:$A,增益!$O:$O,0)))/200,($F$14-$I$4+VLOOKUP($Q23,武学奇术!$A:$ZZ,15,FALSE)+SUM(_xlfn.XLOOKUP($R23:$AK23,增益!$A:$A,增益!$O:$O,0)))/100)} -> -0.3 | BM23: {=$G$14+VLOOKUP($Q23,武学奇术!$A:$ZZ,16,FALSE)+SUM(_xlfn.XLOOKUP($R23:$AK23,增益!$A:$A,增益!$P:$P,0))} -> 0 | BN23: =MIN(IF(VLOOKUP($Q23,武学奇术!$A:$ZZ,23,FALSE)=1,100%,$B$8),100%) -> 1 | BO23: {=IF(VLOOKUP($Q23,武学奇术!$A:$ZZ,23,FALSE)=1,100%,MIN(80%,$B$9+VLOOKUP($Q23,武学奇术!$A:$ZZ,17,FALSE)+SUM(_xlfn.XLOOKUP($R23:$AK23,增益!$A:$A,增益!$Q:$Q,0)))+$B$11+SUM(_xlfn.XLOOKUP($R23:$AK23,增益!$A:$A,增益!$U:$U,0)))*IF(VLOOKUP($Q23,武学奇术!$A:$ZZ,24,FALSE)=1,0,1)} -> 0.9093 | BP23: {=1+$B$13+VLOOKUP($Q23,武学奇术!$A:$ZZ,18,FALSE)+SUM(_xlfn.XLOOKUP($R23:$AK23,增益!$A:$A,增益!$R:$R,0))} -> 1.8 | BQ23: {=IF(VLOOKUP($Q23,武学奇术!$A:$ZZ,24,FALSE)=1,100%,MIN(40%,$B$10+VLOOKUP($Q23,武学奇术!$A:$ZZ,19,FALSE)+SUM(_xlfn.XLOOKUP($R23:$AK23,增益!$A:$A,增益!$S:$S,0)))+$B$12+SUM(_xlfn.XLOOKUP($R23:$AK23,增益!$A:$A,增益!$V:$V,0)))*IF(VLOOKUP($Q23,武学奇术!$A:$ZZ,23,FALSE)=1,0,1)} -> 0.0929 | BR23: {=1+$B$14+VLOOKUP($Q23,武学奇术!$A:$ZZ,20,FALSE)+SUM(_xlfn.XLOOKUP($R23:$AK23,增益!$A:$A,增益!$T:$T,0))} -> 1.35 | BS23: =MIN((1-BQ23)*BN23,BN23*BO23) -> 0.9071 | BT23: =1-BQ23-BS23-BU23 -> 0 | BU23: =IF(VLOOKUP($Q23,武学奇术!$A:$ZZ,22,FALSE)=1,0,(1-$BN23))*(1-$BQ23) -> 0 | BV23: {=SUM(_xlfn.XLOOKUP($R23:$AK23,增益!$A:$A,增益!$W:$W,0))+$I$5} -> 0.06
B24: 400 | K24: =($L24*$BS24+$M24*$BQ24+$N24*$BT24+$O24*$BU24) -> 12369.086 | L24: =((($AS24+$AT24)/2*$AM24+$AN24)*(1+$AU24)*(1+$AV24)+(($AX24+$AY24)/2*IF($G$1="鸣金",$AO24,$AM24)+IF($G$1="鸣金",$AP24*1.5,0))*(1+$AZ24)*(1+$BA24)+(($BB24+$BC24)/2*IF($G$1="裂石",$AO24,$AM24)+IF($G$1="裂石",$AP24*1.5,0))*(1+$BD24)*(1+$BE24)+(($BF24+$BG24)/2*IF($G$1="牵丝",$AO24,$AM24)+IF($G$1="牵丝",$AP24*1.5,0))*(1+$BH24)*(1+$BI24)+(($BJ24+$BK24)/2*IF($G$1="破竹",$AO24,$AM24)+IF($G$1="破竹",$AP24*1.5,0))*(1+$BL24)*(1+$BM24))*(1+$AQ24)*$BP24*$P24*(1+IF(VLOOKUP($Q24,武学奇术!$A:$ZZ,30,FALSE)="弹道",$B$21,0))*(1+$BV24) -> 12574.149 | M24: =(($AT24*$AM24+$AN24)*(1+$AU24)*(1+$AV24)+($AY24*IF($G$1="鸣金",$AO24,$AM24)+IF($G$1="鸣金",$AP24*1.5,0))*(1+$AZ24)*(1+$BA24)+($BC24*IF($G$1="裂石",$AO24,$AM24)+IF($G$1="裂石",$AP24*1.5,0))*(1+$BD24)*(1+$BE24)+($BG24*IF($G$1="牵丝",$AO24,$AM24)+IF($G$1="牵丝",$AP24*1.5,0))*(1+$BH24)*(1+$BI24)+($BK24*IF($G$1="破竹",$AO24,$AM24)+IF($G$1="破竹",$AP24*1.5,0))*(1+$BL24)*(1+$BM24))*(1+$AQ24)*$BR24*$P24*(1+IF(VLOOKUP($Q24,武学奇术!$A:$ZZ,30,FALSE)="弹道",$B$21,0))*(1+$BV24) -> 10366.801 | N24: =((($AS24+$AT24)/2*$AM24+$AN24)*(1+$AU24)*(1+$AV24)+(($AX24+$AY24)/2*IF($G$1="鸣金",$AO24,$AM24)+IF($G$1="鸣金",$AP24*1.5,0))*(1+$AZ24)*(1+$BA24)+(($BB24+$BC24)/2*IF($G$1="裂石",$AO24,$AM24)+IF($G$1="裂石",$AP24*1.5,0))*(1+$BD24)*(1+$BE24)+(($BF24+$BG24)/2*IF($G$1="牵丝",$AO24,$AM24)+IF($G$1="牵丝",$AP24*1.5,0))*(1+$BH24)*(1+$BI24)+(($BJ24+$BK24)/2*IF($G$1="破竹",$AO24,$AM24)+IF($G$1="破竹",$AP24*1.5,0))*(1+$BL24)*(1+$BM24))*(1+$AQ24)*$P24*(1+IF(VLOOKUP($Q24,武学奇术!$A:$ZZ,30,FALSE)="弹道",$B$21,0))*(1+$BV24) -> 6947.0434 | O24: =((($AS24*$AM24+$AN24)*(1+$AU24)*(1+$AV24)+($AX24*IF($G$1="鸣金",$AO24,$AM24)+IF($G$1="鸣金",$AP24*1.5,0))*(1+$AZ24)*(1+$BA24)+($BB24*IF($G$1="裂石",$AO24,$AM24)+IF($G$1="裂石",$AP24*1.5,0))*(1+$BD24)*(1+$BE24)+($BF24*IF($G$1="牵丝",$AO24,$AM24)+IF($G$1="牵丝",$AP24*1.5,0))*(1+$BH24)*(1+$BI24)+($BJ24*IF($G$1="破竹",$AO24,$AM24)+IF($G$1="破竹",$AP24*1.5,0))*(1+$BL24)*(1+$BM24))*(1+$AQ24))*$P24*(1+IF(VLOOKUP($Q24,武学奇术!$A:$ZZ,30,FALSE)="弹道",$B$21,0))*(1+$BV24) -> 6214.9748 | P24: 2 | Q24: 神龙吐火暗灼dot | R24: 易水歌5层 | S24: 沧海帖6层 | T24: N/a | U24: 小纵地 | V24: N/a | W24: N/a | X24: N/a | Y24: 断石5额外 | Z24: N/a | AA24: N/a | AB24: 惧刃(拐) | AC24: N/a | AD24: N/a | AE24: 惊神(拐) | AF24: 伞增(拐) | AG24: N/a | AH24: N/a | AI24: N/a | AJ24: N/a | AK24: N/a | AL24: =VLOOKUP($Q24,武学奇术!$A:$ZZ,25,FALSE) -> 单体奇术 | AM24: =VLOOKUP($Q24,武学奇术!$A:$ZZ,26,FALSE) -> 0.236 | AN24: =VLOOKUP($Q24,武学奇术!$A:$ZZ,27,FALSE)*(1+IF(OR($AL24=$F$4,$AL24=$F$5),$B$22,0)) -> 46 | AO24: =VLOOKUP($Q24,武学奇术!$A:$ZZ,28,FALSE) -> 0.354 | AP24: =VLOOKUP($Q24,武学奇术!$A:$ZZ,29,FALSE)*(1+IF(OR($AL24=$F$4,$AL24=$F$5),$B$22,0)) -> 0 | AQ24: {=$G$3+IFERROR(VLOOKUP($AL24,$F$4:$G$7,2,FALSE),0)+VLOOKUP($Q24,武学奇术!$A:$ZZ,2,FALSE)+SUM(_xlfn.XLOOKUP($R24:$AK24,增益!$A:$A,增益!$B:$B,0))} -> 0.7415 | AR24: {=VLOOKUP($Q24,武学奇术!$A:$ZZ,5,FALSE)+SUM(_xlfn.XLOOKUP($R24:$AK24,增益!$A:$A,增益!$E:$E,0))} -> 0.075 | AS24: {=$D$10*(1+$AR24)+VLOOKUP($Q24,武学奇术!$A:$ZZ,3,FALSE)+SUM(_xlfn.XLOOKUP($R24:$AK24,增益!$A:$A,增益!$C:$C,0))-$I$2} -> 4100.3171 | AT24: {=$E$10*(1+$AR24)+VLOOKUP($Q24,武学奇术!$A:$ZZ,4,FALSE)+SUM(_xlfn.XLOOKUP($R24:$AK24,增益!$A:$A,增益!$D:$D,0))-$I$2} -> 4100.3171 | AU24: {=IF($F$10-$I$3+VLOOKUP($Q24,武学奇术!$A:$ZZ,6,FALSE)+SUM(_xlfn.XLOOKUP($R24:$AK24,增益!$A:$A,增益!$F:$F,0))>0,($F$10-$I$3+VLOOKUP($Q24,武学奇术!$A:$ZZ,6,FALSE)+SUM(_xlfn.XLOOKUP($R24:$AK24,增益!$A:$A,增益!$F:$F,0)))/200,($F$10-$I$3+VLOOKUP($Q24,武学奇术!$A:$ZZ,6,FALSE)+SUM(_xlfn.XLOOKUP($R24:$AK24,增益!$A:$A,增益!$F:$F,0)))/100)} -> 0.4175 | AV24: {=$G$10+VLOOKUP($Q24,武学奇术!$A:$ZZ,7,FALSE)+SUM(_xlfn.XLOOKUP($R24:$AK24,增益!$A:$A,增益!$G:$G,0))} -> 0 | AW24: {=VLOOKUP($Q24,武学奇术!$A:$ZZ,8,FALSE)+SUM(_xlfn.XLOOKUP($R24:$AK24,增益!$A:$A,增益!$H:$H,0))} -> 0 | AX24: =$D$11*(1+$AW24) -> 0 | AY24: =$E$11*(1+$AW24) -> 0 | AZ24: {=IF($F$11-$I$4+VLOOKUP($Q24,武学奇术!$A:$ZZ,9,FALSE)+SUM(_xlfn.XLOOKUP($R24:$AK24,增益!$A:$A,增益!$I:$I,0))>0,($F$11-$I$4+VLOOKUP($Q24,武学奇术!$A:$ZZ,9,FALSE)+SUM(_xlfn.XLOOKUP($R24:$AK24,增益!$A:$A,增益!$I:$I,0)))/200,($F$11-$I$4+VLOOKUP($Q24,武学奇术!$A:$ZZ,9,FALSE)+SUM(_xlfn.XLOOKUP($R24:$AK24,增益!$A:$A,增益!$I:$I,0)))/100)} -> -0.3 | BA24: {=$G$11+VLOOKUP($Q24,武学奇术!$A:$ZZ,10,FALSE)+SUM(_xlfn.XLOOKUP($R24:$AK24,增益!$A:$A,增益!$J:$J,0))} -> 0 | BB24: =$D$12*(1+$AW24) -> 0 | BC24: =$E$12*(1+$AW24) -> 0 | BD24: {=IF($F$12-$I$4+VLOOKUP($Q24,武学奇术!$A:$ZZ,11,FALSE)+SUM(_xlfn.XLOOKUP($R24:$AK24,增益!$A:$A,增益!$K:$K,0))>0,($F$12-$I$4+VLOOKUP($Q24,武学奇术!$A:$ZZ,11,FALSE)+SUM(_xlfn.XLOOKUP($R24:$AK24,增益!$A:$A,增益!$K:$K,0)))/200,($F$12-$I$4+VLOOKUP($Q24,武学奇术!$A:$ZZ,11,FALSE)+SUM(_xlfn.XLOOKUP($R24:$AK24,增益!$A:$A,增益!$K:$K,0)))/100)} -> -0.3 | BE24: {=$G$12+VLOOKUP($Q24,武学奇术!$A:$ZZ,12,FALSE)+SUM(_xlfn.XLOOKUP($R24:$AK24,增益!$A:$A,增益!$L:$L,0))} -> 0 | BF24: =$D$13*(1+$AW24) -> 605.472 | BG24: =$E$13*(1+$AW24) -> 1579.612 | BH24: {=IF($F$13-$I$4+VLOOKUP($Q24,武学奇术!$A:$ZZ,13,FALSE)+SUM(_xlfn.XLOOKUP($R24:$AK24,增益!$A:$A,增益!$M:$M,0))>0,($F$13-$I$4+VLOOKUP($Q24,武学奇术!$A:$ZZ,13,FALSE)+SUM(_xlfn.XLOOKUP($R24:$AK24,增益!$A:$A,增益!$K:$K,0)))/200,($F$13-$I$4+VLOOKUP($Q24,武学奇术!$A:$ZZ,13,FALSE)+SUM(_xlfn.XLOOKUP($R24:$AK24,增益!$A:$A,增益!$M:$M,0)))/100)} -> 0 | BI24: {=$G$13+VLOOKUP($Q24,武学奇术!$A:$ZZ,14,FALSE)+SUM(_xlfn.XLOOKUP($R24:$AK24,增益!$A:$A,增益!$N:$N,0))} -> 0.15 | BJ24: =$D$14*(1+$AW24) -> 0 | BK24: =$E$14*(1+$AW24) -> 0 | BL24: {=IF($F$14-$I$4+VLOOKUP($Q24,武学奇术!$A:$ZZ,15,FALSE)+SUM(_xlfn.XLOOKUP($R24:$AK24,增益!$A:$A,增益!$O:$O,0))>0,($F$14-$I$4+VLOOKUP($Q24,武学奇术!$A:$ZZ,15,FALSE)+SUM(_xlfn.XLOOKUP($R24:$AK24,增益!$A:$A,增益!$O:$O,0)))/200,($F$14-$I$4+VLOOKUP($Q24,武学奇术!$A:$ZZ,15,FALSE)+SUM(_xlfn.XLOOKUP($R24:$AK24,增益!$A:$A,增益!$O:$O,0)))/100)} -> -0.3 | BM24: {=$G$14+VLOOKUP($Q24,武学奇术!$A:$ZZ,16,FALSE)+SUM(_xlfn.XLOOKUP($R24:$AK24,增益!$A:$A,增益!$P:$P,0))} -> 0 | BN24: =MIN(IF(VLOOKUP($Q24,武学奇术!$A:$ZZ,23,FALSE)=1,100%,$B$8),100%) -> 1 | BO24: {=IF(VLOOKUP($Q24,武学奇术!$A:$ZZ,23,FALSE)=1,100%,MIN(80%,$B$9+VLOOKUP($Q24,武学奇术!$A:$ZZ,17,FALSE)+SUM(_xlfn.XLOOKUP($R24:$AK24,增益!$A:$A,增益!$Q:$Q,0)))+$B$11+SUM(_xlfn.XLOOKUP($R24:$AK24,增益!$A:$A,增益!$U:$U,0)))*IF(VLOOKUP($Q24,武学奇术!$A:$ZZ,24,FALSE)=1,0,1)} -> 0.9093 | BP24: {=1+$B$13+VLOOKUP($Q24,武学奇术!$A:$ZZ,18,FALSE)+SUM(_xlfn.XLOOKUP($R24:$AK24,增益!$A:$A,增益!$R:$R,0))} -> 1.81 | BQ24: {=IF(VLOOKUP($Q24,武学奇术!$A:$ZZ,24,FALSE)=1,100%,MIN(40%,$B$10+VLOOKUP($Q24,武学奇术!$A:$ZZ,19,FALSE)+SUM(_xlfn.XLOOKUP($R24:$AK24,增益!$A:$A,增益!$S:$S,0)))+$B$12+SUM(_xlfn.XLOOKUP($R24:$AK24,增益!$A:$A,增益!$V:$V,0)))*IF(VLOOKUP($Q24,武学奇术!$A:$ZZ,23,FALSE)=1,0,1)} -> 0.0929 | BR24: {=1+$B$14+VLOOKUP($Q24,武学奇术!$A:$ZZ,20,FALSE)+SUM(_xlfn.XLOOKUP($R24:$AK24,增益!$A:$A,增益!$T:$T,0))} -> 1.35 | BS24: =MIN((1-BQ24)*BN24,BN24*BO24) -> 0.9071 | BT24: =1-BQ24-BS24-BU24 -> 0 | BU24: =IF(VLOOKUP($Q24,武学奇术!$A:$ZZ,22,FALSE)=1,0,(1-$BN24))*(1-$BQ24) -> 0 | BV24: {=SUM(_xlfn.XLOOKUP($R24:$AK24,增益!$A:$A,增益!$W:$W,0))+$I$5} -> 0.06
K25: =($L25*$BS25+$M25*$BQ25+$N25*$BT25+$O25*$BU25) -> 18553.629 | L25: =((($AS25+$AT25)/2*$AM25+$AN25)*(1+$AU25)*(1+$AV25)+(($AX25+$AY25)/2*IF($G$1="鸣金",$AO25,$AM25)+IF($G$1="鸣金",$AP25*1.5,0))*(1+$AZ25)*(1+$BA25)+(($BB25+$BC25)/2*IF($G$1="裂石",$AO25,$AM25)+IF($G$1="裂石",$AP25*1.5,0))*(1+$BD25)*(1+$BE25)+(($BF25+$BG25)/2*IF($G$1="牵丝",$AO25,$AM25)+IF($G$1="牵丝",$AP25*1.5,0))*(1+$BH25)*(1+$BI25)+(($BJ25+$BK25)/2*IF($G$1="破竹",$AO25,$AM25)+IF($G$1="破竹",$AP25*1.5,0))*(1+$BL25)*(1+$BM25))*(1+$AQ25)*$BP25*$P25*(1+IF(VLOOKUP($Q25,武学奇术!$A:$ZZ,30,FALSE)="弹道",$B$21,0))*(1+$BV25) -> 18861.223 | M25: =(($AT25*$AM25+$AN25)*(1+$AU25)*(1+$AV25)+($AY25*IF($G$1="鸣金",$AO25,$AM25)+IF($G$1="鸣金",$AP25*1.5,0))*(1+$AZ25)*(1+$BA25)+($BC25*IF($G$1="裂石",$AO25,$AM25)+IF($G$1="裂石",$AP25*1.5,0))*(1+$BD25)*(1+$BE25)+($BG25*IF($G$1="牵丝",$AO25,$AM25)+IF($G$1="牵丝",$AP25*1.5,0))*(1+$BH25)*(1+$BI25)+($BK25*IF($G$1="破竹",$AO25,$AM25)+IF($G$1="破竹",$AP25*1.5,0))*(1+$BL25)*(1+$BM25))*(1+$AQ25)*$BR25*$P25*(1+IF(VLOOKUP($Q25,武学奇术!$A:$ZZ,30,FALSE)="弹道",$B$21,0))*(1+$BV25) -> 15550.202 | N25: =((($AS25+$AT25)/2*$AM25+$AN25)*(1+$AU25)*(1+$AV25)+(($AX25+$AY25)/2*IF($G$1="鸣金",$AO25,$AM25)+IF($G$1="鸣金",$AP25*1.5,0))*(1+$AZ25)*(1+$BA25)+(($BB25+$BC25)/2*IF($G$1="裂石",$AO25,$AM25)+IF($G$1="裂石",$AP25*1.5,0))*(1+$BD25)*(1+$BE25)+(($BF25+$BG25)/2*IF($G$1="牵丝",$AO25,$AM25)+IF($G$1="牵丝",$AP25*1.5,0))*(1+$BH25)*(1+$BI25)+(($BJ25+$BK25)/2*IF($G$1="破竹",$AO25,$AM25)+IF($G$1="破竹",$AP25*1.5,0))*(1+$BL25)*(1+$BM25))*(1+$AQ25)*$P25*(1+IF(VLOOKUP($Q25,武学奇术!$A:$ZZ,30,FALSE)="弹道",$B$21,0))*(1+$BV25) -> 10420.565 | O25: =((($AS25*$AM25+$AN25)*(1+$AU25)*(1+$AV25)+($AX25*IF($G$1="鸣金",$AO25,$AM25)+IF($G$1="鸣金",$AP25*1.5,0))*(1+$AZ25)*(1+$BA25)+($BB25*IF($G$1="裂石",$AO25,$AM25)+IF($G$1="裂石",$AP25*1.5,0))*(1+$BD25)*(1+$BE25)+($BF25*IF($G$1="牵丝",$AO25,$AM25)+IF($G$1="牵丝",$AP25*1.5,0))*(1+$BH25)*(1+$BI25)+($BJ25*IF($G$1="破竹",$AO25,$AM25)+IF($G$1="破竹",$AP25*1.5,0))*(1+$BL25)*(1+$BM25))*(1+$AQ25))*$P25*(1+IF(VLOOKUP($Q25,武学奇术!$A:$ZZ,30,FALSE)="弹道",$B$21,0))*(1+$BV25) -> 9322.4621 | P25: 3 | Q25: 神龙吐火暗灼dot | R25: 易水歌5层 | S25: 沧海帖6层 | T25: N/a | U25: 小纵地 | V25: N/a | W25: N/a | X25: N/a | Y25: 断石5额外 | Z25: N/a | AA25: N/a | AB25: N/a | AC25: N/a | AD25: N/a | AE25: 惊神(拐) | AF25: 伞增(拐) | AG25: N/a | AH25: N/a | AI25: N/a | AJ25: N/a | AK25: N/a | AL25: =VLOOKUP($Q25,武学奇术!$A:$ZZ,25,FALSE) -> 单体奇术 | AM25: =VLOOKUP($Q25,武学奇术!$A:$ZZ,26,FALSE) -> 0.236 | AN25: =VLOOKUP($Q25,武学奇术!$A:$ZZ,27,FALSE)*(1+IF(OR($AL25=$F$4,$AL25=$F$5),$B$22,0)) -> 46 | AO25: =VLOOKUP($Q25,武学奇术!$A:$ZZ,28,FALSE) -> 0.354 | AP25: =VLOOKUP($Q25,武学奇术!$A:$ZZ,29,FALSE)*(1+IF(OR($AL25=$F$4,$AL25=$F$5),$B$22,0)) -> 0 | AQ25: {=$G$3+IFERROR(VLOOKUP($AL25,$F$4:$G$7,2,FALSE),0)+VLOOKUP($Q25,武学奇术!$A:$ZZ,2,FALSE)+SUM(_xlfn.XLOOKUP($R25:$AK25,增益!$A:$A,增益!$B:$B,0))} -> 0.7415 | AR25: {=VLOOKUP($Q25,武学奇术!$A:$ZZ,5,FALSE)+SUM(_xlfn.XLOOKUP($R25:$AK25,增益!$A:$A,增益!$E:$E,0))} -> 0.075 | AS25: {=$D$10*(1+$AR25)+VLOOKUP($Q25,武学奇术!$A:$ZZ,3,FALSE)+SUM(_xlfn.XLOOKUP($R25:$AK25,增益!$A:$A,增益!$C:$C,0))-$I$2} -> 4100.3171 | AT25: {=$E$10*(1+$AR25)+VLOOKUP($Q25,武学奇术!$A:$ZZ,4,FALSE)+SUM(_xlfn.XLOOKUP($R25:$AK25,增益!$A:$A,增益!$D:$D,0))-$I$2} -> 4100.3171 | AU25: {=IF($F$10-$I$3+VLOOKUP($Q25,武学奇术!$A:$ZZ,6,FALSE)+SUM(_xlfn.XLOOKUP($R25:$AK25,增益!$A:$A,增益!$F:$F,0))>0,($F$10-$I$3+VLOOKUP($Q25,武学奇术!$A:$ZZ,6,FALSE)+SUM(_xlfn.XLOOKUP($R25:$AK25,增益!$A:$A,增益!$F:$F,0)))/200,($F$10-$I$3+VLOOKUP($Q25,武学奇术!$A:$ZZ,6,FALSE)+SUM(_xlfn.XLOOKUP($R25:$AK25,增益!$A:$A,增益!$F:$F,0)))/100)} -> 0.4175 | AV25: {=$G$10+VLOOKUP($Q25,武学奇术!$A:$ZZ,7,FALSE)+SUM(_xlfn.XLOOKUP($R25:$AK25,增益!$A:$A,增益!$G:$G,0))} -> 0 | AW25: {=VLOOKUP($Q25,武学奇术!$A:$ZZ,8,FALSE)+SUM(_xlfn.XLOOKUP($R25:$AK25,增益!$A:$A,增益!$H:$H,0))} -> 0 | AX25: =$D$11*(1+$AW25) -> 0 | AY25: =$E$11*(1+$AW25) -> 0 | AZ25: {=IF($F$11-$I$4+VLOOKUP($Q25,武学奇术!$A:$ZZ,9,FALSE)+SUM(_xlfn.XLOOKUP($R25:$AK25,增益!$A:$A,增益!$I:$I,0))>0,($F$11-$I$4+VLOOKUP($Q25,武学奇术!$A:$ZZ,9,FALSE)+SUM(_xlfn.XLOOKUP($R25:$AK25,增益!$A:$A,增益!$I:$I,0)))/200,($F$11-$I$4+VLOOKUP($Q25,武学奇术!$A:$ZZ,9,FALSE)+SUM(_xlfn.XLOOKUP($R25:$AK25,增益!$A:$A,增益!$I:$I,0)))/100)} -> -0.3 | BA25: {=$G$11+VLOOKUP($Q25,武学奇术!$A:$ZZ,10,FALSE)+SUM(_xlfn.XLOOKUP($R25:$AK25,增益!$A:$A,增益!$J:$J,0))} -> 0 | BB25: =$D$12*(1+$AW25) -> 0 | BC25: =$E$12*(1+$AW25) -> 0 | BD25: {=IF($F$12-$I$4+VLOOKUP($Q25,武学奇术!$A:$ZZ,11,FALSE)+SUM(_xlfn.XLOOKUP($R25:$AK25,增益!$A:$A,增益!$K:$K,0))>0,($F$12-$I$4+VLOOKUP($Q25,武学奇术!$A:$ZZ,11,FALSE)+SUM(_xlfn.XLOOKUP($R25:$AK25,增益!$A:$A,增益!$K:$K,0)))/200,($F$12-$I$4+VLOOKUP($Q25,武学奇术!$A:$ZZ,11,FALSE)+SUM(_xlfn.XLOOKUP($R25:$AK25,增益!$A:$A,增益!$K:$K,0)))/100)} -> -0.3 | BE25: {=$G$12+VLOOKUP($Q25,武学奇术!$A:$ZZ,12,FALSE)+SUM(_xlfn.XLOOKUP($R25:$AK25,增益!$A:$A,增益!$L:$L,0))} -> 0 | BF25: =$D$13*(1+$AW25) -> 605.472 | BG25: =$E$13*(1+$AW25) -> 1579.612 | BH25: {=IF($F$13-$I$4+VLOOKUP($Q25,武学奇术!$A:$ZZ,13,FALSE)+SUM(_xlfn.XLOOKUP($R25:$AK25,增益!$A:$A,增益!$M:$M,0))>0,($F$13-$I$4+VLOOKUP($Q25,武学奇术!$A:$ZZ,13,FALSE)+SUM(_xlfn.XLOOKUP($R25:$AK25,增益!$A:$A,增益!$K:$K,0)))/200,($F$13-$I$4+VLOOKUP($Q25,武学奇术!$A:$ZZ,13,FALSE)+SUM(_xlfn.XLOOKUP($R25:$AK25,增益!$A:$A,增益!$M:$M,0)))/100)} -> 0 | BI25: {=$G$13+VLOOKUP($Q25,武学奇术!$A:$ZZ,14,FALSE)+SUM(_xlfn.XLOOKUP($R25:$AK25,增益!$A:$A,增益!$N:$N,0))} -> 0.15 | BJ25: =$D$14*(1+$AW25) -> 0 | BK25: =$E$14*(1+$AW25) -> 0 | BL25: {=IF($F$14-$I$4+VLOOKUP($Q25,武学奇术!$A:$ZZ,15,FALSE)+SUM(_xlfn.XLOOKUP($R25:$AK25,增益!$A:$A,增益!$O:$O,0))>0,($F$14-$I$4+VLOOKUP($Q25,武学奇术!$A:$ZZ,15,FALSE)+SUM(_xlfn.XLOOKUP($R25:$AK25,增益!$A:$A,增益!$O:$O,0)))/200,($F$14-$I$4+VLOOKUP($Q25,武学奇术!$A:$ZZ,15,FALSE)+SUM(_xlfn.XLOOKUP($R25:$AK25,增益!$A:$A,增益!$O:$O,0)))/100)} -> -0.3 | BM25: {=$G$14+VLOOKUP($Q25,武学奇术!$A:$ZZ,16,FALSE)+SUM(_xlfn.XLOOKUP($R25:$AK25,增益!$A:$A,增益!$P:$P,0))} -> 0 | BN25: =MIN(IF(VLOOKUP($Q25,武学奇术!$A:$ZZ,23,FALSE)=1,100%,$B$8),100%) -> 1 | BO25: {=IF(VLOOKUP($Q25,武学奇术!$A:$ZZ,23,FALSE)=1,100%,MIN(80%,$B$9+VLOOKUP($Q25,武学奇术!$A:$ZZ,17,FALSE)+SUM(_xlfn.XLOOKUP($R25:$AK25,增益!$A:$A,增益!$Q:$Q,0)))+$B$11+SUM(_xlfn.XLOOKUP($R25:$AK25,增益!$A:$A,增益!$U:$U,0)))*IF(VLOOKUP($Q25,武学奇术!$A:$ZZ,24,FALSE)=1,0,1)} -> 0.9093 | BP25: {=1+$B$13+VLOOKUP($Q25,武学奇术!$A:$ZZ,18,FALSE)+SUM(_xlfn.XLOOKUP($R25:$AK25,增益!$A:$A,增益!$R:$R,0))} -> 1.81 | BQ25: {=IF(VLOOKUP($Q25,武学奇术!$A:$ZZ,24,FALSE)=1,100%,MIN(40%,$B$10+VLOOKUP($Q25,武学奇术!$A:$ZZ,19,FALSE)+SUM(_xlfn.XLOOKUP($R25:$AK25,增益!$A:$A,增益!$S:$S,0)))+$B$12+SUM(_xlfn.XLOOKUP($R25:$AK25,增益!$A:$A,增益!$V:$V,0)))*IF(VLOOKUP($Q25,武学奇术!$A:$ZZ,23,FALSE)=1,0,1)} -> 0.0929 | BR25: {=1+$B$14+VLOOKUP($Q25,武学奇术!$A:$ZZ,20,FALSE)+SUM(_xlfn.XLOOKUP($R25:$AK25,增益!$A:$A,增益!$T:$T,0))} -> 1.35 | BS25: =MIN((1-BQ25)*BN25,BN25*BO25) -> 0.9071 | BT25: =1-BQ25-BS25-BU25 -> 0 | BU25: =IF(VLOOKUP($Q25,武学奇术!$A:$ZZ,22,FALSE)=1,0,(1-$BN25))*(1-$BQ25) -> 0 | BV25: {=SUM(_xlfn.XLOOKUP($R25:$AK25,增益!$A:$A,增益!$W:$W,0))+$I$5} -> 0.06
F26: 100 | K26: =($L26*$BS26+$M26*$BQ26+$N26*$BT26+$O26*$BU26) -> 42911.083 | L26: =((($AS26+$AT26)/2*$AM26+$AN26)*(1+$AU26)*(1+$AV26)+(($AX26+$AY26)/2*IF($G$1="鸣金",$AO26,$AM26)+IF($G$1="鸣金",$AP26*1.5,0))*(1+$AZ26)*(1+$BA26)+(($BB26+$BC26)/2*IF($G$1="裂石",$AO26,$AM26)+IF($G$1="裂石",$AP26*1.5,0))*(1+$BD26)*(1+$BE26)+(($BF26+$BG26)/2*IF($G$1="牵丝",$AO26,$AM26)+IF($G$1="牵丝",$AP26*1.5,0))*(1+$BH26)*(1+$BI26)+(($BJ26+$BK26)/2*IF($G$1="破竹",$AO26,$AM26)+IF($G$1="破竹",$AP26*1.5,0))*(1+$BL26)*(1+$BM26))*(1+$AQ26)*$BP26*$P26*(1+IF(VLOOKUP($Q26,武学奇术!$A:$ZZ,30,FALSE)="弹道",$B$21,0))*(1+$BV26) -> 42980.211 | M26: =(($AT26*$AM26+$AN26)*(1+$AU26)*(1+$AV26)+($AY26*IF($G$1="鸣金",$AO26,$AM26)+IF($G$1="鸣金",$AP26*1.5,0))*(1+$AZ26)*(1+$BA26)+($BC26*IF($G$1="裂石",$AO26,$AM26)+IF($G$1="裂石",$AP26*1.5,0))*(1+$BD26)*(1+$BE26)+($BG26*IF($G$1="牵丝",$AO26,$AM26)+IF($G$1="牵丝",$AP26*1.5,0))*(1+$BH26)*(1+$BI26)+($BK26*IF($G$1="破竹",$AO26,$AM26)+IF($G$1="破竹",$AP26*1.5,0))*(1+$BL26)*(1+$BM26))*(1+$AQ26)*$BR26*$P26*(1+IF(VLOOKUP($Q26,武学奇术!$A:$ZZ,30,FALSE)="弹道",$B$21,0))*(1+$BV26) -> 42236.103 | N26: =((($AS26+$AT26)/2*$AM26+$AN26)*(1+$AU26)*(1+$AV26)+(($AX26+$AY26)/2*IF($G$1="鸣金",$AO26,$AM26)+IF($G$1="鸣金",$AP26*1.5,0))*(1+$AZ26)*(1+$BA26)+(($BB26+$BC26)/2*IF($G$1="裂石",$AO26,$AM26)+IF($G$1="裂石",$AP26*1.5,0))*(1+$BD26)*(1+$BE26)+(($BF26+$BG26)/2*IF($G$1="牵丝",$AO26,$AM26)+IF($G$1="牵丝",$AP26*1.5,0))*(1+$BH26)*(1+$BI26)+(($BJ26+$BK26)/2*IF($G$1="破竹",$AO26,$AM26)+IF($G$1="破竹",$AP26*1.5,0))*(1+$BL26)*(1+$BM26))*(1+$AQ26)*$P26*(1+IF(VLOOKUP($Q26,武学奇术!$A:$ZZ,30,FALSE)="弹道",$B$21,0))*(1+$BV26) -> 28091.641 | O26: =((($AS26*$AM26+$AN26)*(1+$AU26)*(1+$AV26)+($AX26*IF($G$1="鸣金",$AO26,$AM26)+IF($G$1="鸣金",$AP26*1.5,0))*(1+$AZ26)*(1+$BA26)+($BB26*IF($G$1="裂石",$AO26,$AM26)+IF($G$1="裂石",$AP26*1.5,0))*(1+$BD26)*(1+$BE26)+($BF26*IF($G$1="牵丝",$AO26,$AM26)+IF($G$1="牵丝",$AP26*1.5,0))*(1+$BH26)*(1+$BI26)+($BJ26*IF($G$1="破竹",$AO26,$AM26)+IF($G$1="破竹",$AP26*1.5,0))*(1+$BL26)*(1+$BM26))*(1+$AQ26))*$P26*(1+IF(VLOOKUP($Q26,武学奇术!$A:$ZZ,30,FALSE)="弹道",$B$21,0))*(1+$BV26) -> 24897.28 | P26: 2 | Q26: 太白醉月1-4 | R26: 易水歌4层 | S26: 沧海帖3层 | T26: N/a | U26: 小纵地 | V26: N/a | W26: N/a | X26: N/a | Y26: N/a | Z26: N/a | AA26: 近战笛 | AB26: 惧刃(拐) | AC26: N/a | AD26: N/a | AE26: N/a | AF26: 伞增(拐) | AG26: N/a | AH26: N/a | AI26: N/a | AJ26: N/a | AK26: N/a | AL26: =VLOOKUP($Q26,武学奇术!$A:$ZZ,25,FALSE) -> 单体奇术 | AM26: =VLOOKUP($Q26,武学奇术!$A:$ZZ,26,FALSE) -> 1.0239 | AN26: =VLOOKUP($Q26,武学奇术!$A:$ZZ,27,FALSE)*(1+IF(OR($AL26=$F$4,$AL26=$F$5),$B$22,0)) -> 196 | AO26: =VLOOKUP($Q26,武学奇术!$A:$ZZ,28,FALSE) -> 1.53585 | AP26: =VLOOKUP($Q26,武学奇术!$A:$ZZ,29,FALSE)*(1+IF(OR($AL26=$F$4,$AL26=$F$5),$B$22,0)) -> 0 | AQ26: {=$G$3+IFERROR(VLOOKUP($AL26,$F$4:$G$7,2,FALSE),0)+VLOOKUP($Q26,武学奇术!$A:$ZZ,2,FALSE)+SUM(_xlfn.XLOOKUP($R26:$AK26,增益!$A:$A,增益!$B:$B,0))} -> 0.7515 | AR26: {=VLOOKUP($Q26,武学奇术!$A:$ZZ,5,FALSE)+SUM(_xlfn.XLOOKUP($R26:$AK26,增益!$A:$A,增益!$E:$E,0))} -> 0.075 | AS26: {=$D$10*(1+$AR26)+VLOOKUP($Q26,武学奇术!$A:$ZZ,3,FALSE)+SUM(_xlfn.XLOOKUP($R26:$AK26,增益!$A:$A,增益!$C:$C,0))-$I$2} -> 4100.3171 | AT26: {=$E$10*(1+$AR26)+VLOOKUP($Q26,武学奇术!$A:$ZZ,4,FALSE)+SUM(_xlfn.XLOOKUP($R26:$AK26,增益!$A:$A,增益!$D:$D,0))-$I$2} -> 4100.3171 | AU26: {=IF($F$10-$I$3+VLOOKUP($Q26,武学奇术!$A:$ZZ,6,FALSE)+SUM(_xlfn.XLOOKUP($R26:$AK26,增益!$A:$A,增益!$F:$F,0))>0,($F$10-$I$3+VLOOKUP($Q26,武学奇术!$A:$ZZ,6,FALSE)+SUM(_xlfn.XLOOKUP($R26:$AK26,增益!$A:$A,增益!$F:$F,0)))/200,($F$10-$I$3+VLOOKUP($Q26,武学奇术!$A:$ZZ,6,FALSE)+SUM(_xlfn.XLOOKUP($R26:$AK26,增益!$A:$A,增益!$F:$F,0)))/100)} -> 0.2825 | AV26: {=$G$10+VLOOKUP($Q26,武学奇术!$A:$ZZ,7,FALSE)+SUM(_xlfn.XLOOKUP($R26:$AK26,增益!$A:$A,增益!$G:$G,0))} -> 0 | AW26: {=VLOOKUP($Q26,武学奇术!$A:$ZZ,8,FALSE)+SUM(_xlfn.XLOOKUP($R26:$AK26,增益!$A:$A,增益!$H:$H,0))} -> 0 | AX26: =$D$11*(1+$AW26) -> 0 | AY26: =$E$11*(1+$AW26) -> 0 | AZ26: {=IF($F$11-$I$4+VLOOKUP($Q26,武学奇术!$A:$ZZ,9,FALSE)+SUM(_xlfn.XLOOKUP($R26:$AK26,增益!$A:$A,增益!$I:$I,0))>0,($F$11-$I$4+VLOOKUP($Q26,武学奇术!$A:$ZZ,9,FALSE)+SUM(_xlfn.XLOOKUP($R26:$AK26,增益!$A:$A,增益!$I:$I,0)))/200,($F$11-$I$4+VLOOKUP($Q26,武学奇术!$A:$ZZ,9,FALSE)+SUM(_xlfn.XLOOKUP($R26:$AK26,增益!$A:$A,增益!$I:$I,0)))/100)} -> -0.3 | BA26: {=$G$11+VLOOKUP($Q26,武学奇术!$A:$ZZ,10,FALSE)+SUM(_xlfn.XLOOKUP($R26:$AK26,增益!$A:$A,增益!$J:$J,0))} -> 0 | BB26: =$D$12*(1+$AW26) -> 0 | BC26: =$E$12*(1+$AW26) -> 0 | BD26: {=IF($F$12-$I$4+VLOOKUP($Q26,武学奇术!$A:$ZZ,11,FALSE)+SUM(_xlfn.XLOOKUP($R26:$AK26,增益!$A:$A,增益!$K:$K,0))>0,($F$12-$I$4+VLOOKUP($Q26,武学奇术!$A:$ZZ,11,FALSE)+SUM(_xlfn.XLOOKUP($R26:$AK26,增益!$A:$A,增益!$K:$K,0)))/200,($F$12-$I$4+VLOOKUP($Q26,武学奇术!$A:$ZZ,11,FALSE)+SUM(_xlfn.XLOOKUP($R26:$AK26,增益!$A:$A,增益!$K:$K,0)))/100)} -> -0.3 | BE26: {=$G$12+VLOOKUP($Q26,武学奇术!$A:$ZZ,12,FALSE)+SUM(_xlfn.XLOOKUP($R26:$AK26,增益!$A:$A,增益!$L:$L,0))} -> 0 | BF26: =$D$13*(1+$AW26) -> 605.472 | BG26: =$E$13*(1+$AW26) -> 1579.612 | BH26: {=IF($F$13-$I$4+VLOOKUP($Q26,武学奇术!$A:$ZZ,13,FALSE)+SUM(_xlfn.XLOOKUP($R26:$AK26,增益!$A:$A,增益!$M:$M,0))>0,($F$13-$I$4+VLOOKUP($Q26,武学奇术!$A:$ZZ,13,FALSE)+SUM(_xlfn.XLOOKUP($R26:$AK26,增益!$A:$A,增益!$K:$K,0)))/200,($F$13-$I$4+VLOOKUP($Q26,武学奇术!$A:$ZZ,13,FALSE)+SUM(_xlfn.XLOOKUP($R26:$AK26,增益!$A:$A,增益!$M:$M,0)))/100)} -> 0 | BI26: {=$G$13+VLOOKUP($Q26,武学奇术!$A:$ZZ,14,FALSE)+SUM(_xlfn.XLOOKUP($R26:$AK26,增益!$A:$A,增益!$N:$N,0))} -> 0.15 | BJ26: =$D$14*(1+$AW26) -> 0 | BK26: =$E$14*(1+$AW26) -> 0 | BL26: {=IF($F$14-$I$4+VLOOKUP($Q26,武学奇术!$A:$ZZ,15,FALSE)+SUM(_xlfn.XLOOKUP($R26:$AK26,增益!$A:$A,增益!$O:$O,0))>0,($F$14-$I$4+VLOOKUP($Q26,武学奇术!$A:$ZZ,15,FALSE)+SUM(_xlfn.XLOOKUP($R26:$AK26,增益!$A:$A,增益!$O:$O,0)))/200,($F$14-$I$4+VLOOKUP($Q26,武学奇术!$A:$ZZ,15,FALSE)+SUM(_xlfn.XLOOKUP($R26:$AK26,增益!$A:$A,增益!$O:$O,0)))/100)} -> -0.3 | BM26: {=$G$14+VLOOKUP($Q26,武学奇术!$A:$ZZ,16,FALSE)+SUM(_xlfn.XLOOKUP($R26:$AK26,增益!$A:$A,增益!$P:$P,0))} -> 0 | BN26: =MIN(IF(VLOOKUP($Q26,武学奇术!$A:$ZZ,23,FALSE)=1,100%,$B$8),100%) -> 1 | BO26: {=IF(VLOOKUP($Q26,武学奇术!$A:$ZZ,23,FALSE)=1,100%,MIN(80%,$B$9+VLOOKUP($Q26,武学奇术!$A:$ZZ,17,FALSE)+SUM(_xlfn.XLOOKUP($R26:$AK26,增益!$A:$A,增益!$Q:$Q,0)))+$B$11+SUM(_xlfn.XLOOKUP($R26:$AK26,增益!$A:$A,增益!$U:$U,0)))*IF(VLOOKUP($Q26,武学奇术!$A:$ZZ,24,FALSE)=1,0,1)} -> 0.9093 | BP26: {=1+$B$13+VLOOKUP($Q26,武学奇术!$A:$ZZ,18,FALSE)+SUM(_xlfn.XLOOKUP($R26:$AK26,增益!$A:$A,增益!$R:$R,0))} -> 1.53 | BQ26: {=IF(VLOOKUP($Q26,武学奇术!$A:$ZZ,24,FALSE)=1,100%,MIN(40%,$B$10+VLOOKUP($Q26,武学奇术!$A:$ZZ,19,FALSE)+SUM(_xlfn.XLOOKUP($R26:$AK26,增益!$A:$A,增益!$S:$S,0)))+$B$12+SUM(_xlfn.XLOOKUP($R26:$AK26,增益!$A:$A,增益!$V:$V,0)))*IF(VLOOKUP($Q26,武学奇术!$A:$ZZ,23,FALSE)=1,0,1)} -> 0.0929 | BR26: {=1+$B$14+VLOOKUP($Q26,武学奇术!$A:$ZZ,20,FALSE)+SUM(_xlfn.XLOOKUP($R26:$AK26,增益!$A:$A,增益!$T:$T,0))} -> 1.35 | BS26: =MIN((1-BQ26)*BN26,BN26*BO26) -> 0.9071 | BT26: =1-BQ26-BS26-BU26 -> 0 | BU26: =IF(VLOOKUP($Q26,武学奇术!$A:$ZZ,22,FALSE)=1,0,(1-$BN26))*(1-$BQ26) -> 0 | BV26: {=SUM(_xlfn.XLOOKUP($R26:$AK26,增益!$A:$A,增益!$W:$W,0))+$I$5} -> 0.06
A27: 笛 | B27: 1.3 | F27: -50 | K27: =($L27*$BS27+$M27*$BQ27+$N27*$BT27+$O27*$BU27) -> 67432.281 | L27: =((($AS27+$AT27)/2*$AM27+$AN27)*(1+$AU27)*(1+$AV27)+(($AX27+$AY27)/2*IF($G$1="鸣金",$AO27,$AM27)+IF($G$1="鸣金",$AP27*1.5,0))*(1+$AZ27)*(1+$BA27)+(($BB27+$BC27)/2*IF($G$1="裂石",$AO27,$AM27)+IF($G$1="裂石",$AP27*1.5,0))*(1+$BD27)*(1+$BE27)+(($BF27+$BG27)/2*IF($G$1="牵丝",$AO27,$AM27)+IF($G$1="牵丝",$AP27*1.5,0))*(1+$BH27)*(1+$BI27)+(($BJ27+$BK27)/2*IF($G$1="破竹",$AO27,$AM27)+IF($G$1="破竹",$AP27*1.5,0))*(1+$BL27)*(1+$BM27))*(1+$AQ27)*$BP27*$P27*(1+IF(VLOOKUP($Q27,武学奇术!$A:$ZZ,30,FALSE)="弹道",$B$21,0))*(1+$BV27) -> 67540.911 | M27: =(($AT27*$AM27+$AN27)*(1+$AU27)*(1+$AV27)+($AY27*IF($G$1="鸣金",$AO27,$AM27)+IF($G$1="鸣金",$AP27*1.5,0))*(1+$AZ27)*(1+$BA27)+($BC27*IF($G$1="裂石",$AO27,$AM27)+IF($G$1="裂石",$AP27*1.5,0))*(1+$BD27)*(1+$BE27)+($BG27*IF($G$1="牵丝",$AO27,$AM27)+IF($G$1="牵丝",$AP27*1.5,0))*(1+$BH27)*(1+$BI27)+($BK27*IF($G$1="破竹",$AO27,$AM27)+IF($G$1="破竹",$AP27*1.5,0))*(1+$BL27)*(1+$BM27))*(1+$AQ27)*$BR27*$P27*(1+IF(VLOOKUP($Q27,武学奇术!$A:$ZZ,30,FALSE)="弹道",$B$21,0))*(1+$BV27) -> 66371.591 | N27: =((($AS27+$AT27)/2*$AM27+$AN27)*(1+$AU27)*(1+$AV27)+(($AX27+$AY27)/2*IF($G$1="鸣金",$AO27,$AM27)+IF($G$1="鸣金",$AP27*1.5,0))*(1+$AZ27)*(1+$BA27)+(($BB27+$BC27)/2*IF($G$1="裂石",$AO27,$AM27)+IF($G$1="裂石",$AP27*1.5,0))*(1+$BD27)*(1+$BE27)+(($BF27+$BG27)/2*IF($G$1="牵丝",$AO27,$AM27)+IF($G$1="牵丝",$AP27*1.5,0))*(1+$BH27)*(1+$BI27)+(($BJ27+$BK27)/2*IF($G$1="破竹",$AO27,$AM27)+IF($G$1="破竹",$AP27*1.5,0))*(1+$BL27)*(1+$BM27))*(1+$AQ27)*$P27*(1+IF(VLOOKUP($Q27,武学奇术!$A:$ZZ,30,FALSE)="弹道",$B$21,0))*(1+$BV27) -> 44144.386 | O27: =((($AS27*$AM27+$AN27)*(1+$AU27)*(1+$AV27)+($AX27*IF($G$1="鸣金",$AO27,$AM27)+IF($G$1="鸣金",$AP27*1.5,0))*(1+$AZ27)*(1+$BA27)+($BB27*IF($G$1="裂石",$AO27,$AM27)+IF($G$1="裂石",$AP27*1.5,0))*(1+$BD27)*(1+$BE27)+($BF27*IF($G$1="牵丝",$AO27,$AM27)+IF($G$1="牵丝",$AP27*1.5,0))*(1+$BH27)*(1+$BI27)+($BJ27*IF($G$1="破竹",$AO27,$AM27)+IF($G$1="破竹",$AP27*1.5,0))*(1+$BL27)*(1+$BM27))*(1+$AQ27))*$P27*(1+IF(VLOOKUP($Q27,武学奇术!$A:$ZZ,30,FALSE)="弹道",$B$21,0))*(1+$BV27) -> 39124.631 | P27: 2 | Q27: 太白醉月暗灼 | R27: 易水歌4层 | S27: 沧海帖3层 | T27: N/a | U27: 小纵地 | V27: N/a | W27: N/a | X27: N/a | Y27: N/a | Z27: N/a | AA27: 近战笛 | AB27: 惧刃(拐) | AC27: N/a | AD27: N/a | AE27: N/a | AF27: 伞增(拐) | AG27: N/a | AH27: N/a | AI27: N/a | AJ27: N/a | AK27: N/a | AL27: =VLOOKUP($Q27,武学奇术!$A:$ZZ,25,FALSE) -> 单体奇术 | AM27: =VLOOKUP($Q27,武学奇术!$A:$ZZ,26,FALSE) -> 1.609 | AN27: =VLOOKUP($Q27,武学奇术!$A:$ZZ,27,FALSE)*(1+IF(OR($AL27=$F$4,$AL27=$F$5),$B$22,0)) -> 308 | AO27: =VLOOKUP($Q27,武学奇术!$A:$ZZ,28,FALSE) -> 2.4135 | AP27: =VLOOKUP($Q27,武学奇术!$A:$ZZ,29,FALSE)*(1+IF(OR($AL27=$F$4,$AL27=$F$5),$B$22,0)) -> 0 | AQ27: {=$G$3+IFERROR(VLOOKUP($AL27,$F$4:$G$7,2,FALSE),0)+VLOOKUP($Q27,武学奇术!$A:$ZZ,2,FALSE)+SUM(_xlfn.XLOOKUP($R27:$AK27,增益!$A:$A,增益!$B:$B,0))} -> 0.7515 | AR27: {=VLOOKUP($Q27,武学奇术!$A:$ZZ,5,FALSE)+SUM(_xlfn.XLOOKUP($R27:$AK27,增益!$A:$A,增益!$E:$E,0))} -> 0.075 | AS27: {=$D$10*(1+$AR27)+VLOOKUP($Q27,武学奇术!$A:$ZZ,3,FALSE)+SUM(_xlfn.XLOOKUP($R27:$AK27,增益!$A:$A,增益!$C:$C,0))-$I$2} -> 4100.3171 | AT27: {=$E$10*(1+$AR27)+VLOOKUP($Q27,武学奇术!$A:$ZZ,4,FALSE)+SUM(_xlfn.XLOOKUP($R27:$AK27,增益!$A:$A,增益!$D:$D,0))-$I$2} -> 4100.3171 | AU27: {=IF($F$10-$I$3+VLOOKUP($Q27,武学奇术!$A:$ZZ,6,FALSE)+SUM(_xlfn.XLOOKUP($R27:$AK27,增益!$A:$A,增益!$F:$F,0))>0,($F$10-$I$3+VLOOKUP($Q27,武学奇术!$A:$ZZ,6,FALSE)+SUM(_xlfn.XLOOKUP($R27:$AK27,增益!$A:$A,增益!$F:$F,0)))/200,($F$10-$I$3+VLOOKUP($Q27,武学奇术!$A:$ZZ,6,FALSE)+SUM(_xlfn.XLOOKUP($R27:$AK27,增益!$A:$A,增益!$F:$F,0)))/100)} -> 0.2825 | AV27: {=$G$10+VLOOKUP($Q27,武学奇术!$A:$ZZ,7,FALSE)+SUM(_xlfn.XLOOKUP($R27:$AK27,增益!$A:$A,增益!$G:$G,0))} -> 0 | AW27: {=VLOOKUP($Q27,武学奇术!$A:$ZZ,8,FALSE)+SUM(_xlfn.XLOOKUP($R27:$AK27,增益!$A:$A,增益!$H:$H,0))} -> 0 | AX27: =$D$11*(1+$AW27) -> 0 | AY27: =$E$11*(1+$AW27) -> 0 | AZ27: {=IF($F$11-$I$4+VLOOKUP($Q27,武学奇术!$A:$ZZ,9,FALSE)+SUM(_xlfn.XLOOKUP($R27:$AK27,增益!$A:$A,增益!$I:$I,0))>0,($F$11-$I$4+VLOOKUP($Q27,武学奇术!$A:$ZZ,9,FALSE)+SUM(_xlfn.XLOOKUP($R27:$AK27,增益!$A:$A,增益!$I:$I,0)))/200,($F$11-$I$4+VLOOKUP($Q27,武学奇术!$A:$ZZ,9,FALSE)+SUM(_xlfn.XLOOKUP($R27:$AK27,增益!$A:$A,增益!$I:$I,0)))/100)} -> -0.3 | BA27: {=$G$11+VLOOKUP($Q27,武学奇术!$A:$ZZ,10,FALSE)+SUM(_xlfn.XLOOKUP($R27:$AK27,增益!$A:$A,增益!$J:$J,0))} -> 0 | BB27: =$D$12*(1+$AW27) -> 0 | BC27: =$E$12*(1+$AW27) -> 0 | BD27: {=IF($F$12-$I$4+VLOOKUP($Q27,武学奇术!$A:$ZZ,11,FALSE)+SUM(_xlfn.XLOOKUP($R27:$AK27,增益!$A:$A,增益!$K:$K,0))>0,($F$12-$I$4+VLOOKUP($Q27,武学奇术!$A:$ZZ,11,FALSE)+SUM(_xlfn.XLOOKUP($R27:$AK27,增益!$A:$A,增益!$K:$K,0)))/200,($F$12-$I$4+VLOOKUP($Q27,武学奇术!$A:$ZZ,11,FALSE)+SUM(_xlfn.XLOOKUP($R27:$AK27,增益!$A:$A,增益!$K:$K,0)))/100)} -> -0.3 | BE27: {=$G$12+VLOOKUP($Q27,武学奇术!$A:$ZZ,12,FALSE)+SUM(_xlfn.XLOOKUP($R27:$AK27,增益!$A:$A,增益!$L:$L,0))} -> 0 | BF27: =$D$13*(1+$AW27) -> 605.472 | BG27: =$E$13*(1+$AW27) -> 1579.612 | BH27: {=IF($F$13-$I$4+VLOOKUP($Q27,武学奇术!$A:$ZZ,13,FALSE)+SUM(_xlfn.XLOOKUP($R27:$AK27,增益!$A:$A,增益!$M:$M,0))>0,($F$13-$I$4+VLOOKUP($Q27,武学奇术!$A:$ZZ,13,FALSE)+SUM(_xlfn.XLOOKUP($R27:$AK27,增益!$A:$A,增益!$K:$K,0)))/200,($F$13-$I$4+VLOOKUP($Q27,武学奇术!$A:$ZZ,13,FALSE)+SUM(_xlfn.XLOOKUP($R27:$AK27,增益!$A:$A,增益!$M:$M,0)))/100)} -> 0 | BI27: {=$G$13+VLOOKUP($Q27,武学奇术!$A:$ZZ,14,FALSE)+SUM(_xlfn.XLOOKUP($R27:$AK27,增益!$A:$A,增益!$N:$N,0))} -> 0.15 | BJ27: =$D$14*(1+$AW27) -> 0 | BK27: =$E$14*(1+$AW27) -> 0 | BL27: {=IF($F$14-$I$4+VLOOKUP($Q27,武学奇术!$A:$ZZ,15,FALSE)+SUM(_xlfn.XLOOKUP($R27:$AK27,增益!$A:$A,增益!$O:$O,0))>0,($F$14-$I$4+VLOOKUP($Q27,武学奇术!$A:$ZZ,15,FALSE)+SUM(_xlfn.XLOOKUP($R27:$AK27,增益!$A:$A,增益!$O:$O,0)))/200,($F$14-$I$4+VLOOKUP($Q27,武学奇术!$A:$ZZ,15,FALSE)+SUM(_xlfn.XLOOKUP($R27:$AK27,增益!$A:$A,增益!$O:$O,0)))/100)} -> -0.3 | BM27: {=$G$14+VLOOKUP($Q27,武学奇术!$A:$ZZ,16,FALSE)+SUM(_xlfn.XLOOKUP($R27:$AK27,增益!$A:$A,增益!$P:$P,0))} -> 0 | BN27: =MIN(IF(VLOOKUP($Q27,武学奇术!$A:$ZZ,23,FALSE)=1,100%,$B$8),100%) -> 1 | BO27: {=IF(VLOOKUP($Q27,武学奇术!$A:$ZZ,23,FALSE)=1,100%,MIN(80%,$B$9+VLOOKUP($Q27,武学奇术!$A:$ZZ,17,FALSE)+SUM(_xlfn.XLOOKUP($R27:$AK27,增益!$A:$A,增益!$Q:$Q,0)))+$B$11+SUM(_xlfn.XLOOKUP($R27:$AK27,增益!$A:$A,增益!$U:$U,0)))*IF(VLOOKUP($Q27,武学奇术!$A:$ZZ,24,FALSE)=1,0,1)} -> 0.9093 | BP27: {=1+$B$13+VLOOKUP($Q27,武学奇术!$A:$ZZ,18,FALSE)+SUM(_xlfn.XLOOKUP($R27:$AK27,增益!$A:$A,增益!$R:$R,0))} -> 1.53 | BQ27: {=IF(VLOOKUP($Q27,武学奇术!$A:$ZZ,24,FALSE)=1,100%,MIN(40%,$B$10+VLOOKUP($Q27,武学奇术!$A:$ZZ,19,FALSE)+SUM(_xlfn.XLOOKUP($R27:$AK27,增益!$A:$A,增益!$S:$S,0)))+$B$12+SUM(_xlfn.XLOOKUP($R27:$AK27,增益!$A:$A,增益!$V:$V,0)))*IF(VLOOKUP($Q27,武学奇术!$A:$ZZ,23,FALSE)=1,0,1)} -> 0.0929 | BR27: {=1+$B$14+VLOOKUP($Q27,武学奇术!$A:$ZZ,20,FALSE)+SUM(_xlfn.XLOOKUP($R27:$AK27,增益!$A:$A,增益!$T:$T,0))} -> 1.35 | BS27: =MIN((1-BQ27)*BN27,BN27*BO27) -> 0.9071 | BT27: =1-BQ27-BS27-BU27 -> 0 | BU27: =IF(VLOOKUP($Q27,武学奇术!$A:$ZZ,22,FALSE)=1,0,(1-$BN27))*(1-$BQ27) -> 0 | BV27: {=SUM(_xlfn.XLOOKUP($R27:$AK27,增益!$A:$A,增益!$W:$W,0))+$I$5} -> 0.06
A28: 风墙切武 | B28: 1.1 | F28: -10 | I28: 2.5 | K28: =($L28*$BS28+$M28*$BQ28+$N28*$BT28+$O28*$BU28) -> 43404.409 | L28: =((($AS28+$AT28)/2*$AM28+$AN28)*(1+$AU28)*(1+$AV28)+(($AX28+$AY28)/2*IF($G$1="鸣金",$AO28,$AM28)+IF($G$1="鸣金",$AP28*1.5,0))*(1+$AZ28)*(1+$BA28)+(($BB28+$BC28)/2*IF($G$1="裂石",$AO28,$AM28)+IF($G$1="裂石",$AP28*1.5,0))*(1+$BD28)*(1+$BE28)+(($BF28+$BG28)/2*IF($G$1="牵丝",$AO28,$AM28)+IF($G$1="牵丝",$AP28*1.5,0))*(1+$BH28)*(1+$BI28)+(($BJ28+$BK28)/2*IF($G$1="破竹",$AO28,$AM28)+IF($G$1="破竹",$AP28*1.5,0))*(1+$BL28)*(1+$BM28))*(1+$AQ28)*$BP28*$P28*(1+IF(VLOOKUP($Q28,武学奇术!$A:$ZZ,30,FALSE)="弹道",$B$21,0))*(1+$BV28) -> 43476.675 | M28: =(($AT28*$AM28+$AN28)*(1+$AU28)*(1+$AV28)+($AY28*IF($G$1="鸣金",$AO28,$AM28)+IF($G$1="鸣金",$AP28*1.5,0))*(1+$AZ28)*(1+$BA28)+($BC28*IF($G$1="裂石",$AO28,$AM28)+IF($G$1="裂石",$AP28*1.5,0))*(1+$BD28)*(1+$BE28)+($BG28*IF($G$1="牵丝",$AO28,$AM28)+IF($G$1="牵丝",$AP28*1.5,0))*(1+$BH28)*(1+$BI28)+($BK28*IF($G$1="破竹",$AO28,$AM28)+IF($G$1="破竹",$AP28*1.5,0))*(1+$BL28)*(1+$BM28))*(1+$AQ28)*$BR28*$P28*(1+IF(VLOOKUP($Q28,武学奇术!$A:$ZZ,30,FALSE)="弹道",$B$21,0))*(1+$BV28) -> 42698.781 | N28: =((($AS28+$AT28)/2*$AM28+$AN28)*(1+$AU28)*(1+$AV28)+(($AX28+$AY28)/2*IF($G$1="鸣金",$AO28,$AM28)+IF($G$1="鸣金",$AP28*1.5,0))*(1+$AZ28)*(1+$BA28)+(($BB28+$BC28)/2*IF($G$1="裂石",$AO28,$AM28)+IF($G$1="裂石",$AP28*1.5,0))*(1+$BD28)*(1+$BE28)+(($BF28+$BG28)/2*IF($G$1="牵丝",$AO28,$AM28)+IF($G$1="牵丝",$AP28*1.5,0))*(1+$BH28)*(1+$BI28)+(($BJ28+$BK28)/2*IF($G$1="破竹",$AO28,$AM28)+IF($G$1="破竹",$AP28*1.5,0))*(1+$BL28)*(1+$BM28))*(1+$AQ28)*$P28*(1+IF(VLOOKUP($Q28,武学奇术!$A:$ZZ,30,FALSE)="弹道",$B$21,0))*(1+$BV28) -> 28416.128 | O28: =((($AS28*$AM28+$AN28)*(1+$AU28)*(1+$AV28)+($AX28*IF($G$1="鸣金",$AO28,$AM28)+IF($G$1="鸣金",$AP28*1.5,0))*(1+$AZ28)*(1+$BA28)+($BB28*IF($G$1="裂石",$AO28,$AM28)+IF($G$1="裂石",$AP28*1.5,0))*(1+$BD28)*(1+$BE28)+($BF28*IF($G$1="牵丝",$AO28,$AM28)+IF($G$1="牵丝",$AP28*1.5,0))*(1+$BH28)*(1+$BI28)+($BJ28*IF($G$1="破竹",$AO28,$AM28)+IF($G$1="破竹",$AP28*1.5,0))*(1+$BL28)*(1+$BM28))*(1+$AQ28))*$P28*(1+IF(VLOOKUP($Q28,武学奇术!$A:$ZZ,30,FALSE)="弹道",$B$21,0))*(1+$BV28) -> 25203.529 | P28: 2 | Q28: 太白醉月1-4 | R28: 易水歌5层 | S28: 沧海帖3层 | T28: N/a | U28: 小纵地 | V28: N/a | W28: N/a | X28: N/a | Y28: N/a | Z28: N/a | AA28: 近战笛 | AB28: 惧刃(拐) | AC28: N/a | AD28: N/a | AE28: N/a | AF28: 伞增(拐) | AG28: N/a | AH28: N/a | AI28: N/a | AJ28: N/a | AK28: N/a | AL28: =VLOOKUP($Q28,武学奇术!$A:$ZZ,25,FALSE) -> 单体奇术 | AM28: =VLOOKUP($Q28,武学奇术!$A:$ZZ,26,FALSE) -> 1.0239 | AN28: =VLOOKUP($Q28,武学奇术!$A:$ZZ,27,FALSE)*(1+IF(OR($AL28=$F$4,$AL28=$F$5),$B$22,0)) -> 196 | AO28: =VLOOKUP($Q28,武学奇术!$A:$ZZ,28,FALSE) -> 1.53585 | AP28: =VLOOKUP($Q28,武学奇术!$A:$ZZ,29,FALSE)*(1+IF(OR($AL28=$F$4,$AL28=$F$5),$B$22,0)) -> 0 | AQ28: {=$G$3+IFERROR(VLOOKUP($AL28,$F$4:$G$7,2,FALSE),0)+VLOOKUP($Q28,武学奇术!$A:$ZZ,2,FALSE)+SUM(_xlfn.XLOOKUP($R28:$AK28,增益!$A:$A,增益!$B:$B,0))} -> 0.7615 | AR28: {=VLOOKUP($Q28,武学奇术!$A:$ZZ,5,FALSE)+SUM(_xlfn.XLOOKUP($R28:$AK28,增益!$A:$A,增益!$E:$E,0))} -> 0.075 | AS28: {=$D$10*(1+$AR28)+VLOOKUP($Q28,武学奇术!$A:$ZZ,3,FALSE)+SUM(_xlfn.XLOOKUP($R28:$AK28,增益!$A:$A,增益!$C:$C,0))-$I$2} -> 4100.3171 | AT28: {=$E$10*(1+$AR28)+VLOOKUP($Q28,武学奇术!$A:$ZZ,4,FALSE)+SUM(_xlfn.XLOOKUP($R28:$AK28,增益!$A:$A,增益!$D:$D,0))-$I$2} -> 4100.3171 | AU28: {=IF($F$10-$I$3+VLOOKUP($Q28,武学奇术!$A:$ZZ,6,FALSE)+SUM(_xlfn.XLOOKUP($R28:$AK28,增益!$A:$A,增益!$F:$F,0))>0,($F$10-$I$3+VLOOKUP($Q28,武学奇术!$A:$ZZ,6,FALSE)+SUM(_xlfn.XLOOKUP($R28:$AK28,增益!$A:$A,增益!$F:$F,0)))/200,($F$10-$I$3+VLOOKUP($Q28,武学奇术!$A:$ZZ,6,FALSE)+SUM(_xlfn.XLOOKUP($R28:$AK28,增益!$A:$A,增益!$F:$F,0)))/100)} -> 0.2925 | AV28: {=$G$10+VLOOKUP($Q28,武学奇术!$A:$ZZ,7,FALSE)+SUM(_xlfn.XLOOKUP($R28:$AK28,增益!$A:$A,增益!$G:$G,0))} -> 0 | AW28: {=VLOOKUP($Q28,武学奇术!$A:$ZZ,8,FALSE)+SUM(_xlfn.XLOOKUP($R28:$AK28,增益!$A:$A,增益!$H:$H,0))} -> 0 | AX28: =$D$11*(1+$AW28) -> 0 | AY28: =$E$11*(1+$AW28) -> 0 | AZ28: {=IF($F$11-$I$4+VLOOKUP($Q28,武学奇术!$A:$ZZ,9,FALSE)+SUM(_xlfn.XLOOKUP($R28:$AK28,增益!$A:$A,增益!$I:$I,0))>0,($F$11-$I$4+VLOOKUP($Q28,武学奇术!$A:$ZZ,9,FALSE)+SUM(_xlfn.XLOOKUP($R28:$AK28,增益!$A:$A,增益!$I:$I,0)))/200,($F$11-$I$4+VLOOKUP($Q28,武学奇术!$A:$ZZ,9,FALSE)+SUM(_xlfn.XLOOKUP($R28:$AK28,增益!$A:$A,增益!$I:$I,0)))/100)} -> -0.3 | BA28: {=$G$11+VLOOKUP($Q28,武学奇术!$A:$ZZ,10,FALSE)+SUM(_xlfn.XLOOKUP($R28:$AK28,增益!$A:$A,增益!$J:$J,0))} -> 0 | BB28: =$D$12*(1+$AW28) -> 0 | BC28: =$E$12*(1+$AW28) -> 0 | BD28: {=IF($F$12-$I$4+VLOOKUP($Q28,武学奇术!$A:$ZZ,11,FALSE)+SUM(_xlfn.XLOOKUP($R28:$AK28,增益!$A:$A,增益!$K:$K,0))>0,($F$12-$I$4+VLOOKUP($Q28,武学奇术!$A:$ZZ,11,FALSE)+SUM(_xlfn.XLOOKUP($R28:$AK28,增益!$A:$A,增益!$K:$K,0)))/200,($F$12-$I$4+VLOOKUP($Q28,武学奇术!$A:$ZZ,11,FALSE)+SUM(_xlfn.XLOOKUP($R28:$AK28,增益!$A:$A,增益!$K:$K,0)))/100)} -> -0.3 | BE28: {=$G$12+VLOOKUP($Q28,武学奇术!$A:$ZZ,12,FALSE)+SUM(_xlfn.XLOOKUP($R28:$AK28,增益!$A:$A,增益!$L:$L,0))} -> 0 | BF28: =$D$13*(1+$AW28) -> 605.472 | BG28: =$E$13*(1+$AW28) -> 1579.612 | BH28: {=IF($F$13-$I$4+VLOOKUP($Q28,武学奇术!$A:$ZZ,13,FALSE)+SUM(_xlfn.XLOOKUP($R28:$AK28,增益!$A:$A,增益!$M:$M,0))>0,($F$13-$I$4+VLOOKUP($Q28,武学奇术!$A:$ZZ,13,FALSE)+SUM(_xlfn.XLOOKUP($R28:$AK28,增益!$A:$A,增益!$K:$K,0)))/200,($F$13-$I$4+VLOOKUP($Q28,武学奇术!$A:$ZZ,13,FALSE)+SUM(_xlfn.XLOOKUP($R28:$AK28,增益!$A:$A,增益!$M:$M,0)))/100)} -> 0 | BI28: {=$G$13+VLOOKUP($Q28,武学奇术!$A:$ZZ,14,FALSE)+SUM(_xlfn.XLOOKUP($R28:$AK28,增益!$A:$A,增益!$N:$N,0))} -> 0.15 | BJ28: =$D$14*(1+$AW28) -> 0 | BK28: =$E$14*(1+$AW28) -> 0 | BL28: {=IF($F$14-$I$4+VLOOKUP($Q28,武学奇术!$A:$ZZ,15,FALSE)+SUM(_xlfn.XLOOKUP($R28:$AK28,增益!$A:$A,增益!$O:$O,0))>0,($F$14-$I$4+VLOOKUP($Q28,武学奇术!$A:$ZZ,15,FALSE)+SUM(_xlfn.XLOOKUP($R28:$AK28,增益!$A:$A,增益!$O:$O,0)))/200,($F$14-$I$4+VLOOKUP($Q28,武学奇术!$A:$ZZ,15,FALSE)+SUM(_xlfn.XLOOKUP($R28:$AK28,增益!$A:$A,增益!$O:$O,0)))/100)} -> -0.3 | BM28: {=$G$14+VLOOKUP($Q28,武学奇术!$A:$ZZ,16,FALSE)+SUM(_xlfn.XLOOKUP($R28:$AK28,增益!$A:$A,增益!$P:$P,0))} -> 0 | BN28: =MIN(IF(VLOOKUP($Q28,武学奇术!$A:$ZZ,23,FALSE)=1,100%,$B$8),100%) -> 1 | BO28: {=IF(VLOOKUP($Q28,武学奇术!$A:$ZZ,23,FALSE)=1,100%,MIN(80%,$B$9+VLOOKUP($Q28,武学奇术!$A:$ZZ,17,FALSE)+SUM(_xlfn.XLOOKUP($R28:$AK28,增益!$A:$A,增益!$Q:$Q,0)))+$B$11+SUM(_xlfn.XLOOKUP($R28:$AK28,增益!$A:$A,增益!$U:$U,0)))*IF(VLOOKUP($Q28,武学奇术!$A:$ZZ,24,FALSE)=1,0,1)} -> 0.9093 | BP28: {=1+$B$13+VLOOKUP($Q28,武学奇术!$A:$ZZ,18,FALSE)+SUM(_xlfn.XLOOKUP($R28:$AK28,增益!$A:$A,增益!$R:$R,0))} -> 1.53 | BQ28: {=IF(VLOOKUP($Q28,武学奇术!$A:$ZZ,24,FALSE)=1,100%,MIN(40%,$B$10+VLOOKUP($Q28,武学奇术!$A:$ZZ,19,FALSE)+SUM(_xlfn.XLOOKUP($R28:$AK28,增益!$A:$A,增益!$S:$S,0)))+$B$12+SUM(_xlfn.XLOOKUP($R28:$AK28,增益!$A:$A,增益!$V:$V,0)))*IF(VLOOKUP($Q28,武学奇术!$A:$ZZ,23,FALSE)=1,0,1)} -> 0.0929 | BR28: {=1+$B$14+VLOOKUP($Q28,武学奇术!$A:$ZZ,20,FALSE)+SUM(_xlfn.XLOOKUP($R28:$AK28,增益!$A:$A,增益!$T:$T,0))} -> 1.35 | BS28: =MIN((1-BQ28)*BN28,BN28*BO28) -> 0.9071 | BT28: =1-BQ28-BS28-BU28 -> 0 | BU28: =IF(VLOOKUP($Q28,武学奇术!$A:$ZZ,22,FALSE)=1,0,(1-$BN28))*(1-$BQ28) -> 0 | BV28: {=SUM(_xlfn.XLOOKUP($R28:$AK28,增益!$A:$A,增益!$W:$W,0))+$I$5} -> 0.06
A29: 抬手 | B29: 0.3 | I29: 22.5 | K29: =($L29*$BS29+$M29*$BQ29+$N29*$BT29+$O29*$BU29) -> 68207.514 | L29: =((($AS29+$AT29)/2*$AM29+$AN29)*(1+$AU29)*(1+$AV29)+(($AX29+$AY29)/2*IF($G$1="鸣金",$AO29,$AM29)+IF($G$1="鸣金",$AP29*1.5,0))*(1+$AZ29)*(1+$BA29)+(($BB29+$BC29)/2*IF($G$1="裂石",$AO29,$AM29)+IF($G$1="裂石",$AP29*1.5,0))*(1+$BD29)*(1+$BE29)+(($BF29+$BG29)/2*IF($G$1="牵丝",$AO29,$AM29)+IF($G$1="牵丝",$AP29*1.5,0))*(1+$BH29)*(1+$BI29)+(($BJ29+$BK29)/2*IF($G$1="破竹",$AO29,$AM29)+IF($G$1="破竹",$AP29*1.5,0))*(1+$BL29)*(1+$BM29))*(1+$AQ29)*$BP29*$P29*(1+IF(VLOOKUP($Q29,武学奇术!$A:$ZZ,30,FALSE)="弹道",$B$21,0))*(1+$BV29) -> 68321.076 | M29: =(($AT29*$AM29+$AN29)*(1+$AU29)*(1+$AV29)+($AY29*IF($G$1="鸣金",$AO29,$AM29)+IF($G$1="鸣金",$AP29*1.5,0))*(1+$AZ29)*(1+$BA29)+($BC29*IF($G$1="裂石",$AO29,$AM29)+IF($G$1="裂石",$AP29*1.5,0))*(1+$BD29)*(1+$BE29)+($BG29*IF($G$1="牵丝",$AO29,$AM29)+IF($G$1="牵丝",$AP29*1.5,0))*(1+$BH29)*(1+$BI29)+($BK29*IF($G$1="破竹",$AO29,$AM29)+IF($G$1="破竹",$AP29*1.5,0))*(1+$BL29)*(1+$BM29))*(1+$AQ29)*$BR29*$P29*(1+IF(VLOOKUP($Q29,武学奇术!$A:$ZZ,30,FALSE)="弹道",$B$21,0))*(1+$BV29) -> 67098.663 | N29: =((($AS29+$AT29)/2*$AM29+$AN29)*(1+$AU29)*(1+$AV29)+(($AX29+$AY29)/2*IF($G$1="鸣金",$AO29,$AM29)+IF($G$1="鸣金",$AP29*1.5,0))*(1+$AZ29)*(1+$BA29)+(($BB29+$BC29)/2*IF($G$1="裂石",$AO29,$AM29)+IF($G$1="裂石",$AP29*1.5,0))*(1+$BD29)*(1+$BE29)+(($BF29+$BG29)/2*IF($G$1="牵丝",$AO29,$AM29)+IF($G$1="牵丝",$AP29*1.5,0))*(1+$BH29)*(1+$BI29)+(($BJ29+$BK29)/2*IF($G$1="破竹",$AO29,$AM29)+IF($G$1="破竹",$AP29*1.5,0))*(1+$BL29)*(1+$BM29))*(1+$AQ29)*$P29*(1+IF(VLOOKUP($Q29,武学奇术!$A:$ZZ,30,FALSE)="弹道",$B$21,0))*(1+$BV29) -> 44654.298 | O29: =((($AS29*$AM29+$AN29)*(1+$AU29)*(1+$AV29)+($AX29*IF($G$1="鸣金",$AO29,$AM29)+IF($G$1="鸣金",$AP29*1.5,0))*(1+$AZ29)*(1+$BA29)+($BB29*IF($G$1="裂石",$AO29,$AM29)+IF($G$1="裂石",$AP29*1.5,0))*(1+$BD29)*(1+$BE29)+($BF29*IF($G$1="牵丝",$AO29,$AM29)+IF($G$1="牵丝",$AP29*1.5,0))*(1+$BH29)*(1+$BI29)+($BJ29*IF($G$1="破竹",$AO29,$AM29)+IF($G$1="破竹",$AP29*1.5,0))*(1+$BL29)*(1+$BM29))*(1+$AQ29))*$P29*(1+IF(VLOOKUP($Q29,武学奇术!$A:$ZZ,30,FALSE)="弹道",$B$21,0))*(1+$BV29) -> 39605.883 | P29: 2 | Q29: 太白醉月暗灼 | R29: 易水歌5层 | S29: 沧海帖3层 | T29: N/a | U29: 小纵地 | V29: N/a | W29: N/a | X29: N/a | Y29: N/a | Z29: N/a | AA29: 近战笛 | AB29: 惧刃(拐) | AC29: N/a | AD29: N/a | AE29: N/a | AF29: 伞增(拐) | AG29: N/a | AH29: N/a | AI29: N/a | AJ29: N/a | AK29: N/a | AL29: =VLOOKUP($Q29,武学奇术!$A:$ZZ,25,FALSE) -> 单体奇术 | AM29: =VLOOKUP($Q29,武学奇术!$A:$ZZ,26,FALSE) -> 1.609 | AN29: =VLOOKUP($Q29,武学奇术!$A:$ZZ,27,FALSE)*(1+IF(OR($AL29=$F$4,$AL29=$F$5),$B$22,0)) -> 308 | AO29: =VLOOKUP($Q29,武学奇术!$A:$ZZ,28,FALSE) -> 2.4135 | AP29: =VLOOKUP($Q29,武学奇术!$A:$ZZ,29,FALSE)*(1+IF(OR($AL29=$F$4,$AL29=$F$5),$B$22,0)) -> 0 | AQ29: {=$G$3+IFERROR(VLOOKUP($AL29,$F$4:$G$7,2,FALSE),0)+VLOOKUP($Q29,武学奇术!$A:$ZZ,2,FALSE)+SUM(_xlfn.XLOOKUP($R29:$AK29,增益!$A:$A,增益!$B:$B,0))} -> 0.7615 | AR29: {=VLOOKUP($Q29,武学奇术!$A:$ZZ,5,FALSE)+SUM(_xlfn.XLOOKUP($R29:$AK29,增益!$A:$A,增益!$E:$E,0))} -> 0.075 | AS29: {=$D$10*(1+$AR29)+VLOOKUP($Q29,武学奇术!$A:$ZZ,3,FALSE)+SUM(_xlfn.XLOOKUP($R29:$AK29,增益!$A:$A,增益!$C:$C,0))-$I$2} -> 4100.3171 | AT29: {=$E$10*(1+$AR29)+VLOOKUP($Q29,武学奇术!$A:$ZZ,4,FALSE)+SUM(_xlfn.XLOOKUP($R29:$AK29,增益!$A:$A,增益!$D:$D,0))-$I$2} -> 4100.3171 | AU29: {=IF($F$10-$I$3+VLOOKUP($Q29,武学奇术!$A:$ZZ,6,FALSE)+SUM(_xlfn.XLOOKUP($R29:$AK29,增益!$A:$A,增益!$F:$F,0))>0,($F$10-$I$3+VLOOKUP($Q29,武学奇术!$A:$ZZ,6,FALSE)+SUM(_xlfn.XLOOKUP($R29:$AK29,增益!$A:$A,增益!$F:$F,0)))/200,($F$10-$I$3+VLOOKUP($Q29,武学奇术!$A:$ZZ,6,FALSE)+SUM(_xlfn.XLOOKUP($R29:$AK29,增益!$A:$A,增益!$F:$F,0)))/100)} -> 0.2925 | AV29: {=$G$10+VLOOKUP($Q29,武学奇术!$A:$ZZ,7,FALSE)+SUM(_xlfn.XLOOKUP($R29:$AK29,增益!$A:$A,增益!$G:$G,0))} -> 0 | AW29: {=VLOOKUP($Q29,武学奇术!$A:$ZZ,8,FALSE)+SUM(_xlfn.XLOOKUP($R29:$AK29,增益!$A:$A,增益!$H:$H,0))} -> 0 | AX29: =$D$11*(1+$AW29) -> 0 | AY29: =$E$11*(1+$AW29) -> 0 | AZ29: {=IF($F$11-$I$4+VLOOKUP($Q29,武学奇术!$A:$ZZ,9,FALSE)+SUM(_xlfn.XLOOKUP($R29:$AK29,增益!$A:$A,增益!$I:$I,0))>0,($F$11-$I$4+VLOOKUP($Q29,武学奇术!$A:$ZZ,9,FALSE)+SUM(_xlfn.XLOOKUP($R29:$AK29,增益!$A:$A,增益!$I:$I,0)))/200,($F$11-$I$4+VLOOKUP($Q29,武学奇术!$A:$ZZ,9,FALSE)+SUM(_xlfn.XLOOKUP($R29:$AK29,增益!$A:$A,增益!$I:$I,0)))/100)} -> -0.3 | BA29: {=$G$11+VLOOKUP($Q29,武学奇术!$A:$ZZ,10,FALSE)+SUM(_xlfn.XLOOKUP($R29:$AK29,增益!$A:$A,增益!$J:$J,0))} -> 0 | BB29: =$D$12*(1+$AW29) -> 0 | BC29: =$E$12*(1+$AW29) -> 0 | BD29: {=IF($F$12-$I$4+VLOOKUP($Q29,武学奇术!$A:$ZZ,11,FALSE)+SUM(_xlfn.XLOOKUP($R29:$AK29,增益!$A:$A,增益!$K:$K,0))>0,($F$12-$I$4+VLOOKUP($Q29,武学奇术!$A:$ZZ,11,FALSE)+SUM(_xlfn.XLOOKUP($R29:$AK29,增益!$A:$A,增益!$K:$K,0)))/200,($F$12-$I$4+VLOOKUP($Q29,武学奇术!$A:$ZZ,11,FALSE)+SUM(_xlfn.XLOOKUP($R29:$AK29,增益!$A:$A,增益!$K:$K,0)))/100)} -> -0.3 | BE29: {=$G$12+VLOOKUP($Q29,武学奇术!$A:$ZZ,12,FALSE)+SUM(_xlfn.XLOOKUP($R29:$AK29,增益!$A:$A,增益!$L:$L,0))} -> 0 | BF29: =$D$13*(1+$AW29) -> 605.472 | BG29: =$E$13*(1+$AW29) -> 1579.612 | BH29: {=IF($F$13-$I$4+VLOOKUP($Q29,武学奇术!$A:$ZZ,13,FALSE)+SUM(_xlfn.XLOOKUP($R29:$AK29,增益!$A:$A,增益!$M:$M,0))>0,($F$13-$I$4+VLOOKUP($Q29,武学奇术!$A:$ZZ,13,FALSE)+SUM(_xlfn.XLOOKUP($R29:$AK29,增益!$A:$A,增益!$K:$K,0)))/200,($F$13-$I$4+VLOOKUP($Q29,武学奇术!$A:$ZZ,13,FALSE)+SUM(_xlfn.XLOOKUP($R29:$AK29,增益!$A:$A,增益!$M:$M,0)))/100)} -> 0 | BI29: {=$G$13+VLOOKUP($Q29,武学奇术!$A:$ZZ,14,FALSE)+SUM(_xlfn.XLOOKUP($R29:$AK29,增益!$A:$A,增益!$N:$N,0))} -> 0.15 | BJ29: =$D$14*(1+$AW29) -> 0 | BK29: =$E$14*(1+$AW29) -> 0 | BL29: {=IF($F$14-$I$4+VLOOKUP($Q29,武学奇术!$A:$ZZ,15,FALSE)+SUM(_xlfn.XLOOKUP($R29:$AK29,增益!$A:$A,增益!$O:$O,0))>0,($F$14-$I$4+VLOOKUP($Q29,武学奇术!$A:$ZZ,15,FALSE)+SUM(_xlfn.XLOOKUP($R29:$AK29,增益!$A:$A,增益!$O:$O,0)))/200,($F$14-$I$4+VLOOKUP($Q29,武学奇术!$A:$ZZ,15,FALSE)+SUM(_xlfn.XLOOKUP($R29:$AK29,增益!$A:$A,增益!$O:$O,0)))/100)} -> -0.3 | BM29: {=$G$14+VLOOKUP($Q29,武学奇术!$A:$ZZ,16,FALSE)+SUM(_xlfn.XLOOKUP($R29:$AK29,增益!$A:$A,增益!$P:$P,0))} -> 0 | BN29: =MIN(IF(VLOOKUP($Q29,武学奇术!$A:$ZZ,23,FALSE)=1,100%,$B$8),100%) -> 1 | BO29: {=IF(VLOOKUP($Q29,武学奇术!$A:$ZZ,23,FALSE)=1,100%,MIN(80%,$B$9+VLOOKUP($Q29,武学奇术!$A:$ZZ,17,FALSE)+SUM(_xlfn.XLOOKUP($R29:$AK29,增益!$A:$A,增益!$Q:$Q,0)))+$B$11+SUM(_xlfn.XLOOKUP($R29:$AK29,增益!$A:$A,增益!$U:$U,0)))*IF(VLOOKUP($Q29,武学奇术!$A:$ZZ,24,FALSE)=1,0,1)} -> 0.9093 | BP29: {=1+$B$13+VLOOKUP($Q29,武学奇术!$A:$ZZ,18,FALSE)+SUM(_xlfn.XLOOKUP($R29:$AK29,增益!$A:$A,增益!$R:$R,0))} -> 1.53 | BQ29: {=IF(VLOOKUP($Q29,武学奇术!$A:$ZZ,24,FALSE)=1,100%,MIN(40%,$B$10+VLOOKUP($Q29,武学奇术!$A:$ZZ,19,FALSE)+SUM(_xlfn.XLOOKUP($R29:$AK29,增益!$A:$A,增益!$S:$S,0)))+$B$12+SUM(_xlfn.XLOOKUP($R29:$AK29,增益!$A:$A,增益!$V:$V,0)))*IF(VLOOKUP($Q29,武学奇术!$A:$ZZ,23,FALSE)=1,0,1)} -> 0.0929 | BR29: {=1+$B$14+VLOOKUP($Q29,武学奇术!$A:$ZZ,20,FALSE)+SUM(_xlfn.XLOOKUP($R29:$AK29,增益!$A:$A,增益!$T:$T,0))} -> 1.35 | BS29: =MIN((1-BQ29)*BN29,BN29*BO29) -> 0.9071 | BT29: =1-BQ29-BS29-BU29 -> 0 | BU29: =IF(VLOOKUP($Q29,武学奇术!$A:$ZZ,22,FALSE)=1,0,(1-$BN29))*(1-$BQ29) -> 0 | BV29: {=SUM(_xlfn.XLOOKUP($R29:$AK29,增益!$A:$A,增益!$W:$W,0))+$I$5} -> 0.06
A30: 伞Q | B30: 0.95 | I30: 43.3 | K30: =($L30*$BS30+$M30*$BQ30+$N30*$BT30+$O30*$BU30) -> 37345.883 | L30: =((($AS30+$AT30)/2*$AM30+$AN30)*(1+$AU30)*(1+$AV30)+(($AX30+$AY30)/2*IF($G$1="鸣金",$AO30,$AM30)+IF($G$1="鸣金",$AP30*1.5,0))*(1+$AZ30)*(1+$BA30)+(($BB30+$BC30)/2*IF($G$1="裂石",$AO30,$AM30)+IF($G$1="裂石",$AP30*1.5,0))*(1+$BD30)*(1+$BE30)+(($BF30+$BG30)/2*IF($G$1="牵丝",$AO30,$AM30)+IF($G$1="牵丝",$AP30*1.5,0))*(1+$BH30)*(1+$BI30)+(($BJ30+$BK30)/2*IF($G$1="破竹",$AO30,$AM30)+IF($G$1="破竹",$AP30*1.5,0))*(1+$BL30)*(1+$BM30))*(1+$AQ30)*$BP30*$P30*(1+IF(VLOOKUP($Q30,武学奇术!$A:$ZZ,30,FALSE)="弹道",$B$21,0))*(1+$BV30) -> 37459.22 | M30: =(($AT30*$AM30+$AN30)*(1+$AU30)*(1+$AV30)+($AY30*IF($G$1="鸣金",$AO30,$AM30)+IF($G$1="鸣金",$AP30*1.5,0))*(1+$AZ30)*(1+$BA30)+($BC30*IF($G$1="裂石",$AO30,$AM30)+IF($G$1="裂石",$AP30*1.5,0))*(1+$BD30)*(1+$BE30)+($BG30*IF($G$1="牵丝",$AO30,$AM30)+IF($G$1="牵丝",$AP30*1.5,0))*(1+$BH30)*(1+$BI30)+($BK30*IF($G$1="破竹",$AO30,$AM30)+IF($G$1="破竹",$AP30*1.5,0))*(1+$BL30)*(1+$BM30))*(1+$AQ30)*$BR30*$P30*(1+IF(VLOOKUP($Q30,武学奇术!$A:$ZZ,30,FALSE)="弹道",$B$21,0))*(1+$BV30) -> 36239.223 | N30: =((($AS30+$AT30)/2*$AM30+$AN30)*(1+$AU30)*(1+$AV30)+(($AX30+$AY30)/2*IF($G$1="鸣金",$AO30,$AM30)+IF($G$1="鸣金",$AP30*1.5,0))*(1+$AZ30)*(1+$BA30)+(($BB30+$BC30)/2*IF($G$1="裂石",$AO30,$AM30)+IF($G$1="裂石",$AP30*1.5,0))*(1+$BD30)*(1+$BE30)+(($BF30+$BG30)/2*IF($G$1="牵丝",$AO30,$AM30)+IF($G$1="牵丝",$AP30*1.5,0))*(1+$BH30)*(1+$BI30)+(($BJ30+$BK30)/2*IF($G$1="破竹",$AO30,$AM30)+IF($G$1="破竹",$AP30*1.5,0))*(1+$BL30)*(1+$BM30))*(1+$AQ30)*$P30*(1+IF(VLOOKUP($Q30,武学奇术!$A:$ZZ,30,FALSE)="弹道",$B$21,0))*(1+$BV30) -> 24324.169 | O30: =((($AS30*$AM30+$AN30)*(1+$AU30)*(1+$AV30)+($AX30*IF($G$1="鸣金",$AO30,$AM30)+IF($G$1="鸣金",$AP30*1.5,0))*(1+$AZ30)*(1+$BA30)+($BB30*IF($G$1="裂石",$AO30,$AM30)+IF($G$1="裂石",$AP30*1.5,0))*(1+$BD30)*(1+$BE30)+($BF30*IF($G$1="牵丝",$AO30,$AM30)+IF($G$1="牵丝",$AP30*1.5,0))*(1+$BH30)*(1+$BI30)+($BJ30*IF($G$1="破竹",$AO30,$AM30)+IF($G$1="破竹",$AP30*1.5,0))*(1+$BL30)*(1+$BM30))*(1+$AQ30))*$P30*(1+IF(VLOOKUP($Q30,武学奇术!$A:$ZZ,30,FALSE)="弹道",$B$21,0))*(1+$BV30) -> 21804.47 | P30: 1 | Q30: 伞重击派生 | R30: 易水歌5层 | S30: 沧海帖4层 | T30: N/a | U30: 小纵地 | V30: N/a | W30: N/a | X30: N/a | Y30: N/a | Z30: N/a | AA30: 近战笛 | AB30: 惧刃(拐) | AC30: N/a | AD30: N/a | AE30: N/a | AF30: 伞增(拐) | AG30: N/a | AH30: N/a | AI30: N/a | AJ30: N/a | AK30: N/a | AL30: =VLOOKUP($Q30,武学奇术!$A:$ZZ,25,FALSE) -> 伞 | AM30: =VLOOKUP($Q30,武学奇术!$A:$ZZ,26,FALSE) -> 1.7001 | AN30: =VLOOKUP($Q30,武学奇术!$A:$ZZ,27,FALSE)*(1+IF(OR($AL30=$F$4,$AL30=$F$5),$B$22,0)) -> 706.5 | AO30: =VLOOKUP($Q30,武学奇术!$A:$ZZ,28,FALSE) -> 2.5502 | AP30: =VLOOKUP($Q30,武学奇术!$A:$ZZ,29,FALSE)*(1+IF(OR($AL30=$F$4,$AL30=$F$5),$B$22,0)) -> 384 | AQ30: {=$G$3+IFERROR(VLOOKUP($AL30,$F$4:$G$7,2,FALSE),0)+VLOOKUP($Q30,武学奇术!$A:$ZZ,2,FALSE)+SUM(_xlfn.XLOOKUP($R30:$AK30,增益!$A:$A,增益!$B:$B,0))} -> 0.6641 | AR30: {=VLOOKUP($Q30,武学奇术!$A:$ZZ,5,FALSE)+SUM(_xlfn.XLOOKUP($R30:$AK30,增益!$A:$A,增益!$E:$E,0))} -> 0.075 | AS30: {=$D$10*(1+$AR30)+VLOOKUP($Q30,武学奇术!$A:$ZZ,3,FALSE)+SUM(_xlfn.XLOOKUP($R30:$AK30,增益!$A:$A,增益!$C:$C,0))-$I$2} -> 4100.3171 | AT30: {=$E$10*(1+$AR30)+VLOOKUP($Q30,武学奇术!$A:$ZZ,4,FALSE)+SUM(_xlfn.XLOOKUP($R30:$AK30,增益!$A:$A,增益!$D:$D,0))-$I$2} -> 4100.3171 | AU30: {=IF($F$10-$I$3+VLOOKUP($Q30,武学奇术!$A:$ZZ,6,FALSE)+SUM(_xlfn.XLOOKUP($R30:$AK30,增益!$A:$A,增益!$F:$F,0))>0,($F$10-$I$3+VLOOKUP($Q30,武学奇术!$A:$ZZ,6,FALSE)+SUM(_xlfn.XLOOKUP($R30:$AK30,增益!$A:$A,增益!$F:$F,0)))/200,($F$10-$I$3+VLOOKUP($Q30,武学奇术!$A:$ZZ,6,FALSE)+SUM(_xlfn.XLOOKUP($R30:$AK30,增益!$A:$A,增益!$F:$F,0)))/100)} -> 0.2925 | AV30: {=$G$10+VLOOKUP($Q30,武学奇术!$A:$ZZ,7,FALSE)+SUM(_xlfn.XLOOKUP($R30:$AK30,增益!$A:$A,增益!$G:$G,0))} -> 0 | AW30: {=VLOOKUP($Q30,武学奇术!$A:$ZZ,8,FALSE)+SUM(_xlfn.XLOOKUP($R30:$AK30,增益!$A:$A,增益!$H:$H,0))} -> 0 | AX30: =$D$11*(1+$AW30) -> 0 | AY30: =$E$11*(1+$AW30) -> 0 | AZ30: {=IF($F$11-$I$4+VLOOKUP($Q30,武学奇术!$A:$ZZ,9,FALSE)+SUM(_xlfn.XLOOKUP($R30:$AK30,增益!$A:$A,增益!$I:$I,0))>0,($F$11-$I$4+VLOOKUP($Q30,武学奇术!$A:$ZZ,9,FALSE)+SUM(_xlfn.XLOOKUP($R30:$AK30,增益!$A:$A,增益!$I:$I,0)))/200,($F$11-$I$4+VLOOKUP($Q30,武学奇术!$A:$ZZ,9,FALSE)+SUM(_xlfn.XLOOKUP($R30:$AK30,增益!$A:$A,增益!$I:$I,0)))/100)} -> -0.3 | BA30: {=$G$11+VLOOKUP($Q30,武学奇术!$A:$ZZ,10,FALSE)+SUM(_xlfn.XLOOKUP($R30:$AK30,增益!$A:$A,增益!$J:$J,0))} -> 0 | BB30: =$D$12*(1+$AW30) -> 0 | BC30: =$E$12*(1+$AW30) -> 0 | BD30: {=IF($F$12-$I$4+VLOOKUP($Q30,武学奇术!$A:$ZZ,11,FALSE)+SUM(_xlfn.XLOOKUP($R30:$AK30,增益!$A:$A,增益!$K:$K,0))>0,($F$12-$I$4+VLOOKUP($Q30,武学奇术!$A:$ZZ,11,FALSE)+SUM(_xlfn.XLOOKUP($R30:$AK30,增益!$A:$A,增益!$K:$K,0)))/200,($F$12-$I$4+VLOOKUP($Q30,武学奇术!$A:$ZZ,11,FALSE)+SUM(_xlfn.XLOOKUP($R30:$AK30,增益!$A:$A,增益!$K:$K,0)))/100)} -> -0.3 | BE30: {=$G$12+VLOOKUP($Q30,武学奇术!$A:$ZZ,12,FALSE)+SUM(_xlfn.XLOOKUP($R30:$AK30,增益!$A:$A,增益!$L:$L,0))} -> 0 | BF30: =$D$13*(1+$AW30) -> 605.472 | BG30: =$E$13*(1+$AW30) -> 1579.612 | BH30: {=IF($F$13-$I$4+VLOOKUP($Q30,武学奇术!$A:$ZZ,13,FALSE)+SUM(_xlfn.XLOOKUP($R30:$AK30,增益!$A:$A,增益!$M:$M,0))>0,($F$13-$I$4+VLOOKUP($Q30,武学奇术!$A:$ZZ,13,FALSE)+SUM(_xlfn.XLOOKUP($R30:$AK30,增益!$A:$A,增益!$K:$K,0)))/200,($F$13-$I$4+VLOOKUP($Q30,武学奇术!$A:$ZZ,13,FALSE)+SUM(_xlfn.XLOOKUP($R30:$AK30,增益!$A:$A,增益!$M:$M,0)))/100)} -> 0 | BI30: {=$G$13+VLOOKUP($Q30,武学奇术!$A:$ZZ,14,FALSE)+SUM(_xlfn.XLOOKUP($R30:$AK30,增益!$A:$A,增益!$N:$N,0))} -> 0.15 | BJ30: =$D$14*(1+$AW30) -> 0 | BK30: =$E$14*(1+$AW30) -> 0 | BL30: {=IF($F$14-$I$4+VLOOKUP($Q30,武学奇术!$A:$ZZ,15,FALSE)+SUM(_xlfn.XLOOKUP($R30:$AK30,增益!$A:$A,增益!$O:$O,0))>0,($F$14-$I$4+VLOOKUP($Q30,武学奇术!$A:$ZZ,15,FALSE)+SUM(_xlfn.XLOOKUP($R30:$AK30,增益!$A:$A,增益!$O:$O,0)))/200,($F$14-$I$4+VLOOKUP($Q30,武学奇术!$A:$ZZ,15,FALSE)+SUM(_xlfn.XLOOKUP($R30:$AK30,增益!$A:$A,增益!$O:$O,0)))/100)} -> -0.3 | BM30: {=$G$14+VLOOKUP($Q30,武学奇术!$A:$ZZ,16,FALSE)+SUM(_xlfn.XLOOKUP($R30:$AK30,增益!$A:$A,增益!$P:$P,0))} -> 0 | BN30: =MIN(IF(VLOOKUP($Q30,武学奇术!$A:$ZZ,23,FALSE)=1,100%,$B$8),100%) -> 1 | BO30: {=IF(VLOOKUP($Q30,武学奇术!$A:$ZZ,23,FALSE)=1,100%,MIN(80%,$B$9+VLOOKUP($Q30,武学奇术!$A:$ZZ,17,FALSE)+SUM(_xlfn.XLOOKUP($R30:$AK30,增益!$A:$A,增益!$Q:$Q,0)))+$B$11+SUM(_xlfn.XLOOKUP($R30:$AK30,增益!$A:$A,增益!$U:$U,0)))*IF(VLOOKUP($Q30,武学奇术!$A:$ZZ,24,FALSE)=1,0,1)} -> 0.9093 | BP30: {=1+$B$13+VLOOKUP($Q30,武学奇术!$A:$ZZ,18,FALSE)+SUM(_xlfn.XLOOKUP($R30:$AK30,增益!$A:$A,增益!$R:$R,0))} -> 1.54 | BQ30: {=IF(VLOOKUP($Q30,武学奇术!$A:$ZZ,24,FALSE)=1,100%,MIN(40%,$B$10+VLOOKUP($Q30,武学奇术!$A:$ZZ,19,FALSE)+SUM(_xlfn.XLOOKUP($R30:$AK30,增益!$A:$A,增益!$S:$S,0)))+$B$12+SUM(_xlfn.XLOOKUP($R30:$AK30,增益!$A:$A,增益!$V:$V,0)))*IF(VLOOKUP($Q30,武学奇术!$A:$ZZ,23,FALSE)=1,0,1)} -> 0.0929 | BR30: {=1+$B$14+VLOOKUP($Q30,武学奇术!$A:$ZZ,20,FALSE)+SUM(_xlfn.XLOOKUP($R30:$AK30,增益!$A:$A,增益!$T:$T,0))} -> 1.35 | BS30: =MIN((1-BQ30)*BN30,BN30*BO30) -> 0.9071 | BT30: =1-BQ30-BS30-BU30 -> 0 | BU30: =IF(VLOOKUP($Q30,武学奇术!$A:$ZZ,22,FALSE)=1,0,(1-$BN30))*(1-$BQ30) -> 0 | BV30: {=SUM(_xlfn.XLOOKUP($R30:$AK30,增益!$A:$A,增益!$W:$W,0))+$I$5} -> 0.06
