Workbook

Sheet 期望
B1: 最小攻击 | C1: 最大攻击 | D1: 穿透 | E1: 伤害加成 | F1: 武学属性 | G1: 牵丝 | H1: 怪物属性 | K1: 期望 | L1: 会心期望 | M1: 会意期望 | N1: 普通期望 | O1: 擦伤期望 | P1: 次数 | Q1: 技能 | R1: 增益1 | S1: 增益2 | T1: 增益3 | U1: 增益4 | V1: 增益5 | W1: 增益6 | X1: 增益7 | Y1: 增益8 | Z1: 增益9 | AA1: 增益10 | AB1: 增益11 | AC1: 增益12 | AD1: 增益13 | AE1: 增益14 | AF1: 增益15 | AG1: 类型 | AH1: 外功倍率 | AI1: 外攻固伤 | AJ1: 属性倍率 | AK1: 属性固伤 | AL1: 通用增伤 | AM1: 外攻加成 | AN1: 即时小外 | AO1: 即时大外 | AP1: 外穿加成 | AQ1: 外伤加成 | AR1: 属攻加成 | AS1: 即时小鸣 | AT1: 即时大鸣 | AU1: 鸣金穿透 | AV1: 鸣金加成 | AW1: 即时小裂 | AX1: 即时大裂 | AY1: 裂石穿透 | AZ1: 裂石加成 | BA1: 即时小牵 | BB1: 即时大牵 | BC1: 牵丝穿透 | BD1: 牵丝加成 | BE1: 即时小破 | BF1: 即时大破 | BG1: 破竹穿透 | BH1: 破竹加成 | BI1: 生效精准 | BJ1: 生效会心 | BK1: 生效会心伤害 | BL1: 生效会意 | BM1: 生效会意伤害 | BN1: 会心占比 | BO1: 普攻占比 | BP1: 擦伤占比 | BQ1: 特殊增伤
A2: 外功 | B2: 4320 | C2: 3339.6 | D2: =58.7+IF(OR($E$20="征人归",$E$22="征人归"),5.1,0) -> 63.8 | E2: =IF($E$22="四时无常",2.8%,0) -> 0 | F2: 套装 | G2: 浣花 | H2: 防御 | I2: =620*(1-IF(F17="√",0.06,0)-IF(F19="√",0.04,0)) -> 582.8 | K2: =($L2*$BN2+$M2*$BL2+$N2*$BO2+$O2*$BP2) -> 116312.79 | L2: =((($AN2+$AO2)/2*$AH2+$AI2)*(1+$AP2)*(1+$AQ2)+(($AS2+$AT2)/2*IF($G$1="鸣金",$AJ2,$AH2)+IF($G$1="鸣金",$AK2*1.5,0))*(1+$AU2)*(1+$AV2)+(($AW2+$AX2)/2*IF($G$1="裂石",$AJ2,$AH2)+IF($G$1="裂石",$AK2*1.5,0))*(1+$AY2)*(1+$AZ2)+(($BA2+$BB2)/2*IF($G$1="牵丝",$AJ2,$AH2)+IF($G$1="牵丝",$AK2*1.5,0))*(1+$BC2)*(1+$BD2)+(($BE2+$BF2)/2*IF($G$1="破竹",$AJ2,$AH2)+IF($G$1="破竹",$AK2*1.5,0))*(1+$BG2)*(1+$BH2))*(1+$AL2)*$BK2*$P2*(1+IF(VLOOKUP($Q2,武学奇术!$A:$ZZ,30,FALSE)="蓄力技",#REF!,0))*(1+$BQ2) -> 118509.44 | M2: =(($AO2*$AH2+$AI2)*(1+$AP2)*(1+$AQ2)+($AT2*IF($G$1="鸣金",$AJ2,$AH2)+IF($G$1="鸣金",$AK2*1.5,0))*(1+$AU2)*(1+$AV2)+($AX2*IF($G$1="裂石",$AJ2,$AH2)+IF($G$1="裂石",$AK2*1.5,0))*(1+$AY2)*(1+$AZ2)+($BB2*IF($G$1="牵丝",$AJ2,$AH2)+IF($G$1="牵丝",$AK2*1.5,0))*(1+$BC2)*(1+$BD2)+($BF2*IF($G$1="破竹",$AJ2,$AH2)+IF($G$1="破竹",$AK2*1.5,0))*(1+$BG2)*(1+$BH2))*(1+$AL2)*$BM2*$P2*(1+IF(VLOOKUP($Q2,武学奇术!$A:$ZZ,30,FALSE)="蓄力技",#REF!,0))*(1+$BQ2) -> 103739.8 | N2: =((($AN2+$AO2)/2*$AH2+$AI2)*(1+$AP2)*(1+$AQ2)+(($AS2+$AT2)/2*IF($G$1="鸣金",$AJ2,$AH2)+IF($G$1="鸣金",$AK2*1.5,0))*(1+$AU2)*(1+$AV2)+(($AW2+$AX2)/2*IF($G$1="裂石",$AJ2,$AH2)+IF($G$1="裂石",$AK2*1.5,0))*(1+$AY2)*(1+$AZ2)+(($BA2+$BB2)/2*IF($G$1="牵丝",$AJ2,$AH2)+IF($G$1="牵丝",$AK2*1.5,0))*(1+$BC2)*(1+$BD2)+(($BE2+$BF2)/2*IF($G$1="破竹",$AJ2,$AH2)+IF($G$1="破竹",$AK2*1.5,0))*(1+$BG2)*(1+$BH2))*(1+$AL2)*$P2*(1+IF(VLOOKUP($Q2,武学奇术!$A:$ZZ,30,FALSE)="蓄力技",#REF!,0))*(1+$BQ2) -> 67719.682 | O2: =((($AN2*$AH2+$AI2)*(1+$AP2)*(1+$AQ2)+($AS2*IF($G$1="鸣金",$AJ2,$AH2)+IF($G$1="鸣金",$AK2*1.5,0))*(1+$AU2)*(1+$AV2)+($AW2*IF($G$1="裂石",$AJ2,$AH2)+IF($G$1="裂石",$AK2*1.5,0))*(1+$AY2)*(1+$AZ2)+($BA2*IF($G$1="牵丝",$AJ2,$AH2)+IF($G$1="牵丝",$AK2*1.5,0))*(1+$BC2)*(1+$BD2)+($BE2*IF($G$1="破竹",$AJ2,$AH2)+IF($G$1="破竹",$AK2*1.5,0))*(1+$BG2)*(1+$BH2))*(1+$AL2))*$P2*(1+IF(VLOOKUP($Q2,武学奇术!$A:$ZZ,30,FALSE)="蓄力技",#REF!,0))*(1+$BQ2) -> 58595.067 | P2: 1 | Q2: 神龙吐火暗灼2hit | R2: 惧刃(拐) | S2: 伞增 | T2: 沧海帖10层 | U2: 易水歌5层 | V2: 四时之秋 | W2: N/a | X2: 裁云(拐) | Y2: 离猎(拐) | Z2: 扶风(拐) | AA2: 浣花 | AB2: N/a | AC2: N/a | AD2: N/a | AE2: 大卷(30%+) | AF2: 无惧 | AG2: =VLOOKUP($Q2,武学奇术!$A:$ZZ,25,FALSE) -> 单体奇术 | AH2: =VLOOKUP($Q2,武学奇术!$A:$ZZ,26,FALSE) -> 3.987 | AI2: =VLOOKUP($Q2,武学奇术!$A:$ZZ,27,FALSE)*(1+IF(OR($AG2=$F$4,$AG2=$F$5),$B$21,0)) -> 807 | AJ2: =VLOOKUP($Q2,武学奇术!$A:$ZZ,28,FALSE) -> 5.9805 | AK2: =VLOOKUP($Q2,武学奇术!$A:$ZZ,29,FALSE)*(1+IF(OR($AG2=$F$4,$AG2=$F$5),$B$21,0)) -> 0 | AL2: {=$G$3+IFERROR(VLOOKUP($AG2,$F$4:$G$7,2,FALSE),0)+VLOOKUP($Q2,武学奇术!$A:$ZZ,2,FALSE)+SUM(_xlfn.XLOOKUP($R2:$AF2,增益!$A:$A,增益!$B:$B,0))} -> 0.8219 | AM2: {=VLOOKUP($Q2,武学奇术!$A:$ZZ,5,FALSE)+SUM(_xlfn.XLOOKUP($R2:$AF2,增益!$A:$A,增益!$E:$E,0))} -> 0 | AN2: {=$D$10*(1+$AM2)+VLOOKUP($Q2,武学奇术!$A:$ZZ,3,FALSE)+SUM(_xlfn.XLOOKUP($R2:$AF2,增益!$A:$A,增益!$C:$C,0))-$I$2} -> 3977.2 | AO2: {=$E$10*(1+$AM2)+VLOOKUP($Q2,武学奇术!$A:$ZZ,4,FALSE)+SUM(_xlfn.XLOOKUP($R2:$AF2,增益!$A:$A,增益!$D:$D,0))-$I$2} -> 3977.2 | AP2: {=IF($F$10-$I$3+VLOOKUP($Q2,武学奇术!$A:$ZZ,6,FALSE)+SUM(_xlfn.XLOOKUP(R2:AF2,增益!$A:$A,增益!$F:$F,0))>0,($F$10-$I$3+VLOOKUP($Q2,武学奇术!$A:$ZZ,6,FALSE)+SUM(_xlfn.XLOOKUP(R2:AF2,增益!$A:$A,增益!$F:$F,0)))/200,($F$10-$I$3+VLOOKUP($Q2,武学奇术!$A:$ZZ,6,FALSE)+SUM(_xlfn.XLOOKUP(R2:AF2,增益!$A:$A,增益!$F:$F,0)))/100)} -> 0.344 | AQ2: {=$G$10+VLOOKUP($Q2,武学奇术!$A:$ZZ,7,FALSE)+SUM(_xlfn.XLOOKUP(R2:AF2,增益!$A:$A,增益!$G:$G,0))} -> 0.04 | AR2: {=VLOOKUP($Q2,武学奇术!$A:$ZZ,8,FALSE)+SUM(_xlfn.XLOOKUP(R2:AF2,增益!$A:$A,增益!$H:$H,0))} -> 0.06 | AS2: =$D$11*(1+$AR2) -> 0 | AT2: =$E$11*(1+$AR2) -> 0 | AU2: {=IF($F$11-$I$4+VLOOKUP($Q2,武学奇术!$A:$ZZ,9,FALSE)+SUM(_xlfn.XLOOKUP(R2:AF2,增益!$A:$A,增益!$I:$I,0))>0,($F$11-$I$4+VLOOKUP($Q2,武学奇术!$A:$ZZ,9,FALSE)+SUM(_xlfn.XLOOKUP(R2:AF2,增益!$A:$A,增益!$I:$I,0)))/200,($F$11-$I$4+VLOOKUP($Q2,武学奇术!$A:$ZZ,9,FALSE)+SUM(_xlfn.XLOOKUP(R2:AF2,增益!$A:$A,增益!$I:$I,0)))/100)} -> -0.14 | AV2: {=$G$11+VLOOKUP($Q2,武学奇术!$A:$ZZ,10,FALSE)+SUM(_xlfn.XLOOKUP(R2:AF2,增益!$A:$A,增益!$J:$J,0))} -> 0.04 | AW2: =$D$12*(1+$AR2) -> 0 | AX2: =$E$12*(1+$AR2) -> 0 | AY2: {=IF($F$12-$I$4+VLOOKUP($Q2,武学奇术!$A:$ZZ,11,FALSE)+SUM(_xlfn.XLOOKUP(R2:AF2,增益!$A:$A,增益!$K:$K,0))>0,($F$12-$I$4+VLOOKUP($Q2,武学奇术!$A:$ZZ,11,FALSE)+SUM(_xlfn.XLOOKUP(R2:AF2,增益!$A:$A,增益!$K:$K,0)))/200,($F$12-$I$4+VLOOKUP($Q2,武学奇术!$A:$ZZ,11,FALSE)+SUM(_xlfn.XLOOKUP(R2:AF2,增益!$A:$A,增益!$K:$K,0)))/100)} -> -0.14 | AZ2: {=$G$12+VLOOKUP($Q2,武学奇术!$A:$ZZ,12,FALSE)+SUM(_xlfn.XLOOKUP(R2:AF2,增益!$A:$A,增益!$L:$L,0))} -> 0.04 | BA2: =$D$13*(1+$AR2) -> 739.244 | BB2: =$E$13*(1+$AR2) -> 1913.3 | BC2: {=IF($F$13-$I$4+VLOOKUP($Q2,武学奇术!$A:$ZZ,13,FALSE)+SUM(_xlfn.XLOOKUP(R2:AF2,增益!$A:$A,增益!$M:$M,0))>0,($F$13-$I$4+VLOOKUP($Q2,武学奇术!$A:$ZZ,13,FALSE)+SUM(_xlfn.XLOOKUP(R2:AF2,增益!$A:$A,增益!$K:$K,0)))/200,($F$13-$I$4+VLOOKUP($Q2,武学奇术!$A:$ZZ,13,FALSE)+SUM(_xlfn.XLOOKUP(R2:AF2,增益!$A:$A,增益!$M:$M,0)))/100)} -> 0.08 | BD2: {=$G$13+VLOOKUP($Q2,武学奇术!$A:$ZZ,14,FALSE)+SUM(_xlfn.XLOOKUP(R2:AF2,增益!$A:$A,增益!$N:$N,0))} -> 0.19 | BE2: =$D$14*(1+$AR2) -> 0 | BF2: =$E$14*(1+$AR2) -> 0 | BG2: {=IF($F$14-$I$4+VLOOKUP($Q2,武学奇术!$A:$ZZ,15,FALSE)+SUM(_xlfn.XLOOKUP(R2:AF2,增益!$A:$A,增益!$O:$O,0))>0,($F$14-$I$4+VLOOKUP($Q2,武学奇术!$A:$ZZ,15,FALSE)+SUM(_xlfn.XLOOKUP(R2:AF2,增益!$A:$A,增益!$O:$O,0)))/200,($F$14-$I$4+VLOOKUP($Q2,武学奇术!$A:$ZZ,15,FALSE)+SUM(_xlfn.XLOOKUP(R2:AF2,增益!$A:$A,增益!$O:$O,0)))/100)} -> -0.14 | BH2: {=$G$14+VLOOKUP($Q2,武学奇术!$A:$ZZ,16,FALSE)+SUM(_xlfn.XLOOKUP(R2:AF2,增益!$A:$A,增益!$P:$P,0))} -> 0.04 | BI2: =MIN(IF(VLOOKUP($Q2,武学奇术!$A:$ZZ,23,FALSE)=1,100%,$B$8),100%) -> 1 | BJ2: {=IF(VLOOKUP($Q2,武学奇术!$A:$ZZ,23,FALSE)=1,100%,MIN(80%,$B$9+VLOOKUP($Q2,武学奇术!$A:$ZZ,17,FALSE)+SUM(_xlfn.XLOOKUP(R2:AF2,增益!$A:$A,增益!$Q:$Q,0)))+$B$11+SUM(_xlfn.XLOOKUP(R2:AF2,增益!$A:$A,增益!$U:$U,0)))*IF(VLOOKUP($Q2,武学奇术!$A:$ZZ,24,FALSE)=1,0,1)} -> 0.892 | BK2: {=1+$B$13+VLOOKUP($Q2,武学奇术!$A:$ZZ,18,FALSE)+SUM(_xlfn.XLOOKUP(R2:AF2,增益!$A:$A,增益!$R:$R,0))} -> 1.75 | BL2: {=IF(VLOOKUP($Q2,武学奇术!$A:$ZZ,24,FALSE)=1,100%,MIN(40%,$B$10+VLOOKUP($Q2,武学奇术!$A:$ZZ,19,FALSE)+SUM(_xlfn.XLOOKUP(R2:AF2,增益!$A:$A,增益!$S:$S,0)))+$B$12+SUM(_xlfn.XLOOKUP(R2:AF2,增益!$A:$A,增益!$V:$V,0)))*IF(VLOOKUP($Q2,武学奇术!$A:$ZZ,23,FALSE)=1,0,1)} -> 0.0913 | BM2: {=1+$B$14+VLOOKUP($Q2,武学奇术!$A:$ZZ,20,FALSE)+SUM(_xlfn.XLOOKUP(R2:AF2,增益!$A:$A,增益!$T:$T,0))} -> 1.35 | BN2: =MIN((1-BL2)*BI2,BI2*BJ2) -> 0.892 | BO2: =1-BL2-BN2-BP2 -> 0.0167 | BP2: =IF(VLOOKUP($Q2,武学奇术!$A:$ZZ,22,FALSE)=1,0,(1-$BI2))*(1-$BL2) -> 0 | BQ2: {=SUM(_xlfn.XLOOKUP(R2:AF2,增益!$A:$A,增益!$W:$W,0))+$I$5} -> 0.11
A3: 鸣金 | F3: 通用增伤 | G3: =B16+1.5%+IF($D$16="√",8%,0)+IF(OR($E$20="征人归",$E$22="征人归"),8%,0) -> 0.2642 | H3: 外抗 | I3: =25-IF(D17="√",10,0)-IF(F17="√",10,0) -> 5 | K3: =($L3*$BN3+$M3*$BL3+$N3*$BO3+$O3*$BP3) -> 78285.685 | L3: =((($AN3+$AO3)/2*$AH3+$AI3)*(1+$AP3)*(1+$AQ3)+(($AS3+$AT3)/2*IF($G$1="鸣金",$AJ3,$AH3)+IF($G$1="鸣金",$AK3*1.5,0))*(1+$AU3)*(1+$AV3)+(($AW3+$AX3)/2*IF($G$1="裂石",$AJ3,$AH3)+IF($G$1="裂石",$AK3*1.5,0))*(1+$AY3)*(1+$AZ3)+(($BA3+$BB3)/2*IF($G$1="牵丝",$AJ3,$AH3)+IF($G$1="牵丝",$AK3*1.5,0))*(1+$BC3)*(1+$BD3)+(($BE3+$BF3)/2*IF($G$1="破竹",$AJ3,$AH3)+IF($G$1="破竹",$AK3*1.5,0))*(1+$BG3)*(1+$BH3))*(1+$AL3)*$BK3*$P3*(1+IF(VLOOKUP($Q3,武学奇术!$A:$ZZ,30,FALSE)="蓄力技",#REF!,0))*(1+$BQ3) -> 79763.742 | M3: =(($AO3*$AH3+$AI3)*(1+$AP3)*(1+$AQ3)+($AT3*IF($G$1="鸣金",$AJ3,$AH3)+IF($G$1="鸣金",$AK3*1.5,0))*(1+$AU3)*(1+$AV3)+($AX3*IF($G$1="裂石",$AJ3,$AH3)+IF($G$1="裂石",$AK3*1.5,0))*(1+$AY3)*(1+$AZ3)+($BB3*IF($G$1="牵丝",$AJ3,$AH3)+IF($G$1="牵丝",$AK3*1.5,0))*(1+$BC3)*(1+$BD3)+($BF3*IF($G$1="破竹",$AJ3,$AH3)+IF($G$1="破竹",$AK3*1.5,0))*(1+$BG3)*(1+$BH3))*(1+$AL3)*$BM3*$P3*(1+IF(VLOOKUP($Q3,武学奇术!$A:$ZZ,30,FALSE)="蓄力技",#REF!,0))*(1+$BQ3) -> 69827.525 | N3: =((($AN3+$AO3)/2*$AH3+$AI3)*(1+$AP3)*(1+$AQ3)+(($AS3+$AT3)/2*IF($G$1="鸣金",$AJ3,$AH3)+IF($G$1="鸣金",$AK3*1.5,0))*(1+$AU3)*(1+$AV3)+(($AW3+$AX3)/2*IF($G$1="裂石",$AJ3,$AH3)+IF($G$1="裂石",$AK3*1.5,0))*(1+$AY3)*(1+$AZ3)+(($BA3+$BB3)/2*IF($G$1="牵丝",$AJ3,$AH3)+IF($G$1="牵丝",$AK3*1.5,0))*(1+$BC3)*(1+$BD3)+(($BE3+$BF3)/2*IF($G$1="破竹",$AJ3,$AH3)+IF($G$1="破竹",$AK3*1.5,0))*(1+$BG3)*(1+$BH3))*(1+$AL3)*$P3*(1+IF(VLOOKUP($Q3,武学奇术!$A:$ZZ,30,FALSE)="蓄力技",#REF!,0))*(1+$BQ3) -> 45579.281 | O3: =((($AN3*$AH3+$AI3)*(1+$AP3)*(1+$AQ3)+($AS3*IF($G$1="鸣金",$AJ3,$AH3)+IF($G$1="鸣金",$AK3*1.5,0))*(1+$AU3)*(1+$AV3)+($AW3*IF($G$1="裂石",$AJ3,$AH3)+IF($G$1="裂石",$AK3*1.5,0))*(1+$AY3)*(1+$AZ3)+($BA3*IF($G$1="牵丝",$AJ3,$AH3)+IF($G$1="牵丝",$AK3*1.5,0))*(1+$BC3)*(1+$BD3)+($BE3*IF($G$1="破竹",$AJ3,$AH3)+IF($G$1="破竹",$AK3*1.5,0))*(1+$BG3)*(1+$BH3))*(1+$AL3))*$P3*(1+IF(VLOOKUP($Q3,武学奇术!$A:$ZZ,30,FALSE)="蓄力技",#REF!,0))*(1+$BQ3) -> 39434.47 | P3: 10 | Q3: 神龙吐火暗灼dot | R3: 惧刃(拐) | S3: 伞增 | T3: 沧海帖10层 | U3: 易水歌5层 | V3: 四时之秋 | W3: 惊神5(拐) | X3: 裁云(拐) | Y3: 离猎(拐) | Z3: 扶风(拐) | AA3: 浣花 | AB3: N/a | AC3: N/a | AD3: N/a | AE3: 大卷(30%+) | AF3: 无惧 | AG3: =VLOOKUP($Q3,武学奇术!$A:$ZZ,25,FALSE) -> 单体奇术 | AH3: =VLOOKUP($Q3,武学奇术!$A:$ZZ,26,FALSE) -> 0.2361 | AI3: =VLOOKUP($Q3,武学奇术!$A:$ZZ,27,FALSE)*(1+IF(OR($AG3=$F$4,$AG3=$F$5),$B$21,0)) -> 47 | AJ3: =VLOOKUP($Q3,武学奇术!$A:$ZZ,28,FALSE) -> 0.35415 | AK3: =VLOOKUP($Q3,武学奇术!$A:$ZZ,29,FALSE)*(1+IF(OR($AG3=$F$4,$AG3=$F$5),$B$21,0)) -> 0 | AL3: {=$G$3+IFERROR(VLOOKUP($AG3,$F$4:$G$7,2,FALSE),0)+VLOOKUP($Q3,武学奇术!$A:$ZZ,2,FALSE)+SUM(_xlfn.XLOOKUP($R3:$AF3,增益!$A:$A,增益!$B:$B,0))} -> 1.0719 | AM3: {=VLOOKUP($Q3,武学奇术!$A:$ZZ,5,FALSE)+SUM(_xlfn.XLOOKUP($R3:$AF3,增益!$A:$A,增益!$E:$E,0))} -> 0 | AN3: {=$D$10*(1+$AM3)+VLOOKUP($Q3,武学奇术!$A:$ZZ,3,FALSE)+SUM(_xlfn.XLOOKUP($R3:$AF3,增益!$A:$A,增益!$C:$C,0))-$I$2} -> 3977.2 | AO3: {=$E$10*(1+$AM3)+VLOOKUP($Q3,武学奇术!$A:$ZZ,4,FALSE)+SUM(_xlfn.XLOOKUP($R3:$AF3,增益!$A:$A,增益!$D:$D,0))-$I$2} -> 3977.2 | AP3: {=IF($F$10-$I$3+VLOOKUP($Q3,武学奇术!$A:$ZZ,6,FALSE)+SUM(_xlfn.XLOOKUP(R3:AF3,增益!$A:$A,增益!$F:$F,0))>0,($F$10-$I$3+VLOOKUP($Q3,武学奇术!$A:$ZZ,6,FALSE)+SUM(_xlfn.XLOOKUP(R3:AF3,增益!$A:$A,增益!$F:$F,0)))/200,($F$10-$I$3+VLOOKUP($Q3,武学奇术!$A:$ZZ,6,FALSE)+SUM(_xlfn.XLOOKUP(R3:AF3,增益!$A:$A,增益!$F:$F,0)))/100)} -> 0.344 | AQ3: {=$G$10+VLOOKUP($Q3,武学奇术!$A:$ZZ,7,FALSE)+SUM(_xlfn.XLOOKUP(R3:AF3,增益!$A:$A,增益!$G:$G,0))} -> 0.04 | AR3: {=VLOOKUP($Q3,武学奇术!$A:$ZZ,8,FALSE)+SUM(_xlfn.XLOOKUP(R3:AF3,增益!$A:$A,增益!$H:$H,0))} -> 0.06 | AS3: =$D$11*(1+$AR3) -> 0 | AT3: =$E$11*(1+$AR3) -> 0 | AU3: {=IF($F$11-$I$4+VLOOKUP($Q3,武学奇术!$A:$ZZ,9,FALSE)+SUM(_xlfn.XLOOKUP(R3:AF3,增益!$A:$A,增益!$I:$I,0))>0,($F$11-$I$4+VLOOKUP($Q3,武学奇术!$A:$ZZ,9,FALSE)+SUM(_xlfn.XLOOKUP(R3:AF3,增益!$A:$A,增益!$I:$I,0)))/200,($F$11-$I$4+VLOOKUP($Q3,武学奇术!$A:$ZZ,9,FALSE)+SUM(_xlfn.XLOOKUP(R3:AF3,增益!$A:$A,增益!$I:$I,0)))/100)} -> -0.14 | AV3: {=$G$11+VLOOKUP($Q3,武学奇术!$A:$ZZ,10,FALSE)+SUM(_xlfn.XLOOKUP(R3:AF3,增益!$A:$A,增益!$J:$J,0))} -> 0.04 | AW3: =$D$12*(1+$AR3) -> 0 | AX3: =$E$12*(1+$AR3) -> 0 | AY3: {=IF($F$12-$I$4+VLOOKUP($Q3,武学奇术!$A:$ZZ,11,FALSE)+SUM(_xlfn.XLOOKUP(R3:AF3,增益!$A:$A,增益!$K:$K,0))>0,($F$12-$I$4+VLOOKUP($Q3,武学奇术!$A:$ZZ,11,FALSE)+SUM(_xlfn.XLOOKUP(R3:AF3,增益!$A:$A,增益!$K:$K,0)))/200,($F$12-$I$4+VLOOKUP($Q3,武学奇术!$A:$ZZ,11,FALSE)+SUM(_xlfn.XLOOKUP(R3:AF3,增益!$A:$A,增益!$K:$K,0)))/100)} -> -0.14 | AZ3: {=$G$12+VLOOKUP($Q3,武学奇术!$A:$ZZ,12,FALSE)+SUM(_xlfn.XLOOKUP(R3:AF3,增益!$A:$A,增益!$L:$L,0))} -> 0.04 | BA3: =$D$13*(1+$AR3) -> 739.244 | BB3: =$E$13*(1+$AR3) -> 1913.3 | BC3: {=IF($F$13-$I$4+VLOOKUP($Q3,武学奇术!$A:$ZZ,13,FALSE)+SUM(_xlfn.XLOOKUP(R3:AF3,增益!$A:$A,增益!$M:$M,0))>0,($F$13-$I$4+VLOOKUP($Q3,武学奇术!$A:$ZZ,13,FALSE)+SUM(_xlfn.XLOOKUP(R3:AF3,增益!$A:$A,增益!$K:$K,0)))/200,($F$13-$I$4+VLOOKUP($Q3,武学奇术!$A:$ZZ,13,FALSE)+SUM(_xlfn.XLOOKUP(R3:AF3,增益!$A:$A,增益!$M:$M,0)))/100)} -> 0.08 | BD3: {=$G$13+VLOOKUP($Q3,武学奇术!$A:$ZZ,14,FALSE)+SUM(_xlfn.XLOOKUP(R3:AF3,增益!$A:$A,增益!$N:$N,0))} -> 0.19 | BE3: =$D$14*(1+$AR3) -> 0 | BF3: =$E$14*(1+$AR3) -> 0 | BG3: {=IF($F$14-$I$4+VLOOKUP($Q3,武学奇术!$A:$ZZ,15,FALSE)+SUM(_xlfn.XLOOKUP(R3:AF3,增益!$A:$A,增益!$O:$O,0))>0,($F$14-$I$4+VLOOKUP($Q3,武学奇术!$A:$ZZ,15,FALSE)+SUM(_xlfn.XLOOKUP(R3:AF3,增益!$A:$A,增益!$O:$O,0)))/200,($F$14-$I$4+VLOOKUP($Q3,武学奇术!$A:$ZZ,15,FALSE)+SUM(_xlfn.XLOOKUP(R3:AF3,增益!$A:$A,增益!$O:$O,0)))/100)} -> -0.14 | BH3: {=$G$14+VLOOKUP($Q3,武学奇术!$A:$ZZ,16,FALSE)+SUM(_xlfn.XLOOKUP(R3:AF3,增益!$A:$A,增益!$P:$P,0))} -> 0.04 | BI3: =MIN(IF(VLOOKUP($Q3,武学奇术!$A:$ZZ,23,FALSE)=1,100%,$B$8),100%) -> 1 | BJ3: {=IF(VLOOKUP($Q3,武学奇术!$A:$ZZ,23,FALSE)=1,100%,MIN(80%,$B$9+VLOOKUP($Q3,武学奇术!$A:$ZZ,17,FALSE)+SUM(_xlfn.XLOOKUP(R3:AF3,增益!$A:$A,增益!$Q:$Q,0)))+$B$11+SUM(_xlfn.XLOOKUP(R3:AF3,增益!$A:$A,增益!$U:$U,0)))*IF(VLOOKUP($Q3,武学奇术!$A:$ZZ,24,FALSE)=1,0,1)} -> 0.892 | BK3: {=1+$B$13+VLOOKUP($Q3,武学奇术!$A:$ZZ,18,FALSE)+SUM(_xlfn.XLOOKUP(R3:AF3,增益!$A:$A,增益!$R:$R,0))} -> 1.75 | BL3: {=IF(VLOOKUP($Q3,武学奇术!$A:$ZZ,24,FALSE)=1,100%,MIN(40%,$B$10+VLOOKUP($Q3,武学奇术!$A:$ZZ,19,FALSE)+SUM(_xlfn.XLOOKUP(R3:AF3,增益!$A:$A,增益!$S:$S,0)))+$B$12+SUM(_xlfn.XLOOKUP(R3:AF3,增益!$A:$A,增益!$V:$V,0)))*IF(VLOOKUP($Q3,武学奇术!$A:$ZZ,23,FALSE)=1,0,1)} -> 0.0913 | BM3: {=1+$B$14+VLOOKUP($Q3,武学奇术!$A:$ZZ,20,FALSE)+SUM(_xlfn.XLOOKUP(R3:AF3,增益!$A:$A,增益!$T:$T,0))} -> 1.35 | BN3: =MIN((1-BL3)*BI3,BI3*BJ3) -> 0.892 | BO3: =1-BL3-BN3-BP3 -> 0.0167 | BP3: =IF(VLOOKUP($Q3,武学奇术!$A:$ZZ,22,FALSE)=1,0,(1-$BI3))*(1-$BL3) -> 0 | BQ3: {=SUM(_xlfn.XLOOKUP(R3:AF3,增益!$A:$A,增益!$W:$W,0))+$I$5} -> 0.11
A4: 裂石 | F4: 伞 | G4: =B15+B17 -> 0 | H4: 属抗 | I4: =30 -> 30 | K4: =($L4*$BN4+$M4*$BL4+$N4*$BO4+$O4*$BP4) -> 119410.61 | L4: =((($AN4+$AO4)/2*$AH4+$AI4)*(1+$AP4)*(1+$AQ4)+(($AS4+$AT4)/2*IF($G$1="鸣金",$AJ4,$AH4)+IF($G$1="鸣金",$AK4*1.5,0))*(1+$AU4)*(1+$AV4)+(($AW4+$AX4)/2*IF($G$1="裂石",$AJ4,$AH4)+IF($G$1="裂石",$AK4*1.5,0))*(1+$AY4)*(1+$AZ4)+(($BA4+$BB4)/2*IF($G$1="牵丝",$AJ4,$AH4)+IF($G$1="牵丝",$AK4*1.5,0))*(1+$BC4)*(1+$BD4)+(($BE4+$BF4)/2*IF($G$1="破竹",$AJ4,$AH4)+IF($G$1="破竹",$AK4*1.5,0))*(1+$BG4)*(1+$BH4))*(1+$AL4)*$BK4*$P4*(1+IF(VLOOKUP($Q4,武学奇术!$A:$ZZ,30,FALSE)="蓄力技",#REF!,0))*(1+$BQ4) -> 121664.95 | M4: =(($AO4*$AH4+$AI4)*(1+$AP4)*(1+$AQ4)+($AT4*IF($G$1="鸣金",$AJ4,$AH4)+IF($G$1="鸣金",$AK4*1.5,0))*(1+$AU4)*(1+$AV4)+($AX4*IF($G$1="裂石",$AJ4,$AH4)+IF($G$1="裂石",$AK4*1.5,0))*(1+$AY4)*(1+$AZ4)+($BB4*IF($G$1="牵丝",$AJ4,$AH4)+IF($G$1="牵丝",$AK4*1.5,0))*(1+$BC4)*(1+$BD4)+($BF4*IF($G$1="破竹",$AJ4,$AH4)+IF($G$1="破竹",$AK4*1.5,0))*(1+$BG4)*(1+$BH4))*(1+$AL4)*$BM4*$P4*(1+IF(VLOOKUP($Q4,武学奇术!$A:$ZZ,30,FALSE)="蓄力技",#REF!,0))*(1+$BQ4) -> 106510.82 | N4: =((($AN4+$AO4)/2*$AH4+$AI4)*(1+$AP4)*(1+$AQ4)+(($AS4+$AT4)/2*IF($G$1="鸣金",$AJ4,$AH4)+IF($G$1="鸣金",$AK4*1.5,0))*(1+$AU4)*(1+$AV4)+(($AW4+$AX4)/2*IF($G$1="裂石",$AJ4,$AH4)+IF($G$1="裂石",$AK4*1.5,0))*(1+$AY4)*(1+$AZ4)+(($BA4+$BB4)/2*IF($G$1="牵丝",$AJ4,$AH4)+IF($G$1="牵丝",$AK4*1.5,0))*(1+$BC4)*(1+$BD4)+(($BE4+$BF4)/2*IF($G$1="破竹",$AJ4,$AH4)+IF($G$1="破竹",$AK4*1.5,0))*(1+$BG4)*(1+$BH4))*(1+$AL4)*$P4*(1+IF(VLOOKUP($Q4,武学奇术!$A:$ZZ,30,FALSE)="蓄力技",#REF!,0))*(1+$BQ4) -> 69522.83 | O4: =((($AN4*$AH4+$AI4)*(1+$AP4)*(1+$AQ4)+($AS4*IF($G$1="鸣金",$AJ4,$AH4)+IF($G$1="鸣金",$AK4*1.5,0))*(1+$AU4)*(1+$AV4)+($AW4*IF($G$1="裂石",$AJ4,$AH4)+IF($G$1="裂石",$AK4*1.5,0))*(1+$AY4)*(1+$AZ4)+($BA4*IF($G$1="牵丝",$AJ4,$AH4)+IF($G$1="牵丝",$AK4*1.5,0))*(1+$BC4)*(1+$BD4)+($BE4*IF($G$1="破竹",$AJ4,$AH4)+IF($G$1="破竹",$AK4*1.5,0))*(1+$BG4)*(1+$BH4))*(1+$AL4))*$P4*(1+IF(VLOOKUP($Q4,武学奇术!$A:$ZZ,30,FALSE)="蓄力技",#REF!,0))*(1+$BQ4) -> 60148.758 | P4: 4 | Q4: 太白醉月1-4 | R4: 惧刃(拐) | S4: 伞增 | T4: 沧海帖10层 | U4: 易水歌5层 | V4: 四时之秋 | W4: N/a | X4: 裁云(拐) | Y4: 离猎(拐) | Z4: 扶风(拐) | AA4: 浣花 | AB4: N/a | AC4: N/a | AD4: N/a | AE4: 大卷(30%+) | AF4: 无惧 | AG4: =VLOOKUP($Q4,武学奇术!$A:$ZZ,25,FALSE) -> 单体奇术 | AH4: =VLOOKUP($Q4,武学奇术!$A:$ZZ,26,FALSE) -> 1.024 | AI4: =VLOOKUP($Q4,武学奇术!$A:$ZZ,27,FALSE)*(1+IF(OR($AG4=$F$4,$AG4=$F$5),$B$21,0)) -> 203 | AJ4: =VLOOKUP($Q4,武学奇术!$A:$ZZ,28,FALSE) -> 1.536 | AK4: =VLOOKUP($Q4,武学奇术!$A:$ZZ,29,FALSE)*(1+IF(OR($AG4=$F$4,$AG4=$F$5),$B$21,0)) -> 0 | AL4: {=$G$3+IFERROR(VLOOKUP($AG4,$F$4:$G$7,2,FALSE),0)+VLOOKUP($Q4,武学奇术!$A:$ZZ,2,FALSE)+SUM(_xlfn.XLOOKUP($R4:$AF4,增益!$A:$A,增益!$B:$B,0))} -> 0.8219 | AM4: {=VLOOKUP($Q4,武学奇术!$A:$ZZ,5,FALSE)+SUM(_xlfn.XLOOKUP($R4:$AF4,增益!$A:$A,增益!$E:$E,0))} -> 0 | AN4: {=$D$10*(1+$AM4)+VLOOKUP($Q4,武学奇术!$A:$ZZ,3,FALSE)+SUM(_xlfn.XLOOKUP($R4:$AF4,增益!$A:$A,增益!$C:$C,0))-$I$2} -> 3977.2 | AO4: {=$E$10*(1+$AM4)+VLOOKUP($Q4,武学奇术!$A:$ZZ,4,FALSE)+SUM(_xlfn.XLOOKUP($R4:$AF4,增益!$A:$A,增益!$D:$D,0))-$I$2} -> 3977.2 | AP4: {=IF($F$10-$I$3+VLOOKUP($Q4,武学奇术!$A:$ZZ,6,FALSE)+SUM(_xlfn.XLOOKUP(R4:AF4,增益!$A:$A,增益!$F:$F,0))>0,($F$10-$I$3+VLOOKUP($Q4,武学奇术!$A:$ZZ,6,FALSE)+SUM(_xlfn.XLOOKUP(R4:AF4,增益!$A:$A,增益!$F:$F,0)))/200,($F$10-$I$3+VLOOKUP($Q4,武学奇术!$A:$ZZ,6,FALSE)+SUM(_xlfn.XLOOKUP(R4:AF4,增益!$A:$A,增益!$F:$F,0)))/100)} -> 0.344 | AQ4: {=$G$10+VLOOKUP($Q4,武学奇术!$A:$ZZ,7,FALSE)+SUM(_xlfn.XLOOKUP(R4:AF4,增益!$A:$A,增益!$G:$G,0))} -> 0.04 | AR4: {=VLOOKUP($Q4,武学奇术!$A:$ZZ,8,FALSE)+SUM(_xlfn.XLOOKUP(R4:AF4,增益!$A:$A,增益!$H:$H,0))} -> 0.06 | AS4: =$D$11*(1+$AR4) -> 0 | AT4: =$E$11*(1+$AR4) -> 0 | AU4: {=IF($F$11-$I$4+VLOOKUP($Q4,武学奇术!$A:$ZZ,9,FALSE)+SUM(_xlfn.XLOOKUP(R4:AF4,增益!$A:$A,增益!$I:$I,0))>0,($F$11-$I$4+VLOOKUP($Q4,武学奇术!$A:$ZZ,9,FALSE)+SUM(_xlfn.XLOOKUP(R4:AF4,增益!$A:$A,增益!$I:$I,0)))/200,($F$11-$I$4+VLOOKUP($Q4,武学奇术!$A:$ZZ,9,FALSE)+SUM(_xlfn.XLOOKUP(R4:AF4,增益!$A:$A,增益!$I:$I,0)))/100)} -> -0.14 | AV4: {=$G$11+VLOOKUP($Q4,武学奇术!$A:$ZZ,10,FALSE)+SUM(_xlfn.XLOOKUP(R4:AF4,增益!$A:$A,增益!$J:$J,0))} -> 0.04 | AW4: =$D$12*(1+$AR4) -> 0 | AX4: =$E$12*(1+$AR4) -> 0 | AY4: {=IF($F$12-$I$4+VLOOKUP($Q4,武学奇术!$A:$ZZ,11,FALSE)+SUM(_xlfn.XLOOKUP(R4:AF4,增益!$A:$A,增益!$K:$K,0))>0,($F$12-$I$4+VLOOKUP($Q4,武学奇术!$A:$ZZ,11,FALSE)+SUM(_xlfn.XLOOKUP(R4:AF4,增益!$A:$A,增益!$K:$K,0)))/200,($F$12-$I$4+VLOOKUP($Q4,武学奇术!$A:$ZZ,11,FALSE)+SUM(_xlfn.XLOOKUP(R4:AF4,增益!$A:$A,增益!$K:$K,0)))/100)} -> -0.14 | AZ4: {=$G$12+VLOOKUP($Q4,武学奇术!$A:$ZZ,12,FALSE)+SUM(_xlfn.XLOOKUP(R4:AF4,增益!$A:$A,增益!$L:$L,0))} -> 0.04 | BA4: =$D$13*(1+$AR4) -> 739.244 | BB4: =$E$13*(1+$AR4) -> 1913.3 | BC4: {=IF($F$13-$I$4+VLOOKUP($Q4,武学奇术!$A:$ZZ,13,FALSE)+SUM(_xlfn.XLOOKUP(R4:AF4,增益!$A:$A,增益!$M:$M,0))>0,($F$13-$I$4+VLOOKUP($Q4,武学奇术!$A:$ZZ,13,FALSE)+SUM(_xlfn.XLOOKUP(R4:AF4,增益!$A:$A,增益!$K:$K,0)))/200,($F$13-$I$4+VLOOKUP($Q4,武学奇术!$A:$ZZ,13,FALSE)+SUM(_xlfn.XLOOKUP(R4:AF4,增益!$A:$A,增益!$M:$M,0)))/100)} -> 0.08 | BD4: {=$G$13+VLOOKUP($Q4,武学奇术!$A:$ZZ,14,FALSE)+SUM(_xlfn.XLOOKUP(R4:AF4,增益!$A:$A,增益!$N:$N,0))} -> 0.19 | BE4: =$D$14*(1+$AR4) -> 0 | BF4: =$E$14*(1+$AR4) -> 0 | BG4: {=IF($F$14-$I$4+VLOOKUP($Q4,武学奇术!$A:$ZZ,15,FALSE)+SUM(_xlfn.XLOOKUP(R4:AF4,增益!$A:$A,增益!$O:$O,0))>0,($F$14-$I$4+VLOOKUP($Q4,武学奇术!$A:$ZZ,15,FALSE)+SUM(_xlfn.XLOOKUP(R4:AF4,增益!$A:$A,增益!$O:$O,0)))/200,($F$14-$I$4+VLOOKUP($Q4,武学奇术!$A:$ZZ,15,FALSE)+SUM(_xlfn.XLOOKUP(R4:AF4,增益!$A:$A,增益!$O:$O,0)))/100)} -> -0.14 | BH4: {=$G$14+VLOOKUP($Q4,武学奇术!$A:$ZZ,16,FALSE)+SUM(_xlfn.XLOOKUP(R4:AF4,增益!$A:$A,增益!$P:$P,0))} -> 0.04 | BI4: =MIN(IF(VLOOKUP($Q4,武学奇术!$A:$ZZ,23,FALSE)=1,100%,$B$8),100%) -> 1 | BJ4: {=IF(VLOOKUP($Q4,武学奇术!$A:$ZZ,23,FALSE)=1,100%,MIN(80%,$B$9+VLOOKUP($Q4,武学奇术!$A:$ZZ,17,FALSE)+SUM(_xlfn.XLOOKUP(R4:AF4,增益!$A:$A,增益!$Q:$Q,0)))+$B$11+SUM(_xlfn.XLOOKUP(R4:AF4,增益!$A:$A,增益!$U:$U,0)))*IF(VLOOKUP($Q4,武学奇术!$A:$ZZ,24,FALSE)=1,0,1)} -> 0.892 | BK4: {=1+$B$13+VLOOKUP($Q4,武学奇术!$A:$ZZ,18,FALSE)+SUM(_xlfn.XLOOKUP(R4:AF4,增益!$A:$A,增益!$R:$R,0))} -> 1.75 | BL4: {=IF(VLOOKUP($Q4,武学奇术!$A:$ZZ,24,FALSE)=1,100%,MIN(40%,$B$10+VLOOKUP($Q4,武学奇术!$A:$ZZ,19,FALSE)+SUM(_xlfn.XLOOKUP(R4:AF4,增益!$A:$A,增益!$S:$S,0)))+$B$12+SUM(_xlfn.XLOOKUP(R4:AF4,增益!$A:$A,增益!$V:$V,0)))*IF(VLOOKUP($Q4,武学奇术!$A:$ZZ,23,FALSE)=1,0,1)} -> 0.0913 | BM4: {=1+$B$14+VLOOKUP($Q4,武学奇术!$A:$ZZ,20,FALSE)+SUM(_xlfn.XLOOKUP(R4:AF4,增益!$A:$A,增益!$T:$T,0))} -> 1.35 | BN4: =MIN((1-BL4)*BI4,BI4*BJ4) -> 0.892 | BO4: =1-BL4-BN4-BP4 -> 0.0167 | BP4: =IF(VLOOKUP($Q4,武学奇术!$A:$ZZ,22,FALSE)=1,0,(1-$BI4))*(1-$BL4) -> 0 | BQ4: {=SUM(_xlfn.XLOOKUP(R4:AF4,增益!$A:$A,增益!$W:$W,0))+$I$5} -> 0.11
A5: 牵丝 | B5: 539 | C5: 1554.2 | D5: 30 | E5: 0.15 | F5: 扇 | G5: =B15+B18 -> 0 | H5: 副本天赋 | I5: 0.06 | K5: =($L5*$BN5+$M5*$BL5+$N5*$BO5+$O5*$BP5) -> 71603.593 | L5: =((($AN5+$AO5)/2*$AH5+$AI5)*(1+$AP5)*(1+$AQ5)+(($AS5+$AT5)/2*IF($G$1="鸣金",$AJ5,$AH5)+IF($G$1="鸣金",$AK5*1.5,0))*(1+$AU5)*(1+$AV5)+(($AW5+$AX5)/2*IF($G$1="裂石",$AJ5,$AH5)+IF($G$1="裂石",$AK5*1.5,0))*(1+$AY5)*(1+$AZ5)+(($BA5+$BB5)/2*IF($G$1="牵丝",$AJ5,$AH5)+IF($G$1="牵丝",$AK5*1.5,0))*(1+$BC5)*(1+$BD5)+(($BE5+$BF5)/2*IF($G$1="破竹",$AJ5,$AH5)+IF($G$1="破竹",$AK5*1.5,0))*(1+$BG5)*(1+$BH5))*(1+$AL5)*$BK5*$P5*(1+IF(VLOOKUP($Q5,武学奇术!$A:$ZZ,30,FALSE)="蓄力技",#REF!,0))*(1+$BQ5) -> 72955.44 | M5: =(($AO5*$AH5+$AI5)*(1+$AP5)*(1+$AQ5)+($AT5*IF($G$1="鸣金",$AJ5,$AH5)+IF($G$1="鸣金",$AK5*1.5,0))*(1+$AU5)*(1+$AV5)+($AX5*IF($G$1="裂石",$AJ5,$AH5)+IF($G$1="裂石",$AK5*1.5,0))*(1+$AY5)*(1+$AZ5)+($BB5*IF($G$1="牵丝",$AJ5,$AH5)+IF($G$1="牵丝",$AK5*1.5,0))*(1+$BC5)*(1+$BD5)+($BF5*IF($G$1="破竹",$AJ5,$AH5)+IF($G$1="破竹",$AK5*1.5,0))*(1+$BG5)*(1+$BH5))*(1+$AL5)*$BM5*$P5*(1+IF(VLOOKUP($Q5,武学奇术!$A:$ZZ,30,FALSE)="蓄力技",#REF!,0))*(1+$BQ5) -> 63867.878 | N5: =((($AN5+$AO5)/2*$AH5+$AI5)*(1+$AP5)*(1+$AQ5)+(($AS5+$AT5)/2*IF($G$1="鸣金",$AJ5,$AH5)+IF($G$1="鸣金",$AK5*1.5,0))*(1+$AU5)*(1+$AV5)+(($AW5+$AX5)/2*IF($G$1="裂石",$AJ5,$AH5)+IF($G$1="裂石",$AK5*1.5,0))*(1+$AY5)*(1+$AZ5)+(($BA5+$BB5)/2*IF($G$1="牵丝",$AJ5,$AH5)+IF($G$1="牵丝",$AK5*1.5,0))*(1+$BC5)*(1+$BD5)+(($BE5+$BF5)/2*IF($G$1="破竹",$AJ5,$AH5)+IF($G$1="破竹",$AK5*1.5,0))*(1+$BG5)*(1+$BH5))*(1+$AL5)*$P5*(1+IF(VLOOKUP($Q5,武学奇术!$A:$ZZ,30,FALSE)="蓄力技",#REF!,0))*(1+$BQ5) -> 41688.823 | O5: =((($AN5*$AH5+$AI5)*(1+$AP5)*(1+$AQ5)+($AS5*IF($G$1="鸣金",$AJ5,$AH5)+IF($G$1="鸣金",$AK5*1.5,0))*(1+$AU5)*(1+$AV5)+($AW5*IF($G$1="裂石",$AJ5,$AH5)+IF($G$1="裂石",$AK5*1.5,0))*(1+$AY5)*(1+$AZ5)+($BA5*IF($G$1="牵丝",$AJ5,$AH5)+IF($G$1="牵丝",$AK5*1.5,0))*(1+$BC5)*(1+$BD5)+($BE5*IF($G$1="破竹",$AJ5,$AH5)+IF($G$1="破竹",$AK5*1.5,0))*(1+$BG5)*(1+$BH5))*(1+$AL5))*$P5*(1+IF(VLOOKUP($Q5,武学奇术!$A:$ZZ,30,FALSE)="蓄力技",#REF!,0))*(1+$BQ5) -> 36068.107 | P5: 1 | Q5: 太白醉月5 | R5: 惧刃(拐) | S5: 伞增 | T5: 沧海帖10层 | U5: 易水歌5层 | V5: 四时之秋 | W5: N/a | X5: 裁云(拐) | Y5: 离猎(拐) | Z5: 扶风(拐) | AA5: 浣花 | AB5: N/a | AC5: N/a | AD5: N/a | AE5: 大卷(30%+) | AF5: 无惧 | AG5: =VLOOKUP($Q5,武学奇术!$A:$ZZ,25,FALSE) -> 单体奇术 | AH5: =VLOOKUP($Q5,武学奇术!$A:$ZZ,26,FALSE) -> 1.7066 | AI5: =VLOOKUP($Q5,武学奇术!$A:$ZZ,27,FALSE)*(1+IF(OR($AG5=$F$4,$AG5=$F$5),$B$21,0)) -> 339 | AJ5: =VLOOKUP($Q5,武学奇术!$A:$ZZ,28,FALSE) -> 2.5599 | AK5: =VLOOKUP($Q5,武学奇术!$A:$ZZ,29,FALSE)*(1+IF(OR($AG5=$F$4,$AG5=$F$5),$B$21,0)) -> 0 | AL5: {=$G$3+IFERROR(VLOOKUP($AG5,$F$4:$G$7,2,FALSE),0)+VLOOKUP($Q5,武学奇术!$A:$ZZ,2,FALSE)+SUM(_xlfn.XLOOKUP($R5:$AF5,增益!$A:$A,增益!$B:$B,0))} -> 1.6219 | AM5: {=VLOOKUP($Q5,武学奇术!$A:$ZZ,5,FALSE)+SUM(_xlfn.XLOOKUP($R5:$AF5,增益!$A:$A,增益!$E:$E,0))} -> 0 | AN5: {=$D$10*(1+$AM5)+VLOOKUP($Q5,武学奇术!$A:$ZZ,3,FALSE)+SUM(_xlfn.XLOOKUP($R5:$AF5,增益!$A:$A,增益!$C:$C,0))-$I$2} -> 3977.2 | AO5: {=$E$10*(1+$AM5)+VLOOKUP($Q5,武学奇术!$A:$ZZ,4,FALSE)+SUM(_xlfn.XLOOKUP($R5:$AF5,增益!$A:$A,增益!$D:$D,0))-$I$2} -> 3977.2 | AP5: {=IF($F$10-$I$3+VLOOKUP($Q5,武学奇术!$A:$ZZ,6,FALSE)+SUM(_xlfn.XLOOKUP(R5:AF5,增益!$A:$A,增益!$F:$F,0))>0,($F$10-$I$3+VLOOKUP($Q5,武学奇术!$A:$ZZ,6,FALSE)+SUM(_xlfn.XLOOKUP(R5:AF5,增益!$A:$A,增益!$F:$F,0)))/200,($F$10-$I$3+VLOOKUP($Q5,武学奇术!$A:$ZZ,6,FALSE)+SUM(_xlfn.XLOOKUP(R5:AF5,增益!$A:$A,增益!$F:$F,0)))/100)} -> 0.344 | AQ5: {=$G$10+VLOOKUP($Q5,武学奇术!$A:$ZZ,7,FALSE)+SUM(_xlfn.XLOOKUP(R5:AF5,增益!$A:$A,增益!$G:$G,0))} -> 0.04 | AR5: {=VLOOKUP($Q5,武学奇术!$A:$ZZ,8,FALSE)+SUM(_xlfn.XLOOKUP(R5:AF5,增益!$A:$A,增益!$H:$H,0))} -> 0.06 | AS5: =$D$11*(1+$AR5) -> 0 | AT5: =$E$11*(1+$AR5) -> 0 | AU5: {=IF($F$11-$I$4+VLOOKUP($Q5,武学奇术!$A:$ZZ,9,FALSE)+SUM(_xlfn.XLOOKUP(R5:AF5,增益!$A:$A,增益!$I:$I,0))>0,($F$11-$I$4+VLOOKUP($Q5,武学奇术!$A:$ZZ,9,FALSE)+SUM(_xlfn.XLOOKUP(R5:AF5,增益!$A:$A,增益!$I:$I,0)))/200,($F$11-$I$4+VLOOKUP($Q5,武学奇术!$A:$ZZ,9,FALSE)+SUM(_xlfn.XLOOKUP(R5:AF5,增益!$A:$A,增益!$I:$I,0)))/100)} -> -0.14 | AV5: {=$G$11+VLOOKUP($Q5,武学奇术!$A:$ZZ,10,FALSE)+SUM(_xlfn.XLOOKUP(R5:AF5,增益!$A:$A,增益!$J:$J,0))} -> 0.04 | AW5: =$D$12*(1+$AR5) -> 0 | AX5: =$E$12*(1+$AR5) -> 0 | AY5: {=IF($F$12-$I$4+VLOOKUP($Q5,武学奇术!$A:$ZZ,11,FALSE)+SUM(_xlfn.XLOOKUP(R5:AF5,增益!$A:$A,增益!$K:$K,0))>0,($F$12-$I$4+VLOOKUP($Q5,武学奇术!$A:$ZZ,11,FALSE)+SUM(_xlfn.XLOOKUP(R5:AF5,增益!$A:$A,增益!$K:$K,0)))/200,($F$12-$I$4+VLOOKUP($Q5,武学奇术!$A:$ZZ,11,FALSE)+SUM(_xlfn.XLOOKUP(R5:AF5,增益!$A:$A,增益!$K:$K,0)))/100)} -> -0.14 | AZ5: {=$G$12+VLOOKUP($Q5,武学奇术!$A:$ZZ,12,FALSE)+SUM(_xlfn.XLOOKUP(R5:AF5,增益!$A:$A,增益!$L:$L,0))} -> 0.04 | BA5: =$D$13*(1+$AR5) -> 739.244 | BB5: =$E$13*(1+$AR5) -> 1913.3 | BC5: {=IF($F$13-$I$4+VLOOKUP($Q5,武学奇术!$A:$ZZ,13,FALSE)+SUM(_xlfn.XLOOKUP(R5:AF5,增益!$A:$A,增益!$M:$M,0))>0,($F$13-$I$4+VLOOKUP($Q5,武学奇术!$A:$ZZ,13,FALSE)+SUM(_xlfn.XLOOKUP(R5:AF5,增益!$A:$A,增益!$K:$K,0)))/200,($F$13-$I$4+VLOOKUP($Q5,武学奇术!$A:$ZZ,13,FALSE)+SUM(_xlfn.XLOOKUP(R5:AF5,增益!$A:$A,增益!$M:$M,0)))/100)} -> 0.08 | BD5: {=$G$13+VLOOKUP($Q5,武学奇术!$A:$ZZ,14,FALSE)+SUM(_xlfn.XLOOKUP(R5:AF5,增益!$A:$A,增益!$N:$N,0))} -> 0.19 | BE5: =$D$14*(1+$AR5) -> 0 | BF5: =$E$14*(1+$AR5) -> 0 | BG5: {=IF($F$14-$I$4+VLOOKUP($Q5,武学奇术!$A:$ZZ,15,FALSE)+SUM(_xlfn.XLOOKUP(R5:AF5,增益!$A:$A,增益!$O:$O,0))>0,($F$14-$I$4+VLOOKUP($Q5,武学奇术!$A:$ZZ,15,FALSE)+SUM(_xlfn.XLOOKUP(R5:AF5,增益!$A:$A,增益!$O:$O,0)))/200,($F$14-$I$4+VLOOKUP($Q5,武学奇术!$A:$ZZ,15,FALSE)+SUM(_xlfn.XLOOKUP(R5:AF5,增益!$A:$A,增益!$O:$O,0)))/100)} -> -0.14 | BH5: {=$G$14+VLOOKUP($Q5,武学奇术!$A:$ZZ,16,FALSE)+SUM(_xlfn.XLOOKUP(R5:AF5,增益!$A:$A,增益!$P:$P,0))} -> 0.04 | BI5: =MIN(IF(VLOOKUP($Q5,武学奇术!$A:$ZZ,23,FALSE)=1,100%,$B$8),100%) -> 1 | BJ5: {=IF(VLOOKUP($Q5,武学奇术!$A:$ZZ,23,FALSE)=1,100%,MIN(80%,$B$9+VLOOKUP($Q5,武学奇术!$A:$ZZ,17,FALSE)+SUM(_xlfn.XLOOKUP(R5:AF5,增益!$A:$A,增益!$Q:$Q,0)))+$B$11+SUM(_xlfn.XLOOKUP(R5:AF5,增益!$A:$A,增益!$U:$U,0)))*IF(VLOOKUP($Q5,武学奇术!$A:$ZZ,24,FALSE)=1,0,1)} -> 0.892 | BK5: {=1+$B$13+VLOOKUP($Q5,武学奇术!$A:$ZZ,18,FALSE)+SUM(_xlfn.XLOOKUP(R5:AF5,增益!$A:$A,增益!$R:$R,0))} -> 1.75 | BL5: {=IF(VLOOKUP($Q5,武学奇术!$A:$ZZ,24,FALSE)=1,100%,MIN(40%,$B$10+VLOOKUP($Q5,武学奇术!$A:$ZZ,19,FALSE)+SUM(_xlfn.XLOOKUP(R5:AF5,增益!$A:$A,增益!$S:$S,0)))+$B$12+SUM(_xlfn.XLOOKUP(R5:AF5,增益!$A:$A,增益!$V:$V,0)))*IF(VLOOKUP($Q5,武学奇术!$A:$ZZ,23,FALSE)=1,0,1)} -> 0.0913 | BM5: {=1+$B$14+VLOOKUP($Q5,武学奇术!$A:$ZZ,20,FALSE)+SUM(_xlfn.XLOOKUP(R5:AF5,增益!$A:$A,增益!$T:$T,0))} -> 1.35 | BN5: =MIN((1-BL5)*BI5,BI5*BJ5) -> 0.892 | BO5: =1-BL5-BN5-BP5 -> 0.0167 | BP5: =IF(VLOOKUP($Q5,武学奇术!$A:$ZZ,22,FALSE)=1,0,(1-$BI5))*(1-$BL5) -> 0 | BQ5: {=SUM(_xlfn.XLOOKUP(R5:AF5,增益!$A:$A,增益!$W:$W,0))+$I$5} -> 0.11
A6: 破竹 | F6: 单体奇术 | G6: =B19 -> 0.2677 | K6: =($L6*$BN6+$M6*$BL6+$N6*$BO6+$O6*$BP6) -> 234550.5 | L6: =((($AN6+$AO6)/2*$AH6+$AI6)*(1+$AP6)*(1+$AQ6)+(($AS6+$AT6)/2*IF($G$1="鸣金",$AJ6,$AH6)+IF($G$1="鸣金",$AK6*1.5,0))*(1+$AU6)*(1+$AV6)+(($AW6+$AX6)/2*IF($G$1="裂石",$AJ6,$AH6)+IF($G$1="裂石",$AK6*1.5,0))*(1+$AY6)*(1+$AZ6)+(($BA6+$BB6)/2*IF($G$1="牵丝",$AJ6,$AH6)+IF($G$1="牵丝",$AK6*1.5,0))*(1+$BC6)*(1+$BD6)+(($BE6+$BF6)/2*IF($G$1="破竹",$AJ6,$AH6)+IF($G$1="破竹",$AK6*1.5,0))*(1+$BG6)*(1+$BH6))*(1+$AL6)*$BK6*$P6*(1+IF(VLOOKUP($Q6,武学奇术!$A:$ZZ,30,FALSE)="蓄力技",#REF!,0))*(1+$BQ6) -> 238978.57 | M6: =(($AO6*$AH6+$AI6)*(1+$AP6)*(1+$AQ6)+($AT6*IF($G$1="鸣金",$AJ6,$AH6)+IF($G$1="鸣金",$AK6*1.5,0))*(1+$AU6)*(1+$AV6)+($AX6*IF($G$1="裂石",$AJ6,$AH6)+IF($G$1="裂石",$AK6*1.5,0))*(1+$AY6)*(1+$AZ6)+($BB6*IF($G$1="牵丝",$AJ6,$AH6)+IF($G$1="牵丝",$AK6*1.5,0))*(1+$BC6)*(1+$BD6)+($BF6*IF($G$1="破竹",$AJ6,$AH6)+IF($G$1="破竹",$AK6*1.5,0))*(1+$BG6)*(1+$BH6))*(1+$AL6)*$BM6*$P6*(1+IF(VLOOKUP($Q6,武学奇术!$A:$ZZ,30,FALSE)="蓄力技",#REF!,0))*(1+$BQ6) -> 209212.27 | N6: =((($AN6+$AO6)/2*$AH6+$AI6)*(1+$AP6)*(1+$AQ6)+(($AS6+$AT6)/2*IF($G$1="鸣金",$AJ6,$AH6)+IF($G$1="鸣金",$AK6*1.5,0))*(1+$AU6)*(1+$AV6)+(($AW6+$AX6)/2*IF($G$1="裂石",$AJ6,$AH6)+IF($G$1="裂石",$AK6*1.5,0))*(1+$AY6)*(1+$AZ6)+(($BA6+$BB6)/2*IF($G$1="牵丝",$AJ6,$AH6)+IF($G$1="牵丝",$AK6*1.5,0))*(1+$BC6)*(1+$BD6)+(($BE6+$BF6)/2*IF($G$1="破竹",$AJ6,$AH6)+IF($G$1="破竹",$AK6*1.5,0))*(1+$BG6)*(1+$BH6))*(1+$AL6)*$P6*(1+IF(VLOOKUP($Q6,武学奇术!$A:$ZZ,30,FALSE)="蓄力技",#REF!,0))*(1+$BQ6) -> 136559.18 | O6: =((($AN6*$AH6+$AI6)*(1+$AP6)*(1+$AQ6)+($AS6*IF($G$1="鸣金",$AJ6,$AH6)+IF($G$1="鸣金",$AK6*1.5,0))*(1+$AU6)*(1+$AV6)+($AW6*IF($G$1="裂石",$AJ6,$AH6)+IF($G$1="裂石",$AK6*1.5,0))*(1+$AY6)*(1+$AZ6)+($BA6*IF($G$1="牵丝",$AJ6,$AH6)+IF($G$1="牵丝",$AK6*1.5,0))*(1+$BC6)*(1+$BD6)+($BE6*IF($G$1="破竹",$AJ6,$AH6)+IF($G$1="破竹",$AK6*1.5,0))*(1+$BG6)*(1+$BH6))*(1+$AL6))*$P6*(1+IF(VLOOKUP($Q6,武学奇术!$A:$ZZ,30,FALSE)="蓄力技",#REF!,0))*(1+$BQ6) -> 118146.32 | P6: 5 | Q6: 太白醉月暗灼 | R6: 惧刃(拐) | S6: 伞增 | T6: 沧海帖10层 | U6: 易水歌5层 | V6: 四时之秋 | W6: N/a | X6: 裁云(拐) | Y6: 离猎(拐) | Z6: 扶风(拐) | AA6: 浣花 | AB6: N/a | AC6: N/a | AD6: N/a | AE6: 大卷(30%+) | AF6: 无惧 | AG6: =VLOOKUP($Q6,武学奇术!$A:$ZZ,25,FALSE) -> 单体奇术 | AH6: =VLOOKUP($Q6,武学奇术!$A:$ZZ,26,FALSE) -> 1.6091 | AI6: =VLOOKUP($Q6,武学奇术!$A:$ZZ,27,FALSE)*(1+IF(OR($AG6=$F$4,$AG6=$F$5),$B$21,0)) -> 319 | AJ6: =VLOOKUP($Q6,武学奇术!$A:$ZZ,28,FALSE) -> 2.41365 | AK6: =VLOOKUP($Q6,武学奇术!$A:$ZZ,29,FALSE)*(1+IF(OR($AG6=$F$4,$AG6=$F$5),$B$21,0)) -> 0 | AL6: {=$G$3+IFERROR(VLOOKUP($AG6,$F$4:$G$7,2,FALSE),0)+VLOOKUP($Q6,武学奇术!$A:$ZZ,2,FALSE)+SUM(_xlfn.XLOOKUP($R6:$AF6,增益!$A:$A,增益!$B:$B,0))} -> 0.8219 | AM6: {=VLOOKUP($Q6,武学奇术!$A:$ZZ,5,FALSE)+SUM(_xlfn.XLOOKUP($R6:$AF6,增益!$A:$A,增益!$E:$E,0))} -> 0 | AN6: {=$D$10*(1+$AM6)+VLOOKUP($Q6,武学奇术!$A:$ZZ,3,FALSE)+SUM(_xlfn.XLOOKUP($R6:$AF6,增益!$A:$A,增益!$C:$C,0))-$I$2} -> 3977.2 | AO6: {=$E$10*(1+$AM6)+VLOOKUP($Q6,武学奇术!$A:$ZZ,4,FALSE)+SUM(_xlfn.XLOOKUP($R6:$AF6,增益!$A:$A,增益!$D:$D,0))-$I$2} -> 3977.2 | AP6: {=IF($F$10-$I$3+VLOOKUP($Q6,武学奇术!$A:$ZZ,6,FALSE)+SUM(_xlfn.XLOOKUP(R6:AF6,增益!$A:$A,增益!$F:$F,0))>0,($F$10-$I$3+VLOOKUP($Q6,武学奇术!$A:$ZZ,6,FALSE)+SUM(_xlfn.XLOOKUP(R6:AF6,增益!$A:$A,增益!$F:$F,0)))/200,($F$10-$I$3+VLOOKUP($Q6,武学奇术!$A:$ZZ,6,FALSE)+SUM(_xlfn.XLOOKUP(R6:AF6,增益!$A:$A,增益!$F:$F,0)))/100)} -> 0.344 | AQ6: {=$G$10+VLOOKUP($Q6,武学奇术!$A:$ZZ,7,FALSE)+SUM(_xlfn.XLOOKUP(R6:AF6,增益!$A:$A,增益!$G:$G,0))} -> 0.04 | AR6: {=VLOOKUP($Q6,武学奇术!$A:$ZZ,8,FALSE)+SUM(_xlfn.XLOOKUP(R6:AF6,增益!$A:$A,增益!$H:$H,0))} -> 0.06 | AS6: =$D$11*(1+$AR6) -> 0 | AT6: =$E$11*(1+$AR6) -> 0 | AU6: {=IF($F$11-$I$4+VLOOKUP($Q6,武学奇术!$A:$ZZ,9,FALSE)+SUM(_xlfn.XLOOKUP(R6:AF6,增益!$A:$A,增益!$I:$I,0))>0,($F$11-$I$4+VLOOKUP($Q6,武学奇术!$A:$ZZ,9,FALSE)+SUM(_xlfn.XLOOKUP(R6:AF6,增益!$A:$A,增益!$I:$I,0)))/200,($F$11-$I$4+VLOOKUP($Q6,武学奇术!$A:$ZZ,9,FALSE)+SUM(_xlfn.XLOOKUP(R6:AF6,增益!$A:$A,增益!$I:$I,0)))/100)} -> -0.14 | AV6: {=$G$11+VLOOKUP($Q6,武学奇术!$A:$ZZ,10,FALSE)+SUM(_xlfn.XLOOKUP(R6:AF6,增益!$A:$A,增益!$J:$J,0))} -> 0.04 | AW6: =$D$12*(1+$AR6) -> 0 | AX6: =$E$12*(1+$AR6) -> 0 | AY6: {=IF($F$12-$I$4+VLOOKUP($Q6,武学奇术!$A:$ZZ,11,FALSE)+SUM(_xlfn.XLOOKUP(R6:AF6,增益!$A:$A,增益!$K:$K,0))>0,($F$12-$I$4+VLOOKUP($Q6,武学奇术!$A:$ZZ,11,FALSE)+SUM(_xlfn.XLOOKUP(R6:AF6,增益!$A:$A,增益!$K:$K,0)))/200,($F$12-$I$4+VLOOKUP($Q6,武学奇术!$A:$ZZ,11,FALSE)+SUM(_xlfn.XLOOKUP(R6:AF6,增益!$A:$A,增益!$K:$K,0)))/100)} -> -0.14 | AZ6: {=$G$12+VLOOKUP($Q6,武学奇术!$A:$ZZ,12,FALSE)+SUM(_xlfn.XLOOKUP(R6:AF6,增益!$A:$A,增益!$L:$L,0))} -> 0.04 | BA6: =$D$13*(1+$AR6) -> 739.244 | BB6: =$E$13*(1+$AR6) -> 1913.3 | BC6: {=IF($F$13-$I$4+VLOOKUP($Q6,武学奇术!$A:$ZZ,13,FALSE)+SUM(_xlfn.XLOOKUP(R6:AF6,增益!$A:$A,增益!$M:$M,0))>0,($F$13-$I$4+VLOOKUP($Q6,武学奇术!$A:$ZZ,13,FALSE)+SUM(_xlfn.XLOOKUP(R6:AF6,增益!$A:$A,增益!$K:$K,0)))/200,($F$13-$I$4+VLOOKUP($Q6,武学奇术!$A:$ZZ,13,FALSE)+SUM(_xlfn.XLOOKUP(R6:AF6,增益!$A:$A,增益!$M:$M,0)))/100)} -> 0.08 | BD6: {=$G$13+VLOOKUP($Q6,武学奇术!$A:$ZZ,14,FALSE)+SUM(_xlfn.XLOOKUP(R6:AF6,增益!$A:$A,增益!$N:$N,0))} -> 0.19 | BE6: =$D$14*(1+$AR6) -> 0 | BF6: =$E$14*(1+$AR6) -> 0 | BG6: {=IF($F$14-$I$4+VLOOKUP($Q6,武学奇术!$A:$ZZ,15,FALSE)+SUM(_xlfn.XLOOKUP(R6:AF6,增益!$A:$A,增益!$O:$O,0))>0,($F$14-$I$4+VLOOKUP($Q6,武学奇术!$A:$ZZ,15,FALSE)+SUM(_xlfn.XLOOKUP(R6:AF6,增益!$A:$A,增益!$O:$O,0)))/200,($F$14-$I$4+VLOOKUP($Q6,武学奇术!$A:$ZZ,15,FALSE)+SUM(_xlfn.XLOOKUP(R6:AF6,增益!$A:$A,增益!$O:$O,0)))/100)} -> -0.14 | BH6: {=$G$14+VLOOKUP($Q6,武学奇术!$A:$ZZ,16,FALSE)+SUM(_xlfn.XLOOKUP(R6:AF6,增益!$A:$A,增益!$P:$P,0))} -> 0.04 | BI6: =MIN(IF(VLOOKUP($Q6,武学奇术!$A:$ZZ,23,FALSE)=1,100%,$B$8),100%) -> 1 | BJ6: {=IF(VLOOKUP($Q6,武学奇术!$A:$ZZ,23,FALSE)=1,100%,MIN(80%,$B$9+VLOOKUP($Q6,武学奇术!$A:$ZZ,17,FALSE)+SUM(_xlfn.XLOOKUP(R6:AF6,增益!$A:$A,增益!$Q:$Q,0)))+$B$11+SUM(_xlfn.XLOOKUP(R6:AF6,增益!$A:$A,增益!$U:$U,0)))*IF(VLOOKUP($Q6,武学奇术!$A:$ZZ,24,FALSE)=1,0,1)} -> 0.892 | BK6: {=1+$B$13+VLOOKUP($Q6,武学奇术!$A:$ZZ,18,FALSE)+SUM(_xlfn.XLOOKUP(R6:AF6,增益!$A:$A,增益!$R:$R,0))} -> 1.75 | BL6: {=IF(VLOOKUP($Q6,武学奇术!$A:$ZZ,24,FALSE)=1,100%,MIN(40%,$B$10+VLOOKUP($Q6,武学奇术!$A:$ZZ,19,FALSE)+SUM(_xlfn.XLOOKUP(R6:AF6,增益!$A:$A,增益!$S:$S,0)))+$B$12+SUM(_xlfn.XLOOKUP(R6:AF6,增益!$A:$A,增益!$V:$V,0)))*IF(VLOOKUP($Q6,武学奇术!$A:$ZZ,23,FALSE)=1,0,1)} -> 0.0913 | BM6: {=1+$B$14+VLOOKUP($Q6,武学奇术!$A:$ZZ,20,FALSE)+SUM(_xlfn.XLOOKUP(R6:AF6,增益!$A:$A,增益!$T:$T,0))} -> 1.35 | BN6: =MIN((1-BL6)*BI6,BI6*BJ6) -> 0.892 | BO6: =1-BL6-BN6-BP6 -> 0.0167 | BP6: =IF(VLOOKUP($Q6,武学奇术!$A:$ZZ,22,FALSE)=1,0,(1-$BI6))*(1-$BL6) -> 0 | BQ6: {=SUM(_xlfn.XLOOKUP(R6:AF6,增益!$A:$A,增益!$W:$W,0))+$I$5} -> 0.11
A7: 无相 | B7: =79.2+IF($E$22="大卷微身",22.1,0)+79.2 -> 158.4 | C7: =92.4+79.2*2+IF($E$22="大卷微身",44.3,0) -> 250.8 | D7: =IF($E$22="大卷微身",6,0) -> 0 | F7: 群体奇术 | G7: =B19 -> 0.2677 | K7: =($L7*$BN7+$M7*$BL7+$N7*$BO7+$O7*$BP7) -> 264583.29 | L7: =((($AN7+$AO7)/2*$AH7+$AI7)*(1+$AP7)*(1+$AQ7)+(($AS7+$AT7)/2*IF($G$1="鸣金",$AJ7,$AH7)+IF($G$1="鸣金",$AK7*1.5,0))*(1+$AU7)*(1+$AV7)+(($AW7+$AX7)/2*IF($G$1="裂石",$AJ7,$AH7)+IF($G$1="裂石",$AK7*1.5,0))*(1+$AY7)*(1+$AZ7)+(($BA7+$BB7)/2*IF($G$1="牵丝",$AJ7,$AH7)+IF($G$1="牵丝",$AK7*1.5,0))*(1+$BC7)*(1+$BD7)+(($BE7+$BF7)/2*IF($G$1="破竹",$AJ7,$AH7)+IF($G$1="破竹",$AK7*1.5,0))*(1+$BG7)*(1+$BH7))*(1+$AL7)*$BK7*$P7*(1+IF(VLOOKUP($Q7,武学奇术!$A:$ZZ,30,FALSE)="蓄力技",#REF!,0))*(1+$BQ7) -> 269700.23 | M7: =(($AO7*$AH7+$AI7)*(1+$AP7)*(1+$AQ7)+($AT7*IF($G$1="鸣金",$AJ7,$AH7)+IF($G$1="鸣金",$AK7*1.5,0))*(1+$AU7)*(1+$AV7)+($AX7*IF($G$1="裂石",$AJ7,$AH7)+IF($G$1="裂石",$AK7*1.5,0))*(1+$AY7)*(1+$AZ7)+($BB7*IF($G$1="牵丝",$AJ7,$AH7)+IF($G$1="牵丝",$AK7*1.5,0))*(1+$BC7)*(1+$BD7)+($BF7*IF($G$1="破竹",$AJ7,$AH7)+IF($G$1="破竹",$AK7*1.5,0))*(1+$BG7)*(1+$BH7))*(1+$AL7)*$BM7*$P7*(1+IF(VLOOKUP($Q7,武学奇术!$A:$ZZ,30,FALSE)="蓄力技",#REF!,0))*(1+$BQ7) -> 234797.1 | N7: =((($AN7+$AO7)/2*$AH7+$AI7)*(1+$AP7)*(1+$AQ7)+(($AS7+$AT7)/2*IF($G$1="鸣金",$AJ7,$AH7)+IF($G$1="鸣金",$AK7*1.5,0))*(1+$AU7)*(1+$AV7)+(($AW7+$AX7)/2*IF($G$1="裂石",$AJ7,$AH7)+IF($G$1="裂石",$AK7*1.5,0))*(1+$AY7)*(1+$AZ7)+(($BA7+$BB7)/2*IF($G$1="牵丝",$AJ7,$AH7)+IF($G$1="牵丝",$AK7*1.5,0))*(1+$BC7)*(1+$BD7)+(($BE7+$BF7)/2*IF($G$1="破竹",$AJ7,$AH7)+IF($G$1="破竹",$AK7*1.5,0))*(1+$BG7)*(1+$BH7))*(1+$AL7)*$P7*(1+IF(VLOOKUP($Q7,武学奇术!$A:$ZZ,30,FALSE)="蓄力技",#REF!,0))*(1+$BQ7) -> 154114.42 | O7: =((($AN7*$AH7+$AI7)*(1+$AP7)*(1+$AQ7)+($AS7*IF($G$1="鸣金",$AJ7,$AH7)+IF($G$1="鸣金",$AK7*1.5,0))*(1+$AU7)*(1+$AV7)+($AW7*IF($G$1="裂石",$AJ7,$AH7)+IF($G$1="裂石",$AK7*1.5,0))*(1+$AY7)*(1+$AZ7)+($BA7*IF($G$1="牵丝",$AJ7,$AH7)+IF($G$1="牵丝",$AK7*1.5,0))*(1+$BC7)*(1+$BD7)+($BE7*IF($G$1="破竹",$AJ7,$AH7)+IF($G$1="破竹",$AK7*1.5,0))*(1+$BG7)*(1+$BH7))*(1+$AL7))*$P7*(1+IF(VLOOKUP($Q7,武学奇术!$A:$ZZ,30,FALSE)="蓄力技",#REF!,0))*(1+$BQ7) -> 134305.06 | P7: 8 | Q7: 太白醉月1-4 | R7: 惧刃(拐) | S7: 伞增 | T7: 沧海帖10层 | U7: 易水歌5层 | V7: 四时之秋 | W7: N/a | X7: 裁云(拐) | Y7: 离猎(拐) | Z7: 烁鼓(拐) | AA7: 浣花 | AB7: N/a | AC7: N/a | AD7: N/a | AE7: 大卷(30%+) | AF7: 无惧 | AG7: =VLOOKUP($Q7,武学奇术!$A:$ZZ,25,FALSE) -> 单体奇术 | AH7: =VLOOKUP($Q7,武学奇术!$A:$ZZ,26,FALSE) -> 1.024 | AI7: =VLOOKUP($Q7,武学奇术!$A:$ZZ,27,FALSE)*(1+IF(OR($AG7=$F$4,$AG7=$F$5),$B$21,0)) -> 203 | AJ7: =VLOOKUP($Q7,武学奇术!$A:$ZZ,28,FALSE) -> 1.536 | AK7: =VLOOKUP($Q7,武学奇术!$A:$ZZ,29,FALSE)*(1+IF(OR($AG7=$F$4,$AG7=$F$5),$B$21,0)) -> 0 | AL7: {=$G$3+IFERROR(VLOOKUP($AG7,$F$4:$G$7,2,FALSE),0)+VLOOKUP($Q7,武学奇术!$A:$ZZ,2,FALSE)+SUM(_xlfn.XLOOKUP($R7:$AF7,增益!$A:$A,增益!$B:$B,0))} -> 0.8219 | AM7: {=VLOOKUP($Q7,武学奇术!$A:$ZZ,5,FALSE)+SUM(_xlfn.XLOOKUP($R7:$AF7,增益!$A:$A,增益!$E:$E,0))} -> 0.12 | AN7: {=$D$10*(1+$AM7)+VLOOKUP($Q7,武学奇术!$A:$ZZ,3,FALSE)+SUM(_xlfn.XLOOKUP($R7:$AF7,增益!$A:$A,增益!$C:$C,0))-$I$2} -> 4524.4 | AO7: {=$E$10*(1+$AM7)+VLOOKUP($Q7,武学奇术!$A:$ZZ,4,FALSE)+SUM(_xlfn.XLOOKUP($R7:$AF7,增益!$A:$A,增益!$D:$D,0))-$I$2} -> 4524.4 | AP7: {=IF($F$10-$I$3+VLOOKUP($Q7,武学奇术!$A:$ZZ,6,FALSE)+SUM(_xlfn.XLOOKUP(R7:AF7,增益!$A:$A,增益!$F:$F,0))>0,($F$10-$I$3+VLOOKUP($Q7,武学奇术!$A:$ZZ,6,FALSE)+SUM(_xlfn.XLOOKUP(R7:AF7,增益!$A:$A,增益!$F:$F,0)))/200,($F$10-$I$3+VLOOKUP($Q7,武学奇术!$A:$ZZ,6,FALSE)+SUM(_xlfn.XLOOKUP(R7:AF7,增益!$A:$A,增益!$F:$F,0)))/100)} -> 0.344 | AQ7: {=$G$10+VLOOKUP($Q7,武学奇术!$A:$ZZ,7,FALSE)+SUM(_xlfn.XLOOKUP(R7:AF7,增益!$A:$A,增益!$G:$G,0))} -> 0.04 | AR7: {=VLOOKUP($Q7,武学奇术!$A:$ZZ,8,FALSE)+SUM(_xlfn.XLOOKUP(R7:AF7,增益!$A:$A,增益!$H:$H,0))} -> 0.12 | AS7: =$D$11*(1+$AR7) -> 0 | AT7: =$E$11*(1+$AR7) -> 0 | AU7: {=IF($F$11-$I$4+VLOOKUP($Q7,武学奇术!$A:$ZZ,9,FALSE)+SUM(_xlfn.XLOOKUP(R7:AF7,增益!$A:$A,增益!$I:$I,0))>0,($F$11-$I$4+VLOOKUP($Q7,武学奇术!$A:$ZZ,9,FALSE)+SUM(_xlfn.XLOOKUP(R7:AF7,增益!$A:$A,增益!$I:$I,0)))/200,($F$11-$I$4+VLOOKUP($Q7,武学奇术!$A:$ZZ,9,FALSE)+SUM(_xlfn.XLOOKUP(R7:AF7,增益!$A:$A,增益!$I:$I,0)))/100)} -> -0.14 | AV7: {=$G$11+VLOOKUP($Q7,武学奇术!$A:$ZZ,10,FALSE)+SUM(_xlfn.XLOOKUP(R7:AF7,增益!$A:$A,增益!$J:$J,0))} -> 0.04 | AW7: =$D$12*(1+$AR7) -> 0 | AX7: =$E$12*(1+$AR7) -> 0 | AY7: {=IF($F$12-$I$4+VLOOKUP($Q7,武学奇术!$A:$ZZ,11,FALSE)+SUM(_xlfn.XLOOKUP(R7:AF7,增益!$A:$A,增益!$K:$K,0))>0,($F$12-$I$4+VLOOKUP($Q7,武学奇术!$A:$ZZ,11,FALSE)+SUM(_xlfn.XLOOKUP(R7:AF7,增益!$A:$A,增益!$K:$K,0)))/200,($F$12-$I$4+VLOOKUP($Q7,武学奇术!$A:$ZZ,11,FALSE)+SUM(_xlfn.XLOOKUP(R7:AF7,增益!$A:$A,增益!$K:$K,0)))/100)} -> -0.14 | AZ7: {=$G$12+VLOOKUP($Q7,武学奇术!$A:$ZZ,12,FALSE)+SUM(_xlfn.XLOOKUP(R7:AF7,增益!$A:$A,增益!$L:$L,0))} -> 0.04 | BA7: =$D$13*(1+$AR7) -> 781.088 | BB7: =$E$13*(1+$AR7) -> 2021.6 | BC7: {=IF($F$13-$I$4+VLOOKUP($Q7,武学奇术!$A:$ZZ,13,FALSE)+SUM(_xlfn.XLOOKUP(R7:AF7,增益!$A:$A,增益!$M:$M,0))>0,($F$13-$I$4+VLOOKUP($Q7,武学奇术!$A:$ZZ,13,FALSE)+SUM(_xlfn.XLOOKUP(R7:AF7,增益!$A:$A,增益!$K:$K,0)))/200,($F$13-$I$4+VLOOKUP($Q7,武学奇术!$A:$ZZ,13,FALSE)+SUM(_xlfn.XLOOKUP(R7:AF7,增益!$A:$A,增益!$M:$M,0)))/100)} -> 0.08 | BD7: {=$G$13+VLOOKUP($Q7,武学奇术!$A:$ZZ,14,FALSE)+SUM(_xlfn.XLOOKUP(R7:AF7,增益!$A:$A,增益!$N:$N,0))} -> 0.19 | BE7: =$D$14*(1+$AR7) -> 0 | BF7: =$E$14*(1+$AR7) -> 0 | BG7: {=IF($F$14-$I$4+VLOOKUP($Q7,武学奇术!$A:$ZZ,15,FALSE)+SUM(_xlfn.XLOOKUP(R7:AF7,增益!$A:$A,增益!$O:$O,0))>0,($F$14-$I$4+VLOOKUP($Q7,武学奇术!$A:$ZZ,15,FALSE)+SUM(_xlfn.XLOOKUP(R7:AF7,增益!$A:$A,增益!$O:$O,0)))/200,($F$14-$I$4+VLOOKUP($Q7,武学奇术!$A:$ZZ,15,FALSE)+SUM(_xlfn.XLOOKUP(R7:AF7,增益!$A:$A,增益!$O:$O,0)))/100)} -> -0.14 | BH7: {=$G$14+VLOOKUP($Q7,武学奇术!$A:$ZZ,16,FALSE)+SUM(_xlfn.XLOOKUP(R7:AF7,增益!$A:$A,增益!$P:$P,0))} -> 0.04 | BI7: =MIN(IF(VLOOKUP($Q7,武学奇术!$A:$ZZ,23,FALSE)=1,100%,$B$8),100%) -> 1 | BJ7: {=IF(VLOOKUP($Q7,武学奇术!$A:$ZZ,23,FALSE)=1,100%,MIN(80%,$B$9+VLOOKUP($Q7,武学奇术!$A:$ZZ,17,FALSE)+SUM(_xlfn.XLOOKUP(R7:AF7,增益!$A:$A,增益!$Q:$Q,0)))+$B$11+SUM(_xlfn.XLOOKUP(R7:AF7,增益!$A:$A,增益!$U:$U,0)))*IF(VLOOKUP($Q7,武学奇术!$A:$ZZ,24,FALSE)=1,0,1)} -> 0.892 | BK7: {=1+$B$13+VLOOKUP($Q7,武学奇术!$A:$ZZ,18,FALSE)+SUM(_xlfn.XLOOKUP(R7:AF7,增益!$A:$A,增益!$R:$R,0))} -> 1.75 | BL7: {=IF(VLOOKUP($Q7,武学奇术!$A:$ZZ,24,FALSE)=1,100%,MIN(40%,$B$10+VLOOKUP($Q7,武学奇术!$A:$ZZ,19,FALSE)+SUM(_xlfn.XLOOKUP(R7:AF7,增益!$A:$A,增益!$S:$S,0)))+$B$12+SUM(_xlfn.XLOOKUP(R7:AF7,增益!$A:$A,增益!$V:$V,0)))*IF(VLOOKUP($Q7,武学奇术!$A:$ZZ,23,FALSE)=1,0,1)} -> 0.0913 | BM7: {=1+$B$14+VLOOKUP($Q7,武学奇术!$A:$ZZ,20,FALSE)+SUM(_xlfn.XLOOKUP(R7:AF7,增益!$A:$A,增益!$T:$T,0))} -> 1.35 | BN7: =MIN((1-BL7)*BI7,BI7*BJ7) -> 0.892 | BO7: =1-BL7-BN7-BP7 -> 0.0167 | BP7: =IF(VLOOKUP($Q7,武学奇术!$A:$ZZ,22,FALSE)=1,0,(1-$BI7))*(1-$BL7) -> 0 | BQ7: {=SUM(_xlfn.XLOOKUP(R7:AF7,增益!$A:$A,增益!$W:$W,0))+$I$5} -> 0.11
A8: 精准率 | B8: 1.0029 | C8: 实际属性 | H8: 战斗时间 | I8: 15 | K8: =($L8*$BN8+$M8*$BL8+$N8*$BO8+$O8*$BP8) -> 158654.19 | L8: =((($AN8+$AO8)/2*$AH8+$AI8)*(1+$AP8)*(1+$AQ8)+(($AS8+$AT8)/2*IF($G$1="鸣金",$AJ8,$AH8)+IF($G$1="鸣金",$AK8*1.5,0))*(1+$AU8)*(1+$AV8)+(($AW8+$AX8)/2*IF($G$1="裂石",$AJ8,$AH8)+IF($G$1="裂石",$AK8*1.5,0))*(1+$AY8)*(1+$AZ8)+(($BA8+$BB8)/2*IF($G$1="牵丝",$AJ8,$AH8)+IF($G$1="牵丝",$AK8*1.5,0))*(1+$BC8)*(1+$BD8)+(($BE8+$BF8)/2*IF($G$1="破竹",$AJ8,$AH8)+IF($G$1="破竹",$AK8*1.5,0))*(1+$BG8)*(1+$BH8))*(1+$AL8)*$BK8*$P8*(1+IF(VLOOKUP($Q8,武学奇术!$A:$ZZ,30,FALSE)="蓄力技",#REF!,0))*(1+$BQ8) -> 161722.59 | M8: =(($AO8*$AH8+$AI8)*(1+$AP8)*(1+$AQ8)+($AT8*IF($G$1="鸣金",$AJ8,$AH8)+IF($G$1="鸣金",$AK8*1.5,0))*(1+$AU8)*(1+$AV8)+($AX8*IF($G$1="裂石",$AJ8,$AH8)+IF($G$1="裂石",$AK8*1.5,0))*(1+$AY8)*(1+$AZ8)+($BB8*IF($G$1="牵丝",$AJ8,$AH8)+IF($G$1="牵丝",$AK8*1.5,0))*(1+$BC8)*(1+$BD8)+($BF8*IF($G$1="破竹",$AJ8,$AH8)+IF($G$1="破竹",$AK8*1.5,0))*(1+$BG8)*(1+$BH8))*(1+$AL8)*$BM8*$P8*(1+IF(VLOOKUP($Q8,武学奇术!$A:$ZZ,30,FALSE)="蓄力技",#REF!,0))*(1+$BQ8) -> 140792.38 | N8: =((($AN8+$AO8)/2*$AH8+$AI8)*(1+$AP8)*(1+$AQ8)+(($AS8+$AT8)/2*IF($G$1="鸣金",$AJ8,$AH8)+IF($G$1="鸣金",$AK8*1.5,0))*(1+$AU8)*(1+$AV8)+(($AW8+$AX8)/2*IF($G$1="裂石",$AJ8,$AH8)+IF($G$1="裂石",$AK8*1.5,0))*(1+$AY8)*(1+$AZ8)+(($BA8+$BB8)/2*IF($G$1="牵丝",$AJ8,$AH8)+IF($G$1="牵丝",$AK8*1.5,0))*(1+$BC8)*(1+$BD8)+(($BE8+$BF8)/2*IF($G$1="破竹",$AJ8,$AH8)+IF($G$1="破竹",$AK8*1.5,0))*(1+$BG8)*(1+$BH8))*(1+$AL8)*$P8*(1+IF(VLOOKUP($Q8,武学奇术!$A:$ZZ,30,FALSE)="蓄力技",#REF!,0))*(1+$BQ8) -> 92412.91 | O8: =((($AN8*$AH8+$AI8)*(1+$AP8)*(1+$AQ8)+($AS8*IF($G$1="鸣金",$AJ8,$AH8)+IF($G$1="鸣金",$AK8*1.5,0))*(1+$AU8)*(1+$AV8)+($AW8*IF($G$1="裂石",$AJ8,$AH8)+IF($G$1="裂石",$AK8*1.5,0))*(1+$AY8)*(1+$AZ8)+($BA8*IF($G$1="牵丝",$AJ8,$AH8)+IF($G$1="牵丝",$AK8*1.5,0))*(1+$BC8)*(1+$BD8)+($BE8*IF($G$1="破竹",$AJ8,$AH8)+IF($G$1="破竹",$AK8*1.5,0))*(1+$BG8)*(1+$BH8))*(1+$AL8))*$P8*(1+IF(VLOOKUP($Q8,武学奇术!$A:$ZZ,30,FALSE)="蓄力技",#REF!,0))*(1+$BQ8) -> 80535.17 | P8: 2 | Q8: 太白醉月5 | R8: 惧刃(拐) | S8: 伞增 | T8: 沧海帖10层 | U8: 易水歌5层 | V8: 四时之秋 | W8: N/a | X8: 裁云(拐) | Y8: 离猎(拐) | Z8: 烁鼓(拐) | AA8: 浣花 | AB8: N/a | AC8: N/a | AD8: N/a | AE8: 大卷(30%+) | AF8: 无惧 | AG8: =VLOOKUP($Q8,武学奇术!$A:$ZZ,25,FALSE) -> 单体奇术 | AH8: =VLOOKUP($Q8,武学奇术!$A:$ZZ,26,FALSE) -> 1.7066 | AI8: =VLOOKUP($Q8,武学奇术!$A:$ZZ,27,FALSE)*(1+IF(OR($AG8=$F$4,$AG8=$F$5),$B$21,0)) -> 339 | AJ8: =VLOOKUP($Q8,武学奇术!$A:$ZZ,28,FALSE) -> 2.5599 | AK8: =VLOOKUP($Q8,武学奇术!$A:$ZZ,29,FALSE)*(1+IF(OR($AG8=$F$4,$AG8=$F$5),$B$21,0)) -> 0 | AL8: {=$G$3+IFERROR(VLOOKUP($AG8,$F$4:$G$7,2,FALSE),0)+VLOOKUP($Q8,武学奇术!$A:$ZZ,2,FALSE)+SUM(_xlfn.XLOOKUP($R8:$AF8,增益!$A:$A,增益!$B:$B,0))} -> 1.6219 | AM8: {=VLOOKUP($Q8,武学奇术!$A:$ZZ,5,FALSE)+SUM(_xlfn.XLOOKUP($R8:$AF8,增益!$A:$A,增益!$E:$E,0))} -> 0.12 | AN8: {=$D$10*(1+$AM8)+VLOOKUP($Q8,武学奇术!$A:$ZZ,3,FALSE)+SUM(_xlfn.XLOOKUP($R8:$AF8,增益!$A:$A,增益!$C:$C,0))-$I$2} -> 4524.4 | AO8: {=$E$10*(1+$AM8)+VLOOKUP($Q8,武学奇术!$A:$ZZ,4,FALSE)+SUM(_xlfn.XLOOKUP($R8:$AF8,增益!$A:$A,增益!$D:$D,0))-$I$2} -> 4524.4 | AP8: {=IF($F$10-$I$3+VLOOKUP($Q8,武学奇术!$A:$ZZ,6,FALSE)+SUM(_xlfn.XLOOKUP(R8:AF8,增益!$A:$A,增益!$F:$F,0))>0,($F$10-$I$3+VLOOKUP($Q8,武学奇术!$A:$ZZ,6,FALSE)+SUM(_xlfn.XLOOKUP(R8:AF8,增益!$A:$A,增益!$F:$F,0)))/200,($F$10-$I$3+VLOOKUP($Q8,武学奇术!$A:$ZZ,6,FALSE)+SUM(_xlfn.XLOOKUP(R8:AF8,增益!$A:$A,增益!$F:$F,0)))/100)} -> 0.344 | AQ8: {=$G$10+VLOOKUP($Q8,武学奇术!$A:$ZZ,7,FALSE)+SUM(_xlfn.XLOOKUP(R8:AF8,增益!$A:$A,增益!$G:$G,0))} -> 0.04 | AR8: {=VLOOKUP($Q8,武学奇术!$A:$ZZ,8,FALSE)+SUM(_xlfn.XLOOKUP(R8:AF8,增益!$A:$A,增益!$H:$H,0))} -> 0.12 | AS8: =$D$11*(1+$AR8) -> 0 | AT8: =$E$11*(1+$AR8) -> 0 | AU8: {=IF($F$11-$I$4+VLOOKUP($Q8,武学奇术!$A:$ZZ,9,FALSE)+SUM(_xlfn.XLOOKUP(R8:AF8,增益!$A:$A,增益!$I:$I,0))>0,($F$11-$I$4+VLOOKUP($Q8,武学奇术!$A:$ZZ,9,FALSE)+SUM(_xlfn.XLOOKUP(R8:AF8,增益!$A:$A,增益!$I:$I,0)))/200,($F$11-$I$4+VLOOKUP($Q8,武学奇术!$A:$ZZ,9,FALSE)+SUM(_xlfn.XLOOKUP(R8:AF8,增益!$A:$A,增益!$I:$I,0)))/100)} -> -0.14 | AV8: {=$G$11+VLOOKUP($Q8,武学奇术!$A:$ZZ,10,FALSE)+SUM(_xlfn.XLOOKUP(R8:AF8,增益!$A:$A,增益!$J:$J,0))} -> 0.04 | AW8: =$D$12*(1+$AR8) -> 0 | AX8: =$E$12*(1+$AR8) -> 0 | AY8: {=IF($F$12-$I$4+VLOOKUP($Q8,武学奇术!$A:$ZZ,11,FALSE)+SUM(_xlfn.XLOOKUP(R8:AF8,增益!$A:$A,增益!$K:$K,0))>0,($F$12-$I$4+VLOOKUP($Q8,武学奇术!$A:$ZZ,11,FALSE)+SUM(_xlfn.XLOOKUP(R8:AF8,增益!$A:$A,增益!$K:$K,0)))/200,($F$12-$I$4+VLOOKUP($Q8,武学奇术!$A:$ZZ,11,FALSE)+SUM(_xlfn.XLOOKUP(R8:AF8,增益!$A:$A,增益!$K:$K,0)))/100)} -> -0.14 | AZ8: {=$G$12+VLOOKUP($Q8,武学奇术!$A:$ZZ,12,FALSE)+SUM(_xlfn.XLOOKUP(R8:AF8,增益!$A:$A,增益!$L:$L,0))} -> 0.04 | BA8: =$D$13*(1+$AR8) -> 781.088 | BB8: =$E$13*(1+$AR8) -> 2021.6 | BC8: {=IF($F$13-$I$4+VLOOKUP($Q8,武学奇术!$A:$ZZ,13,FALSE)+SUM(_xlfn.XLOOKUP(R8:AF8,增益!$A:$A,增益!$M:$M,0))>0,($F$13-$I$4+VLOOKUP($Q8,武学奇术!$A:$ZZ,13,FALSE)+SUM(_xlfn.XLOOKUP(R8:AF8,增益!$A:$A,增益!$K:$K,0)))/200,($F$13-$I$4+VLOOKUP($Q8,武学奇术!$A:$ZZ,13,FALSE)+SUM(_xlfn.XLOOKUP(R8:AF8,增益!$A:$A,增益!$M:$M,0)))/100)} -> 0.08 | BD8: {=$G$13+VLOOKUP($Q8,武学奇术!$A:$ZZ,14,FALSE)+SUM(_xlfn.XLOOKUP(R8:AF8,增益!$A:$A,增益!$N:$N,0))} -> 0.19 | BE8: =$D$14*(1+$AR8) -> 0 | BF8: =$E$14*(1+$AR8) -> 0 | BG8: {=IF($F$14-$I$4+VLOOKUP($Q8,武学奇术!$A:$ZZ,15,FALSE)+SUM(_xlfn.XLOOKUP(R8:AF8,增益!$A:$A,增益!$O:$O,0))>0,($F$14-$I$4+VLOOKUP($Q8,武学奇术!$A:$ZZ,15,FALSE)+SUM(_xlfn.XLOOKUP(R8:AF8,增益!$A:$A,增益!$O:$O,0)))/200,($F$14-$I$4+VLOOKUP($Q8,武学奇术!$A:$ZZ,15,FALSE)+SUM(_xlfn.XLOOKUP(R8:AF8,增益!$A:$A,增益!$O:$O,0)))/100)} -> -0.14 | BH8: {=$G$14+VLOOKUP($Q8,武学奇术!$A:$ZZ,16,FALSE)+SUM(_xlfn.XLOOKUP(R8:AF8,增益!$A:$A,增益!$P:$P,0))} -> 0.04 | BI8: =MIN(IF(VLOOKUP($Q8,武学奇术!$A:$ZZ,23,FALSE)=1,100%,$B$8),100%) -> 1 | BJ8: {=IF(VLOOKUP($Q8,武学奇术!$A:$ZZ,23,FALSE)=1,100%,MIN(80%,$B$9+VLOOKUP($Q8,武学奇术!$A:$ZZ,17,FALSE)+SUM(_xlfn.XLOOKUP(R8:AF8,增益!$A:$A,增益!$Q:$Q,0)))+$B$11+SUM(_xlfn.XLOOKUP(R8:AF8,增益!$A:$A,增益!$U:$U,0)))*IF(VLOOKUP($Q8,武学奇术!$A:$ZZ,24,FALSE)=1,0,1)} -> 0.892 | BK8: {=1+$B$13+VLOOKUP($Q8,武学奇术!$A:$ZZ,18,FALSE)+SUM(_xlfn.XLOOKUP(R8:AF8,增益!$A:$A,增益!$R:$R,0))} -> 1.75 | BL8: {=IF(VLOOKUP($Q8,武学奇术!$A:$ZZ,24,FALSE)=1,100%,MIN(40%,$B$10+VLOOKUP($Q8,武学奇术!$A:$ZZ,19,FALSE)+SUM(_xlfn.XLOOKUP(R8:AF8,增益!$A:$A,增益!$S:$S,0)))+$B$12+SUM(_xlfn.XLOOKUP(R8:AF8,增益!$A:$A,增益!$V:$V,0)))*IF(VLOOKUP($Q8,武学奇术!$A:$ZZ,23,FALSE)=1,0,1)} -> 0.0913 | BM8: {=1+$B$14+VLOOKUP($Q8,武学奇术!$A:$ZZ,20,FALSE)+SUM(_xlfn.XLOOKUP(R8:AF8,增益!$A:$A,增益!$T:$T,0))} -> 1.35 | BN8: =MIN((1-BL8)*BI8,BI8*BJ8) -> 0.892 | BO8: =1-BL8-BN8-BP8 -> 0.0167 | BP8: =IF(VLOOKUP($Q8,武学奇术!$A:$ZZ,22,FALSE)=1,0,(1-$BI8))*(1-$BL8) -> 0 | BQ8: {=SUM(_xlfn.XLOOKUP(R8:AF8,增益!$A:$A,增益!$W:$W,0))+$I$5} -> 0.11
A9: 会心率 | B9: 0.7705 | D9: 最小攻击 | E9: 最大攻击 | F9: 穿透 | G9: 伤害加成 | K9: =($L9*$BN9+$M9*$BL9+$N9*$BO9+$O9*$BP9) -> 519703.74 | L9: =((($AN9+$AO9)/2*$AH9+$AI9)*(1+$AP9)*(1+$AQ9)+(($AS9+$AT9)/2*IF($G$1="鸣金",$AJ9,$AH9)+IF($G$1="鸣金",$AK9*1.5,0))*(1+$AU9)*(1+$AV9)+(($AW9+$AX9)/2*IF($G$1="裂石",$AJ9,$AH9)+IF($G$1="裂石",$AK9*1.5,0))*(1+$AY9)*(1+$AZ9)+(($BA9+$BB9)/2*IF($G$1="牵丝",$AJ9,$AH9)+IF($G$1="牵丝",$AK9*1.5,0))*(1+$BC9)*(1+$BD9)+(($BE9+$BF9)/2*IF($G$1="破竹",$AJ9,$AH9)+IF($G$1="破竹",$AK9*1.5,0))*(1+$BG9)*(1+$BH9))*(1+$AL9)*$BK9*$P9*(1+IF(VLOOKUP($Q9,武学奇术!$A:$ZZ,30,FALSE)="蓄力技",#REF!,0))*(1+$BQ9) -> 529754.62 | M9: =(($AO9*$AH9+$AI9)*(1+$AP9)*(1+$AQ9)+($AT9*IF($G$1="鸣金",$AJ9,$AH9)+IF($G$1="鸣金",$AK9*1.5,0))*(1+$AU9)*(1+$AV9)+($AX9*IF($G$1="裂石",$AJ9,$AH9)+IF($G$1="裂石",$AK9*1.5,0))*(1+$AY9)*(1+$AZ9)+($BB9*IF($G$1="牵丝",$AJ9,$AH9)+IF($G$1="牵丝",$AK9*1.5,0))*(1+$BC9)*(1+$BD9)+($BF9*IF($G$1="破竹",$AJ9,$AH9)+IF($G$1="破竹",$AK9*1.5,0))*(1+$BG9)*(1+$BH9))*(1+$AL9)*$BM9*$P9*(1+IF(VLOOKUP($Q9,武学奇术!$A:$ZZ,30,FALSE)="蓄力技",#REF!,0))*(1+$BQ9) -> 461196.62 | N9: =((($AN9+$AO9)/2*$AH9+$AI9)*(1+$AP9)*(1+$AQ9)+(($AS9+$AT9)/2*IF($G$1="鸣金",$AJ9,$AH9)+IF($G$1="鸣金",$AK9*1.5,0))*(1+$AU9)*(1+$AV9)+(($AW9+$AX9)/2*IF($G$1="裂石",$AJ9,$AH9)+IF($G$1="裂石",$AK9*1.5,0))*(1+$AY9)*(1+$AZ9)+(($BA9+$BB9)/2*IF($G$1="牵丝",$AJ9,$AH9)+IF($G$1="牵丝",$AK9*1.5,0))*(1+$BC9)*(1+$BD9)+(($BE9+$BF9)/2*IF($G$1="破竹",$AJ9,$AH9)+IF($G$1="破竹",$AK9*1.5,0))*(1+$BG9)*(1+$BH9))*(1+$AL9)*$P9*(1+IF(VLOOKUP($Q9,武学奇术!$A:$ZZ,30,FALSE)="蓄力技",#REF!,0))*(1+$BQ9) -> 302716.92 | O9: =((($AN9*$AH9+$AI9)*(1+$AP9)*(1+$AQ9)+($AS9*IF($G$1="鸣金",$AJ9,$AH9)+IF($G$1="鸣金",$AK9*1.5,0))*(1+$AU9)*(1+$AV9)+($AW9*IF($G$1="裂石",$AJ9,$AH9)+IF($G$1="裂石",$AK9*1.5,0))*(1+$AY9)*(1+$AZ9)+($BA9*IF($G$1="牵丝",$AJ9,$AH9)+IF($G$1="牵丝",$AK9*1.5,0))*(1+$BC9)*(1+$BD9)+($BE9*IF($G$1="破竹",$AJ9,$AH9)+IF($G$1="破竹",$AK9*1.5,0))*(1+$BG9)*(1+$BH9))*(1+$AL9))*$P9*(1+IF(VLOOKUP($Q9,武学奇术!$A:$ZZ,30,FALSE)="蓄力技",#REF!,0))*(1+$BQ9) -> 263806.72 | P9: 10 | Q9: 太白醉月暗灼 | R9: 惧刃(拐) | S9: 伞增 | T9: 沧海帖10层 | U9: 易水歌5层 | V9: 四时之秋 | W9: N/a | X9: 裁云(拐) | Y9: 离猎(拐) | Z9: 烁鼓(拐) | AA9: 浣花 | AB9: N/a | AC9: N/a | AD9: N/a | AE9: 大卷(30%+) | AF9: 无惧 | AG9: =VLOOKUP($Q9,武学奇术!$A:$ZZ,25,FALSE) -> 单体奇术 | AH9: =VLOOKUP($Q9,武学奇术!$A:$ZZ,26,FALSE) -> 1.6091 | AI9: =VLOOKUP($Q9,武学奇术!$A:$ZZ,27,FALSE)*(1+IF(OR($AG9=$F$4,$AG9=$F$5),$B$21,0)) -> 319 | AJ9: =VLOOKUP($Q9,武学奇术!$A:$ZZ,28,FALSE) -> 2.41365 | AK9: =VLOOKUP($Q9,武学奇术!$A:$ZZ,29,FALSE)*(1+IF(OR($AG9=$F$4,$AG9=$F$5),$B$21,0)) -> 0 | AL9: {=$G$3+IFERROR(VLOOKUP($AG9,$F$4:$G$7,2,FALSE),0)+VLOOKUP($Q9,武学奇术!$A:$ZZ,2,FALSE)+SUM(_xlfn.XLOOKUP($R9:$AF9,增益!$A:$A,增益!$B:$B,0))} -> 0.8219 | AM9: {=VLOOKUP($Q9,武学奇术!$A:$ZZ,5,FALSE)+SUM(_xlfn.XLOOKUP($R9:$AF9,增益!$A:$A,增益!$E:$E,0))} -> 0.12 | AN9: {=$D$10*(1+$AM9)+VLOOKUP($Q9,武学奇术!$A:$ZZ,3,FALSE)+SUM(_xlfn.XLOOKUP($R9:$AF9,增益!$A:$A,增益!$C:$C,0))-$I$2} -> 4524.4 | AO9: {=$E$10*(1+$AM9)+VLOOKUP($Q9,武学奇术!$A:$ZZ,4,FALSE)+SUM(_xlfn.XLOOKUP($R9:$AF9,增益!$A:$A,增益!$D:$D,0))-$I$2} -> 4524.4 | AP9: {=IF($F$10-$I$3+VLOOKUP($Q9,武学奇术!$A:$ZZ,6,FALSE)+SUM(_xlfn.XLOOKUP(R9:AF9,增益!$A:$A,增益!$F:$F,0))>0,($F$10-$I$3+VLOOKUP($Q9,武学奇术!$A:$ZZ,6,FALSE)+SUM(_xlfn.XLOOKUP(R9:AF9,增益!$A:$A,增益!$F:$F,0)))/200,($F$10-$I$3+VLOOKUP($Q9,武学奇术!$A:$ZZ,6,FALSE)+SUM(_xlfn.XLOOKUP(R9:AF9,增益!$A:$A,增益!$F:$F,0)))/100)} -> 0.344 | AQ9: {=$G$10+VLOOKUP($Q9,武学奇术!$A:$ZZ,7,FALSE)+SUM(_xlfn.XLOOKUP(R9:AF9,增益!$A:$A,增益!$G:$G,0))} -> 0.04 | AR9: {=VLOOKUP($Q9,武学奇术!$A:$ZZ,8,FALSE)+SUM(_xlfn.XLOOKUP(R9:AF9,增益!$A:$A,增益!$H:$H,0))} -> 0.12 | AS9: =$D$11*(1+$AR9) -> 0 | AT9: =$E$11*(1+$AR9) -> 0 | AU9: {=IF($F$11-$I$4+VLOOKUP($Q9,武学奇术!$A:$ZZ,9,FALSE)+SUM(_xlfn.XLOOKUP(R9:AF9,增益!$A:$A,增益!$I:$I,0))>0,($F$11-$I$4+VLOOKUP($Q9,武学奇术!$A:$ZZ,9,FALSE)+SUM(_xlfn.XLOOKUP(R9:AF9,增益!$A:$A,增益!$I:$I,0)))/200,($F$11-$I$4+VLOOKUP($Q9,武学奇术!$A:$ZZ,9,FALSE)+SUM(_xlfn.XLOOKUP(R9:AF9,增益!$A:$A,增益!$I:$I,0)))/100)} -> -0.14 | AV9: {=$G$11+VLOOKUP($Q9,武学奇术!$A:$ZZ,10,FALSE)+SUM(_xlfn.XLOOKUP(R9:AF9,增益!$A:$A,增益!$J:$J,0))} -> 0.04 | AW9: =$D$12*(1+$AR9) -> 0 | AX9: =$E$12*(1+$AR9) -> 0 | AY9: {=IF($F$12-$I$4+VLOOKUP($Q9,武学奇术!$A:$ZZ,11,FALSE)+SUM(_xlfn.XLOOKUP(R9:AF9,增益!$A:$A,增益!$K:$K,0))>0,($F$12-$I$4+VLOOKUP($Q9,武学奇术!$A:$ZZ,11,FALSE)+SUM(_xlfn.XLOOKUP(R9:AF9,增益!$A:$A,增益!$K:$K,0)))/200,($F$12-$I$4+VLOOKUP($Q9,武学奇术!$A:$ZZ,11,FALSE)+SUM(_xlfn.XLOOKUP(R9:AF9,增益!$A:$A,增益!$K:$K,0)))/100)} -> -0.14 | AZ9: {=$G$12+VLOOKUP($Q9,武学奇术!$A:$ZZ,12,FALSE)+SUM(_xlfn.XLOOKUP(R9:AF9,增益!$A:$A,增益!$L:$L,0))} -> 0.04 | BA9: =$D$13*(1+$AR9) -> 781.088 | BB9: =$E$13*(1+$AR9) -> 2021.6 | BC9: {=IF($F$13-$I$4+VLOOKUP($Q9,武学奇术!$A:$ZZ,13,FALSE)+SUM(_xlfn.XLOOKUP(R9:AF9,增益!$A:$A,增益!$M:$M,0))>0,($F$13-$I$4+VLOOKUP($Q9,武学奇术!$A:$ZZ,13,FALSE)+SUM(_xlfn.XLOOKUP(R9:AF9,增益!$A:$A,增益!$K:$K,0)))/200,($F$13-$I$4+VLOOKUP($Q9,武学奇术!$A:$ZZ,13,FALSE)+SUM(_xlfn.XLOOKUP(R9:AF9,增益!$A:$A,增益!$M:$M,0)))/100)} -> 0.08 | BD9: {=$G$13+VLOOKUP($Q9,武学奇术!$A:$ZZ,14,FALSE)+SUM(_xlfn.XLOOKUP(R9:AF9,增益!$A:$A,增益!$N:$N,0))} -> 0.19 | BE9: =$D$14*(1+$AR9) -> 0 | BF9: =$E$14*(1+$AR9) -> 0 | BG9: {=IF($F$14-$I$4+VLOOKUP($Q9,武学奇术!$A:$ZZ,15,FALSE)+SUM(_xlfn.XLOOKUP(R9:AF9,增益!$A:$A,增益!$O:$O,0))>0,($F$14-$I$4+VLOOKUP($Q9,武学奇术!$A:$ZZ,15,FALSE)+SUM(_xlfn.XLOOKUP(R9:AF9,增益!$A:$A,增益!$O:$O,0)))/200,($F$14-$I$4+VLOOKUP($Q9,武学奇术!$A:$ZZ,15,FALSE)+SUM(_xlfn.XLOOKUP(R9:AF9,增益!$A:$A,增益!$O:$O,0)))/100)} -> -0.14 | BH9: {=$G$14+VLOOKUP($Q9,武学奇术!$A:$ZZ,16,FALSE)+SUM(_xlfn.XLOOKUP(R9:AF9,增益!$A:$A,增益!$P:$P,0))} -> 0.04 | BI9: =MIN(IF(VLOOKUP($Q9,武学奇术!$A:$ZZ,23,FALSE)=1,100%,$B$8),100%) -> 1 | BJ9: {=IF(VLOOKUP($Q9,武学奇术!$A:$ZZ,23,FALSE)=1,100%,MIN(80%,$B$9+VLOOKUP($Q9,武学奇术!$A:$ZZ,17,FALSE)+SUM(_xlfn.XLOOKUP(R9:AF9,增益!$A:$A,增益!$Q:$Q,0)))+$B$11+SUM(_xlfn.XLOOKUP(R9:AF9,增益!$A:$A,增益!$U:$U,0)))*IF(VLOOKUP($Q9,武学奇术!$A:$ZZ,24,FALSE)=1,0,1)} -> 0.892 | BK9: {=1+$B$13+VLOOKUP($Q9,武学奇术!$A:$ZZ,18,FALSE)+SUM(_xlfn.XLOOKUP(R9:AF9,增益!$A:$A,增益!$R:$R,0))} -> 1.75 | BL9: {=IF(VLOOKUP($Q9,武学奇术!$A:$ZZ,24,FALSE)=1,100%,MIN(40%,$B$10+VLOOKUP($Q9,武学奇术!$A:$ZZ,19,FALSE)+SUM(_xlfn.XLOOKUP(R9:AF9,增益!$A:$A,增益!$S:$S,0)))+$B$12+SUM(_xlfn.XLOOKUP(R9:AF9,增益!$A:$A,增益!$V:$V,0)))*IF(VLOOKUP($Q9,武学奇术!$A:$ZZ,23,FALSE)=1,0,1)} -> 0.0913 | BM9: {=1+$B$14+VLOOKUP($Q9,武学奇术!$A:$ZZ,20,FALSE)+SUM(_xlfn.XLOOKUP(R9:AF9,增益!$A:$A,增益!$T:$T,0))} -> 1.35 | BN9: =MIN((1-BL9)*BI9,BI9*BJ9) -> 0.892 | BO9: =1-BL9-BN9-BP9 -> 0.0167 | BP9: =IF(VLOOKUP($Q9,武学奇术!$A:$ZZ,22,FALSE)=1,0,(1-$BI9))*(1-$BL9) -> 0 | BQ9: {=SUM(_xlfn.XLOOKUP(R9:AF9,增益!$A:$A,增益!$W:$W,0))+$I$5} -> 0.11
A10: 会意率 | B10: 0.0913 | C10: 外功 | D10: =(B2+B22)*IF($G$2="撼天",1.06,1) -> 4560 | E10: =MAX(B2+B22,C2+B23)*IF($G$2="撼天",1.06,1) -> 4560 | F10: =D2 -> 63.8 | G10: =E2 -> 0 | H10: 总伤 | I10: =SUM(K:K) -> 1706440.3 | K10: =($L10*$BN10+$M10*$BL10+$N10*$BO10+$O10*$BP10) -> 112748.16 | L10: =((($AN10+$AO10)/2*$AH10+$AI10)*(1+$AP10)*(1+$AQ10)+(($AS10+$AT10)/2*IF($G$1="鸣金",$AJ10,$AH10)+IF($G$1="鸣金",$AK10*1.5,0))*(1+$AU10)*(1+$AV10)+(($AW10+$AX10)/2*IF($G$1="裂石",$AJ10,$AH10)+IF($G$1="裂石",$AK10*1.5,0))*(1+$AY10)*(1+$AZ10)+(($BA10+$BB10)/2*IF($G$1="牵丝",$AJ10,$AH10)+IF($G$1="牵丝",$AK10*1.5,0))*(1+$BC10)*(1+$BD10)+(($BE10+$BF10)/2*IF($G$1="破竹",$AJ10,$AH10)+IF($G$1="破竹",$AK10*1.5,0))*(1+$BG10)*(1+$BH10))*(1+$AL10)*$BK10*$P10*(1+IF(VLOOKUP($Q10,武学奇术!$A:$ZZ,30,FALSE)="蓄力技",#REF!,0))*(1+$BQ10) -> 114928.8 | M10: =(($AO10*$AH10+$AI10)*(1+$AP10)*(1+$AQ10)+($AT10*IF($G$1="鸣金",$AJ10,$AH10)+IF($G$1="鸣金",$AK10*1.5,0))*(1+$AU10)*(1+$AV10)+($AX10*IF($G$1="裂石",$AJ10,$AH10)+IF($G$1="裂石",$AK10*1.5,0))*(1+$AY10)*(1+$AZ10)+($BB10*IF($G$1="牵丝",$AJ10,$AH10)+IF($G$1="牵丝",$AK10*1.5,0))*(1+$BC10)*(1+$BD10)+($BF10*IF($G$1="破竹",$AJ10,$AH10)+IF($G$1="破竹",$AK10*1.5,0))*(1+$BG10)*(1+$BH10))*(1+$AL10)*$BM10*$P10*(1+IF(VLOOKUP($Q10,武学奇术!$A:$ZZ,30,FALSE)="蓄力技",#REF!,0))*(1+$BQ10) -> 100053.93 | N10: =((($AN10+$AO10)/2*$AH10+$AI10)*(1+$AP10)*(1+$AQ10)+(($AS10+$AT10)/2*IF($G$1="鸣金",$AJ10,$AH10)+IF($G$1="鸣金",$AK10*1.5,0))*(1+$AU10)*(1+$AV10)+(($AW10+$AX10)/2*IF($G$1="裂石",$AJ10,$AH10)+IF($G$1="裂石",$AK10*1.5,0))*(1+$AY10)*(1+$AZ10)+(($BA10+$BB10)/2*IF($G$1="牵丝",$AJ10,$AH10)+IF($G$1="牵丝",$AK10*1.5,0))*(1+$BC10)*(1+$BD10)+(($BE10+$BF10)/2*IF($G$1="破竹",$AJ10,$AH10)+IF($G$1="破竹",$AK10*1.5,0))*(1+$BG10)*(1+$BH10))*(1+$AL10)*$P10*(1+IF(VLOOKUP($Q10,武学奇术!$A:$ZZ,30,FALSE)="蓄力技",#REF!,0))*(1+$BQ10) -> 65673.599 | O10: =((($AN10*$AH10+$AI10)*(1+$AP10)*(1+$AQ10)+($AS10*IF($G$1="鸣金",$AJ10,$AH10)+IF($G$1="鸣金",$AK10*1.5,0))*(1+$AU10)*(1+$AV10)+($AW10*IF($G$1="裂石",$AJ10,$AH10)+IF($G$1="裂石",$AK10*1.5,0))*(1+$AY10)*(1+$AZ10)+($BA10*IF($G$1="牵丝",$AJ10,$AH10)+IF($G$1="牵丝",$AK10*1.5,0))*(1+$BC10)*(1+$BD10)+($BE10*IF($G$1="破竹",$AJ10,$AH10)+IF($G$1="破竹",$AK10*1.5,0))*(1+$BG10)*(1+$BH10))*(1+$AL10))*$P10*(1+IF(VLOOKUP($Q10,武学奇术!$A:$ZZ,30,FALSE)="蓄力技",#REF!,0))*(1+$BQ10) -> 57233.179 | P10: 13 | Q10: 神龙吐火暗灼dot | R10: 惧刃(拐) | S10: 伞增 | T10: 沧海帖10层 | U10: 易水歌5层 | V10: 四时之秋 | W10: 惊神5(拐) | X10: 裁云(拐) | Y10: 离猎(拐) | Z10: 烁鼓(拐) | AA10: 浣花 | AB10: N/a | AC10: N/a | AD10: N/a | AE10: 大卷(30%+) | AF10: 无惧 | AG10: =VLOOKUP($Q10,武学奇术!$A:$ZZ,25,FALSE) -> 单体奇术 | AH10: =VLOOKUP($Q10,武学奇术!$A:$ZZ,26,FALSE) -> 0.2361 | AI10: =VLOOKUP($Q10,武学奇术!$A:$ZZ,27,FALSE)*(1+IF(OR($AG10=$F$4,$AG10=$F$5),$B$21,0)) -> 47 | AJ10: =VLOOKUP($Q10,武学奇术!$A:$ZZ,28,FALSE) -> 0.35415 | AK10: =VLOOKUP($Q10,武学奇术!$A:$ZZ,29,FALSE)*(1+IF(OR($AG10=$F$4,$AG10=$F$5),$B$21,0)) -> 0 | AL10: {=$G$3+IFERROR(VLOOKUP($AG10,$F$4:$G$7,2,FALSE),0)+VLOOKUP($Q10,武学奇术!$A:$ZZ,2,FALSE)+SUM(_xlfn.XLOOKUP($R10:$AF10,增益!$A:$A,增益!$B:$B,0))} -> 1.0719 | AM10: {=VLOOKUP($Q10,武学奇术!$A:$ZZ,5,FALSE)+SUM(_xlfn.XLOOKUP($R10:$AF10,增益!$A:$A,增益!$E:$E,0))} -> 0.12 | AN10: {=$D$10*(1+$AM10)+VLOOKUP($Q10,武学奇术!$A:$ZZ,3,FALSE)+SUM(_xlfn.XLOOKUP($R10:$AF10,增益!$A:$A,增益!$C:$C,0))-$I$2} -> 4524.4 | AO10: {=$E$10*(1+$AM10)+VLOOKUP($Q10,武学奇术!$A:$ZZ,4,FALSE)+SUM(_xlfn.XLOOKUP($R10:$AF10,增益!$A:$A,增益!$D:$D,0))-$I$2} -> 4524.4 | AP10: {=IF($F$10-$I$3+VLOOKUP($Q10,武学奇术!$A:$ZZ,6,FALSE)+SUM(_xlfn.XLOOKUP(R10:AF10,增益!$A:$A,增益!$F:$F,0))>0,($F$10-$I$3+VLOOKUP($Q10,武学奇术!$A:$ZZ,6,FALSE)+SUM(_xlfn.XLOOKUP(R10:AF10,增益!$A:$A,增益!$F:$F,0)))/200,($F$10-$I$3+VLOOKUP($Q10,武学奇术!$A:$ZZ,6,FALSE)+SUM(_xlfn.XLOOKUP(R10:AF10,增益!$A:$A,增益!$F:$F,0)))/100)} -> 0.344 | AQ10: {=$G$10+VLOOKUP($Q10,武学奇术!$A:$ZZ,7,FALSE)+SUM(_xlfn.XLOOKUP(R10:AF10,增益!$A:$A,增益!$G:$G,0))} -> 0.04 | AR10: {=VLOOKUP($Q10,武学奇术!$A:$ZZ,8,FALSE)+SUM(_xlfn.XLOOKUP(R10:AF10,增益!$A:$A,增益!$H:$H,0))} -> 0.12 | AS10: =$D$11*(1+$AR10) -> 0 | AT10: =$E$11*(1+$AR10) -> 0 | AU10: {=IF($F$11-$I$4+VLOOKUP($Q10,武学奇术!$A:$ZZ,9,FALSE)+SUM(_xlfn.XLOOKUP(R10:AF10,增益!$A:$A,增益!$I:$I,0))>0,($F$11-$I$4+VLOOKUP($Q10,武学奇术!$A:$ZZ,9,FALSE)+SUM(_xlfn.XLOOKUP(R10:AF10,增益!$A:$A,增益!$I:$I,0)))/200,($F$11-$I$4+VLOOKUP($Q10,武学奇术!$A:$ZZ,9,FALSE)+SUM(_xlfn.XLOOKUP(R10:AF10,增益!$A:$A,增益!$I:$I,0)))/100)} -> -0.14 | AV10: {=$G$11+VLOOKUP($Q10,武学奇术!$A:$ZZ,10,FALSE)+SUM(_xlfn.XLOOKUP(R10:AF10,增益!$A:$A,增益!$J:$J,0))} -> 0.04 | AW10: =$D$12*(1+$AR10) -> 0 | AX10: =$E$12*(1+$AR10) -> 0 | AY10: {=IF($F$12-$I$4+VLOOKUP($Q10,武学奇术!$A:$ZZ,11,FALSE)+SUM(_xlfn.XLOOKUP(R10:AF10,增益!$A:$A,增益!$K:$K,0))>0,($F$12-$I$4+VLOOKUP($Q10,武学奇术!$A:$ZZ,11,FALSE)+SUM(_xlfn.XLOOKUP(R10:AF10,增益!$A:$A,增益!$K:$K,0)))/200,($F$12-$I$4+VLOOKUP($Q10,武学奇术!$A:$ZZ,11,FALSE)+SUM(_xlfn.XLOOKUP(R10:AF10,增益!$A:$A,增益!$K:$K,0)))/100)} -> -0.14 | AZ10: {=$G$12+VLOOKUP($Q10,武学奇术!$A:$ZZ,12,FALSE)+SUM(_xlfn.XLOOKUP(R10:AF10,增益!$A:$A,增益!$L:$L,0))} -> 0.04 | BA10: =$D$13*(1+$AR10) -> 781.088 | BB10: =$E$13*(1+$AR10) -> 2021.6 | BC10: {=IF($F$13-$I$4+VLOOKUP($Q10,武学奇术!$A:$ZZ,13,FALSE)+SUM(_xlfn.XLOOKUP(R10:AF10,增益!$A:$A,增益!$M:$M,0))>0,($F$13-$I$4+VLOOKUP($Q10,武学奇术!$A:$ZZ,13,FALSE)+SUM(_xlfn.XLOOKUP(R10:AF10,增益!$A:$A,增益!$K:$K,0)))/200,($F$13-$I$4+VLOOKUP($Q10,武学奇术!$A:$ZZ,13,FALSE)+SUM(_xlfn.XLOOKUP(R10:AF10,增益!$A:$A,增益!$M:$M,0)))/100)} -> 0.08 | BD10: {=$G$13+VLOOKUP($Q10,武学奇术!$A:$ZZ,14,FALSE)+SUM(_xlfn.XLOOKUP(R10:AF10,增益!$A:$A,增益!$N:$N,0))} -> 0.19 | BE10: =$D$14*(1+$AR10) -> 0 | BF10: =$E$14*(1+$AR10) -> 0 | BG10: {=IF($F$14-$I$4+VLOOKUP($Q10,武学奇术!$A:$ZZ,15,FALSE)+SUM(_xlfn.XLOOKUP(R10:AF10,增益!$A:$A,增益!$O:$O,0))>0,($F$14-$I$4+VLOOKUP($Q10,武学奇术!$A:$ZZ,15,FALSE)+SUM(_xlfn.XLOOKUP(R10:AF10,增益!$A:$A,增益!$O:$O,0)))/200,($F$14-$I$4+VLOOKUP($Q10,武学奇术!$A:$ZZ,15,FALSE)+SUM(_xlfn.XLOOKUP(R10:AF10,增益!$A:$A,增益!$O:$O,0)))/100)} -> -0.14 | BH10: {=$G$14+VLOOKUP($Q10,武学奇术!$A:$ZZ,16,FALSE)+SUM(_xlfn.XLOOKUP(R10:AF10,增益!$A:$A,增益!$P:$P,0))} -> 0.04 | BI10: =MIN(IF(VLOOKUP($Q10,武学奇术!$A:$ZZ,23,FALSE)=1,100%,$B$8),100%) -> 1 | BJ10: {=IF(VLOOKUP($Q10,武学奇术!$A:$ZZ,23,FALSE)=1,100%,MIN(80%,$B$9+VLOOKUP($Q10,武学奇术!$A:$ZZ,17,FALSE)+SUM(_xlfn.XLOOKUP(R10:AF10,增益!$A:$A,增益!$Q:$Q,0)))+$B$11+SUM(_xlfn.XLOOKUP(R10:AF10,增益!$A:$A,增益!$U:$U,0)))*IF(VLOOKUP($Q10,武学奇术!$A:$ZZ,24,FALSE)=1,0,1)} -> 0.892 | BK10: {=1+$B$13+VLOOKUP($Q10,武学奇术!$A:$ZZ,18,FALSE)+SUM(_xlfn.XLOOKUP(R10:AF10,增益!$A:$A,增益!$R:$R,0))} -> 1.75 | BL10: {=IF(VLOOKUP($Q10,武学奇术!$A:$ZZ,24,FALSE)=1,100%,MIN(40%,$B$10+VLOOKUP($Q10,武学奇术!$A:$ZZ,19,FALSE)+SUM(_xlfn.XLOOKUP(R10:AF10,增益!$A:$A,增益!$S:$S,0)))+$B$12+SUM(_xlfn.XLOOKUP(R10:AF10,增益!$A:$A,增益!$V:$V,0)))*IF(VLOOKUP($Q10,武学奇术!$A:$ZZ,23,FALSE)=1,0,1)} -> 0.0913 | BM10: {=1+$B$14+VLOOKUP($Q10,武学奇术!$A:$ZZ,20,FALSE)+SUM(_xlfn.XLOOKUP(R10:AF10,增益!$A:$A,增益!$T:$T,0))} -> 1.35 | BN10: =MIN((1-BL10)*BI10,BI10*BJ10) -> 0.892 | BO10: =1-BL10-BN10-BP10 -> 0.0167 | BP10: =IF(VLOOKUP($Q10,武学奇术!$A:$ZZ,22,FALSE)=1,0,(1-$BI10))*(1-$BL10) -> 0 | BQ10: {=SUM(_xlfn.XLOOKUP(R10:AF10,增益!$A:$A,增益!$W:$W,0))+$I$5} -> 0.11
A11: 直接会心率 | B11: 0.092 | C11: 鸣金 | D11: =(B3+IF($G$1=$C11,$B$7,0))*IF($G$2="撼天",1.06,1) -> 0 | E11: =(MAX(B3,C3)+IF($G$1=$C11,$C$7,0))*IF($G$2="撼天",1.06,1) -> 0 | F11: =D3+IF($G$1=$C11,$D$7,0) -> 0 | G11: =E3 -> 0 | K11: =($L11*$BN11+$M11*$BL11+$N11*$BO11+$O11*$BP11) -> 30587.786 | L11: =((($AN11+$AO11)/2*$AH11+$AI11)*(1+$AP11)*(1+$AQ11)+(($AS11+$AT11)/2*IF($G$1="鸣金",$AJ11,$AH11)+IF($G$1="鸣金",$AK11*1.5,0))*(1+$AU11)*(1+$AV11)+(($AW11+$AX11)/2*IF($G$1="裂石",$AJ11,$AH11)+IF($G$1="裂石",$AK11*1.5,0))*(1+$AY11)*(1+$AZ11)+(($BA11+$BB11)/2*IF($G$1="牵丝",$AJ11,$AH11)+IF($G$1="牵丝",$AK11*1.5,0))*(1+$BC11)*(1+$BD11)+(($BE11+$BF11)/2*IF($G$1="破竹",$AJ11,$AH11)+IF($G$1="破竹",$AK11*1.5,0))*(1+$BG11)*(1+$BH11))*(1+$AL11)*$BK11*$P11*(1+IF(VLOOKUP($Q11,武学奇术!$A:$ZZ,30,FALSE)="蓄力技",#REF!,0))*(1+$BQ11) -> 31244.04 | M11: =(($AO11*$AH11+$AI11)*(1+$AP11)*(1+$AQ11)+($AT11*IF($G$1="鸣金",$AJ11,$AH11)+IF($G$1="鸣金",$AK11*1.5,0))*(1+$AU11)*(1+$AV11)+($AX11*IF($G$1="裂石",$AJ11,$AH11)+IF($G$1="裂石",$AK11*1.5,0))*(1+$AY11)*(1+$AZ11)+($BB11*IF($G$1="牵丝",$AJ11,$AH11)+IF($G$1="牵丝",$AK11*1.5,0))*(1+$BC11)*(1+$BD11)+($BF11*IF($G$1="破竹",$AJ11,$AH11)+IF($G$1="破竹",$AK11*1.5,0))*(1+$BG11)*(1+$BH11))*(1+$AL11)*$BM11*$P11*(1+IF(VLOOKUP($Q11,武学奇术!$A:$ZZ,30,FALSE)="蓄力技",#REF!,0))*(1+$BQ11) -> 26505.411 | N11: =((($AN11+$AO11)/2*$AH11+$AI11)*(1+$AP11)*(1+$AQ11)+(($AS11+$AT11)/2*IF($G$1="鸣金",$AJ11,$AH11)+IF($G$1="鸣金",$AK11*1.5,0))*(1+$AU11)*(1+$AV11)+(($AW11+$AX11)/2*IF($G$1="裂石",$AJ11,$AH11)+IF($G$1="裂石",$AK11*1.5,0))*(1+$AY11)*(1+$AZ11)+(($BA11+$BB11)/2*IF($G$1="牵丝",$AJ11,$AH11)+IF($G$1="牵丝",$AK11*1.5,0))*(1+$BC11)*(1+$BD11)+(($BE11+$BF11)/2*IF($G$1="破竹",$AJ11,$AH11)+IF($G$1="破竹",$AK11*1.5,0))*(1+$BG11)*(1+$BH11))*(1+$AL11)*$P11*(1+IF(VLOOKUP($Q11,武学奇术!$A:$ZZ,30,FALSE)="蓄力技",#REF!,0))*(1+$BQ11) -> 17853.737 | O11: =((($AN11*$AH11+$AI11)*(1+$AP11)*(1+$AQ11)+($AS11*IF($G$1="鸣金",$AJ11,$AH11)+IF($G$1="鸣金",$AK11*1.5,0))*(1+$AU11)*(1+$AV11)+($AW11*IF($G$1="裂石",$AJ11,$AH11)+IF($G$1="裂石",$AK11*1.5,0))*(1+$AY11)*(1+$AZ11)+($BA11*IF($G$1="牵丝",$AJ11,$AH11)+IF($G$1="牵丝",$AK11*1.5,0))*(1+$BC11)*(1+$BD11)+($BE11*IF($G$1="破竹",$AJ11,$AH11)+IF($G$1="破竹",$AK11*1.5,0))*(1+$BG11)*(1+$BH11))*(1+$AL11))*$P11*(1+IF(VLOOKUP($Q11,武学奇术!$A:$ZZ,30,FALSE)="蓄力技",#REF!,0))*(1+$BQ11) -> 16073.837 | P11: =IF($E$20="易水歌",1.5,0) -> 1.5 | Q11: 易水歌6重 | R11: 惧刃(拐) | S11: 伞增 | T11: 沧海帖10层 | U11: 易水歌5层 | V11: N/a | W11: N/a | X11: N/a | Y11: N/a | Z11: N/a | AA11: 浣花 | AB11: N/a | AC11: N/a | AD11: N/a | AE11: N/a | AF11: 无惧 | AG11: =VLOOKUP($Q11,武学奇术!$A:$ZZ,25,FALSE) -> 心法 | AH11: =VLOOKUP($Q11,武学奇术!$A:$ZZ,26,FALSE) -> 1 | AI11: =VLOOKUP($Q11,武学奇术!$A:$ZZ,27,FALSE)*(1+IF(OR($AG11=$F$4,$AG11=$F$5),$B$21,0)) -> 0 | AJ11: =VLOOKUP($Q11,武学奇术!$A:$ZZ,28,FALSE) -> 1 | AK11: =VLOOKUP($Q11,武学奇术!$A:$ZZ,29,FALSE)*(1+IF(OR($AG11=$F$4,$AG11=$F$5),$B$21,0)) -> 0 | AL11: {=$G$3+IFERROR(VLOOKUP($AG11,$F$4:$G$7,2,FALSE),0)+VLOOKUP($Q11,武学奇术!$A:$ZZ,2,FALSE)+SUM(_xlfn.XLOOKUP($R11:$AF11,增益!$A:$A,增益!$B:$B,0))} -> 0.5542 | AM11: {=VLOOKUP($Q11,武学奇术!$A:$ZZ,5,FALSE)+SUM(_xlfn.XLOOKUP($R11:$AF11,增益!$A:$A,增益!$E:$E,0))} -> 0 | AN11: {=$D$10*(1+$AM11)+VLOOKUP($Q11,武学奇术!$A:$ZZ,3,FALSE)+SUM(_xlfn.XLOOKUP($R11:$AF11,增益!$A:$A,增益!$C:$C,0))-$I$2} -> 3977.2 | AO11: {=$E$10*(1+$AM11)+VLOOKUP($Q11,武学奇术!$A:$ZZ,4,FALSE)+SUM(_xlfn.XLOOKUP($R11:$AF11,增益!$A:$A,增益!$D:$D,0))-$I$2} -> 3977.2 | AP11: {=IF($F$10-$I$3+VLOOKUP($Q11,武学奇术!$A:$ZZ,6,FALSE)+SUM(_xlfn.XLOOKUP(R11:AF11,增益!$A:$A,增益!$F:$F,0))>0,($F$10-$I$3+VLOOKUP($Q11,武学奇术!$A:$ZZ,6,FALSE)+SUM(_xlfn.XLOOKUP(R11:AF11,增益!$A:$A,增益!$F:$F,0)))/200,($F$10-$I$3+VLOOKUP($Q11,武学奇术!$A:$ZZ,6,FALSE)+SUM(_xlfn.XLOOKUP(R11:AF11,增益!$A:$A,增益!$F:$F,0)))/100)} -> 0.344 | AQ11: {=$G$10+VLOOKUP($Q11,武学奇术!$A:$ZZ,7,FALSE)+SUM(_xlfn.XLOOKUP(R11:AF11,增益!$A:$A,增益!$G:$G,0))} -> 0 | AR11: {=VLOOKUP($Q11,武学奇术!$A:$ZZ,8,FALSE)+SUM(_xlfn.XLOOKUP(R11:AF11,增益!$A:$A,增益!$H:$H,0))} -> 0 | AS11: =$D$11*(1+$AR11) -> 0 | AT11: =$E$11*(1+$AR11) -> 0 | AU11: {=IF($F$11-$I$4+VLOOKUP($Q11,武学奇术!$A:$ZZ,9,FALSE)+SUM(_xlfn.XLOOKUP(R11:AF11,增益!$A:$A,增益!$I:$I,0))>0,($F$11-$I$4+VLOOKUP($Q11,武学奇术!$A:$ZZ,9,FALSE)+SUM(_xlfn.XLOOKUP(R11:AF11,增益!$A:$A,增益!$I:$I,0)))/200,($F$11-$I$4+VLOOKUP($Q11,武学奇术!$A:$ZZ,9,FALSE)+SUM(_xlfn.XLOOKUP(R11:AF11,增益!$A:$A,增益!$I:$I,0)))/100)} -> -0.14 | AV11: {=$G$11+VLOOKUP($Q11,武学奇术!$A:$ZZ,10,FALSE)+SUM(_xlfn.XLOOKUP(R11:AF11,增益!$A:$A,增益!$J:$J,0))} -> 0 | AW11: =$D$12*(1+$AR11) -> 0 | AX11: =$E$12*(1+$AR11) -> 0 | AY11: {=IF($F$12-$I$4+VLOOKUP($Q11,武学奇术!$A:$ZZ,11,FALSE)+SUM(_xlfn.XLOOKUP(R11:AF11,增益!$A:$A,增益!$K:$K,0))>0,($F$12-$I$4+VLOOKUP($Q11,武学奇术!$A:$ZZ,11,FALSE)+SUM(_xlfn.XLOOKUP(R11:AF11,增益!$A:$A,增益!$K:$K,0)))/200,($F$12-$I$4+VLOOKUP($Q11,武学奇术!$A:$ZZ,11,FALSE)+SUM(_xlfn.XLOOKUP(R11:AF11,增益!$A:$A,增益!$K:$K,0)))/100)} -> -0.14 | AZ11: {=$G$12+VLOOKUP($Q11,武学奇术!$A:$ZZ,12,FALSE)+SUM(_xlfn.XLOOKUP(R11:AF11,增益!$A:$A,增益!$L:$L,0))} -> 0 | BA11: =$D$13*(1+$AR11) -> 697.4 | BB11: =$E$13*(1+$AR11) -> 1805 | BC11: {=IF($F$13-$I$4+VLOOKUP($Q11,武学奇术!$A:$ZZ,13,FALSE)+SUM(_xlfn.XLOOKUP(R11:AF11,增益!$A:$A,增益!$M:$M,0))>0,($F$13-$I$4+VLOOKUP($Q11,武学奇术!$A:$ZZ,13,FALSE)+SUM(_xlfn.XLOOKUP(R11:AF11,增益!$A:$A,增益!$K:$K,0)))/200,($F$13-$I$4+VLOOKUP($Q11,武学奇术!$A:$ZZ,13,FALSE)+SUM(_xlfn.XLOOKUP(R11:AF11,增益!$A:$A,增益!$M:$M,0)))/100)} -> 0.08 | BD11: {=$G$13+VLOOKUP($Q11,武学奇术!$A:$ZZ,14,FALSE)+SUM(_xlfn.XLOOKUP(R11:AF11,增益!$A:$A,增益!$N:$N,0))} -> 0.15 | BE11: =$D$14*(1+$AR11) -> 0 | BF11: =$E$14*(1+$AR11) -> 0 | BG11: {=IF($F$14-$I$4+VLOOKUP($Q11,武学奇术!$A:$ZZ,15,FALSE)+SUM(_xlfn.XLOOKUP(R11:AF11,增益!$A:$A,增益!$O:$O,0))>0,($F$14-$I$4+VLOOKUP($Q11,武学奇术!$A:$ZZ,15,FALSE)+SUM(_xlfn.XLOOKUP(R11:AF11,增益!$A:$A,增益!$O:$O,0)))/200,($F$14-$I$4+VLOOKUP($Q11,武学奇术!$A:$ZZ,15,FALSE)+SUM(_xlfn.XLOOKUP(R11:AF11,增益!$A:$A,增益!$O:$O,0)))/100)} -> -0.14 | BH11: {=$G$14+VLOOKUP($Q11,武学奇术!$A:$ZZ,16,FALSE)+SUM(_xlfn.XLOOKUP(R11:AF11,增益!$A:$A,增益!$P:$P,0))} -> 0 | BI11: =MIN(IF(VLOOKUP($Q11,武学奇术!$A:$ZZ,23,FALSE)=1,100%,$B$8),100%) -> 1 | BJ11: {=IF(VLOOKUP($Q11,武学奇术!$A:$ZZ,23,FALSE)=1,100%,MIN(80%,$B$9+VLOOKUP($Q11,武学奇术!$A:$ZZ,17,FALSE)+SUM(_xlfn.XLOOKUP(R11:AF11,增益!$A:$A,增益!$Q:$Q,0)))+$B$11+SUM(_xlfn.XLOOKUP(R11:AF11,增益!$A:$A,增益!$U:$U,0)))*IF(VLOOKUP($Q11,武学奇术!$A:$ZZ,24,FALSE)=1,0,1)} -> 0.892 | BK11: {=1+$B$13+VLOOKUP($Q11,武学奇术!$A:$ZZ,18,FALSE)+SUM(_xlfn.XLOOKUP(R11:AF11,增益!$A:$A,增益!$R:$R,0))} -> 1.75 | BL11: {=IF(VLOOKUP($Q11,武学奇术!$A:$ZZ,24,FALSE)=1,100%,MIN(40%,$B$10+VLOOKUP($Q11,武学奇术!$A:$ZZ,19,FALSE)+SUM(_xlfn.XLOOKUP(R11:AF11,增益!$A:$A,增益!$S:$S,0)))+$B$12+SUM(_xlfn.XLOOKUP(R11:AF11,增益!$A:$A,增益!$V:$V,0)))*IF(VLOOKUP($Q11,武学奇术!$A:$ZZ,23,FALSE)=1,0,1)} -> 0.0913 | BM11: {=1+$B$14+VLOOKUP($Q11,武学奇术!$A:$ZZ,20,FALSE)+SUM(_xlfn.XLOOKUP(R11:AF11,增益!$A:$A,增益!$T:$T,0))} -> 1.35 | BN11: =MIN((1-BL11)*BI11,BI11*BJ11) -> 0.892 | BO11: =1-BL11-BN11-BP11 -> 0.0167 | BP11: =IF(VLOOKUP($Q11,武学奇术!$A:$ZZ,22,FALSE)=1,0,(1-$BI11))*(1-$BL11) -> 0 | BQ11: {=SUM(_xlfn.XLOOKUP(R11:AF11,增益!$A:$A,增益!$W:$W,0))+$I$5} -> 0.11
A12: 直接会意率 | B12: 0 | C12: 裂石 | D12: =(B4+IF($G$1=$C12,$B$7,0))*IF($G$2="撼天",1.06,1) -> 0 | E12: =(MAX(B4,C4)+IF($G$1=$C12,$C$7,0))*IF($G$2="撼天",1.06,1) -> 0 | F12: =D4+IF($G$1=$C12,$D$7,0) -> 0 | G12: =E4 -> 0 | H12: DPS | I12: =I10/I8 -> 113762.69 | K12: =($L12*$BN12+$M12*$BL12+$N12*$BO12+$O12*$BP12) -> 0 | L12: =((($AN12+$AO12)/2*$AH12+$AI12)*(1+$AP12)*(1+$AQ12)+(($AS12+$AT12)/2*IF($G$1="鸣金",$AJ12,$AH12)+IF($G$1="鸣金",$AK12*1.5,0))*(1+$AU12)*(1+$AV12)+(($AW12+$AX12)/2*IF($G$1="裂石",$AJ12,$AH12)+IF($G$1="裂石",$AK12*1.5,0))*(1+$AY12)*(1+$AZ12)+(($BA12+$BB12)/2*IF($G$1="牵丝",$AJ12,$AH12)+IF($G$1="牵丝",$AK12*1.5,0))*(1+$BC12)*(1+$BD12)+(($BE12+$BF12)/2*IF($G$1="破竹",$AJ12,$AH12)+IF($G$1="破竹",$AK12*1.5,0))*(1+$BG12)*(1+$BH12))*(1+$AL12)*$BK12*$P12*(1+IF(VLOOKUP($Q12,武学奇术!$A:$ZZ,30,FALSE)="蓄力技",#REF!,0))*(1+$BQ12) -> 0 | M12: =(($AO12*$AH12+$AI12)*(1+$AP12)*(1+$AQ12)+($AT12*IF($G$1="鸣金",$AJ12,$AH12)+IF($G$1="鸣金",$AK12*1.5,0))*(1+$AU12)*(1+$AV12)+($AX12*IF($G$1="裂石",$AJ12,$AH12)+IF($G$1="裂石",$AK12*1.5,0))*(1+$AY12)*(1+$AZ12)+($BB12*IF($G$1="牵丝",$AJ12,$AH12)+IF($G$1="牵丝",$AK12*1.5,0))*(1+$BC12)*(1+$BD12)+($BF12*IF($G$1="破竹",$AJ12,$AH12)+IF($G$1="破竹",$AK12*1.5,0))*(1+$BG12)*(1+$BH12))*(1+$AL12)*$BM12*$P12*(1+IF(VLOOKUP($Q12,武学奇术!$A:$ZZ,30,FALSE)="蓄力技",#REF!,0))*(1+$BQ12) -> 0 | N12: =((($AN12+$AO12)/2*$AH12+$AI12)*(1+$AP12)*(1+$AQ12)+(($AS12+$AT12)/2*IF($G$1="鸣金",$AJ12,$AH12)+IF($G$1="鸣金",$AK12*1.5,0))*(1+$AU12)*(1+$AV12)+(($AW12+$AX12)/2*IF($G$1="裂石",$AJ12,$AH12)+IF($G$1="裂石",$AK12*1.5,0))*(1+$AY12)*(1+$AZ12)+(($BA12+$BB12)/2*IF($G$1="牵丝",$AJ12,$AH12)+IF($G$1="牵丝",$AK12*1.5,0))*(1+$BC12)*(1+$BD12)+(($BE12+$BF12)/2*IF($G$1="破竹",$AJ12,$AH12)+IF($G$1="破竹",$AK12*1.5,0))*(1+$BG12)*(1+$BH12))*(1+$AL12)*$P12*(1+IF(VLOOKUP($Q12,武学奇术!$A:$ZZ,30,FALSE)="蓄力技",#REF!,0))*(1+$BQ12) -> 0 | O12: =((($AN12*$AH12+$AI12)*(1+$AP12)*(1+$AQ12)+($AS12*IF($G$1="鸣金",$AJ12,$AH12)+IF($G$1="鸣金",$AK12*1.5,0))*(1+$AU12)*(1+$AV12)+($AW12*IF($G$1="裂石",$AJ12,$AH12)+IF($G$1="裂石",$AK12*1.5,0))*(1+$AY12)*(1+$AZ12)+($BA12*IF($G$1="牵丝",$AJ12,$AH12)+IF($G$1="牵丝",$AK12*1.5,0))*(1+$BC12)*(1+$BD12)+($BE12*IF($G$1="破竹",$AJ12,$AH12)+IF($G$1="破竹",$AK12*1.5,0))*(1+$BG12)*(1+$BH12))*(1+$AL12))*$P12*(1+IF(VLOOKUP($Q12,武学奇术!$A:$ZZ,30,FALSE)="蓄力技",#REF!,0))*(1+$BQ12) -> 0 | P12: 1 | Q12: N/a | R12: N/a | S12: N/a | T12: N/a | U12: N/a | V12: N/a | W12: N/a | X12: N/a | Y12: N/a | Z12: N/a | AA12: N/a | AB12: N/a | AC12: N/a | AD12: N/a | AE12: N/a | AF12: N/a | AG12: =VLOOKUP($Q12,武学奇术!$A:$ZZ,25,FALSE) -> 心法 | AH12: =VLOOKUP($Q12,武学奇术!$A:$ZZ,26,FALSE) -> 0 | AI12: =VLOOKUP($Q12,武学奇术!$A:$ZZ,27,FALSE)*(1+IF(OR($AG12=$F$4,$AG12=$F$5),$B$21,0)) -> 0 | AJ12: =VLOOKUP($Q12,武学奇术!$A:$ZZ,28,FALSE) -> 0 | AK12: =VLOOKUP($Q12,武学奇术!$A:$ZZ,29,FALSE)*(1+IF(OR($AG12=$F$4,$AG12=$F$5),$B$21,0)) -> 0 | AL12: {=$G$3+IFERROR(VLOOKUP($AG12,$F$4:$G$7,2,FALSE),0)+VLOOKUP($Q12,武学奇术!$A:$ZZ,2,FALSE)+SUM(_xlfn.XLOOKUP($R12:$AF12,增益!$A:$A,增益!$B:$B,0))} -> 0.2642 | AM12: {=VLOOKUP($Q12,武学奇术!$A:$ZZ,5,FALSE)+SUM(_xlfn.XLOOKUP($R12:$AF12,增益!$A:$A,增益!$E:$E,0))} -> 0 | AN12: {=$D$10*(1+$AM12)+VLOOKUP($Q12,武学奇术!$A:$ZZ,3,FALSE)+SUM(_xlfn.XLOOKUP($R12:$AF12,增益!$A:$A,增益!$C:$C,0))-$I$2} -> 3977.2 | AO12: {=$E$10*(1+$AM12)+VLOOKUP($Q12,武学奇术!$A:$ZZ,4,FALSE)+SUM(_xlfn.XLOOKUP($R12:$AF12,增益!$A:$A,增益!$D:$D,0))-$I$2} -> 3977.2 | AP12: {=IF($F$10-$I$3+VLOOKUP($Q12,武学奇术!$A:$ZZ,6,FALSE)+SUM(_xlfn.XLOOKUP(R12:AF12,增益!$A:$A,增益!$F:$F,0))>0,($F$10-$I$3+VLOOKUP($Q12,武学奇术!$A:$ZZ,6,FALSE)+SUM(_xlfn.XLOOKUP(R12:AF12,增益!$A:$A,增益!$F:$F,0)))/200,($F$10-$I$3+VLOOKUP($Q12,武学奇术!$A:$ZZ,6,FALSE)+SUM(_xlfn.XLOOKUP(R12:AF12,增益!$A:$A,增益!$F:$F,0)))/100)} -> 0.294 | AQ12: {=$G$10+VLOOKUP($Q12,武学奇术!$A:$ZZ,7,FALSE)+SUM(_xlfn.XLOOKUP(R12:AF12,增益!$A:$A,增益!$G:$G,0))} -> 0 | AR12: {=VLOOKUP($Q12,武学奇术!$A:$ZZ,8,FALSE)+SUM(_xlfn.XLOOKUP(R12:AF12,增益!$A:$A,增益!$H:$H,0))} -> 0 | AS12: =$D$11*(1+$AR12) -> 0 | AT12: =$E$11*(1+$AR12) -> 0 | AU12: {=IF($F$11-$I$4+VLOOKUP($Q12,武学奇术!$A:$ZZ,9,FALSE)+SUM(_xlfn.XLOOKUP(R12:AF12,增益!$A:$A,增益!$I:$I,0))>0,($F$11-$I$4+VLOOKUP($Q12,武学奇术!$A:$ZZ,9,FALSE)+SUM(_xlfn.XLOOKUP(R12:AF12,增益!$A:$A,增益!$I:$I,0)))/200,($F$11-$I$4+VLOOKUP($Q12,武学奇术!$A:$ZZ,9,FALSE)+SUM(_xlfn.XLOOKUP(R12:AF12,增益!$A:$A,增益!$I:$I,0)))/100)} -> -0.3 | AV12: {=$G$11+VLOOKUP($Q12,武学奇术!$A:$ZZ,10,FALSE)+SUM(_xlfn.XLOOKUP(R12:AF12,增益!$A:$A,增益!$J:$J,0))} -> 0 | AW12: =$D$12*(1+$AR12) -> 0 | AX12: =$E$12*(1+$AR12) -> 0 | AY12: {=IF($F$12-$I$4+VLOOKUP($Q12,武学奇术!$A:$ZZ,11,FALSE)+SUM(_xlfn.XLOOKUP(R12:AF12,增益!$A:$A,增益!$K:$K,0))>0,($F$12-$I$4+VLOOKUP($Q12,武学奇术!$A:$ZZ,11,FALSE)+SUM(_xlfn.XLOOKUP(R12:AF12,增益!$A:$A,增益!$K:$K,0)))/200,($F$12-$I$4+VLOOKUP($Q12,武学奇术!$A:$ZZ,11,FALSE)+SUM(_xlfn.XLOOKUP(R12:AF12,增益!$A:$A,增益!$K:$K,0)))/100)} -> -0.3 | AZ12: {=$G$12+VLOOKUP($Q12,武学奇术!$A:$ZZ,12,FALSE)+SUM(_xlfn.XLOOKUP(R12:AF12,增益!$A:$A,增益!$L:$L,0))} -> 0 | BA12: =$D$13*(1+$AR12) -> 697.4 | BB12: =$E$13*(1+$AR12) -> 1805 | BC12: {=IF($F$13-$I$4+VLOOKUP($Q12,武学奇术!$A:$ZZ,13,FALSE)+SUM(_xlfn.XLOOKUP(R12:AF12,增益!$A:$A,增益!$M:$M,0))>0,($F$13-$I$4+VLOOKUP($Q12,武学奇术!$A:$ZZ,13,FALSE)+SUM(_xlfn.XLOOKUP(R12:AF12,增益!$A:$A,增益!$K:$K,0)))/200,($F$13-$I$4+VLOOKUP($Q12,武学奇术!$A:$ZZ,13,FALSE)+SUM(_xlfn.XLOOKUP(R12:AF12,增益!$A:$A,增益!$M:$M,0)))/100)} -> 0 | BD12: {=$G$13+VLOOKUP($Q12,武学奇术!$A:$ZZ,14,FALSE)+SUM(_xlfn.XLOOKUP(R12:AF12,增益!$A:$A,增益!$N:$N,0))} -> 0.15 | BE12: =$D$14*(1+$AR12) -> 0 | BF12: =$E$14*(1+$AR12) -> 0 | BG12: {=IF($F$14-$I$4+VLOOKUP($Q12,武学奇术!$A:$ZZ,15,FALSE)+SUM(_xlfn.XLOOKUP(R12:AF12,增益!$A:$A,增益!$O:$O,0))>0,($F$14-$I$4+VLOOKUP($Q12,武学奇术!$A:$ZZ,15,FALSE)+SUM(_xlfn.XLOOKUP(R12:AF12,增益!$A:$A,增益!$O:$O,0)))/200,($F$14-$I$4+VLOOKUP($Q12,武学奇术!$A:$ZZ,15,FALSE)+SUM(_xlfn.XLOOKUP(R12:AF12,增益!$A:$A,增益!$O:$O,0)))/100)} -> -0.3 | BH12: {=$G$14+VLOOKUP($Q12,武学奇术!$A:$ZZ,16,FALSE)+SUM(_xlfn.XLOOKUP(R12:AF12,增益!$A:$A,增益!$P:$P,0))} -> 0 | BI12: =MIN(IF(VLOOKUP($Q12,武学奇术!$A:$ZZ,23,FALSE)=1,100%,$B$8),100%) -> 1 | BJ12: {=IF(VLOOKUP($Q12,武学奇术!$A:$ZZ,23,FALSE)=1,100%,MIN(80%,$B$9+VLOOKUP($Q12,武学奇术!$A:$ZZ,17,FALSE)+SUM(_xlfn.XLOOKUP(R12:AF12,增益!$A:$A,增益!$Q:$Q,0)))+$B$11+SUM(_xlfn.XLOOKUP(R12:AF12,增益!$A:$A,增益!$U:$U,0)))*IF(VLOOKUP($Q12,武学奇术!$A:$ZZ,24,FALSE)=1,0,1)} -> 0.8625 | BK12: {=1+$B$13+VLOOKUP($Q12,武学奇术!$A:$ZZ,18,FALSE)+SUM(_xlfn.XLOOKUP(R12:AF12,增益!$A:$A,增益!$R:$R,0))} -> 1.5 | BL12: {=IF(VLOOKUP($Q12,武学奇术!$A:$ZZ,24,FALSE)=1,100%,MIN(40%,$B$10+VLOOKUP($Q12,武学奇术!$A:$ZZ,19,FALSE)+SUM(_xlfn.XLOOKUP(R12:AF12,增益!$A:$A,增益!$S:$S,0)))+$B$12+SUM(_xlfn.XLOOKUP(R12:AF12,增益!$A:$A,增益!$V:$V,0)))*IF(VLOOKUP($Q12,武学奇术!$A:$ZZ,23,FALSE)=1,0,1)} -> 0.0913 | BM12: {=1+$B$14+VLOOKUP($Q12,武学奇术!$A:$ZZ,20,FALSE)+SUM(_xlfn.XLOOKUP(R12:AF12,增益!$A:$A,增益!$T:$T,0))} -> 1.35 | BN12: =MIN((1-BL12)*BI12,BI12*BJ12) -> 0.8625 | BO12: =1-BL12-BN12-BP12 -> 0.0462 | BP12: =IF(VLOOKUP($Q12,武学奇术!$A:$ZZ,22,FALSE)=1,0,(1-$BI12))*(1-$BL12) -> 0 | BQ12: {=SUM(_xlfn.XLOOKUP(R12:AF12,增益!$A:$A,增益!$W:$W,0))+$I$5} -> 0.06
A13: 会心伤害加成 | B13: =50%+IF(G2="时雨",10%,0) -> 0.5 | C13: 牵丝 | D13: =(B5+IF($G$1=$C13,$B$7,0))*IF($G$2="撼天",1.06,1) -> 697.4 | E13: =(MAX(B5,C5)+IF($G$1=$C13,$C$7,0))*IF($G$2="撼天",1.06,1) -> 1805 | F13: =D5+IF($G$1=$C13,$D$7,0) -> 30 | G13: =E5 -> 0.15 | K13: =($L13*$BN13+$M13*$BL13+$N13*$BO13+$O13*$BP13) -> 0 | L13: =((($AN13+$AO13)/2*$AH13+$AI13)*(1+$AP13)*(1+$AQ13)+(($AS13+$AT13)/2*IF($G$1="鸣金",$AJ13,$AH13)+IF($G$1="鸣金",$AK13*1.5,0))*(1+$AU13)*(1+$AV13)+(($AW13+$AX13)/2*IF($G$1="裂石",$AJ13,$AH13)+IF($G$1="裂石",$AK13*1.5,0))*(1+$AY13)*(1+$AZ13)+(($BA13+$BB13)/2*IF($G$1="牵丝",$AJ13,$AH13)+IF($G$1="牵丝",$AK13*1.5,0))*(1+$BC13)*(1+$BD13)+(($BE13+$BF13)/2*IF($G$1="破竹",$AJ13,$AH13)+IF($G$1="破竹",$AK13*1.5,0))*(1+$BG13)*(1+$BH13))*(1+$AL13)*$BK13*$P13*(1+IF(VLOOKUP($Q13,武学奇术!$A:$ZZ,30,FALSE)="蓄力技",#REF!,0))*(1+$BQ13) -> 0 | M13: =(($AO13*$AH13+$AI13)*(1+$AP13)*(1+$AQ13)+($AT13*IF($G$1="鸣金",$AJ13,$AH13)+IF($G$1="鸣金",$AK13*1.5,0))*(1+$AU13)*(1+$AV13)+($AX13*IF($G$1="裂石",$AJ13,$AH13)+IF($G$1="裂石",$AK13*1.5,0))*(1+$AY13)*(1+$AZ13)+($BB13*IF($G$1="牵丝",$AJ13,$AH13)+IF($G$1="牵丝",$AK13*1.5,0))*(1+$BC13)*(1+$BD13)+($BF13*IF($G$1="破竹",$AJ13,$AH13)+IF($G$1="破竹",$AK13*1.5,0))*(1+$BG13)*(1+$BH13))*(1+$AL13)*$BM13*$P13*(1+IF(VLOOKUP($Q13,武学奇术!$A:$ZZ,30,FALSE)="蓄力技",#REF!,0))*(1+$BQ13) -> 0 | N13: =((($AN13+$AO13)/2*$AH13+$AI13)*(1+$AP13)*(1+$AQ13)+(($AS13+$AT13)/2*IF($G$1="鸣金",$AJ13,$AH13)+IF($G$1="鸣金",$AK13*1.5,0))*(1+$AU13)*(1+$AV13)+(($AW13+$AX13)/2*IF($G$1="裂石",$AJ13,$AH13)+IF($G$1="裂石",$AK13*1.5,0))*(1+$AY13)*(1+$AZ13)+(($BA13+$BB13)/2*IF($G$1="牵丝",$AJ13,$AH13)+IF($G$1="牵丝",$AK13*1.5,0))*(1+$BC13)*(1+$BD13)+(($BE13+$BF13)/2*IF($G$1="破竹",$AJ13,$AH13)+IF($G$1="破竹",$AK13*1.5,0))*(1+$BG13)*(1+$BH13))*(1+$AL13)*$P13*(1+IF(VLOOKUP($Q13,武学奇术!$A:$ZZ,30,FALSE)="蓄力技",#REF!,0))*(1+$BQ13) -> 0 | O13: =((($AN13*$AH13+$AI13)*(1+$AP13)*(1+$AQ13)+($AS13*IF($G$1="鸣金",$AJ13,$AH13)+IF($G$1="鸣金",$AK13*1.5,0))*(1+$AU13)*(1+$AV13)+($AW13*IF($G$1="裂石",$AJ13,$AH13)+IF($G$1="裂石",$AK13*1.5,0))*(1+$AY13)*(1+$AZ13)+($BA13*IF($G$1="牵丝",$AJ13,$AH13)+IF($G$1="牵丝",$AK13*1.5,0))*(1+$BC13)*(1+$BD13)+($BE13*IF($G$1="破竹",$AJ13,$AH13)+IF($G$1="破竹",$AK13*1.5,0))*(1+$BG13)*(1+$BH13))*(1+$AL13))*$P13*(1+IF(VLOOKUP($Q13,武学奇术!$A:$ZZ,30,FALSE)="蓄力技",#REF!,0))*(1+$BQ13) -> 0 | P13: 1 | Q13: N/a | R13: N/a | S13: N/a | T13: N/a | U13: N/a | V13: N/a | W13: N/a | X13: N/a | Y13: N/a | Z13: N/a | AA13: N/a | AB13: N/a | AC13: N/a | AD13: N/a | AE13: N/a | AF13: N/a | AG13: =VLOOKUP($Q13,武学奇术!$A:$ZZ,25,FALSE) -> 心法 | AH13: =VLOOKUP($Q13,武学奇术!$A:$ZZ,26,FALSE) -> 0 | AI13: =VLOOKUP($Q13,武学奇术!$A:$ZZ,27,FALSE)*(1+IF(OR($AG13=$F$4,$AG13=$F$5),$B$21,0)) -> 0 | AJ13: =VLOOKUP($Q13,武学奇术!$A:$ZZ,28,FALSE) -> 0 | AK13: =VLOOKUP($Q13,武学奇术!$A:$ZZ,29,FALSE)*(1+IF(OR($AG13=$F$4,$AG13=$F$5),$B$21,0)) -> 0 | AL13: {=$G$3+IFERROR(VLOOKUP($AG13,$F$4:$G$7,2,FALSE),0)+VLOOKUP($Q13,武学奇术!$A:$ZZ,2,FALSE)+SUM(_xlfn.XLOOKUP($R13:$AF13,增益!$A:$A,增益!$B:$B,0))} -> 0.2642 | AM13: {=VLOOKUP($Q13,武学奇术!$A:$ZZ,5,FALSE)+SUM(_xlfn.XLOOKUP($R13:$AF13,增益!$A:$A,增益!$E:$E,0))} -> 0 | AN13: {=$D$10*(1+$AM13)+VLOOKUP($Q13,武学奇术!$A:$ZZ,3,FALSE)+SUM(_xlfn.XLOOKUP($R13:$AF13,增益!$A:$A,增益!$C:$C,0))-$I$2} -> 3977.2 | AO13: {=$E$10*(1+$AM13)+VLOOKUP($Q13,武学奇术!$A:$ZZ,4,FALSE)+SUM(_xlfn.XLOOKUP($R13:$AF13,增益!$A:$A,增益!$D:$D,0))-$I$2} -> 3977.2 | AP13: {=IF($F$10-$I$3+VLOOKUP($Q13,武学奇术!$A:$ZZ,6,FALSE)+SUM(_xlfn.XLOOKUP(R13:AF13,增益!$A:$A,增益!$F:$F,0))>0,($F$10-$I$3+VLOOKUP($Q13,武学奇术!$A:$ZZ,6,FALSE)+SUM(_xlfn.XLOOKUP(R13:AF13,增益!$A:$A,增益!$F:$F,0)))/200,($F$10-$I$3+VLOOKUP($Q13,武学奇术!$A:$ZZ,6,FALSE)+SUM(_xlfn.XLOOKUP(R13:AF13,增益!$A:$A,增益!$F:$F,0)))/100)} -> 0.294 | AQ13: {=$G$10+VLOOKUP($Q13,武学奇术!$A:$ZZ,7,FALSE)+SUM(_xlfn.XLOOKUP(R13:AF13,增益!$A:$A,增益!$G:$G,0))} -> 0 | AR13: {=VLOOKUP($Q13,武学奇术!$A:$ZZ,8,FALSE)+SUM(_xlfn.XLOOKUP(R13:AF13,增益!$A:$A,增益!$H:$H,0))} -> 0 | AS13: =$D$11*(1+$AR13) -> 0 | AT13: =$E$11*(1+$AR13) -> 0 | AU13: {=IF($F$11-$I$4+VLOOKUP($Q13,武学奇术!$A:$ZZ,9,FALSE)+SUM(_xlfn.XLOOKUP(R13:AF13,增益!$A:$A,增益!$I:$I,0))>0,($F$11-$I$4+VLOOKUP($Q13,武学奇术!$A:$ZZ,9,FALSE)+SUM(_xlfn.XLOOKUP(R13:AF13,增益!$A:$A,增益!$I:$I,0)))/200,($F$11-$I$4+VLOOKUP($Q13,武学奇术!$A:$ZZ,9,FALSE)+SUM(_xlfn.XLOOKUP(R13:AF13,增益!$A:$A,增益!$I:$I,0)))/100)} -> -0.3 | AV13: {=$G$11+VLOOKUP($Q13,武学奇术!$A:$ZZ,10,FALSE)+SUM(_xlfn.XLOOKUP(R13:AF13,增益!$A:$A,增益!$J:$J,0))} -> 0 | AW13: =$D$12*(1+$AR13) -> 0 | AX13: =$E$12*(1+$AR13) -> 0 | AY13: {=IF($F$12-$I$4+VLOOKUP($Q13,武学奇术!$A:$ZZ,11,FALSE)+SUM(_xlfn.XLOOKUP(R13:AF13,增益!$A:$A,增益!$K:$K,0))>0,($F$12-$I$4+VLOOKUP($Q13,武学奇术!$A:$ZZ,11,FALSE)+SUM(_xlfn.XLOOKUP(R13:AF13,增益!$A:$A,增益!$K:$K,0)))/200,($F$12-$I$4+VLOOKUP($Q13,武学奇术!$A:$ZZ,11,FALSE)+SUM(_xlfn.XLOOKUP(R13:AF13,增益!$A:$A,增益!$K:$K,0)))/100)} -> -0.3 | AZ13: {=$G$12+VLOOKUP($Q13,武学奇术!$A:$ZZ,12,FALSE)+SUM(_xlfn.XLOOKUP(R13:AF13,增益!$A:$A,增益!$L:$L,0))} -> 0 | BA13: =$D$13*(1+$AR13) -> 697.4 | BB13: =$E$13*(1+$AR13) -> 1805 | BC13: {=IF($F$13-$I$4+VLOOKUP($Q13,武学奇术!$A:$ZZ,13,FALSE)+SUM(_xlfn.XLOOKUP(R13:AF13,增益!$A:$A,增益!$M:$M,0))>0,($F$13-$I$4+VLOOKUP($Q13,武学奇术!$A:$ZZ,13,FALSE)+SUM(_xlfn.XLOOKUP(R13:AF13,增益!$A:$A,增益!$K:$K,0)))/200,($F$13-$I$4+VLOOKUP($Q13,武学奇术!$A:$ZZ,13,FALSE)+SUM(_xlfn.XLOOKUP(R13:AF13,增益!$A:$A,增益!$M:$M,0)))/100)} -> 0 | BD13: {=$G$13+VLOOKUP($Q13,武学奇术!$A:$ZZ,14,FALSE)+SUM(_xlfn.XLOOKUP(R13:AF13,增益!$A:$A,增益!$N:$N,0))} -> 0.15 | BE13: =$D$14*(1+$AR13) -> 0 | BF13: =$E$14*(1+$AR13) -> 0 | BG13: {=IF($F$14-$I$4+VLOOKUP($Q13,武学奇术!$A:$ZZ,15,FALSE)+SUM(_xlfn.XLOOKUP(R13:AF13,增益!$A:$A,增益!$O:$O,0))>0,($F$14-$I$4+VLOOKUP($Q13,武学奇术!$A:$ZZ,15,FALSE)+SUM(_xlfn.XLOOKUP(R13:AF13,增益!$A:$A,增益!$O:$O,0)))/200,($F$14-$I$4+VLOOKUP($Q13,武学奇术!$A:$ZZ,15,FALSE)+SUM(_xlfn.XLOOKUP(R13:AF13,增益!$A:$A,增益!$O:$O,0)))/100)} -> -0.3 | BH13: {=$G$14+VLOOKUP($Q13,武学奇术!$A:$ZZ,16,FALSE)+SUM(_xlfn.XLOOKUP(R13:AF13,增益!$A:$A,增益!$P:$P,0))} -> 0 | BI13: =MIN(IF(VLOOKUP($Q13,武学奇术!$A:$ZZ,23,FALSE)=1,100%,$B$8),100%) -> 1 | BJ13: {=IF(VLOOKUP($Q13,武学奇术!$A:$ZZ,23,FALSE)=1,100%,MIN(80%,$B$9+VLOOKUP($Q13,武学奇术!$A:$ZZ,17,FALSE)+SUM(_xlfn.XLOOKUP(R13:AF13,增益!$A:$A,增益!$Q:$Q,0)))+$B$11+SUM(_xlfn.XLOOKUP(R13:AF13,增益!$A:$A,增益!$U:$U,0)))*IF(VLOOKUP($Q13,武学奇术!$A:$ZZ,24,FALSE)=1,0,1)} -> 0.8625 | BK13: {=1+$B$13+VLOOKUP($Q13,武学奇术!$A:$ZZ,18,FALSE)+SUM(_xlfn.XLOOKUP(R13:AF13,增益!$A:$A,增益!$R:$R,0))} -> 1.5 | BL13: {=IF(VLOOKUP($Q13,武学奇术!$A:$ZZ,24,FALSE)=1,100%,MIN(40%,$B$10+VLOOKUP($Q13,武学奇术!$A:$ZZ,19,FALSE)+SUM(_xlfn.XLOOKUP(R13:AF13,增益!$A:$A,增益!$S:$S,0)))+$B$12+SUM(_xlfn.XLOOKUP(R13:AF13,增益!$A:$A,增益!$V:$V,0)))*IF(VLOOKUP($Q13,武学奇术!$A:$ZZ,23,FALSE)=1,0,1)} -> 0.0913 | BM13: {=1+$B$14+VLOOKUP($Q13,武学奇术!$A:$ZZ,20,FALSE)+SUM(_xlfn.XLOOKUP(R13:AF13,增益!$A:$A,增益!$T:$T,0))} -> 1.35 | BN13: =MIN((1-BL13)*BI13,BI13*BJ13) -> 0.8625 | BO13: =1-BL13-BN13-BP13 -> 0.0462 | BP13: =IF(VLOOKUP($Q13,武学奇术!$A:$ZZ,22,FALSE)=1,0,(1-$BI13))*(1-$BL13) -> 0 | BQ13: {=SUM(_xlfn.XLOOKUP(R13:AF13,增益!$A:$A,增益!$W:$W,0))+$I$5} -> 0.06
A14: 会意伤害加成 | B14: 0.35 | C14: 破竹 | D14: =(B6+IF($G$1=$C14,B7,0))*IF($G$2="撼天",1.06,1) -> 0 | E14: =(MAX(B6,C6)+IF($G$1=$C14,$C$7,0))*IF($G$2="撼天",1.06,1) -> 0 | F14: =D6+IF($G$1=$C14,$D$7,0) -> 0 | G14: =E6 -> 0 | H14: RDPS | I14: =RD!I14 -> 109913.33 | K14: =($L14*$BN14+$M14*$BL14+$N14*$BO14+$O14*$BP14) -> 0 | L14: =((($AN14+$AO14)/2*$AH14+$AI14)*(1+$AP14)*(1+$AQ14)+(($AS14+$AT14)/2*IF($G$1="鸣金",$AJ14,$AH14)+IF($G$1="鸣金",$AK14*1.5,0))*(1+$AU14)*(1+$AV14)+(($AW14+$AX14)/2*IF($G$1="裂石",$AJ14,$AH14)+IF($G$1="裂石",$AK14*1.5,0))*(1+$AY14)*(1+$AZ14)+(($BA14+$BB14)/2*IF($G$1="牵丝",$AJ14,$AH14)+IF($G$1="牵丝",$AK14*1.5,0))*(1+$BC14)*(1+$BD14)+(($BE14+$BF14)/2*IF($G$1="破竹",$AJ14,$AH14)+IF($G$1="破竹",$AK14*1.5,0))*(1+$BG14)*(1+$BH14))*(1+$AL14)*$BK14*$P14*(1+IF(VLOOKUP($Q14,武学奇术!$A:$ZZ,30,FALSE)="蓄力技",#REF!,0))*(1+$BQ14) -> 0 | M14: =(($AO14*$AH14+$AI14)*(1+$AP14)*(1+$AQ14)+($AT14*IF($G$1="鸣金",$AJ14,$AH14)+IF($G$1="鸣金",$AK14*1.5,0))*(1+$AU14)*(1+$AV14)+($AX14*IF($G$1="裂石",$AJ14,$AH14)+IF($G$1="裂石",$AK14*1.5,0))*(1+$AY14)*(1+$AZ14)+($BB14*IF($G$1="牵丝",$AJ14,$AH14)+IF($G$1="牵丝",$AK14*1.5,0))*(1+$BC14)*(1+$BD14)+($BF14*IF($G$1="破竹",$AJ14,$AH14)+IF($G$1="破竹",$AK14*1.5,0))*(1+$BG14)*(1+$BH14))*(1+$AL14)*$BM14*$P14*(1+IF(VLOOKUP($Q14,武学奇术!$A:$ZZ,30,FALSE)="蓄力技",#REF!,0))*(1+$BQ14) -> 0 | N14: =((($AN14+$AO14)/2*$AH14+$AI14)*(1+$AP14)*(1+$AQ14)+(($AS14+$AT14)/2*IF($G$1="鸣金",$AJ14,$AH14)+IF($G$1="鸣金",$AK14*1.5,0))*(1+$AU14)*(1+$AV14)+(($AW14+$AX14)/2*IF($G$1="裂石",$AJ14,$AH14)+IF($G$1="裂石",$AK14*1.5,0))*(1+$AY14)*(1+$AZ14)+(($BA14+$BB14)/2*IF($G$1="牵丝",$AJ14,$AH14)+IF($G$1="牵丝",$AK14*1.5,0))*(1+$BC14)*(1+$BD14)+(($BE14+$BF14)/2*IF($G$1="破竹",$AJ14,$AH14)+IF($G$1="破竹",$AK14*1.5,0))*(1+$BG14)*(1+$BH14))*(1+$AL14)*$P14*(1+IF(VLOOKUP($Q14,武学奇术!$A:$ZZ,30,FALSE)="蓄力技",#REF!,0))*(1+$BQ14) -> 0 | O14: =((($AN14*$AH14+$AI14)*(1+$AP14)*(1+$AQ14)+($AS14*IF($G$1="鸣金",$AJ14,$AH14)+IF($G$1="鸣金",$AK14*1.5,0))*(1+$AU14)*(1+$AV14)+($AW14*IF($G$1="裂石",$AJ14,$AH14)+IF($G$1="裂石",$AK14*1.5,0))*(1+$AY14)*(1+$AZ14)+($BA14*IF($G$1="牵丝",$AJ14,$AH14)+IF($G$1="牵丝",$AK14*1.5,0))*(1+$BC14)*(1+$BD14)+($BE14*IF($G$1="破竹",$AJ14,$AH14)+IF($G$1="破竹",$AK14*1.5,0))*(1+$BG14)*(1+$BH14))*(1+$AL14))*$P14*(1+IF(VLOOKUP($Q14,武学奇术!$A:$ZZ,30,FALSE)="蓄力技",#REF!,0))*(1+$BQ14) -> 0 | P14: 1 | Q14: N/a | R14: N/a | S14: N/a | T14: N/a | U14: N/a | V14: N/a | W14: N/a | X14: N/a | Y14: N/a | Z14: N/a | AA14: N/a | AB14: N/a | AC14: N/a | AD14: N/a | AE14: N/a | AF14: N/a | AG14: =VLOOKUP($Q14,武学奇术!$A:$ZZ,25,FALSE) -> 心法 | AH14: =VLOOKUP($Q14,武学奇术!$A:$ZZ,26,FALSE) -> 0 | AI14: =VLOOKUP($Q14,武学奇术!$A:$ZZ,27,FALSE)*(1+IF(OR($AG14=$F$4,$AG14=$F$5),$B$21,0)) -> 0 | AJ14: =VLOOKUP($Q14,武学奇术!$A:$ZZ,28,FALSE) -> 0 | AK14: =VLOOKUP($Q14,武学奇术!$A:$ZZ,29,FALSE)*(1+IF(OR($AG14=$F$4,$AG14=$F$5),$B$21,0)) -> 0 | AL14: {=$G$3+IFERROR(VLOOKUP($AG14,$F$4:$G$7,2,FALSE),0)+VLOOKUP($Q14,武学奇术!$A:$ZZ,2,FALSE)+SUM(_xlfn.XLOOKUP($R14:$AF14,增益!$A:$A,增益!$B:$B,0))} -> 0.2642 | AM14: {=VLOOKUP($Q14,武学奇术!$A:$ZZ,5,FALSE)+SUM(_xlfn.XLOOKUP($R14:$AF14,增益!$A:$A,增益!$E:$E,0))} -> 0 | AN14: {=$D$10*(1+$AM14)+VLOOKUP($Q14,武学奇术!$A:$ZZ,3,FALSE)+SUM(_xlfn.XLOOKUP($R14:$AF14,增益!$A:$A,增益!$C:$C,0))-$I$2} -> 3977.2 | AO14: {=$E$10*(1+$AM14)+VLOOKUP($Q14,武学奇术!$A:$ZZ,4,FALSE)+SUM(_xlfn.XLOOKUP($R14:$AF14,增益!$A:$A,增益!$D:$D,0))-$I$2} -> 3977.2 | AP14: {=IF($F$10-$I$3+VLOOKUP($Q14,武学奇术!$A:$ZZ,6,FALSE)+SUM(_xlfn.XLOOKUP(R14:AF14,增益!$A:$A,增益!$F:$F,0))>0,($F$10-$I$3+VLOOKUP($Q14,武学奇术!$A:$ZZ,6,FALSE)+SUM(_xlfn.XLOOKUP(R14:AF14,增益!$A:$A,增益!$F:$F,0)))/200,($F$10-$I$3+VLOOKUP($Q14,武学奇术!$A:$ZZ,6,FALSE)+SUM(_xlfn.XLOOKUP(R14:AF14,增益!$A:$A,增益!$F:$F,0)))/100)} -> 0.294 | AQ14: {=$G$10+VLOOKUP($Q14,武学奇术!$A:$ZZ,7,FALSE)+SUM(_xlfn.XLOOKUP(R14:AF14,增益!$A:$A,增益!$G:$G,0))} -> 0 | AR14: {=VLOOKUP($Q14,武学奇术!$A:$ZZ,8,FALSE)+SUM(_xlfn.XLOOKUP(R14:AF14,增益!$A:$A,增益!$H:$H,0))} -> 0 | AS14: =$D$11*(1+$AR14) -> 0 | AT14: =$E$11*(1+$AR14) -> 0 | AU14: {=IF($F$11-$I$4+VLOOKUP($Q14,武学奇术!$A:$ZZ,9,FALSE)+SUM(_xlfn.XLOOKUP(R14:AF14,增益!$A:$A,增益!$I:$I,0))>0,($F$11-$I$4+VLOOKUP($Q14,武学奇术!$A:$ZZ,9,FALSE)+SUM(_xlfn.XLOOKUP(R14:AF14,增益!$A:$A,增益!$I:$I,0)))/200,($F$11-$I$4+VLOOKUP($Q14,武学奇术!$A:$ZZ,9,FALSE)+SUM(_xlfn.XLOOKUP(R14:AF14,增益!$A:$A,增益!$I:$I,0)))/100)} -> -0.3 | AV14: {=$G$11+VLOOKUP($Q14,武学奇术!$A:$ZZ,10,FALSE)+SUM(_xlfn.XLOOKUP(R14:AF14,增益!$A:$A,增益!$J:$J,0))} -> 0 | AW14: =$D$12*(1+$AR14) -> 0 | AX14: =$E$12*(1+$AR14) -> 0 | AY14: {=IF($F$12-$I$4+VLOOKUP($Q14,武学奇术!$A:$ZZ,11,FALSE)+SUM(_xlfn.XLOOKUP(R14:AF14,增益!$A:$A,增益!$K:$K,0))>0,($F$12-$I$4+VLOOKUP($Q14,武学奇术!$A:$ZZ,11,FALSE)+SUM(_xlfn.XLOOKUP(R14:AF14,增益!$A:$A,增益!$K:$K,0)))/200,($F$12-$I$4+VLOOKUP($Q14,武学奇术!$A:$ZZ,11,FALSE)+SUM(_xlfn.XLOOKUP(R14:AF14,增益!$A:$A,增益!$K:$K,0)))/100)} -> -0.3 | AZ14: {=$G$12+VLOOKUP($Q14,武学奇术!$A:$ZZ,12,FALSE)+SUM(_xlfn.XLOOKUP(R14:AF14,增益!$A:$A,增益!$L:$L,0))} -> 0 | BA14: =$D$13*(1+$AR14) -> 697.4 | BB14: =$E$13*(1+$AR14) -> 1805 | BC14: {=IF($F$13-$I$4+VLOOKUP($Q14,武学奇术!$A:$ZZ,13,FALSE)+SUM(_xlfn.XLOOKUP(R14:AF14,增益!$A:$A,增益!$M:$M,0))>0,($F$13-$I$4+VLOOKUP($Q14,武学奇术!$A:$ZZ,13,FALSE)+SUM(_xlfn.XLOOKUP(R14:AF14,增益!$A:$A,增益!$K:$K,0)))/200,($F$13-$I$4+VLOOKUP($Q14,武学奇术!$A:$ZZ,13,FALSE)+SUM(_xlfn.XLOOKUP(R14:AF14,增益!$A:$A,增益!$M:$M,0)))/100)} -> 0 | BD14: {=$G$13+VLOOKUP($Q14,武学奇术!$A:$ZZ,14,FALSE)+SUM(_xlfn.XLOOKUP(R14:AF14,增益!$A:$A,增益!$N:$N,0))} -> 0.15 | BE14: =$D$14*(1+$AR14) -> 0 | BF14: =$E$14*(1+$AR14) -> 0 | BG14: {=IF($F$14-$I$4+VLOOKUP($Q14,武学奇术!$A:$ZZ,15,FALSE)+SUM(_xlfn.XLOOKUP(R14:AF14,增益!$A:$A,增益!$O:$O,0))>0,($F$14-$I$4+VLOOKUP($Q14,武学奇术!$A:$ZZ,15,FALSE)+SUM(_xlfn.XLOOKUP(R14:AF14,增益!$A:$A,增益!$O:$O,0)))/200,($F$14-$I$4+VLOOKUP($Q14,武学奇术!$A:$ZZ,15,FALSE)+SUM(_xlfn.XLOOKUP(R14:AF14,增益!$A:$A,增益!$O:$O,0)))/100)} -> -0.3 | BH14: {=$G$14+VLOOKUP($Q14,武学奇术!$A:$ZZ,16,FALSE)+SUM(_xlfn.XLOOKUP(R14:AF14,增益!$A:$A,增益!$P:$P,0))} -> 0 | BI14: =MIN(IF(VLOOKUP($Q14,武学奇术!$A:$ZZ,23,FALSE)=1,100%,$B$8),100%) -> 1 | BJ14: {=IF(VLOOKUP($Q14,武学奇术!$A:$ZZ,23,FALSE)=1,100%,MIN(80%,$B$9+VLOOKUP($Q14,武学奇术!$A:$ZZ,17,FALSE)+SUM(_xlfn.XLOOKUP(R14:AF14,增益!$A:$A,增益!$Q:$Q,0)))+$B$11+SUM(_xlfn.XLOOKUP(R14:AF14,增益!$A:$A,增益!$U:$U,0)))*IF(VLOOKUP($Q14,武学奇术!$A:$ZZ,24,FALSE)=1,0,1)} -> 0.8625 | BK14: {=1+$B$13+VLOOKUP($Q14,武学奇术!$A:$ZZ,18,FALSE)+SUM(_xlfn.XLOOKUP(R14:AF14,增益!$A:$A,增益!$R:$R,0))} -> 1.5 | BL14: {=IF(VLOOKUP($Q14,武学奇术!$A:$ZZ,24,FALSE)=1,100%,MIN(40%,$B$10+VLOOKUP($Q14,武学奇术!$A:$ZZ,19,FALSE)+SUM(_xlfn.XLOOKUP(R14:AF14,增益!$A:$A,增益!$S:$S,0)))+$B$12+SUM(_xlfn.XLOOKUP(R14:AF14,增益!$A:$A,增益!$V:$V,0)))*IF(VLOOKUP($Q14,武学奇术!$A:$ZZ,23,FALSE)=1,0,1)} -> 0.0913 | BM14: {=1+$B$14+VLOOKUP($Q14,武学奇术!$A:$ZZ,20,FALSE)+SUM(_xlfn.XLOOKUP(R14:AF14,增益!$A:$A,增益!$T:$T,0))} -> 1.35 | BN14: =MIN((1-BL14)*BI14,BI14*BJ14) -> 0.8625 | BO14: =1-BL14-BN14-BP14 -> 0.0462 | BP14: =IF(VLOOKUP($Q14,武学奇术!$A:$ZZ,22,FALSE)=1,0,(1-$BI14))*(1-$BL14) -> 0 | BQ14: {=SUM(_xlfn.XLOOKUP(R14:AF14,增益!$A:$A,增益!$W:$W,0))+$I$5} -> 0.06
A15: 全武增 | B15: 0 | C15: 团队增益 | K15: =($L15*$BN15+$M15*$BL15+$N15*$BO15+$O15*$BP15) -> 0 | L15: =((($AN15+$AO15)/2*$AH15+$AI15)*(1+$AP15)*(1+$AQ15)+(($AS15+$AT15)/2*IF($G$1="鸣金",$AJ15,$AH15)+IF($G$1="鸣金",$AK15*1.5,0))*(1+$AU15)*(1+$AV15)+(($AW15+$AX15)/2*IF($G$1="裂石",$AJ15,$AH15)+IF($G$1="裂石",$AK15*1.5,0))*(1+$AY15)*(1+$AZ15)+(($BA15+$BB15)/2*IF($G$1="牵丝",$AJ15,$AH15)+IF($G$1="牵丝",$AK15*1.5,0))*(1+$BC15)*(1+$BD15)+(($BE15+$BF15)/2*IF($G$1="破竹",$AJ15,$AH15)+IF($G$1="破竹",$AK15*1.5,0))*(1+$BG15)*(1+$BH15))*(1+$AL15)*$BK15*$P15*(1+IF(VLOOKUP($Q15,武学奇术!$A:$ZZ,30,FALSE)="蓄力技",#REF!,0))*(1+$BQ15) -> 0 | M15: =(($AO15*$AH15+$AI15)*(1+$AP15)*(1+$AQ15)+($AT15*IF($G$1="鸣金",$AJ15,$AH15)+IF($G$1="鸣金",$AK15*1.5,0))*(1+$AU15)*(1+$AV15)+($AX15*IF($G$1="裂石",$AJ15,$AH15)+IF($G$1="裂石",$AK15*1.5,0))*(1+$AY15)*(1+$AZ15)+($BB15*IF($G$1="牵丝",$AJ15,$AH15)+IF($G$1="牵丝",$AK15*1.5,0))*(1+$BC15)*(1+$BD15)+($BF15*IF($G$1="破竹",$AJ15,$AH15)+IF($G$1="破竹",$AK15*1.5,0))*(1+$BG15)*(1+$BH15))*(1+$AL15)*$BM15*$P15*(1+IF(VLOOKUP($Q15,武学奇术!$A:$ZZ,30,FALSE)="蓄力技",#REF!,0))*(1+$BQ15) -> 0 | N15: =((($AN15+$AO15)/2*$AH15+$AI15)*(1+$AP15)*(1+$AQ15)+(($AS15+$AT15)/2*IF($G$1="鸣金",$AJ15,$AH15)+IF($G$1="鸣金",$AK15*1.5,0))*(1+$AU15)*(1+$AV15)+(($AW15+$AX15)/2*IF($G$1="裂石",$AJ15,$AH15)+IF($G$1="裂石",$AK15*1.5,0))*(1+$AY15)*(1+$AZ15)+(($BA15+$BB15)/2*IF($G$1="牵丝",$AJ15,$AH15)+IF($G$1="牵丝",$AK15*1.5,0))*(1+$BC15)*(1+$BD15)+(($BE15+$BF15)/2*IF($G$1="破竹",$AJ15,$AH15)+IF($G$1="破竹",$AK15*1.5,0))*(1+$BG15)*(1+$BH15))*(1+$AL15)*$P15*(1+IF(VLOOKUP($Q15,武学奇术!$A:$ZZ,30,FALSE)="蓄力技",#REF!,0))*(1+$BQ15) -> 0 | O15: =((($AN15*$AH15+$AI15)*(1+$AP15)*(1+$AQ15)+($AS15*IF($G$1="鸣金",$AJ15,$AH15)+IF($G$1="鸣金",$AK15*1.5,0))*(1+$AU15)*(1+$AV15)+($AW15*IF($G$1="裂石",$AJ15,$AH15)+IF($G$1="裂石",$AK15*1.5,0))*(1+$AY15)*(1+$AZ15)+($BA15*IF($G$1="牵丝",$AJ15,$AH15)+IF($G$1="牵丝",$AK15*1.5,0))*(1+$BC15)*(1+$BD15)+($BE15*IF($G$1="破竹",$AJ15,$AH15)+IF($G$1="破竹",$AK15*1.5,0))*(1+$BG15)*(1+$BH15))*(1+$AL15))*$P15*(1+IF(VLOOKUP($Q15,武学奇术!$A:$ZZ,30,FALSE)="蓄力技",#REF!,0))*(1+$BQ15) -> 0 | P15: 1 | Q15: N/a | R15: N/a | S15: N/a | T15: N/a | U15: N/a | V15: N/a | W15: N/a | X15: N/a | Y15: N/a | Z15: N/a | AA15: N/a | AB15: N/a | AC15: N/a | AD15: N/a | AE15: N/a | AF15: N/a | AG15: =VLOOKUP($Q15,武学奇术!$A:$ZZ,25,FALSE) -> 心法 | AH15: =VLOOKUP($Q15,武学奇术!$A:$ZZ,26,FALSE) -> 0 | AI15: =VLOOKUP($Q15,武学奇术!$A:$ZZ,27,FALSE)*(1+IF(OR($AG15=$F$4,$AG15=$F$5),$B$21,0)) -> 0 | AJ15: =VLOOKUP($Q15,武学奇术!$A:$ZZ,28,FALSE) -> 0 | AK15: =VLOOKUP($Q15,武学奇术!$A:$ZZ,29,FALSE)*(1+IF(OR($AG15=$F$4,$AG15=$F$5),$B$21,0)) -> 0 | AL15: {=$G$3+IFERROR(VLOOKUP($AG15,$F$4:$G$7,2,FALSE),0)+VLOOKUP($Q15,武学奇术!$A:$ZZ,2,FALSE)+SUM(_xlfn.XLOOKUP($R15:$AF15,增益!$A:$A,增益!$B:$B,0))} -> 0.2642 | AM15: {=VLOOKUP($Q15,武学奇术!$A:$ZZ,5,FALSE)+SUM(_xlfn.XLOOKUP($R15:$AF15,增益!$A:$A,增益!$E:$E,0))} -> 0 | AN15: {=$D$10*(1+$AM15)+VLOOKUP($Q15,武学奇术!$A:$ZZ,3,FALSE)+SUM(_xlfn.XLOOKUP($R15:$AF15,增益!$A:$A,增益!$C:$C,0))-$I$2} -> 3977.2 | AO15: {=$E$10*(1+$AM15)+VLOOKUP($Q15,武学奇术!$A:$ZZ,4,FALSE)+SUM(_xlfn.XLOOKUP($R15:$AF15,增益!$A:$A,增益!$D:$D,0))-$I$2} -> 3977.2 | AP15: {=IF($F$10-$I$3+VLOOKUP($Q15,武学奇术!$A:$ZZ,6,FALSE)+SUM(_xlfn.XLOOKUP(R15:AF15,增益!$A:$A,增益!$F:$F,0))>0,($F$10-$I$3+VLOOKUP($Q15,武学奇术!$A:$ZZ,6,FALSE)+SUM(_xlfn.XLOOKUP(R15:AF15,增益!$A:$A,增益!$F:$F,0)))/200,($F$10-$I$3+VLOOKUP($Q15,武学奇术!$A:$ZZ,6,FALSE)+SUM(_xlfn.XLOOKUP(R15:AF15,增益!$A:$A,增益!$F:$F,0)))/100)} -> 0.294 | AQ15: {=$G$10+VLOOKUP($Q15,武学奇术!$A:$ZZ,7,FALSE)+SUM(_xlfn.XLOOKUP(R15:AF15,增益!$A:$A,增益!$G:$G,0))} -> 0 | AR15: {=VLOOKUP($Q15,武学奇术!$A:$ZZ,8,FALSE)+SUM(_xlfn.XLOOKUP(R15:AF15,增益!$A:$A,增益!$H:$H,0))} -> 0 | AS15: =$D$11*(1+$AR15) -> 0 | AT15: =$E$11*(1+$AR15) -> 0 | AU15: {=IF($F$11-$I$4+VLOOKUP($Q15,武学奇术!$A:$ZZ,9,FALSE)+SUM(_xlfn.XLOOKUP(R15:AF15,增益!$A:$A,增益!$I:$I,0))>0,($F$11-$I$4+VLOOKUP($Q15,武学奇术!$A:$ZZ,9,FALSE)+SUM(_xlfn.XLOOKUP(R15:AF15,增益!$A:$A,增益!$I:$I,0)))/200,($F$11-$I$4+VLOOKUP($Q15,武学奇术!$A:$ZZ,9,FALSE)+SUM(_xlfn.XLOOKUP(R15:AF15,增益!$A:$A,增益!$I:$I,0)))/100)} -> -0.3 | AV15: {=$G$11+VLOOKUP($Q15,武学奇术!$A:$ZZ,10,FALSE)+SUM(_xlfn.XLOOKUP(R15:AF15,增益!$A:$A,增益!$J:$J,0))} -> 0 | AW15: =$D$12*(1+$AR15) -> 0 | AX15: =$E$12*(1+$AR15) -> 0 | AY15: {=IF($F$12-$I$4+VLOOKUP($Q15,武学奇术!$A:$ZZ,11,FALSE)+SUM(_xlfn.XLOOKUP(R15:AF15,增益!$A:$A,增益!$K:$K,0))>0,($F$12-$I$4+VLOOKUP($Q15,武学奇术!$A:$ZZ,11,FALSE)+SUM(_xlfn.XLOOKUP(R15:AF15,增益!$A:$A,增益!$K:$K,0)))/200,($F$12-$I$4+VLOOKUP($Q15,武学奇术!$A:$ZZ,11,FALSE)+SUM(_xlfn.XLOOKUP(R15:AF15,增益!$A:$A,增益!$K:$K,0)))/100)} -> -0.3 | AZ15: {=$G$12+VLOOKUP($Q15,武学奇术!$A:$ZZ,12,FALSE)+SUM(_xlfn.XLOOKUP(R15:AF15,增益!$A:$A,增益!$L:$L,0))} -> 0 | BA15: =$D$13*(1+$AR15) -> 697.4 | BB15: =$E$13*(1+$AR15) -> 1805 | BC15: {=IF($F$13-$I$4+VLOOKUP($Q15,武学奇术!$A:$ZZ,13,FALSE)+SUM(_xlfn.XLOOKUP(R15:AF15,增益!$A:$A,增益!$M:$M,0))>0,($F$13-$I$4+VLOOKUP($Q15,武学奇术!$A:$ZZ,13,FALSE)+SUM(_xlfn.XLOOKUP(R15:AF15,增益!$A:$A,增益!$K:$K,0)))/200,($F$13-$I$4+VLOOKUP($Q15,武学奇术!$A:$ZZ,13,FALSE)+SUM(_xlfn.XLOOKUP(R15:AF15,增益!$A:$A,增益!$M:$M,0)))/100)} -> 0 | BD15: {=$G$13+VLOOKUP($Q15,武学奇术!$A:$ZZ,14,FALSE)+SUM(_xlfn.XLOOKUP(R15:AF15,增益!$A:$A,增益!$N:$N,0))} -> 0.15 | BE15: =$D$14*(1+$AR15) -> 0 | BF15: =$E$14*(1+$AR15) -> 0 | BG15: {=IF($F$14-$I$4+VLOOKUP($Q15,武学奇术!$A:$ZZ,15,FALSE)+SUM(_xlfn.XLOOKUP(R15:AF15,增益!$A:$A,增益!$O:$O,0))>0,($F$14-$I$4+VLOOKUP($Q15,武学奇术!$A:$ZZ,15,FALSE)+SUM(_xlfn.XLOOKUP(R15:AF15,增益!$A:$A,增益!$O:$O,0)))/200,($F$14-$I$4+VLOOKUP($Q15,武学奇术!$A:$ZZ,15,FALSE)+SUM(_xlfn.XLOOKUP(R15:AF15,增益!$A:$A,增益!$O:$O,0)))/100)} -> -0.3 | BH15: {=$G$14+VLOOKUP($Q15,武学奇术!$A:$ZZ,16,FALSE)+SUM(_xlfn.XLOOKUP(R15:AF15,增益!$A:$A,增益!$P:$P,0))} -> 0 | BI15: =MIN(IF(VLOOKUP($Q15,武学奇术!$A:$ZZ,23,FALSE)=1,100%,$B$8),100%) -> 1 | BJ15: {=IF(VLOOKUP($Q15,武学奇术!$A:$ZZ,23,FALSE)=1,100%,MIN(80%,$B$9+VLOOKUP($Q15,武学奇术!$A:$ZZ,17,FALSE)+SUM(_xlfn.XLOOKUP(R15:AF15,增益!$A:$A,增益!$Q:$Q,0)))+$B$11+SUM(_xlfn.XLOOKUP(R15:AF15,增益!$A:$A,增益!$U:$U,0)))*IF(VLOOKUP($Q15,武学奇术!$A:$ZZ,24,FALSE)=1,0,1)} -> 0.8625 | BK15: {=1+$B$13+VLOOKUP($Q15,武学奇术!$A:$ZZ,18,FALSE)+SUM(_xlfn.XLOOKUP(R15:AF15,增益!$A:$A,增益!$R:$R,0))} -> 1.5 | BL15: {=IF(VLOOKUP($Q15,武学奇术!$A:$ZZ,24,FALSE)=1,100%,MIN(40%,$B$10+VLOOKUP($Q15,武学奇术!$A:$ZZ,19,FALSE)+SUM(_xlfn.XLOOKUP(R15:AF15,增益!$A:$A,增益!$S:$S,0)))+$B$12+SUM(_xlfn.XLOOKUP(R15:AF15,增益!$A:$A,增益!$V:$V,0)))*IF(VLOOKUP($Q15,武学奇术!$A:$ZZ,23,FALSE)=1,0,1)} -> 0.0913 | BM15: {=1+$B$14+VLOOKUP($Q15,武学奇术!$A:$ZZ,20,FALSE)+SUM(_xlfn.XLOOKUP(R15:AF15,增益!$A:$A,增益!$T:$T,0))} -> 1.35 | BN15: =MIN((1-BL15)*BI15,BI15*BJ15) -> 0.8625 | BO15: =1-BL15-BN15-BP15 -> 0.0462 | BP15: =IF(VLOOKUP($Q15,武学奇术!$A:$ZZ,22,FALSE)=1,0,(1-$BI15))*(1-$BL15) -> 0 | BQ15: {=SUM(_xlfn.XLOOKUP(R15:AF15,增益!$A:$A,增益!$W:$W,0))+$I$5} -> 0.06
A16: 首领增 | B16: 0.0892 | C16: 威 | D16: √ | E16: 沧海帖 | F16: √ | H16: 毕业率 | I16: =I12/113673.94 -> 1.0007807 | K16: =($L16*$BN16+$M16*$BL16+$N16*$BO16+$O16*$BP16) -> 0 | L16: =((($AN16+$AO16)/2*$AH16+$AI16)*(1+$AP16)*(1+$AQ16)+(($AS16+$AT16)/2*IF($G$1="鸣金",$AJ16,$AH16)+IF($G$1="鸣金",$AK16*1.5,0))*(1+$AU16)*(1+$AV16)+(($AW16+$AX16)/2*IF($G$1="裂石",$AJ16,$AH16)+IF($G$1="裂石",$AK16*1.5,0))*(1+$AY16)*(1+$AZ16)+(($BA16+$BB16)/2*IF($G$1="牵丝",$AJ16,$AH16)+IF($G$1="牵丝",$AK16*1.5,0))*(1+$BC16)*(1+$BD16)+(($BE16+$BF16)/2*IF($G$1="破竹",$AJ16,$AH16)+IF($G$1="破竹",$AK16*1.5,0))*(1+$BG16)*(1+$BH16))*(1+$AL16)*$BK16*$P16*(1+IF(VLOOKUP($Q16,武学奇术!$A:$ZZ,30,FALSE)="蓄力技",#REF!,0))*(1+$BQ16) -> 0 | M16: =(($AO16*$AH16+$AI16)*(1+$AP16)*(1+$AQ16)+($AT16*IF($G$1="鸣金",$AJ16,$AH16)+IF($G$1="鸣金",$AK16*1.5,0))*(1+$AU16)*(1+$AV16)+($AX16*IF($G$1="裂石",$AJ16,$AH16)+IF($G$1="裂石",$AK16*1.5,0))*(1+$AY16)*(1+$AZ16)+($BB16*IF($G$1="牵丝",$AJ16,$AH16)+IF($G$1="牵丝",$AK16*1.5,0))*(1+$BC16)*(1+$BD16)+($BF16*IF($G$1="破竹",$AJ16,$AH16)+IF($G$1="破竹",$AK16*1.5,0))*(1+$BG16)*(1+$BH16))*(1+$AL16)*$BM16*$P16*(1+IF(VLOOKUP($Q16,武学奇术!$A:$ZZ,30,FALSE)="蓄力技",#REF!,0))*(1+$BQ16) -> 0 | N16: =((($AN16+$AO16)/2*$AH16+$AI16)*(1+$AP16)*(1+$AQ16)+(($AS16+$AT16)/2*IF($G$1="鸣金",$AJ16,$AH16)+IF($G$1="鸣金",$AK16*1.5,0))*(1+$AU16)*(1+$AV16)+(($AW16+$AX16)/2*IF($G$1="裂石",$AJ16,$AH16)+IF($G$1="裂石",$AK16*1.5,0))*(1+$AY16)*(1+$AZ16)+(($BA16+$BB16)/2*IF($G$1="牵丝",$AJ16,$AH16)+IF($G$1="牵丝",$AK16*1.5,0))*(1+$BC16)*(1+$BD16)+(($BE16+$BF16)/2*IF($G$1="破竹",$AJ16,$AH16)+IF($G$1="破竹",$AK16*1.5,0))*(1+$BG16)*(1+$BH16))*(1+$AL16)*$P16*(1+IF(VLOOKUP($Q16,武学奇术!$A:$ZZ,30,FALSE)="蓄力技",#REF!,0))*(1+$BQ16) -> 0 | O16: =((($AN16*$AH16+$AI16)*(1+$AP16)*(1+$AQ16)+($AS16*IF($G$1="鸣金",$AJ16,$AH16)+IF($G$1="鸣金",$AK16*1.5,0))*(1+$AU16)*(1+$AV16)+($AW16*IF($G$1="裂石",$AJ16,$AH16)+IF($G$1="裂石",$AK16*1.5,0))*(1+$AY16)*(1+$AZ16)+($BA16*IF($G$1="牵丝",$AJ16,$AH16)+IF($G$1="牵丝",$AK16*1.5,0))*(1+$BC16)*(1+$BD16)+($BE16*IF($G$1="破竹",$AJ16,$AH16)+IF($G$1="破竹",$AK16*1.5,0))*(1+$BG16)*(1+$BH16))*(1+$AL16))*$P16*(1+IF(VLOOKUP($Q16,武学奇术!$A:$ZZ,30,FALSE)="蓄力技",#REF!,0))*(1+$BQ16) -> 0 | P16: 1 | Q16: N/a | R16: N/a | S16: N/a | T16: N/a | U16: N/a | V16: N/a | W16: N/a | X16: N/a | Y16: N/a | Z16: N/a | AA16: N/a | AB16: N/a | AC16: N/a | AD16: N/a | AE16: N/a | AF16: N/a | AG16: =VLOOKUP($Q16,武学奇术!$A:$ZZ,25,FALSE) -> 心法 | AH16: =VLOOKUP($Q16,武学奇术!$A:$ZZ,26,FALSE) -> 0 | AI16: =VLOOKUP($Q16,武学奇术!$A:$ZZ,27,FALSE)*(1+IF(OR($AG16=$F$4,$AG16=$F$5),$B$21,0)) -> 0 | AJ16: =VLOOKUP($Q16,武学奇术!$A:$ZZ,28,FALSE) -> 0 | AK16: =VLOOKUP($Q16,武学奇术!$A:$ZZ,29,FALSE)*(1+IF(OR($AG16=$F$4,$AG16=$F$5),$B$21,0)) -> 0 | AL16: {=$G$3+IFERROR(VLOOKUP($AG16,$F$4:$G$7,2,FALSE),0)+VLOOKUP($Q16,武学奇术!$A:$ZZ,2,FALSE)+SUM(_xlfn.XLOOKUP($R16:$AF16,增益!$A:$A,增益!$B:$B,0))} -> 0.2642 | AM16: {=VLOOKUP($Q16,武学奇术!$A:$ZZ,5,FALSE)+SUM(_xlfn.XLOOKUP($R16:$AF16,增益!$A:$A,增益!$E:$E,0))} -> 0 | AN16: {=$D$10*(1+$AM16)+VLOOKUP($Q16,武学奇术!$A:$ZZ,3,FALSE)+SUM(_xlfn.XLOOKUP($R16:$AF16,增益!$A:$A,增益!$C:$C,0))-$I$2} -> 3977.2 | AO16: {=$E$10*(1+$AM16)+VLOOKUP($Q16,武学奇术!$A:$ZZ,4,FALSE)+SUM(_xlfn.XLOOKUP($R16:$AF16,增益!$A:$A,增益!$D:$D,0))-$I$2} -> 3977.2 | AP16: {=IF($F$10-$I$3+VLOOKUP($Q16,武学奇术!$A:$ZZ,6,FALSE)+SUM(_xlfn.XLOOKUP(R16:AF16,增益!$A:$A,增益!$F:$F,0))>0,($F$10-$I$3+VLOOKUP($Q16,武学奇术!$A:$ZZ,6,FALSE)+SUM(_xlfn.XLOOKUP(R16:AF16,增益!$A:$A,增益!$F:$F,0)))/200,($F$10-$I$3+VLOOKUP($Q16,武学奇术!$A:$ZZ,6,FALSE)+SUM(_xlfn.XLOOKUP(R16:AF16,增益!$A:$A,增益!$F:$F,0)))/100)} -> 0.294 | AQ16: {=$G$10+VLOOKUP($Q16,武学奇术!$A:$ZZ,7,FALSE)+SUM(_xlfn.XLOOKUP(R16:AF16,增益!$A:$A,增益!$G:$G,0))} -> 0 | AR16: {=VLOOKUP($Q16,武学奇术!$A:$ZZ,8,FALSE)+SUM(_xlfn.XLOOKUP(R16:AF16,增益!$A:$A,增益!$H:$H,0))} -> 0 | AS16: =$D$11*(1+$AR16) -> 0 | AT16: =$E$11*(1+$AR16) -> 0 | AU16: {=IF($F$11-$I$4+VLOOKUP($Q16,武学奇术!$A:$ZZ,9,FALSE)+SUM(_xlfn.XLOOKUP(R16:AF16,增益!$A:$A,增益!$I:$I,0))>0,($F$11-$I$4+VLOOKUP($Q16,武学奇术!$A:$ZZ,9,FALSE)+SUM(_xlfn.XLOOKUP(R16:AF16,增益!$A:$A,增益!$I:$I,0)))/200,($F$11-$I$4+VLOOKUP($Q16,武学奇术!$A:$ZZ,9,FALSE)+SUM(_xlfn.XLOOKUP(R16:AF16,增益!$A:$A,增益!$I:$I,0)))/100)} -> -0.3 | AV16: {=$G$11+VLOOKUP($Q16,武学奇术!$A:$ZZ,10,FALSE)+SUM(_xlfn.XLOOKUP(R16:AF16,增益!$A:$A,增益!$J:$J,0))} -> 0 | AW16: =$D$12*(1+$AR16) -> 0 | AX16: =$E$12*(1+$AR16) -> 0 | AY16: {=IF($F$12-$I$4+VLOOKUP($Q16,武学奇术!$A:$ZZ,11,FALSE)+SUM(_xlfn.XLOOKUP(R16:AF16,增益!$A:$A,增益!$K:$K,0))>0,($F$12-$I$4+VLOOKUP($Q16,武学奇术!$A:$ZZ,11,FALSE)+SUM(_xlfn.XLOOKUP(R16:AF16,增益!$A:$A,增益!$K:$K,0)))/200,($F$12-$I$4+VLOOKUP($Q16,武学奇术!$A:$ZZ,11,FALSE)+SUM(_xlfn.XLOOKUP(R16:AF16,增益!$A:$A,增益!$K:$K,0)))/100)} -> -0.3 | AZ16: {=$G$12+VLOOKUP($Q16,武学奇术!$A:$ZZ,12,FALSE)+SUM(_xlfn.XLOOKUP(R16:AF16,增益!$A:$A,增益!$L:$L,0))} -> 0 | BA16: =$D$13*(1+$AR16) -> 697.4 | BB16: =$E$13*(1+$AR16) -> 1805 | BC16: {=IF($F$13-$I$4+VLOOKUP($Q16,武学奇术!$A:$ZZ,13,FALSE)+SUM(_xlfn.XLOOKUP(R16:AF16,增益!$A:$A,增益!$M:$M,0))>0,($F$13-$I$4+VLOOKUP($Q16,武学奇术!$A:$ZZ,13,FALSE)+SUM(_xlfn.XLOOKUP(R16:AF16,增益!$A:$A,增益!$K:$K,0)))/200,($F$13-$I$4+VLOOKUP($Q16,武学奇术!$A:$ZZ,13,FALSE)+SUM(_xlfn.XLOOKUP(R16:AF16,增益!$A:$A,增益!$M:$M,0)))/100)} -> 0 | BD16: {=$G$13+VLOOKUP($Q16,武学奇术!$A:$ZZ,14,FALSE)+SUM(_xlfn.XLOOKUP(R16:AF16,增益!$A:$A,增益!$N:$N,0))} -> 0.15 | BE16: =$D$14*(1+$AR16) -> 0 | BF16: =$E$14*(1+$AR16) -> 0 | BG16: {=IF($F$14-$I$4+VLOOKUP($Q16,武学奇术!$A:$ZZ,15,FALSE)+SUM(_xlfn.XLOOKUP(R16:AF16,增益!$A:$A,增益!$O:$O,0))>0,($F$14-$I$4+VLOOKUP($Q16,武学奇术!$A:$ZZ,15,FALSE)+SUM(_xlfn.XLOOKUP(R16:AF16,增益!$A:$A,增益!$O:$O,0)))/200,($F$14-$I$4+VLOOKUP($Q16,武学奇术!$A:$ZZ,15,FALSE)+SUM(_xlfn.XLOOKUP(R16:AF16,增益!$A:$A,增益!$O:$O,0)))/100)} -> -0.3 | BH16: {=$G$14+VLOOKUP($Q16,武学奇术!$A:$ZZ,16,FALSE)+SUM(_xlfn.XLOOKUP(R16:AF16,增益!$A:$A,增益!$P:$P,0))} -> 0 | BI16: =MIN(IF(VLOOKUP($Q16,武学奇术!$A:$ZZ,23,FALSE)=1,100%,$B$8),100%) -> 1 | BJ16: {=IF(VLOOKUP($Q16,武学奇术!$A:$ZZ,23,FALSE)=1,100%,MIN(80%,$B$9+VLOOKUP($Q16,武学奇术!$A:$ZZ,17,FALSE)+SUM(_xlfn.XLOOKUP(R16:AF16,增益!$A:$A,增益!$Q:$Q,0)))+$B$11+SUM(_xlfn.XLOOKUP(R16:AF16,增益!$A:$A,增益!$U:$U,0)))*IF(VLOOKUP($Q16,武学奇术!$A:$ZZ,24,FALSE)=1,0,1)} -> 0.8625 | BK16: {=1+$B$13+VLOOKUP($Q16,武学奇术!$A:$ZZ,18,FALSE)+SUM(_xlfn.XLOOKUP(R16:AF16,增益!$A:$A,增益!$R:$R,0))} -> 1.5 | BL16: {=IF(VLOOKUP($Q16,武学奇术!$A:$ZZ,24,FALSE)=1,100%,MIN(40%,$B$10+VLOOKUP($Q16,武学奇术!$A:$ZZ,19,FALSE)+SUM(_xlfn.XLOOKUP(R16:AF16,增益!$A:$A,增益!$S:$S,0)))+$B$12+SUM(_xlfn.XLOOKUP(R16:AF16,增益!$A:$A,增益!$V:$V,0)))*IF(VLOOKUP($Q16,武学奇术!$A:$ZZ,23,FALSE)=1,0,1)} -> 0.0913 | BM16: {=1+$B$14+VLOOKUP($Q16,武学奇术!$A:$ZZ,20,FALSE)+SUM(_xlfn.XLOOKUP(R16:AF16,增益!$A:$A,增益!$T:$T,0))} -> 1.35 | BN16: =MIN((1-BL16)*BI16,BI16*BJ16) -> 0.8625 | BO16: =1-BL16-BN16-BP16 -> 0.0462 | BP16: =IF(VLOOKUP($Q16,武学奇术!$A:$ZZ,22,FALSE)=1,0,(1-$BI16))*(1-$BL16) -> 0 | BQ16: {=SUM(_xlfn.XLOOKUP(R16:AF16,增益!$A:$A,增益!$W:$W,0))+$I$5} -> 0.06
A17: 伞增 | B17: 0 | C17: 尘 | D17: √ | E17: 所恨年年 | F17: √ | K17: =($L17*$BN17+$M17*$BL17+$N17*$BO17+$O17*$BP17) -> 0 | L17: =((($AN17+$AO17)/2*$AH17+$AI17)*(1+$AP17)*(1+$AQ17)+(($AS17+$AT17)/2*IF($G$1="鸣金",$AJ17,$AH17)+IF($G$1="鸣金",$AK17*1.5,0))*(1+$AU17)*(1+$AV17)+(($AW17+$AX17)/2*IF($G$1="裂石",$AJ17,$AH17)+IF($G$1="裂石",$AK17*1.5,0))*(1+$AY17)*(1+$AZ17)+(($BA17+$BB17)/2*IF($G$1="牵丝",$AJ17,$AH17)+IF($G$1="牵丝",$AK17*1.5,0))*(1+$BC17)*(1+$BD17)+(($BE17+$BF17)/2*IF($G$1="破竹",$AJ17,$AH17)+IF($G$1="破竹",$AK17*1.5,0))*(1+$BG17)*(1+$BH17))*(1+$AL17)*$BK17*$P17*(1+IF(VLOOKUP($Q17,武学奇术!$A:$ZZ,30,FALSE)="蓄力技",#REF!,0))*(1+$BQ17) -> 0 | M17: =(($AO17*$AH17+$AI17)*(1+$AP17)*(1+$AQ17)+($AT17*IF($G$1="鸣金",$AJ17,$AH17)+IF($G$1="鸣金",$AK17*1.5,0))*(1+$AU17)*(1+$AV17)+($AX17*IF($G$1="裂石",$AJ17,$AH17)+IF($G$1="裂石",$AK17*1.5,0))*(1+$AY17)*(1+$AZ17)+($BB17*IF($G$1="牵丝",$AJ17,$AH17)+IF($G$1="牵丝",$AK17*1.5,0))*(1+$BC17)*(1+$BD17)+($BF17*IF($G$1="破竹",$AJ17,$AH17)+IF($G$1="破竹",$AK17*1.5,0))*(1+$BG17)*(1+$BH17))*(1+$AL17)*$BM17*$P17*(1+IF(VLOOKUP($Q17,武学奇术!$A:$ZZ,30,FALSE)="蓄力技",#REF!,0))*(1+$BQ17) -> 0 | N17: =((($AN17+$AO17)/2*$AH17+$AI17)*(1+$AP17)*(1+$AQ17)+(($AS17+$AT17)/2*IF($G$1="鸣金",$AJ17,$AH17)+IF($G$1="鸣金",$AK17*1.5,0))*(1+$AU17)*(1+$AV17)+(($AW17+$AX17)/2*IF($G$1="裂石",$AJ17,$AH17)+IF($G$1="裂石",$AK17*1.5,0))*(1+$AY17)*(1+$AZ17)+(($BA17+$BB17)/2*IF($G$1="牵丝",$AJ17,$AH17)+IF($G$1="牵丝",$AK17*1.5,0))*(1+$BC17)*(1+$BD17)+(($BE17+$BF17)/2*IF($G$1="破竹",$AJ17,$AH17)+IF($G$1="破竹",$AK17*1.5,0))*(1+$BG17)*(1+$BH17))*(1+$AL17)*$P17*(1+IF(VLOOKUP($Q17,武学奇术!$A:$ZZ,30,FALSE)="蓄力技",#REF!,0))*(1+$BQ17) -> 0 | O17: =((($AN17*$AH17+$AI17)*(1+$AP17)*(1+$AQ17)+($AS17*IF($G$1="鸣金",$AJ17,$AH17)+IF($G$1="鸣金",$AK17*1.5,0))*(1+$AU17)*(1+$AV17)+($AW17*IF($G$1="裂石",$AJ17,$AH17)+IF($G$1="裂石",$AK17*1.5,0))*(1+$AY17)*(1+$AZ17)+($BA17*IF($G$1="牵丝",$AJ17,$AH17)+IF($G$1="牵丝",$AK17*1.5,0))*(1+$BC17)*(1+$BD17)+($BE17*IF($G$1="破竹",$AJ17,$AH17)+IF($G$1="破竹",$AK17*1.5,0))*(1+$BG17)*(1+$BH17))*(1+$AL17))*$P17*(1+IF(VLOOKUP($Q17,武学奇术!$A:$ZZ,30,FALSE)="蓄力技",#REF!,0))*(1+$BQ17) -> 0 | P17: 1 | Q17: N/a | R17: N/a | S17: N/a | T17: N/a | U17: N/a | V17: N/a | W17: N/a | X17: N/a | Y17: N/a | Z17: N/a | AA17: N/a | AB17: N/a | AC17: N/a | AD17: N/a | AE17: N/a | AF17: N/a | AG17: =VLOOKUP($Q17,武学奇术!$A:$ZZ,25,FALSE) -> 心法 | AH17: =VLOOKUP($Q17,武学奇术!$A:$ZZ,26,FALSE) -> 0 | AI17: =VLOOKUP($Q17,武学奇术!$A:$ZZ,27,FALSE)*(1+IF(OR($AG17=$F$4,$AG17=$F$5),$B$21,0)) -> 0 | AJ17: =VLOOKUP($Q17,武学奇术!$A:$ZZ,28,FALSE) -> 0 | AK17: =VLOOKUP($Q17,武学奇术!$A:$ZZ,29,FALSE)*(1+IF(OR($AG17=$F$4,$AG17=$F$5),$B$21,0)) -> 0 | AL17: {=$G$3+IFERROR(VLOOKUP($AG17,$F$4:$G$7,2,FALSE),0)+VLOOKUP($Q17,武学奇术!$A:$ZZ,2,FALSE)+SUM(_xlfn.XLOOKUP($R17:$AF17,增益!$A:$A,增益!$B:$B,0))} -> 0.2642 | AM17: {=VLOOKUP($Q17,武学奇术!$A:$ZZ,5,FALSE)+SUM(_xlfn.XLOOKUP($R17:$AF17,增益!$A:$A,增益!$E:$E,0))} -> 0 | AN17: {=$D$10*(1+$AM17)+VLOOKUP($Q17,武学奇术!$A:$ZZ,3,FALSE)+SUM(_xlfn.XLOOKUP($R17:$AF17,增益!$A:$A,增益!$C:$C,0))-$I$2} -> 3977.2 | AO17: {=$E$10*(1+$AM17)+VLOOKUP($Q17,武学奇术!$A:$ZZ,4,FALSE)+SUM(_xlfn.XLOOKUP($R17:$AF17,增益!$A:$A,增益!$D:$D,0))-$I$2} -> 3977.2 | AP17: {=IF($F$10-$I$3+VLOOKUP($Q17,武学奇术!$A:$ZZ,6,FALSE)+SUM(_xlfn.XLOOKUP(R17:AF17,增益!$A:$A,增益!$F:$F,0))>0,($F$10-$I$3+VLOOKUP($Q17,武学奇术!$A:$ZZ,6,FALSE)+SUM(_xlfn.XLOOKUP(R17:AF17,增益!$A:$A,增益!$F:$F,0)))/200,($F$10-$I$3+VLOOKUP($Q17,武学奇术!$A:$ZZ,6,FALSE)+SUM(_xlfn.XLOOKUP(R17:AF17,增益!$A:$A,增益!$F:$F,0)))/100)} -> 0.294 | AQ17: {=$G$10+VLOOKUP($Q17,武学奇术!$A:$ZZ,7,FALSE)+SUM(_xlfn.XLOOKUP(R17:AF17,增益!$A:$A,增益!$G:$G,0))} -> 0 | AR17: {=VLOOKUP($Q17,武学奇术!$A:$ZZ,8,FALSE)+SUM(_xlfn.XLOOKUP(R17:AF17,增益!$A:$A,增益!$H:$H,0))} -> 0 | AS17: =$D$11*(1+$AR17) -> 0 | AT17: =$E$11*(1+$AR17) -> 0 | AU17: {=IF($F$11-$I$4+VLOOKUP($Q17,武学奇术!$A:$ZZ,9,FALSE)+SUM(_xlfn.XLOOKUP(R17:AF17,增益!$A:$A,增益!$I:$I,0))>0,($F$11-$I$4+VLOOKUP($Q17,武学奇术!$A:$ZZ,9,FALSE)+SUM(_xlfn.XLOOKUP(R17:AF17,增益!$A:$A,增益!$I:$I,0)))/200,($F$11-$I$4+VLOOKUP($Q17,武学奇术!$A:$ZZ,9,FALSE)+SUM(_xlfn.XLOOKUP(R17:AF17,增益!$A:$A,增益!$I:$I,0)))/100)} -> -0.3 | AV17: {=$G$11+VLOOKUP($Q17,武学奇术!$A:$ZZ,10,FALSE)+SUM(_xlfn.XLOOKUP(R17:AF17,增益!$A:$A,增益!$J:$J,0))} -> 0 | AW17: =$D$12*(1+$AR17) -> 0 | AX17: =$E$12*(1+$AR17) -> 0 | AY17: {=IF($F$12-$I$4+VLOOKUP($Q17,武学奇术!$A:$ZZ,11,FALSE)+SUM(_xlfn.XLOOKUP(R17:AF17,增益!$A:$A,增益!$K:$K,0))>0,($F$12-$I$4+VLOOKUP($Q17,武学奇术!$A:$ZZ,11,FALSE)+SUM(_xlfn.XLOOKUP(R17:AF17,增益!$A:$A,增益!$K:$K,0)))/200,($F$12-$I$4+VLOOKUP($Q17,武学奇术!$A:$ZZ,11,FALSE)+SUM(_xlfn.XLOOKUP(R17:AF17,增益!$A:$A,增益!$K:$K,0)))/100)} -> -0.3 | AZ17: {=$G$12+VLOOKUP($Q17,武学奇术!$A:$ZZ,12,FALSE)+SUM(_xlfn.XLOOKUP(R17:AF17,增益!$A:$A,增益!$L:$L,0))} -> 0 | BA17: =$D$13*(1+$AR17) -> 697.4 | BB17: =$E$13*(1+$AR17) -> 1805 | BC17: {=IF($F$13-$I$4+VLOOKUP($Q17,武学奇术!$A:$ZZ,13,FALSE)+SUM(_xlfn.XLOOKUP(R17:AF17,增益!$A:$A,增益!$M:$M,0))>0,($F$13-$I$4+VLOOKUP($Q17,武学奇术!$A:$ZZ,13,FALSE)+SUM(_xlfn.XLOOKUP(R17:AF17,增益!$A:$A,增益!$K:$K,0)))/200,($F$13-$I$4+VLOOKUP($Q17,武学奇术!$A:$ZZ,13,FALSE)+SUM(_xlfn.XLOOKUP(R17:AF17,增益!$A:$A,增益!$M:$M,0)))/100)} -> 0 | BD17: {=$G$13+VLOOKUP($Q17,武学奇术!$A:$ZZ,14,FALSE)+SUM(_xlfn.XLOOKUP(R17:AF17,增益!$A:$A,增益!$N:$N,0))} -> 0.15 | BE17: =$D$14*(1+$AR17) -> 0 | BF17: =$E$14*(1+$AR17) -> 0 | BG17: {=IF($F$14-$I$4+VLOOKUP($Q17,武学奇术!$A:$ZZ,15,FALSE)+SUM(_xlfn.XLOOKUP(R17:AF17,增益!$A:$A,增益!$O:$O,0))>0,($F$14-$I$4+VLOOKUP($Q17,武学奇术!$A:$ZZ,15,FALSE)+SUM(_xlfn.XLOOKUP(R17:AF17,增益!$A:$A,增益!$O:$O,0)))/200,($F$14-$I$4+VLOOKUP($Q17,武学奇术!$A:$ZZ,15,FALSE)+SUM(_xlfn.XLOOKUP(R17:AF17,增益!$A:$A,增益!$O:$O,0)))/100)} -> -0.3 | BH17: {=$G$14+VLOOKUP($Q17,武学奇术!$A:$ZZ,16,FALSE)+SUM(_xlfn.XLOOKUP(R17:AF17,增益!$A:$A,增益!$P:$P,0))} -> 0 | BI17: =MIN(IF(VLOOKUP($Q17,武学奇术!$A:$ZZ,23,FALSE)=1,100%,$B$8),100%) -> 1 | BJ17: {=IF(VLOOKUP($Q17,武学奇术!$A:$ZZ,23,FALSE)=1,100%,MIN(80%,$B$9+VLOOKUP($Q17,武学奇术!$A:$ZZ,17,FALSE)+SUM(_xlfn.XLOOKUP(R17:AF17,增益!$A:$A,增益!$Q:$Q,0)))+$B$11+SUM(_xlfn.XLOOKUP(R17:AF17,增益!$A:$A,增益!$U:$U,0)))*IF(VLOOKUP($Q17,武学奇术!$A:$ZZ,24,FALSE)=1,0,1)} -> 0.8625 | BK17: {=1+$B$13+VLOOKUP($Q17,武学奇术!$A:$ZZ,18,FALSE)+SUM(_xlfn.XLOOKUP(R17:AF17,增益!$A:$A,增益!$R:$R,0))} -> 1.5 | BL17: {=IF(VLOOKUP($Q17,武学奇术!$A:$ZZ,24,FALSE)=1,100%,MIN(40%,$B$10+VLOOKUP($Q17,武学奇术!$A:$ZZ,19,FALSE)+SUM(_xlfn.XLOOKUP(R17:AF17,增益!$A:$A,增益!$S:$S,0)))+$B$12+SUM(_xlfn.XLOOKUP(R17:AF17,增益!$A:$A,增益!$V:$V,0)))*IF(VLOOKUP($Q17,武学奇术!$A:$ZZ,23,FALSE)=1,0,1)} -> 0.0913 | BM17: {=1+$B$14+VLOOKUP($Q17,武学奇术!$A:$ZZ,20,FALSE)+SUM(_xlfn.XLOOKUP(R17:AF17,增益!$A:$A,增益!$T:$T,0))} -> 1.35 | BN17: =MIN((1-BL17)*BI17,BI17*BJ17) -> 0.8625 | BO17: =1-BL17-BN17-BP17 -> 0.0462 | BP17: =IF(VLOOKUP($Q17,武学奇术!$A:$ZZ,22,FALSE)=1,0,(1-$BI17))*(1-$BL17) -> 0 | BQ17: {=SUM(_xlfn.XLOOKUP(R17:AF17,增益!$A:$A,增益!$W:$W,0))+$I$5} -> 0.06
A18: 扇增 | B18: 0 | C18: 虹 | D18: √ | K18: =($L18*$BN18+$M18*$BL18+$N18*$BO18+$O18*$BP18) -> 0 | L18: =((($AN18+$AO18)/2*$AH18+$AI18)*(1+$AP18)*(1+$AQ18)+(($AS18+$AT18)/2*IF($G$1="鸣金",$AJ18,$AH18)+IF($G$1="鸣金",$AK18*1.5,0))*(1+$AU18)*(1+$AV18)+(($AW18+$AX18)/2*IF($G$1="裂石",$AJ18,$AH18)+IF($G$1="裂石",$AK18*1.5,0))*(1+$AY18)*(1+$AZ18)+(($BA18+$BB18)/2*IF($G$1="牵丝",$AJ18,$AH18)+IF($G$1="牵丝",$AK18*1.5,0))*(1+$BC18)*(1+$BD18)+(($BE18+$BF18)/2*IF($G$1="破竹",$AJ18,$AH18)+IF($G$1="破竹",$AK18*1.5,0))*(1+$BG18)*(1+$BH18))*(1+$AL18)*$BK18*$P18*(1+IF(VLOOKUP($Q18,武学奇术!$A:$ZZ,30,FALSE)="蓄力技",#REF!,0))*(1+$BQ18) -> 0 | M18: =(($AO18*$AH18+$AI18)*(1+$AP18)*(1+$AQ18)+($AT18*IF($G$1="鸣金",$AJ18,$AH18)+IF($G$1="鸣金",$AK18*1.5,0))*(1+$AU18)*(1+$AV18)+($AX18*IF($G$1="裂石",$AJ18,$AH18)+IF($G$1="裂石",$AK18*1.5,0))*(1+$AY18)*(1+$AZ18)+($BB18*IF($G$1="牵丝",$AJ18,$AH18)+IF($G$1="牵丝",$AK18*1.5,0))*(1+$BC18)*(1+$BD18)+($BF18*IF($G$1="破竹",$AJ18,$AH18)+IF($G$1="破竹",$AK18*1.5,0))*(1+$BG18)*(1+$BH18))*(1+$AL18)*$BM18*$P18*(1+IF(VLOOKUP($Q18,武学奇术!$A:$ZZ,30,FALSE)="蓄力技",#REF!,0))*(1+$BQ18) -> 0 | N18: =((($AN18+$AO18)/2*$AH18+$AI18)*(1+$AP18)*(1+$AQ18)+(($AS18+$AT18)/2*IF($G$1="鸣金",$AJ18,$AH18)+IF($G$1="鸣金",$AK18*1.5,0))*(1+$AU18)*(1+$AV18)+(($AW18+$AX18)/2*IF($G$1="裂石",$AJ18,$AH18)+IF($G$1="裂石",$AK18*1.5,0))*(1+$AY18)*(1+$AZ18)+(($BA18+$BB18)/2*IF($G$1="牵丝",$AJ18,$AH18)+IF($G$1="牵丝",$AK18*1.5,0))*(1+$BC18)*(1+$BD18)+(($BE18+$BF18)/2*IF($G$1="破竹",$AJ18,$AH18)+IF($G$1="破竹",$AK18*1.5,0))*(1+$BG18)*(1+$BH18))*(1+$AL18)*$P18*(1+IF(VLOOKUP($Q18,武学奇术!$A:$ZZ,30,FALSE)="蓄力技",#REF!,0))*(1+$BQ18) -> 0 | O18: =((($AN18*$AH18+$AI18)*(1+$AP18)*(1+$AQ18)+($AS18*IF($G$1="鸣金",$AJ18,$AH18)+IF($G$1="鸣金",$AK18*1.5,0))*(1+$AU18)*(1+$AV18)+($AW18*IF($G$1="裂石",$AJ18,$AH18)+IF($G$1="裂石",$AK18*1.5,0))*(1+$AY18)*(1+$AZ18)+($BA18*IF($G$1="牵丝",$AJ18,$AH18)+IF($G$1="牵丝",$AK18*1.5,0))*(1+$BC18)*(1+$BD18)+($BE18*IF($G$1="破竹",$AJ18,$AH18)+IF($G$1="破竹",$AK18*1.5,0))*(1+$BG18)*(1+$BH18))*(1+$AL18))*$P18*(1+IF(VLOOKUP($Q18,武学奇术!$A:$ZZ,30,FALSE)="蓄力技",#REF!,0))*(1+$BQ18) -> 0 | P18: 1 | Q18: N/a | R18: N/a | S18: N/a | T18: N/a | U18: N/a | V18: N/a | W18: N/a | X18: N/a | Y18: N/a | Z18: N/a | AA18: N/a | AB18: N/a | AC18: N/a | AD18: N/a | AE18: N/a | AF18: N/a | AG18: =VLOOKUP($Q18,武学奇术!$A:$ZZ,25,FALSE) -> 心法 | AH18: =VLOOKUP($Q18,武学奇术!$A:$ZZ,26,FALSE) -> 0 | AI18: =VLOOKUP($Q18,武学奇术!$A:$ZZ,27,FALSE)*(1+IF(OR($AG18=$F$4,$AG18=$F$5),$B$21,0)) -> 0 | AJ18: =VLOOKUP($Q18,武学奇术!$A:$ZZ,28,FALSE) -> 0 | AK18: =VLOOKUP($Q18,武学奇术!$A:$ZZ,29,FALSE)*(1+IF(OR($AG18=$F$4,$AG18=$F$5),$B$21,0)) -> 0 | AL18: {=$G$3+IFERROR(VLOOKUP($AG18,$F$4:$G$7,2,FALSE),0)+VLOOKUP($Q18,武学奇术!$A:$ZZ,2,FALSE)+SUM(_xlfn.XLOOKUP($R18:$AF18,增益!$A:$A,增益!$B:$B,0))} -> 0.2642 | AM18: {=VLOOKUP($Q18,武学奇术!$A:$ZZ,5,FALSE)+SUM(_xlfn.XLOOKUP($R18:$AF18,增益!$A:$A,增益!$E:$E,0))} -> 0 | AN18: {=$D$10*(1+$AM18)+VLOOKUP($Q18,武学奇术!$A:$ZZ,3,FALSE)+SUM(_xlfn.XLOOKUP($R18:$AF18,增益!$A:$A,增益!$C:$C,0))-$I$2} -> 3977.2 | AO18: {=$E$10*(1+$AM18)+VLOOKUP($Q18,武学奇术!$A:$ZZ,4,FALSE)+SUM(_xlfn.XLOOKUP($R18:$AF18,增益!$A:$A,增益!$D:$D,0))-$I$2} -> 3977.2 | AP18: {=IF($F$10-$I$3+VLOOKUP($Q18,武学奇术!$A:$ZZ,6,FALSE)+SUM(_xlfn.XLOOKUP(R18:AF18,增益!$A:$A,增益!$F:$F,0))>0,($F$10-$I$3+VLOOKUP($Q18,武学奇术!$A:$ZZ,6,FALSE)+SUM(_xlfn.XLOOKUP(R18:AF18,增益!$A:$A,增益!$F:$F,0)))/200,($F$10-$I$3+VLOOKUP($Q18,武学奇术!$A:$ZZ,6,FALSE)+SUM(_xlfn.XLOOKUP(R18:AF18,增益!$A:$A,增益!$F:$F,0)))/100)} -> 0.294 | AQ18: {=$G$10+VLOOKUP($Q18,武学奇术!$A:$ZZ,7,FALSE)+SUM(_xlfn.XLOOKUP(R18:AF18,增益!$A:$A,增益!$G:$G,0))} -> 0 | AR18: {=VLOOKUP($Q18,武学奇术!$A:$ZZ,8,FALSE)+SUM(_xlfn.XLOOKUP(R18:AF18,增益!$A:$A,增益!$H:$H,0))} -> 0 | AS18: =$D$11*(1+$AR18) -> 0 | AT18: =$E$11*(1+$AR18) -> 0 | AU18: {=IF($F$11-$I$4+VLOOKUP($Q18,武学奇术!$A:$ZZ,9,FALSE)+SUM(_xlfn.XLOOKUP(R18:AF18,增益!$A:$A,增益!$I:$I,0))>0,($F$11-$I$4+VLOOKUP($Q18,武学奇术!$A:$ZZ,9,FALSE)+SUM(_xlfn.XLOOKUP(R18:AF18,增益!$A:$A,增益!$I:$I,0)))/200,($F$11-$I$4+VLOOKUP($Q18,武学奇术!$A:$ZZ,9,FALSE)+SUM(_xlfn.XLOOKUP(R18:AF18,增益!$A:$A,增益!$I:$I,0)))/100)} -> -0.3 | AV18: {=$G$11+VLOOKUP($Q18,武学奇术!$A:$ZZ,10,FALSE)+SUM(_xlfn.XLOOKUP(R18:AF18,增益!$A:$A,增益!$J:$J,0))} -> 0 | AW18: =$D$12*(1+$AR18) -> 0 | AX18: =$E$12*(1+$AR18) -> 0 | AY18: {=IF($F$12-$I$4+VLOOKUP($Q18,武学奇术!$A:$ZZ,11,FALSE)+SUM(_xlfn.XLOOKUP(R18:AF18,增益!$A:$A,增益!$K:$K,0))>0,($F$12-$I$4+VLOOKUP($Q18,武学奇术!$A:$ZZ,11,FALSE)+SUM(_xlfn.XLOOKUP(R18:AF18,增益!$A:$A,增益!$K:$K,0)))/200,($F$12-$I$4+VLOOKUP($Q18,武学奇术!$A:$ZZ,11,FALSE)+SUM(_xlfn.XLOOKUP(R18:AF18,增益!$A:$A,增益!$K:$K,0)))/100)} -> -0.3 | AZ18: {=$G$12+VLOOKUP($Q18,武学奇术!$A:$ZZ,12,FALSE)+SUM(_xlfn.XLOOKUP(R18:AF18,增益!$A:$A,增益!$L:$L,0))} -> 0 | BA18: =$D$13*(1+$AR18) -> 697.4 | BB18: =$E$13*(1+$AR18) -> 1805 | BC18: {=IF($F$13-$I$4+VLOOKUP($Q18,武学奇术!$A:$ZZ,13,FALSE)+SUM(_xlfn.XLOOKUP(R18:AF18,增益!$A:$A,增益!$M:$M,0))>0,($F$13-$I$4+VLOOKUP($Q18,武学奇术!$A:$ZZ,13,FALSE)+SUM(_xlfn.XLOOKUP(R18:AF18,增益!$A:$A,增益!$K:$K,0)))/200,($F$13-$I$4+VLOOKUP($Q18,武学奇术!$A:$ZZ,13,FALSE)+SUM(_xlfn.XLOOKUP(R18:AF18,增益!$A:$A,增益!$M:$M,0)))/100)} -> 0 | BD18: {=$G$13+VLOOKUP($Q18,武学奇术!$A:$ZZ,14,FALSE)+SUM(_xlfn.XLOOKUP(R18:AF18,增益!$A:$A,增益!$N:$N,0))} -> 0.15 | BE18: =$D$14*(1+$AR18) -> 0 | BF18: =$E$14*(1+$AR18) -> 0 | BG18: {=IF($F$14-$I$4+VLOOKUP($Q18,武学奇术!$A:$ZZ,15,FALSE)+SUM(_xlfn.XLOOKUP(R18:AF18,增益!$A:$A,增益!$O:$O,0))>0,($F$14-$I$4+VLOOKUP($Q18,武学奇术!$A:$ZZ,15,FALSE)+SUM(_xlfn.XLOOKUP(R18:AF18,增益!$A:$A,增益!$O:$O,0)))/200,($F$14-$I$4+VLOOKUP($Q18,武学奇术!$A:$ZZ,15,FALSE)+SUM(_xlfn.XLOOKUP(R18:AF18,增益!$A:$A,增益!$O:$O,0)))/100)} -> -0.3 | BH18: {=$G$14+VLOOKUP($Q18,武学奇术!$A:$ZZ,16,FALSE)+SUM(_xlfn.XLOOKUP(R18:AF18,增益!$A:$A,增益!$P:$P,0))} -> 0 | BI18: =MIN(IF(VLOOKUP($Q18,武学奇术!$A:$ZZ,23,FALSE)=1,100%,$B$8),100%) -> 1 | BJ18: {=IF(VLOOKUP($Q18,武学奇术!$A:$ZZ,23,FALSE)=1,100%,MIN(80%,$B$9+VLOOKUP($Q18,武学奇术!$A:$ZZ,17,FALSE)+SUM(_xlfn.XLOOKUP(R18:AF18,增益!$A:$A,增益!$Q:$Q,0)))+$B$11+SUM(_xlfn.XLOOKUP(R18:AF18,增益!$A:$A,增益!$U:$U,0)))*IF(VLOOKUP($Q18,武学奇术!$A:$ZZ,24,FALSE)=1,0,1)} -> 0.8625 | BK18: {=1+$B$13+VLOOKUP($Q18,武学奇术!$A:$ZZ,18,FALSE)+SUM(_xlfn.XLOOKUP(R18:AF18,增益!$A:$A,增益!$R:$R,0))} -> 1.5 | BL18: {=IF(VLOOKUP($Q18,武学奇术!$A:$ZZ,24,FALSE)=1,100%,MIN(40%,$B$10+VLOOKUP($Q18,武学奇术!$A:$ZZ,19,FALSE)+SUM(_xlfn.XLOOKUP(R18:AF18,增益!$A:$A,增益!$S:$S,0)))+$B$12+SUM(_xlfn.XLOOKUP(R18:AF18,增益!$A:$A,增益!$V:$V,0)))*IF(VLOOKUP($Q18,武学奇术!$A:$ZZ,23,FALSE)=1,0,1)} -> 0.0913 | BM18: {=1+$B$14+VLOOKUP($Q18,武学奇术!$A:$ZZ,20,FALSE)+SUM(_xlfn.XLOOKUP(R18:AF18,增益!$A:$A,增益!$T:$T,0))} -> 1.35 | BN18: =MIN((1-BL18)*BI18,BI18*BJ18) -> 0.8625 | BO18: =1-BL18-BN18-BP18 -> 0.0462 | BP18: =IF(VLOOKUP($Q18,武学奇术!$A:$ZZ,22,FALSE)=1,0,(1-$BI18))*(1-$BL18) -> 0 | BQ18: {=SUM(_xlfn.XLOOKUP(R18:AF18,增益!$A:$A,增益!$W:$W,0))+$I$5} -> 0.06
A19: 单体奇术增 | B19: 0.2677 | C19: 钧 | D19: √ | E19: 第三心法 | K19: =($L19*$BN19+$M19*$BL19+$N19*$BO19+$O19*$BP19) -> 0 | L19: =((($AN19+$AO19)/2*$AH19+$AI19)*(1+$AP19)*(1+$AQ19)+(($AS19+$AT19)/2*IF($G$1="鸣金",$AJ19,$AH19)+IF($G$1="鸣金",$AK19*1.5,0))*(1+$AU19)*(1+$AV19)+(($AW19+$AX19)/2*IF($G$1="裂石",$AJ19,$AH19)+IF($G$1="裂石",$AK19*1.5,0))*(1+$AY19)*(1+$AZ19)+(($BA19+$BB19)/2*IF($G$1="牵丝",$AJ19,$AH19)+IF($G$1="牵丝",$AK19*1.5,0))*(1+$BC19)*(1+$BD19)+(($BE19+$BF19)/2*IF($G$1="破竹",$AJ19,$AH19)+IF($G$1="破竹",$AK19*1.5,0))*(1+$BG19)*(1+$BH19))*(1+$AL19)*$BK19*$P19*(1+IF(VLOOKUP($Q19,武学奇术!$A:$ZZ,30,FALSE)="蓄力技",#REF!,0))*(1+$BQ19) -> 0 | M19: =(($AO19*$AH19+$AI19)*(1+$AP19)*(1+$AQ19)+($AT19*IF($G$1="鸣金",$AJ19,$AH19)+IF($G$1="鸣金",$AK19*1.5,0))*(1+$AU19)*(1+$AV19)+($AX19*IF($G$1="裂石",$AJ19,$AH19)+IF($G$1="裂石",$AK19*1.5,0))*(1+$AY19)*(1+$AZ19)+($BB19*IF($G$1="牵丝",$AJ19,$AH19)+IF($G$1="牵丝",$AK19*1.5,0))*(1+$BC19)*(1+$BD19)+($BF19*IF($G$1="破竹",$AJ19,$AH19)+IF($G$1="破竹",$AK19*1.5,0))*(1+$BG19)*(1+$BH19))*(1+$AL19)*$BM19*$P19*(1+IF(VLOOKUP($Q19,武学奇术!$A:$ZZ,30,FALSE)="蓄力技",#REF!,0))*(1+$BQ19) -> 0 | N19: =((($AN19+$AO19)/2*$AH19+$AI19)*(1+$AP19)*(1+$AQ19)+(($AS19+$AT19)/2*IF($G$1="鸣金",$AJ19,$AH19)+IF($G$1="鸣金",$AK19*1.5,0))*(1+$AU19)*(1+$AV19)+(($AW19+$AX19)/2*IF($G$1="裂石",$AJ19,$AH19)+IF($G$1="裂石",$AK19*1.5,0))*(1+$AY19)*(1+$AZ19)+(($BA19+$BB19)/2*IF($G$1="牵丝",$AJ19,$AH19)+IF($G$1="牵丝",$AK19*1.5,0))*(1+$BC19)*(1+$BD19)+(($BE19+$BF19)/2*IF($G$1="破竹",$AJ19,$AH19)+IF($G$1="破竹",$AK19*1.5,0))*(1+$BG19)*(1+$BH19))*(1+$AL19)*$P19*(1+IF(VLOOKUP($Q19,武学奇术!$A:$ZZ,30,FALSE)="蓄力技",#REF!,0))*(1+$BQ19) -> 0 | O19: =((($AN19*$AH19+$AI19)*(1+$AP19)*(1+$AQ19)+($AS19*IF($G$1="鸣金",$AJ19,$AH19)+IF($G$1="鸣金",$AK19*1.5,0))*(1+$AU19)*(1+$AV19)+($AW19*IF($G$1="裂石",$AJ19,$AH19)+IF($G$1="裂石",$AK19*1.5,0))*(1+$AY19)*(1+$AZ19)+($BA19*IF($G$1="牵丝",$AJ19,$AH19)+IF($G$1="牵丝",$AK19*1.5,0))*(1+$BC19)*(1+$BD19)+($BE19*IF($G$1="破竹",$AJ19,$AH19)+IF($G$1="破竹",$AK19*1.5,0))*(1+$BG19)*(1+$BH19))*(1+$AL19))*$P19*(1+IF(VLOOKUP($Q19,武学奇术!$A:$ZZ,30,FALSE)="蓄力技",#REF!,0))*(1+$BQ19) -> 0 | P19: 1 | Q19: N/a | R19: N/a | S19: N/a | T19: N/a | U19: N/a | V19: N/a | W19: N/a | X19: N/a | Y19: N/a | Z19: N/a | AA19: N/a | AB19: N/a | AC19: N/a | AD19: N/a | AE19: N/a | AF19: N/a | AG19: =VLOOKUP($Q19,武学奇术!$A:$ZZ,25,FALSE) -> 心法 | AH19: =VLOOKUP($Q19,武学奇术!$A:$ZZ,26,FALSE) -> 0 | AI19: =VLOOKUP($Q19,武学奇术!$A:$ZZ,27,FALSE)*(1+IF(OR($AG19=$F$4,$AG19=$F$5),$B$21,0)) -> 0 | AJ19: =VLOOKUP($Q19,武学奇术!$A:$ZZ,28,FALSE) -> 0 | AK19: =VLOOKUP($Q19,武学奇术!$A:$ZZ,29,FALSE)*(1+IF(OR($AG19=$F$4,$AG19=$F$5),$B$21,0)) -> 0 | AL19: {=$G$3+IFERROR(VLOOKUP($AG19,$F$4:$G$7,2,FALSE),0)+VLOOKUP($Q19,武学奇术!$A:$ZZ,2,FALSE)+SUM(_xlfn.XLOOKUP($R19:$AF19,增益!$A:$A,增益!$B:$B,0))} -> 0.2642 | AM19: {=VLOOKUP($Q19,武学奇术!$A:$ZZ,5,FALSE)+SUM(_xlfn.XLOOKUP($R19:$AF19,增益!$A:$A,增益!$E:$E,0))} -> 0 | AN19: {=$D$10*(1+$AM19)+VLOOKUP($Q19,武学奇术!$A:$ZZ,3,FALSE)+SUM(_xlfn.XLOOKUP($R19:$AF19,增益!$A:$A,增益!$C:$C,0))-$I$2} -> 3977.2 | AO19: {=$E$10*(1+$AM19)+VLOOKUP($Q19,武学奇术!$A:$ZZ,4,FALSE)+SUM(_xlfn.XLOOKUP($R19:$AF19,增益!$A:$A,增益!$D:$D,0))-$I$2} -> 3977.2 | AP19: {=IF($F$10-$I$3+VLOOKUP($Q19,武学奇术!$A:$ZZ,6,FALSE)+SUM(_xlfn.XLOOKUP(R19:AF19,增益!$A:$A,增益!$F:$F,0))>0,($F$10-$I$3+VLOOKUP($Q19,武学奇术!$A:$ZZ,6,FALSE)+SUM(_xlfn.XLOOKUP(R19:AF19,增益!$A:$A,增益!$F:$F,0)))/200,($F$10-$I$3+VLOOKUP($Q19,武学奇术!$A:$ZZ,6,FALSE)+SUM(_xlfn.XLOOKUP(R19:AF19,增益!$A:$A,增益!$F:$F,0)))/100)} -> 0.294 | AQ19: {=$G$10+VLOOKUP($Q19,武学奇术!$A:$ZZ,7,FALSE)+SUM(_xlfn.XLOOKUP(R19:AF19,增益!$A:$A,增益!$G:$G,0))} -> 0 | AR19: {=VLOOKUP($Q19,武学奇术!$A:$ZZ,8,FALSE)+SUM(_xlfn.XLOOKUP(R19:AF19,增益!$A:$A,增益!$H:$H,0))} -> 0 | AS19: =$D$11*(1+$AR19) -> 0 | AT19: =$E$11*(1+$AR19) -> 0 | AU19: {=IF($F$11-$I$4+VLOOKUP($Q19,武学奇术!$A:$ZZ,9,FALSE)+SUM(_xlfn.XLOOKUP(R19:AF19,增益!$A:$A,增益!$I:$I,0))>0,($F$11-$I$4+VLOOKUP($Q19,武学奇术!$A:$ZZ,9,FALSE)+SUM(_xlfn.XLOOKUP(R19:AF19,增益!$A:$A,增益!$I:$I,0)))/200,($F$11-$I$4+VLOOKUP($Q19,武学奇术!$A:$ZZ,9,FALSE)+SUM(_xlfn.XLOOKUP(R19:AF19,增益!$A:$A,增益!$I:$I,0)))/100)} -> -0.3 | AV19: {=$G$11+VLOOKUP($Q19,武学奇术!$A:$ZZ,10,FALSE)+SUM(_xlfn.XLOOKUP(R19:AF19,增益!$A:$A,增益!$J:$J,0))} -> 0 | AW19: =$D$12*(1+$AR19) -> 0 | AX19: =$E$12*(1+$AR19) -> 0 | AY19: {=IF($F$12-$I$4+VLOOKUP($Q19,武学奇术!$A:$ZZ,11,FALSE)+SUM(_xlfn.XLOOKUP(R19:AF19,增益!$A:$A,增益!$K:$K,0))>0,($F$12-$I$4+VLOOKUP($Q19,武学奇术!$A:$ZZ,11,FALSE)+SUM(_xlfn.XLOOKUP(R19:AF19,增益!$A:$A,增益!$K:$K,0)))/200,($F$12-$I$4+VLOOKUP($Q19,武学奇术!$A:$ZZ,11,FALSE)+SUM(_xlfn.XLOOKUP(R19:AF19,增益!$A:$A,增益!$K:$K,0)))/100)} -> -0.3 | AZ19: {=$G$12+VLOOKUP($Q19,武学奇术!$A:$ZZ,12,FALSE)+SUM(_xlfn.XLOOKUP(R19:AF19,增益!$A:$A,增益!$L:$L,0))} -> 0 | BA19: =$D$13*(1+$AR19) -> 697.4 | BB19: =$E$13*(1+$AR19) -> 1805 | BC19: {=IF($F$13-$I$4+VLOOKUP($Q19,武学奇术!$A:$ZZ,13,FALSE)+SUM(_xlfn.XLOOKUP(R19:AF19,增益!$A:$A,增益!$M:$M,0))>0,($F$13-$I$4+VLOOKUP($Q19,武学奇术!$A:$ZZ,13,FALSE)+SUM(_xlfn.XLOOKUP(R19:AF19,增益!$A:$A,增益!$K:$K,0)))/200,($F$13-$I$4+VLOOKUP($Q19,武学奇术!$A:$ZZ,13,FALSE)+SUM(_xlfn.XLOOKUP(R19:AF19,增益!$A:$A,增益!$M:$M,0)))/100)} -> 0 | BD19: {=$G$13+VLOOKUP($Q19,武学奇术!$A:$ZZ,14,FALSE)+SUM(_xlfn.XLOOKUP(R19:AF19,增益!$A:$A,增益!$N:$N,0))} -> 0.15 | BE19: =$D$14*(1+$AR19) -> 0 | BF19: =$E$14*(1+$AR19) -> 0 | BG19: {=IF($F$14-$I$4+VLOOKUP($Q19,武学奇术!$A:$ZZ,15,FALSE)+SUM(_xlfn.XLOOKUP(R19:AF19,增益!$A:$A,增益!$O:$O,0))>0,($F$14-$I$4+VLOOKUP($Q19,武学奇术!$A:$ZZ,15,FALSE)+SUM(_xlfn.XLOOKUP(R19:AF19,增益!$A:$A,增益!$O:$O,0)))/200,($F$14-$I$4+VLOOKUP($Q19,武学奇术!$A:$ZZ,15,FALSE)+SUM(_xlfn.XLOOKUP(R19:AF19,增益!$A:$A,增益!$O:$O,0)))/100)} -> -0.3 | BH19: {=$G$14+VLOOKUP($Q19,武学奇术!$A:$ZZ,16,FALSE)+SUM(_xlfn.XLOOKUP(R19:AF19,增益!$A:$A,增益!$P:$P,0))} -> 0 | BI19: =MIN(IF(VLOOKUP($Q19,武学奇术!$A:$ZZ,23,FALSE)=1,100%,$B$8),100%) -> 1 | BJ19: {=IF(VLOOKUP($Q19,武学奇术!$A:$ZZ,23,FALSE)=1,100%,MIN(80%,$B$9+VLOOKUP($Q19,武学奇术!$A:$ZZ,17,FALSE)+SUM(_xlfn.XLOOKUP(R19:AF19,增益!$A:$A,增益!$Q:$Q,0)))+$B$11+SUM(_xlfn.XLOOKUP(R19:AF19,增益!$A:$A,增益!$U:$U,0)))*IF(VLOOKUP($Q19,武学奇术!$A:$ZZ,24,FALSE)=1,0,1)} -> 0.8625 | BK19: {=1+$B$13+VLOOKUP($Q19,武学奇术!$A:$ZZ,18,FALSE)+SUM(_xlfn.XLOOKUP(R19:AF19,增益!$A:$A,增益!$R:$R,0))} -> 1.5 | BL19: {=IF(VLOOKUP($Q19,武学奇术!$A:$ZZ,24,FALSE)=1,100%,MIN(40%,$B$10+VLOOKUP($Q19,武学奇术!$A:$ZZ,19,FALSE)+SUM(_xlfn.XLOOKUP(R19:AF19,增益!$A:$A,增益!$S:$S,0)))+$B$12+SUM(_xlfn.XLOOKUP(R19:AF19,增益!$A:$A,增益!$V:$V,0)))*IF(VLOOKUP($Q19,武学奇术!$A:$ZZ,23,FALSE)=1,0,1)} -> 0.0913 | BM19: {=1+$B$14+VLOOKUP($Q19,武学奇术!$A:$ZZ,20,FALSE)+SUM(_xlfn.XLOOKUP(R19:AF19,增益!$A:$A,增益!$T:$T,0))} -> 1.35 | BN19: =MIN((1-BL19)*BI19,BI19*BJ19) -> 0.8625 | BO19: =1-BL19-BN19-BP19 -> 0.0462 | BP19: =IF(VLOOKUP($Q19,武学奇术!$A:$ZZ,22,FALSE)=1,0,(1-$BI19))*(1-$BL19) -> 0 | BQ19: {=SUM(_xlfn.XLOOKUP(R19:AF19,增益!$A:$A,增益!$W:$W,0))+$I$5} -> 0.06
C20: 影 | D20: √ | E20: 易水歌 | K20: =($L20*$BN20+$M20*$BL20+$N20*$BO20+$O20*$BP20) -> 0 | L20: =((($AN20+$AO20)/2*$AH20+$AI20)*(1+$AP20)*(1+$AQ20)+(($AS20+$AT20)/2*IF($G$1="鸣金",$AJ20,$AH20)+IF($G$1="鸣金",$AK20*1.5,0))*(1+$AU20)*(1+$AV20)+(($AW20+$AX20)/2*IF($G$1="裂石",$AJ20,$AH20)+IF($G$1="裂石",$AK20*1.5,0))*(1+$AY20)*(1+$AZ20)+(($BA20+$BB20)/2*IF($G$1="牵丝",$AJ20,$AH20)+IF($G$1="牵丝",$AK20*1.5,0))*(1+$BC20)*(1+$BD20)+(($BE20+$BF20)/2*IF($G$1="破竹",$AJ20,$AH20)+IF($G$1="破竹",$AK20*1.5,0))*(1+$BG20)*(1+$BH20))*(1+$AL20)*$BK20*$P20*(1+IF(VLOOKUP($Q20,武学奇术!$A:$ZZ,30,FALSE)="蓄力技",#REF!,0))*(1+$BQ20) -> 0 | M20: =(($AO20*$AH20+$AI20)*(1+$AP20)*(1+$AQ20)+($AT20*IF($G$1="鸣金",$AJ20,$AH20)+IF($G$1="鸣金",$AK20*1.5,0))*(1+$AU20)*(1+$AV20)+($AX20*IF($G$1="裂石",$AJ20,$AH20)+IF($G$1="裂石",$AK20*1.5,0))*(1+$AY20)*(1+$AZ20)+($BB20*IF($G$1="牵丝",$AJ20,$AH20)+IF($G$1="牵丝",$AK20*1.5,0))*(1+$BC20)*(1+$BD20)+($BF20*IF($G$1="破竹",$AJ20,$AH20)+IF($G$1="破竹",$AK20*1.5,0))*(1+$BG20)*(1+$BH20))*(1+$AL20)*$BM20*$P20*(1+IF(VLOOKUP($Q20,武学奇术!$A:$ZZ,30,FALSE)="蓄力技",#REF!,0))*(1+$BQ20) -> 0 | N20: =((($AN20+$AO20)/2*$AH20+$AI20)*(1+$AP20)*(1+$AQ20)+(($AS20+$AT20)/2*IF($G$1="鸣金",$AJ20,$AH20)+IF($G$1="鸣金",$AK20*1.5,0))*(1+$AU20)*(1+$AV20)+(($AW20+$AX20)/2*IF($G$1="裂石",$AJ20,$AH20)+IF($G$1="裂石",$AK20*1.5,0))*(1+$AY20)*(1+$AZ20)+(($BA20+$BB20)/2*IF($G$1="牵丝",$AJ20,$AH20)+IF($G$1="牵丝",$AK20*1.5,0))*(1+$BC20)*(1+$BD20)+(($BE20+$BF20)/2*IF($G$1="破竹",$AJ20,$AH20)+IF($G$1="破竹",$AK20*1.5,0))*(1+$BG20)*(1+$BH20))*(1+$AL20)*$P20*(1+IF(VLOOKUP($Q20,武学奇术!$A:$ZZ,30,FALSE)="蓄力技",#REF!,0))*(1+$BQ20) -> 0 | O20: =((($AN20*$AH20+$AI20)*(1+$AP20)*(1+$AQ20)+($AS20*IF($G$1="鸣金",$AJ20,$AH20)+IF($G$1="鸣金",$AK20*1.5,0))*(1+$AU20)*(1+$AV20)+($AW20*IF($G$1="裂石",$AJ20,$AH20)+IF($G$1="裂石",$AK20*1.5,0))*(1+$AY20)*(1+$AZ20)+($BA20*IF($G$1="牵丝",$AJ20,$AH20)+IF($G$1="牵丝",$AK20*1.5,0))*(1+$BC20)*(1+$BD20)+($BE20*IF($G$1="破竹",$AJ20,$AH20)+IF($G$1="破竹",$AK20*1.5,0))*(1+$BG20)*(1+$BH20))*(1+$AL20))*$P20*(1+IF(VLOOKUP($Q20,武学奇术!$A:$ZZ,30,FALSE)="蓄力技",#REF!,0))*(1+$BQ20) -> 0 | P20: 1 | Q20: N/a | R20: N/a | S20: N/a | T20: N/a | U20: N/a | V20: N/a | W20: N/a | X20: N/a | Y20: N/a | Z20: N/a | AA20: N/a | AB20: N/a | AC20: N/a | AD20: N/a | AE20: N/a | AF20: N/a | AG20: =VLOOKUP($Q20,武学奇术!$A:$ZZ,25,FALSE) -> 心法 | AH20: =VLOOKUP($Q20,武学奇术!$A:$ZZ,26,FALSE) -> 0 | AI20: =VLOOKUP($Q20,武学奇术!$A:$ZZ,27,FALSE)*(1+IF(OR($AG20=$F$4,$AG20=$F$5),$B$21,0)) -> 0 | AJ20: =VLOOKUP($Q20,武学奇术!$A:$ZZ,28,FALSE) -> 0 | AK20: =VLOOKUP($Q20,武学奇术!$A:$ZZ,29,FALSE)*(1+IF(OR($AG20=$F$4,$AG20=$F$5),$B$21,0)) -> 0 | AL20: {=$G$3+IFERROR(VLOOKUP($AG20,$F$4:$G$7,2,FALSE),0)+VLOOKUP($Q20,武学奇术!$A:$ZZ,2,FALSE)+SUM(_xlfn.XLOOKUP($R20:$AF20,增益!$A:$A,增益!$B:$B,0))} -> 0.2642 | AM20: {=VLOOKUP($Q20,武学奇术!$A:$ZZ,5,FALSE)+SUM(_xlfn.XLOOKUP($R20:$AF20,增益!$A:$A,增益!$E:$E,0))} -> 0 | AN20: {=$D$10*(1+$AM20)+VLOOKUP($Q20,武学奇术!$A:$ZZ,3,FALSE)+SUM(_xlfn.XLOOKUP($R20:$AF20,增益!$A:$A,增益!$C:$C,0))-$I$2} -> 3977.2 | AO20: {=$E$10*(1+$AM20)+VLOOKUP($Q20,武学奇术!$A:$ZZ,4,FALSE)+SUM(_xlfn.XLOOKUP($R20:$AF20,增益!$A:$A,增益!$D:$D,0))-$I$2} -> 3977.2 | AP20: {=IF($F$10-$I$3+VLOOKUP($Q20,武学奇术!$A:$ZZ,6,FALSE)+SUM(_xlfn.XLOOKUP(R20:AF20,增益!$A:$A,增益!$F:$F,0))>0,($F$10-$I$3+VLOOKUP($Q20,武学奇术!$A:$ZZ,6,FALSE)+SUM(_xlfn.XLOOKUP(R20:AF20,增益!$A:$A,增益!$F:$F,0)))/200,($F$10-$I$3+VLOOKUP($Q20,武学奇术!$A:$ZZ,6,FALSE)+SUM(_xlfn.XLOOKUP(R20:AF20,增益!$A:$A,增益!$F:$F,0)))/100)} -> 0.294 | AQ20: {=$G$10+VLOOKUP($Q20,武学奇术!$A:$ZZ,7,FALSE)+SUM(_xlfn.XLOOKUP(R20:AF20,增益!$A:$A,增益!$G:$G,0))} -> 0 | AR20: {=VLOOKUP($Q20,武学奇术!$A:$ZZ,8,FALSE)+SUM(_xlfn.XLOOKUP(R20:AF20,增益!$A:$A,增益!$H:$H,0))} -> 0 | AS20: =$D$11*(1+$AR20) -> 0 | AT20: =$E$11*(1+$AR20) -> 0 | AU20: {=IF($F$11-$I$4+VLOOKUP($Q20,武学奇术!$A:$ZZ,9,FALSE)+SUM(_xlfn.XLOOKUP(R20:AF20,增益!$A:$A,增益!$I:$I,0))>0,($F$11-$I$4+VLOOKUP($Q20,武学奇术!$A:$ZZ,9,FALSE)+SUM(_xlfn.XLOOKUP(R20:AF20,增益!$A:$A,增益!$I:$I,0)))/200,($F$11-$I$4+VLOOKUP($Q20,武学奇术!$A:$ZZ,9,FALSE)+SUM(_xlfn.XLOOKUP(R20:AF20,增益!$A:$A,增益!$I:$I,0)))/100)} -> -0.3 | AV20: {=$G$11+VLOOKUP($Q20,武学奇术!$A:$ZZ,10,FALSE)+SUM(_xlfn.XLOOKUP(R20:AF20,增益!$A:$A,增益!$J:$J,0))} -> 0 | AW20: =$D$12*(1+$AR20) -> 0 | AX20: =$E$12*(1+$AR20) -> 0 | AY20: {=IF($F$12-$I$4+VLOOKUP($Q20,武学奇术!$A:$ZZ,11,FALSE)+SUM(_xlfn.XLOOKUP(R20:AF20,增益!$A:$A,增益!$K:$K,0))>0,($F$12-$I$4+VLOOKUP($Q20,武学奇术!$A:$ZZ,11,FALSE)+SUM(_xlfn.XLOOKUP(R20:AF20,增益!$A:$A,增益!$K:$K,0)))/200,($F$12-$I$4+VLOOKUP($Q20,武学奇术!$A:$ZZ,11,FALSE)+SUM(_xlfn.XLOOKUP(R20:AF20,增益!$A:$A,增益!$K:$K,0)))/100)} -> -0.3 | AZ20: {=$G$12+VLOOKUP($Q20,武学奇术!$A:$ZZ,12,FALSE)+SUM(_xlfn.XLOOKUP(R20:AF20,增益!$A:$A,增益!$L:$L,0))} -> 0 | BA20: =$D$13*(1+$AR20) -> 697.4 | BB20: =$E$13*(1+$AR20) -> 1805 | BC20: {=IF($F$13-$I$4+VLOOKUP($Q20,武学奇术!$A:$ZZ,13,FALSE)+SUM(_xlfn.XLOOKUP(R20:AF20,增益!$A:$A,增益!$M:$M,0))>0,($F$13-$I$4+VLOOKUP($Q20,武学奇术!$A:$ZZ,13,FALSE)+SUM(_xlfn.XLOOKUP(R20:AF20,增益!$A:$A,增益!$K:$K,0)))/200,($F$13-$I$4+VLOOKUP($Q20,武学奇术!$A:$ZZ,13,FALSE)+SUM(_xlfn.XLOOKUP(R20:AF20,增益!$A:$A,增益!$M:$M,0)))/100)} -> 0 | BD20: {=$G$13+VLOOKUP($Q20,武学奇术!$A:$ZZ,14,FALSE)+SUM(_xlfn.XLOOKUP(R20:AF20,增益!$A:$A,增益!$N:$N,0))} -> 0.15 | BE20: =$D$14*(1+$AR20) -> 0 | BF20: =$E$14*(1+$AR20) -> 0 | BG20: {=IF($F$14-$I$4+VLOOKUP($Q20,武学奇术!$A:$ZZ,15,FALSE)+SUM(_xlfn.XLOOKUP(R20:AF20,增益!$A:$A,增益!$O:$O,0))>0,($F$14-$I$4+VLOOKUP($Q20,武学奇术!$A:$ZZ,15,FALSE)+SUM(_xlfn.XLOOKUP(R20:AF20,增益!$A:$A,增益!$O:$O,0)))/200,($F$14-$I$4+VLOOKUP($Q20,武学奇术!$A:$ZZ,15,FALSE)+SUM(_xlfn.XLOOKUP(R20:AF20,增益!$A:$A,增益!$O:$O,0)))/100)} -> -0.3 | BH20: {=$G$14+VLOOKUP($Q20,武学奇术!$A:$ZZ,16,FALSE)+SUM(_xlfn.XLOOKUP(R20:AF20,增益!$A:$A,增益!$P:$P,0))} -> 0 | BI20: =MIN(IF(VLOOKUP($Q20,武学奇术!$A:$ZZ,23,FALSE)=1,100%,$B$8),100%) -> 1 | BJ20: {=IF(VLOOKUP($Q20,武学奇术!$A:$ZZ,23,FALSE)=1,100%,MIN(80%,$B$9+VLOOKUP($Q20,武学奇术!$A:$ZZ,17,FALSE)+SUM(_xlfn.XLOOKUP(R20:AF20,增益!$A:$A,增益!$Q:$Q,0)))+$B$11+SUM(_xlfn.XLOOKUP(R20:AF20,增益!$A:$A,增益!$U:$U,0)))*IF(VLOOKUP($Q20,武学奇术!$A:$ZZ,24,FALSE)=1,0,1)} -> 0.8625 | BK20: {=1+$B$13+VLOOKUP($Q20,武学奇术!$A:$ZZ,18,FALSE)+SUM(_xlfn.XLOOKUP(R20:AF20,增益!$A:$A,增益!$R:$R,0))} -> 1.5 | BL20: {=IF(VLOOKUP($Q20,武学奇术!$A:$ZZ,24,FALSE)=1,100%,MIN(40%,$B$10+VLOOKUP($Q20,武学奇术!$A:$ZZ,19,FALSE)+SUM(_xlfn.XLOOKUP(R20:AF20,增益!$A:$A,增益!$S:$S,0)))+$B$12+SUM(_xlfn.XLOOKUP(R20:AF20,增益!$A:$A,增益!$V:$V,0)))*IF(VLOOKUP($Q20,武学奇术!$A:$ZZ,23,FALSE)=1,0,1)} -> 0.0913 | BM20: {=1+$B$14+VLOOKUP($Q20,武学奇术!$A:$ZZ,20,FALSE)+SUM(_xlfn.XLOOKUP(R20:AF20,增益!$A:$A,增益!$T:$T,0))} -> 1.35 | BN20: =MIN((1-BL20)*BI20,BI20*BJ20) -> 0.8625 | BO20: =1-BL20-BN20-BP20 -> 0.0462 | BP20: =IF(VLOOKUP($Q20,武学奇术!$A:$ZZ,22,FALSE)=1,0,(1-$BI20))*(1-$BL20) -> 0 | BQ20: {=SUM(_xlfn.XLOOKUP(R20:AF20,增益!$A:$A,增益!$W:$W,0))+$I$5} -> 0.06
A21: 固伤加成 | B21: 0.6 | C21: 翊 | D21: √ | E21: 第四心法 | K21: =($L21*$BN21+$M21*$BL21+$N21*$BO21+$O21*$BP21) -> 0 | L21: =((($AN21+$AO21)/2*$AH21+$AI21)*(1+$AP21)*(1+$AQ21)+(($AS21+$AT21)/2*IF($G$1="鸣金",$AJ21,$AH21)+IF($G$1="鸣金",$AK21*1.5,0))*(1+$AU21)*(1+$AV21)+(($AW21+$AX21)/2*IF($G$1="裂石",$AJ21,$AH21)+IF($G$1="裂石",$AK21*1.5,0))*(1+$AY21)*(1+$AZ21)+(($BA21+$BB21)/2*IF($G$1="牵丝",$AJ21,$AH21)+IF($G$1="牵丝",$AK21*1.5,0))*(1+$BC21)*(1+$BD21)+(($BE21+$BF21)/2*IF($G$1="破竹",$AJ21,$AH21)+IF($G$1="破竹",$AK21*1.5,0))*(1+$BG21)*(1+$BH21))*(1+$AL21)*$BK21*$P21*(1+IF(VLOOKUP($Q21,武学奇术!$A:$ZZ,30,FALSE)="蓄力技",#REF!,0))*(1+$BQ21) -> 0 | M21: =(($AO21*$AH21+$AI21)*(1+$AP21)*(1+$AQ21)+($AT21*IF($G$1="鸣金",$AJ21,$AH21)+IF($G$1="鸣金",$AK21*1.5,0))*(1+$AU21)*(1+$AV21)+($AX21*IF($G$1="裂石",$AJ21,$AH21)+IF($G$1="裂石",$AK21*1.5,0))*(1+$AY21)*(1+$AZ21)+($BB21*IF($G$1="牵丝",$AJ21,$AH21)+IF($G$1="牵丝",$AK21*1.5,0))*(1+$BC21)*(1+$BD21)+($BF21*IF($G$1="破竹",$AJ21,$AH21)+IF($G$1="破竹",$AK21*1.5,0))*(1+$BG21)*(1+$BH21))*(1+$AL21)*$BM21*$P21*(1+IF(VLOOKUP($Q21,武学奇术!$A:$ZZ,30,FALSE)="蓄力技",#REF!,0))*(1+$BQ21) -> 0 | N21: =((($AN21+$AO21)/2*$AH21+$AI21)*(1+$AP21)*(1+$AQ21)+(($AS21+$AT21)/2*IF($G$1="鸣金",$AJ21,$AH21)+IF($G$1="鸣金",$AK21*1.5,0))*(1+$AU21)*(1+$AV21)+(($AW21+$AX21)/2*IF($G$1="裂石",$AJ21,$AH21)+IF($G$1="裂石",$AK21*1.5,0))*(1+$AY21)*(1+$AZ21)+(($BA21+$BB21)/2*IF($G$1="牵丝",$AJ21,$AH21)+IF($G$1="牵丝",$AK21*1.5,0))*(1+$BC21)*(1+$BD21)+(($BE21+$BF21)/2*IF($G$1="破竹",$AJ21,$AH21)+IF($G$1="破竹",$AK21*1.5,0))*(1+$BG21)*(1+$BH21))*(1+$AL21)*$P21*(1+IF(VLOOKUP($Q21,武学奇术!$A:$ZZ,30,FALSE)="蓄力技",#REF!,0))*(1+$BQ21) -> 0 | O21: =((($AN21*$AH21+$AI21)*(1+$AP21)*(1+$AQ21)+($AS21*IF($G$1="鸣金",$AJ21,$AH21)+IF($G$1="鸣金",$AK21*1.5,0))*(1+$AU21)*(1+$AV21)+($AW21*IF($G$1="裂石",$AJ21,$AH21)+IF($G$1="裂石",$AK21*1.5,0))*(1+$AY21)*(1+$AZ21)+($BA21*IF($G$1="牵丝",$AJ21,$AH21)+IF($G$1="牵丝",$AK21*1.5,0))*(1+$BC21)*(1+$BD21)+($BE21*IF($G$1="破竹",$AJ21,$AH21)+IF($G$1="破竹",$AK21*1.5,0))*(1+$BG21)*(1+$BH21))*(1+$AL21))*$P21*(1+IF(VLOOKUP($Q21,武学奇术!$A:$ZZ,30,FALSE)="蓄力技",#REF!,0))*(1+$BQ21) -> 0 | P21: 1 | Q21: N/a | R21: N/a | S21: N/a | T21: N/a | U21: N/a | V21: N/a | W21: N/a | X21: N/a | Y21: N/a | Z21: N/a | AA21: N/a | AB21: N/a | AC21: N/a | AD21: N/a | AE21: N/a | AF21: N/a | AG21: =VLOOKUP($Q21,武学奇术!$A:$ZZ,25,FALSE) -> 心法 | AH21: =VLOOKUP($Q21,武学奇术!$A:$ZZ,26,FALSE) -> 0 | AI21: =VLOOKUP($Q21,武学奇术!$A:$ZZ,27,FALSE)*(1+IF(OR($AG21=$F$4,$AG21=$F$5),$B$21,0)) -> 0 | AJ21: =VLOOKUP($Q21,武学奇术!$A:$ZZ,28,FALSE) -> 0 | AK21: =VLOOKUP($Q21,武学奇术!$A:$ZZ,29,FALSE)*(1+IF(OR($AG21=$F$4,$AG21=$F$5),$B$21,0)) -> 0 | AL21: {=$G$3+IFERROR(VLOOKUP($AG21,$F$4:$G$7,2,FALSE),0)+VLOOKUP($Q21,武学奇术!$A:$ZZ,2,FALSE)+SUM(_xlfn.XLOOKUP($R21:$AF21,增益!$A:$A,增益!$B:$B,0))} -> 0.2642 | AM21: {=VLOOKUP($Q21,武学奇术!$A:$ZZ,5,FALSE)+SUM(_xlfn.XLOOKUP($R21:$AF21,增益!$A:$A,增益!$E:$E,0))} -> 0 | AN21: {=$D$10*(1+$AM21)+VLOOKUP($Q21,武学奇术!$A:$ZZ,3,FALSE)+SUM(_xlfn.XLOOKUP($R21:$AF21,增益!$A:$A,增益!$C:$C,0))-$I$2} -> 3977.2 | AO21: {=$E$10*(1+$AM21)+VLOOKUP($Q21,武学奇术!$A:$ZZ,4,FALSE)+SUM(_xlfn.XLOOKUP($R21:$AF21,增益!$A:$A,增益!$D:$D,0))-$I$2} -> 3977.2 | AP21: {=IF($F$10-$I$3+VLOOKUP($Q21,武学奇术!$A:$ZZ,6,FALSE)+SUM(_xlfn.XLOOKUP(R21:AF21,增益!$A:$A,增益!$F:$F,0))>0,($F$10-$I$3+VLOOKUP($Q21,武学奇术!$A:$ZZ,6,FALSE)+SUM(_xlfn.XLOOKUP(R21:AF21,增益!$A:$A,增益!$F:$F,0)))/200,($F$10-$I$3+VLOOKUP($Q21,武学奇术!$A:$ZZ,6,FALSE)+SUM(_xlfn.XLOOKUP(R21:AF21,增益!$A:$A,增益!$F:$F,0)))/100)} -> 0.294 | AQ21: {=$G$10+VLOOKUP($Q21,武学奇术!$A:$ZZ,7,FALSE)+SUM(_xlfn.XLOOKUP(R21:AF21,增益!$A:$A,增益!$G:$G,0))} -> 0 | AR21: {=VLOOKUP($Q21,武学奇术!$A:$ZZ,8,FALSE)+SUM(_xlfn.XLOOKUP(R21:AF21,增益!$A:$A,增益!$H:$H,0))} -> 0 | AS21: =$D$11*(1+$AR21) -> 0 | AT21: =$E$11*(1+$AR21) -> 0 | AU21: {=IF($F$11-$I$4+VLOOKUP($Q21,武学奇术!$A:$ZZ,9,FALSE)+SUM(_xlfn.XLOOKUP(R21:AF21,增益!$A:$A,增益!$I:$I,0))>0,($F$11-$I$4+VLOOKUP($Q21,武学奇术!$A:$ZZ,9,FALSE)+SUM(_xlfn.XLOOKUP(R21:AF21,增益!$A:$A,增益!$I:$I,0)))/200,($F$11-$I$4+VLOOKUP($Q21,武学奇术!$A:$ZZ,9,FALSE)+SUM(_xlfn.XLOOKUP(R21:AF21,增益!$A:$A,增益!$I:$I,0)))/100)} -> -0.3 | AV21: {=$G$11+VLOOKUP($Q21,武学奇术!$A:$ZZ,10,FALSE)+SUM(_xlfn.XLOOKUP(R21:AF21,增益!$A:$A,增益!$J:$J,0))} -> 0 | AW21: =$D$12*(1+$AR21) -> 0 | AX21: =$E$12*(1+$AR21) -> 0 | AY21: {=IF($F$12-$I$4+VLOOKUP($Q21,武学奇术!$A:$ZZ,11,FALSE)+SUM(_xlfn.XLOOKUP(R21:AF21,增益!$A:$A,增益!$K:$K,0))>0,($F$12-$I$4+VLOOKUP($Q21,武学奇术!$A:$ZZ,11,FALSE)+SUM(_xlfn.XLOOKUP(R21:AF21,增益!$A:$A,增益!$K:$K,0)))/200,($F$12-$I$4+VLOOKUP($Q21,武学奇术!$A:$ZZ,11,FALSE)+SUM(_xlfn.XLOOKUP(R21:AF21,增益!$A:$A,增益!$K:$K,0)))/100)} -> -0.3 | AZ21: {=$G$12+VLOOKUP($Q21,武学奇术!$A:$ZZ,12,FALSE)+SUM(_xlfn.XLOOKUP(R21:AF21,增益!$A:$A,增益!$L:$L,0))} -> 0 | BA21: =$D$13*(1+$AR21) -> 697.4 | BB21: =$E$13*(1+$AR21) -> 1805 | BC21: {=IF($F$13-$I$4+VLOOKUP($Q21,武学奇术!$A:$ZZ,13,FALSE)+SUM(_xlfn.XLOOKUP(R21:AF21,增益!$A:$A,增益!$M:$M,0))>0,($F$13-$I$4+VLOOKUP($Q21,武学奇术!$A:$ZZ,13,FALSE)+SUM(_xlfn.XLOOKUP(R21:AF21,增益!$A:$A,增益!$K:$K,0)))/200,($F$13-$I$4+VLOOKUP($Q21,武学奇术!$A:$ZZ,13,FALSE)+SUM(_xlfn.XLOOKUP(R21:AF21,增益!$A:$A,增益!$M:$M,0)))/100)} -> 0 | BD21: {=$G$13+VLOOKUP($Q21,武学奇术!$A:$ZZ,14,FALSE)+SUM(_xlfn.XLOOKUP(R21:AF21,增益!$A:$A,增益!$N:$N,0))} -> 0.15 | BE21: =$D$14*(1+$AR21) -> 0 | BF21: =$E$14*(1+$AR21) -> 0 | BG21: {=IF($F$14-$I$4+VLOOKUP($Q21,武学奇术!$A:$ZZ,15,FALSE)+SUM(_xlfn.XLOOKUP(R21:AF21,增益!$A:$A,增益!$O:$O,0))>0,($F$14-$I$4+VLOOKUP($Q21,武学奇术!$A:$ZZ,15,FALSE)+SUM(_xlfn.XLOOKUP(R21:AF21,增益!$A:$A,增益!$O:$O,0)))/200,($F$14-$I$4+VLOOKUP($Q21,武学奇术!$A:$ZZ,15,FALSE)+SUM(_xlfn.XLOOKUP(R21:AF21,增益!$A:$A,增益!$O:$O,0)))/100)} -> -0.3 | BH21: {=$G$14+VLOOKUP($Q21,武学奇术!$A:$ZZ,16,FALSE)+SUM(_xlfn.XLOOKUP(R21:AF21,增益!$A:$A,增益!$P:$P,0))} -> 0 | BI21: =MIN(IF(VLOOKUP($Q21,武学奇术!$A:$ZZ,23,FALSE)=1,100%,$B$8),100%) -> 1 | BJ21: {=IF(VLOOKUP($Q21,武学奇术!$A:$ZZ,23,FALSE)=1,100%,MIN(80%,$B$9+VLOOKUP($Q21,武学奇术!$A:$ZZ,17,FALSE)+SUM(_xlfn.XLOOKUP(R21:AF21,增益!$A:$A,增益!$Q:$Q,0)))+$B$11+SUM(_xlfn.XLOOKUP(R21:AF21,增益!$A:$A,增益!$U:$U,0)))*IF(VLOOKUP($Q21,武学奇术!$A:$ZZ,24,FALSE)=1,0,1)} -> 0.8625 | BK21: {=1+$B$13+VLOOKUP($Q21,武学奇术!$A:$ZZ,18,FALSE)+SUM(_xlfn.XLOOKUP(R21:AF21,增益!$A:$A,增益!$R:$R,0))} -> 1.5 | BL21: {=IF(VLOOKUP($Q21,武学奇术!$A:$ZZ,24,FALSE)=1,100%,MIN(40%,$B$10+VLOOKUP($Q21,武学奇术!$A:$ZZ,19,FALSE)+SUM(_xlfn.XLOOKUP(R21:AF21,增益!$A:$A,增益!$S:$S,0)))+$B$12+SUM(_xlfn.XLOOKUP(R21:AF21,增益!$A:$A,增益!$V:$V,0)))*IF(VLOOKUP($Q21,武学奇术!$A:$ZZ,23,FALSE)=1,0,1)} -> 0.0913 | BM21: {=1+$B$14+VLOOKUP($Q21,武学奇术!$A:$ZZ,20,FALSE)+SUM(_xlfn.XLOOKUP(R21:AF21,增益!$A:$A,增益!$T:$T,0))} -> 1.35 | BN21: =MIN((1-BL21)*BI21,BI21*BJ21) -> 0.8625 | BO21: =1-BL21-BN21-BP21 -> 0.0462 | BP21: =IF(VLOOKUP($Q21,武学奇术!$A:$ZZ,22,FALSE)=1,0,(1-$BI21))*(1-$BL21) -> 0 | BQ21: {=SUM(_xlfn.XLOOKUP(R21:AF21,增益!$A:$A,增益!$W:$W,0))+$I$5} -> 0.06
A22: 食物加成 | B22: 240 | C22: 樽 | D22: √ | E22: 征人归 | K22: =($L22*$BN22+$M22*$BL22+$N22*$BO22+$O22*$BP22) -> 0 | L22: =((($AN22+$AO22)/2*$AH22+$AI22)*(1+$AP22)*(1+$AQ22)+(($AS22+$AT22)/2*IF($G$1="鸣金",$AJ22,$AH22)+IF($G$1="鸣金",$AK22*1.5,0))*(1+$AU22)*(1+$AV22)+(($AW22+$AX22)/2*IF($G$1="裂石",$AJ22,$AH22)+IF($G$1="裂石",$AK22*1.5,0))*(1+$AY22)*(1+$AZ22)+(($BA22+$BB22)/2*IF($G$1="牵丝",$AJ22,$AH22)+IF($G$1="牵丝",$AK22*1.5,0))*(1+$BC22)*(1+$BD22)+(($BE22+$BF22)/2*IF($G$1="破竹",$AJ22,$AH22)+IF($G$1="破竹",$AK22*1.5,0))*(1+$BG22)*(1+$BH22))*(1+$AL22)*$BK22*$P22*(1+IF(VLOOKUP($Q22,武学奇术!$A:$ZZ,30,FALSE)="蓄力技",#REF!,0))*(1+$BQ22) -> 0 | M22: =(($AO22*$AH22+$AI22)*(1+$AP22)*(1+$AQ22)+($AT22*IF($G$1="鸣金",$AJ22,$AH22)+IF($G$1="鸣金",$AK22*1.5,0))*(1+$AU22)*(1+$AV22)+($AX22*IF($G$1="裂石",$AJ22,$AH22)+IF($G$1="裂石",$AK22*1.5,0))*(1+$AY22)*(1+$AZ22)+($BB22*IF($G$1="牵丝",$AJ22,$AH22)+IF($G$1="牵丝",$AK22*1.5,0))*(1+$BC22)*(1+$BD22)+($BF22*IF($G$1="破竹",$AJ22,$AH22)+IF($G$1="破竹",$AK22*1.5,0))*(1+$BG22)*(1+$BH22))*(1+$AL22)*$BM22*$P22*(1+IF(VLOOKUP($Q22,武学奇术!$A:$ZZ,30,FALSE)="蓄力技",#REF!,0))*(1+$BQ22) -> 0 | N22: =((($AN22+$AO22)/2*$AH22+$AI22)*(1+$AP22)*(1+$AQ22)+(($AS22+$AT22)/2*IF($G$1="鸣金",$AJ22,$AH22)+IF($G$1="鸣金",$AK22*1.5,0))*(1+$AU22)*(1+$AV22)+(($AW22+$AX22)/2*IF($G$1="裂石",$AJ22,$AH22)+IF($G$1="裂石",$AK22*1.5,0))*(1+$AY22)*(1+$AZ22)+(($BA22+$BB22)/2*IF($G$1="牵丝",$AJ22,$AH22)+IF($G$1="牵丝",$AK22*1.5,0))*(1+$BC22)*(1+$BD22)+(($BE22+$BF22)/2*IF($G$1="破竹",$AJ22,$AH22)+IF($G$1="破竹",$AK22*1.5,0))*(1+$BG22)*(1+$BH22))*(1+$AL22)*$P22*(1+IF(VLOOKUP($Q22,武学奇术!$A:$ZZ,30,FALSE)="蓄力技",#REF!,0))*(1+$BQ22) -> 0 | O22: =((($AN22*$AH22+$AI22)*(1+$AP22)*(1+$AQ22)+($AS22*IF($G$1="鸣金",$AJ22,$AH22)+IF($G$1="鸣金",$AK22*1.5,0))*(1+$AU22)*(1+$AV22)+($AW22*IF($G$1="裂石",$AJ22,$AH22)+IF($G$1="裂石",$AK22*1.5,0))*(1+$AY22)*(1+$AZ22)+($BA22*IF($G$1="牵丝",$AJ22,$AH22)+IF($G$1="牵丝",$AK22*1.5,0))*(1+$BC22)*(1+$BD22)+($BE22*IF($G$1="破竹",$AJ22,$AH22)+IF($G$1="破竹",$AK22*1.5,0))*(1+$BG22)*(1+$BH22))*(1+$AL22))*$P22*(1+IF(VLOOKUP($Q22,武学奇术!$A:$ZZ,30,FALSE)="蓄力技",#REF!,0))*(1+$BQ22) -> 0 | P22: 1 | Q22: N/a | R22: N/a | S22: N/a | T22: N/a | U22: N/a | V22: N/a | W22: N/a | X22: N/a | Y22: N/a | Z22: N/a | AA22: N/a | AB22: N/a | AC22: N/a | AD22: N/a | AE22: N/a | AF22: N/a | AG22: =VLOOKUP($Q22,武学奇术!$A:$ZZ,25,FALSE) -> 心法 | AH22: =VLOOKUP($Q22,武学奇术!$A:$ZZ,26,FALSE) -> 0 | AI22: =VLOOKUP($Q22,武学奇术!$A:$ZZ,27,FALSE)*(1+IF(OR($AG22=$F$4,$AG22=$F$5),$B$21,0)) -> 0 | AJ22: =VLOOKUP($Q22,武学奇术!$A:$ZZ,28,FALSE) -> 0 | AK22: =VLOOKUP($Q22,武学奇术!$A:$ZZ,29,FALSE)*(1+IF(OR($AG22=$F$4,$AG22=$F$5),$B$21,0)) -> 0 | AL22: {=$G$3+IFERROR(VLOOKUP($AG22,$F$4:$G$7,2,FALSE),0)+VLOOKUP($Q22,武学奇术!$A:$ZZ,2,FALSE)+SUM(_xlfn.XLOOKUP($R22:$AF22,增益!$A:$A,增益!$B:$B,0))} -> 0.2642 | AM22: {=VLOOKUP($Q22,武学奇术!$A:$ZZ,5,FALSE)+SUM(_xlfn.XLOOKUP($R22:$AF22,增益!$A:$A,增益!$E:$E,0))} -> 0 | AN22: {=$D$10*(1+$AM22)+VLOOKUP($Q22,武学奇术!$A:$ZZ,3,FALSE)+SUM(_xlfn.XLOOKUP($R22:$AF22,增益!$A:$A,增益!$C:$C,0))-$I$2} -> 3977.2 | AO22: {=$E$10*(1+$AM22)+VLOOKUP($Q22,武学奇术!$A:$ZZ,4,FALSE)+SUM(_xlfn.XLOOKUP($R22:$AF22,增益!$A:$A,增益!$D:$D,0))-$I$2} -> 3977.2 | AP22: {=IF($F$10-$I$3+VLOOKUP($Q22,武学奇术!$A:$ZZ,6,FALSE)+SUM(_xlfn.XLOOKUP(R22:AF22,增益!$A:$A,增益!$F:$F,0))>0,($F$10-$I$3+VLOOKUP($Q22,武学奇术!$A:$ZZ,6,FALSE)+SUM(_xlfn.XLOOKUP(R22:AF22,增益!$A:$A,增益!$F:$F,0)))/200,($F$10-$I$3+VLOOKUP($Q22,武学奇术!$A:$ZZ,6,FALSE)+SUM(_xlfn.XLOOKUP(R22:AF22,增益!$A:$A,增益!$F:$F,0)))/100)} -> 0.294 | AQ22: {=$G$10+VLOOKUP($Q22,武学奇术!$A:$ZZ,7,FALSE)+SUM(_xlfn.XLOOKUP(R22:AF22,增益!$A:$A,增益!$G:$G,0))} -> 0 | AR22: {=VLOOKUP($Q22,武学奇术!$A:$ZZ,8,FALSE)+SUM(_xlfn.XLOOKUP(R22:AF22,增益!$A:$A,增益!$H:$H,0))} -> 0 | AS22: =$D$11*(1+$AR22) -> 0 | AT22: =$E$11*(1+$AR22) -> 0 | AU22: {=IF($F$11-$I$4+VLOOKUP($Q22,武学奇术!$A:$ZZ,9,FALSE)+SUM(_xlfn.XLOOKUP(R22:AF22,增益!$A:$A,增益!$I:$I,0))>0,($F$11-$I$4+VLOOKUP($Q22,武学奇术!$A:$ZZ,9,FALSE)+SUM(_xlfn.XLOOKUP(R22:AF22,增益!$A:$A,增益!$I:$I,0)))/200,($F$11-$I$4+VLOOKUP($Q22,武学奇术!$A:$ZZ,9,FALSE)+SUM(_xlfn.XLOOKUP(R22:AF22,增益!$A:$A,增益!$I:$I,0)))/100)} -> -0.3 | AV22: {=$G$11+VLOOKUP($Q22,武学奇术!$A:$ZZ,10,FALSE)+SUM(_xlfn.XLOOKUP(R22:AF22,增益!$A:$A,增益!$J:$J,0))} -> 0 | AW22: =$D$12*(1+$AR22) -> 0 | AX22: =$E$12*(1+$AR22) -> 0 | AY22: {=IF($F$12-$I$4+VLOOKUP($Q22,武学奇术!$A:$ZZ,11,FALSE)+SUM(_xlfn.XLOOKUP(R22:AF22,增益!$A:$A,增益!$K:$K,0))>0,($F$12-$I$4+VLOOKUP($Q22,武学奇术!$A:$ZZ,11,FALSE)+SUM(_xlfn.XLOOKUP(R22:AF22,增益!$A:$A,增益!$K:$K,0)))/200,($F$12-$I$4+VLOOKUP($Q22,武学奇术!$A:$ZZ,11,FALSE)+SUM(_xlfn.XLOOKUP(R22:AF22,增益!$A:$A,增益!$K:$K,0)))/100)} -> -0.3 | AZ22: {=$G$12+VLOOKUP($Q22,武学奇术!$A:$ZZ,12,FALSE)+SUM(_xlfn.XLOOKUP(R22:AF22,增益!$A:$A,增益!$L:$L,0))} -> 0 | BA22: =$D$13*(1+$AR22) -> 697.4 | BB22: =$E$13*(1+$AR22) -> 1805 | BC22: {=IF($F$13-$I$4+VLOOKUP($Q22,武学奇术!$A:$ZZ,13,FALSE)+SUM(_xlfn.XLOOKUP(R22:AF22,增益!$A:$A,增益!$M:$M,0))>0,($F$13-$I$4+VLOOKUP($Q22,武学奇术!$A:$ZZ,13,FALSE)+SUM(_xlfn.XLOOKUP(R22:AF22,增益!$A:$A,增益!$K:$K,0)))/200,($F$13-$I$4+VLOOKUP($Q22,武学奇术!$A:$ZZ,13,FALSE)+SUM(_xlfn.XLOOKUP(R22:AF22,增益!$A:$A,增益!$M:$M,0)))/100)} -> 0 | BD22: {=$G$13+VLOOKUP($Q22,武学奇术!$A:$ZZ,14,FALSE)+SUM(_xlfn.XLOOKUP(R22:AF22,增益!$A:$A,增益!$N:$N,0))} -> 0.15 | BE22: =$D$14*(1+$AR22) -> 0 | BF22: =$E$14*(1+$AR22) -> 0 | BG22: {=IF($F$14-$I$4+VLOOKUP($Q22,武学奇术!$A:$ZZ,15,FALSE)+SUM(_xlfn.XLOOKUP(R22:AF22,增益!$A:$A,增益!$O:$O,0))>0,($F$14-$I$4+VLOOKUP($Q22,武学奇术!$A:$ZZ,15,FALSE)+SUM(_xlfn.XLOOKUP(R22:AF22,增益!$A:$A,增益!$O:$O,0)))/200,($F$14-$I$4+VLOOKUP($Q22,武学奇术!$A:$ZZ,15,FALSE)+SUM(_xlfn.XLOOKUP(R22:AF22,增益!$A:$A,增益!$O:$O,0)))/100)} -> -0.3 | BH22: {=$G$14+VLOOKUP($Q22,武学奇术!$A:$ZZ,16,FALSE)+SUM(_xlfn.XLOOKUP(R22:AF22,增益!$A:$A,增益!$P:$P,0))} -> 0 | BI22: =MIN(IF(VLOOKUP($Q22,武学奇术!$A:$ZZ,23,FALSE)=1,100%,$B$8),100%) -> 1 | BJ22: {=IF(VLOOKUP($Q22,武学奇术!$A:$ZZ,23,FALSE)=1,100%,MIN(80%,$B$9+VLOOKUP($Q22,武学奇术!$A:$ZZ,17,FALSE)+SUM(_xlfn.XLOOKUP(R22:AF22,增益!$A:$A,增益!$Q:$Q,0)))+$B$11+SUM(_xlfn.XLOOKUP(R22:AF22,增益!$A:$A,增益!$U:$U,0)))*IF(VLOOKUP($Q22,武学奇术!$A:$ZZ,24,FALSE)=1,0,1)} -> 0.8625 | BK22: {=1+$B$13+VLOOKUP($Q22,武学奇术!$A:$ZZ,18,FALSE)+SUM(_xlfn.XLOOKUP(R22:AF22,增益!$A:$A,增益!$R:$R,0))} -> 1.5 | BL22: {=IF(VLOOKUP($Q22,武学奇术!$A:$ZZ,24,FALSE)=1,100%,MIN(40%,$B$10+VLOOKUP($Q22,武学奇术!$A:$ZZ,19,FALSE)+SUM(_xlfn.XLOOKUP(R22:AF22,增益!$A:$A,增益!$S:$S,0)))+$B$12+SUM(_xlfn.XLOOKUP(R22:AF22,增益!$A:$A,增益!$V:$V,0)))*IF(VLOOKUP($Q22,武学奇术!$A:$ZZ,23,FALSE)=1,0,1)} -> 0.0913 | BM22: {=1+$B$14+VLOOKUP($Q22,武学奇术!$A:$ZZ,20,FALSE)+SUM(_xlfn.XLOOKUP(R22:AF22,增益!$A:$A,增益!$T:$T,0))} -> 1.35 | BN22: =MIN((1-BL22)*BI22,BI22*BJ22) -> 0.8625 | BO22: =1-BL22-BN22-BP22 -> 0.0462 | BP22: =IF(VLOOKUP($Q22,武学奇术!$A:$ZZ,22,FALSE)=1,0,(1-$BI22))*(1-$BL22) -> 0 | BQ22: {=SUM(_xlfn.XLOOKUP(R22:AF22,增益!$A:$A,增益!$W:$W,0))+$I$5} -> 0.06
B23: 480 | K23: =($L23*$BN23+$M23*$BL23+$N23*$BO23+$O23*$BP23) -> 0 | L23: =((($AN23+$AO23)/2*$AH23+$AI23)*(1+$AP23)*(1+$AQ23)+(($AS23+$AT23)/2*IF($G$1="鸣金",$AJ23,$AH23)+IF($G$1="鸣金",$AK23*1.5,0))*(1+$AU23)*(1+$AV23)+(($AW23+$AX23)/2*IF($G$1="裂石",$AJ23,$AH23)+IF($G$1="裂石",$AK23*1.5,0))*(1+$AY23)*(1+$AZ23)+(($BA23+$BB23)/2*IF($G$1="牵丝",$AJ23,$AH23)+IF($G$1="牵丝",$AK23*1.5,0))*(1+$BC23)*(1+$BD23)+(($BE23+$BF23)/2*IF($G$1="破竹",$AJ23,$AH23)+IF($G$1="破竹",$AK23*1.5,0))*(1+$BG23)*(1+$BH23))*(1+$AL23)*$BK23*$P23*(1+IF(VLOOKUP($Q23,武学奇术!$A:$ZZ,30,FALSE)="蓄力技",#REF!,0))*(1+$BQ23) -> 0 | M23: =(($AO23*$AH23+$AI23)*(1+$AP23)*(1+$AQ23)+($AT23*IF($G$1="鸣金",$AJ23,$AH23)+IF($G$1="鸣金",$AK23*1.5,0))*(1+$AU23)*(1+$AV23)+($AX23*IF($G$1="裂石",$AJ23,$AH23)+IF($G$1="裂石",$AK23*1.5,0))*(1+$AY23)*(1+$AZ23)+($BB23*IF($G$1="牵丝",$AJ23,$AH23)+IF($G$1="牵丝",$AK23*1.5,0))*(1+$BC23)*(1+$BD23)+($BF23*IF($G$1="破竹",$AJ23,$AH23)+IF($G$1="破竹",$AK23*1.5,0))*(1+$BG23)*(1+$BH23))*(1+$AL23)*$BM23*$P23*(1+IF(VLOOKUP($Q23,武学奇术!$A:$ZZ,30,FALSE)="蓄力技",#REF!,0))*(1+$BQ23) -> 0 | N23: =((($AN23+$AO23)/2*$AH23+$AI23)*(1+$AP23)*(1+$AQ23)+(($AS23+$AT23)/2*IF($G$1="鸣金",$AJ23,$AH23)+IF($G$1="鸣金",$AK23*1.5,0))*(1+$AU23)*(1+$AV23)+(($AW23+$AX23)/2*IF($G$1="裂石",$AJ23,$AH23)+IF($G$1="裂石",$AK23*1.5,0))*(1+$AY23)*(1+$AZ23)+(($BA23+$BB23)/2*IF($G$1="牵丝",$AJ23,$AH23)+IF($G$1="牵丝",$AK23*1.5,0))*(1+$BC23)*(1+$BD23)+(($BE23+$BF23)/2*IF($G$1="破竹",$AJ23,$AH23)+IF($G$1="破竹",$AK23*1.5,0))*(1+$BG23)*(1+$BH23))*(1+$AL23)*$P23*(1+IF(VLOOKUP($Q23,武学奇术!$A:$ZZ,30,FALSE)="蓄力技",#REF!,0))*(1+$BQ23) -> 0 | O23: =((($AN23*$AH23+$AI23)*(1+$AP23)*(1+$AQ23)+($AS23*IF($G$1="鸣金",$AJ23,$AH23)+IF($G$1="鸣金",$AK23*1.5,0))*(1+$AU23)*(1+$AV23)+($AW23*IF($G$1="裂石",$AJ23,$AH23)+IF($G$1="裂石",$AK23*1.5,0))*(1+$AY23)*(1+$AZ23)+($BA23*IF($G$1="牵丝",$AJ23,$AH23)+IF($G$1="牵丝",$AK23*1.5,0))*(1+$BC23)*(1+$BD23)+($BE23*IF($G$1="破竹",$AJ23,$AH23)+IF($G$1="破竹",$AK23*1.5,0))*(1+$BG23)*(1+$BH23))*(1+$AL23))*$P23*(1+IF(VLOOKUP($Q23,武学奇术!$A:$ZZ,30,FALSE)="蓄力技",#REF!,0))*(1+$BQ23) -> 0 | P23: 1 | Q23: N/a | R23: N/a | S23: N/a | T23: N/a | U23: N/a | V23: N/a | W23: N/a | X23: N/a | Y23: N/a | Z23: N/a | AA23: N/a | AB23: N/a | AC23: N/a | AD23: N/a | AE23: N/a | AF23: N/a | AG23: =VLOOKUP($Q23,武学奇术!$A:$ZZ,25,FALSE) -> 心法 | AH23: =VLOOKUP($Q23,武学奇术!$A:$ZZ,26,FALSE) -> 0 | AI23: =VLOOKUP($Q23,武学奇术!$A:$ZZ,27,FALSE)*(1+IF(OR($AG23=$F$4,$AG23=$F$5),$B$21,0)) -> 0 | AJ23: =VLOOKUP($Q23,武学奇术!$A:$ZZ,28,FALSE) -> 0 | AK23: =VLOOKUP($Q23,武学奇术!$A:$ZZ,29,FALSE)*(1+IF(OR($AG23=$F$4,$AG23=$F$5),$B$21,0)) -> 0 | AL23: {=$G$3+IFERROR(VLOOKUP($AG23,$F$4:$G$7,2,FALSE),0)+VLOOKUP($Q23,武学奇术!$A:$ZZ,2,FALSE)+SUM(_xlfn.XLOOKUP($R23:$AF23,增益!$A:$A,增益!$B:$B,0))} -> 0.2642 | AM23: {=VLOOKUP($Q23,武学奇术!$A:$ZZ,5,FALSE)+SUM(_xlfn.XLOOKUP($R23:$AF23,增益!$A:$A,增益!$E:$E,0))} -> 0 | AN23: {=$D$10*(1+$AM23)+VLOOKUP($Q23,武学奇术!$A:$ZZ,3,FALSE)+SUM(_xlfn.XLOOKUP($R23:$AF23,增益!$A:$A,增益!$C:$C,0))-$I$2} -> 3977.2 | AO23: {=$E$10*(1+$AM23)+VLOOKUP($Q23,武学奇术!$A:$ZZ,4,FALSE)+SUM(_xlfn.XLOOKUP($R23:$AF23,增益!$A:$A,增益!$D:$D,0))-$I$2} -> 3977.2 | AP23: {=IF($F$10-$I$3+VLOOKUP($Q23,武学奇术!$A:$ZZ,6,FALSE)+SUM(_xlfn.XLOOKUP(R23:AF23,增益!$A:$A,增益!$F:$F,0))>0,($F$10-$I$3+VLOOKUP($Q23,武学奇术!$A:$ZZ,6,FALSE)+SUM(_xlfn.XLOOKUP(R23:AF23,增益!$A:$A,增益!$F:$F,0)))/200,($F$10-$I$3+VLOOKUP($Q23,武学奇术!$A:$ZZ,6,FALSE)+SUM(_xlfn.XLOOKUP(R23:AF23,增益!$A:$A,增益!$F:$F,0)))/100)} -> 0.294 | AQ23: {=$G$10+VLOOKUP($Q23,武学奇术!$A:$ZZ,7,FALSE)+SUM(_xlfn.XLOOKUP(R23:AF23,增益!$A:$A,增益!$G:$G,0))} -> 0 | AR23: {=VLOOKUP($Q23,武学奇术!$A:$ZZ,8,FALSE)+SUM(_xlfn.XLOOKUP(R23:AF23,增益!$A:$A,增益!$H:$H,0))} -> 0 | AS23: =$D$11*(1+$AR23) -> 0 | AT23: =$E$11*(1+$AR23) -> 0 | AU23: {=IF($F$11-$I$4+VLOOKUP($Q23,武学奇术!$A:$ZZ,9,FALSE)+SUM(_xlfn.XLOOKUP(R23:AF23,增益!$A:$A,增益!$I:$I,0))>0,($F$11-$I$4+VLOOKUP($Q23,武学奇术!$A:$ZZ,9,FALSE)+SUM(_xlfn.XLOOKUP(R23:AF23,增益!$A:$A,增益!$I:$I,0)))/200,($F$11-$I$4+VLOOKUP($Q23,武学奇术!$A:$ZZ,9,FALSE)+SUM(_xlfn.XLOOKUP(R23:AF23,增益!$A:$A,增益!$I:$I,0)))/100)} -> -0.3 | AV23: {=$G$11+VLOOKUP($Q23,武学奇术!$A:$ZZ,10,FALSE)+SUM(_xlfn.XLOOKUP(R23:AF23,增益!$A:$A,增益!$J:$J,0))} -> 0 | AW23: =$D$12*(1+$AR23) -> 0 | AX23: =$E$12*(1+$AR23) -> 0 | AY23: {=IF($F$12-$I$4+VLOOKUP($Q23,武学奇术!$A:$ZZ,11,FALSE)+SUM(_xlfn.XLOOKUP(R23:AF23,增益!$A:$A,增益!$K:$K,0))>0,($F$12-$I$4+VLOOKUP($Q23,武学奇术!$A:$ZZ,11,FALSE)+SUM(_xlfn.XLOOKUP(R23:AF23,增益!$A:$A,增益!$K:$K,0)))/200,($F$12-$I$4+VLOOKUP($Q23,武学奇术!$A:$ZZ,11,FALSE)+SUM(_xlfn.XLOOKUP(R23:AF23,增益!$A:$A,增益!$K:$K,0)))/100)} -> -0.3 | AZ23: {=$G$12+VLOOKUP($Q23,武学奇术!$A:$ZZ,12,FALSE)+SUM(_xlfn.XLOOKUP(R23:AF23,增益!$A:$A,增益!$L:$L,0))} -> 0 | BA23: =$D$13*(1+$AR23) -> 697.4 | BB23: =$E$13*(1+$AR23) -> 1805 | BC23: {=IF($F$13-$I$4+VLOOKUP($Q23,武学奇术!$A:$ZZ,13,FALSE)+SUM(_xlfn.XLOOKUP(R23:AF23,增益!$A:$A,增益!$M:$M,0))>0,($F$13-$I$4+VLOOKUP($Q23,武学奇术!$A:$ZZ,13,FALSE)+SUM(_xlfn.XLOOKUP(R23:AF23,增益!$A:$A,增益!$K:$K,0)))/200,($F$13-$I$4+VLOOKUP($Q23,武学奇术!$A:$ZZ,13,FALSE)+SUM(_xlfn.XLOOKUP(R23:AF23,增益!$A:$A,增益!$M:$M,0)))/100)} -> 0 | BD23: {=$G$13+VLOOKUP($Q23,武学奇术!$A:$ZZ,14,FALSE)+SUM(_xlfn.XLOOKUP(R23:AF23,增益!$A:$A,增益!$N:$N,0))} -> 0.15 | BE23: =$D$14*(1+$AR23) -> 0 | BF23: =$E$14*(1+$AR23) -> 0 | BG23: {=IF($F$14-$I$4+VLOOKUP($Q23,武学奇术!$A:$ZZ,15,FALSE)+SUM(_xlfn.XLOOKUP(R23:AF23,增益!$A:$A,增益!$O:$O,0))>0,($F$14-$I$4+VLOOKUP($Q23,武学奇术!$A:$ZZ,15,FALSE)+SUM(_xlfn.XLOOKUP(R23:AF23,增益!$A:$A,增益!$O:$O,0)))/200,($F$14-$I$4+VLOOKUP($Q23,武学奇术!$A:$ZZ,15,FALSE)+SUM(_xlfn.XLOOKUP(R23:AF23,增益!$A:$A,增益!$O:$O,0)))/100)} -> -0.3 | BH23: {=$G$14+VLOOKUP($Q23,武学奇术!$A:$ZZ,16,FALSE)+SUM(_xlfn.XLOOKUP(R23:AF23,增益!$A:$A,增益!$P:$P,0))} -> 0 | BI23: =MIN(IF(VLOOKUP($Q23,武学奇术!$A:$ZZ,23,FALSE)=1,100%,$B$8),100%) -> 1 | BJ23: {=IF(VLOOKUP($Q23,武学奇术!$A:$ZZ,23,FALSE)=1,100%,MIN(80%,$B$9+VLOOKUP($Q23,武学奇术!$A:$ZZ,17,FALSE)+SUM(_xlfn.XLOOKUP(R23:AF23,增益!$A:$A,增益!$Q:$Q,0)))+$B$11+SUM(_xlfn.XLOOKUP(R23:AF23,增益!$A:$A,增益!$U:$U,0)))*IF(VLOOKUP($Q23,武学奇术!$A:$ZZ,24,FALSE)=1,0,1)} -> 0.8625 | BK23: {=1+$B$13+VLOOKUP($Q23,武学奇术!$A:$ZZ,18,FALSE)+SUM(_xlfn.XLOOKUP(R23:AF23,增益!$A:$A,增益!$R:$R,0))} -> 1.5 | BL23: {=IF(VLOOKUP($Q23,武学奇术!$A:$ZZ,24,FALSE)=1,100%,MIN(40%,$B$10+VLOOKUP($Q23,武学奇术!$A:$ZZ,19,FALSE)+SUM(_xlfn.XLOOKUP(R23:AF23,增益!$A:$A,增益!$S:$S,0)))+$B$12+SUM(_xlfn.XLOOKUP(R23:AF23,增益!$A:$A,增益!$V:$V,0)))*IF(VLOOKUP($Q23,武学奇术!$A:$ZZ,23,FALSE)=1,0,1)} -> 0.0913 | BM23: {=1+$B$14+VLOOKUP($Q23,武学奇术!$A:$ZZ,20,FALSE)+SUM(_xlfn.XLOOKUP(R23:AF23,增益!$A:$A,增益!$T:$T,0))} -> 1.35 | BN23: =MIN((1-BL23)*BI23,BI23*BJ23) -> 0.8625 | BO23: =1-BL23-BN23-BP23 -> 0.0462 | BP23: =IF(VLOOKUP($Q23,武学奇术!$A:$ZZ,22,FALSE)=1,0,(1-$BI23))*(1-$BL23) -> 0 | BQ23: {=SUM(_xlfn.XLOOKUP(R23:AF23,增益!$A:$A,增益!$W:$W,0))+$I$5} -> 0.06
K24: =($L24*$BN24+$M24*$BL24+$N24*$BO24+$O24*$BP24) -> 0 | L24: =((($AN24+$AO24)/2*$AH24+$AI24)*(1+$AP24)*(1+$AQ24)+(($AS24+$AT24)/2*IF($G$1="鸣金",$AJ24,$AH24)+IF($G$1="鸣金",$AK24*1.5,0))*(1+$AU24)*(1+$AV24)+(($AW24+$AX24)/2*IF($G$1="裂石",$AJ24,$AH24)+IF($G$1="裂石",$AK24*1.5,0))*(1+$AY24)*(1+$AZ24)+(($BA24+$BB24)/2*IF($G$1="牵丝",$AJ24,$AH24)+IF($G$1="牵丝",$AK24*1.5,0))*(1+$BC24)*(1+$BD24)+(($BE24+$BF24)/2*IF($G$1="破竹",$AJ24,$AH24)+IF($G$1="破竹",$AK24*1.5,0))*(1+$BG24)*(1+$BH24))*(1+$AL24)*$BK24*$P24*(1+IF(VLOOKUP($Q24,武学奇术!$A:$ZZ,30,FALSE)="蓄力技",#REF!,0))*(1+$BQ24) -> 0 | M24: =(($AO24*$AH24+$AI24)*(1+$AP24)*(1+$AQ24)+($AT24*IF($G$1="鸣金",$AJ24,$AH24)+IF($G$1="鸣金",$AK24*1.5,0))*(1+$AU24)*(1+$AV24)+($AX24*IF($G$1="裂石",$AJ24,$AH24)+IF($G$1="裂石",$AK24*1.5,0))*(1+$AY24)*(1+$AZ24)+($BB24*IF($G$1="牵丝",$AJ24,$AH24)+IF($G$1="牵丝",$AK24*1.5,0))*(1+$BC24)*(1+$BD24)+($BF24*IF($G$1="破竹",$AJ24,$AH24)+IF($G$1="破竹",$AK24*1.5,0))*(1+$BG24)*(1+$BH24))*(1+$AL24)*$BM24*$P24*(1+IF(VLOOKUP($Q24,武学奇术!$A:$ZZ,30,FALSE)="蓄力技",#REF!,0))*(1+$BQ24) -> 0 | N24: =((($AN24+$AO24)/2*$AH24+$AI24)*(1+$AP24)*(1+$AQ24)+(($AS24+$AT24)/2*IF($G$1="鸣金",$AJ24,$AH24)+IF($G$1="鸣金",$AK24*1.5,0))*(1+$AU24)*(1+$AV24)+(($AW24+$AX24)/2*IF($G$1="裂石",$AJ24,$AH24)+IF($G$1="裂石",$AK24*1.5,0))*(1+$AY24)*(1+$AZ24)+(($BA24+$BB24)/2*IF($G$1="牵丝",$AJ24,$AH24)+IF($G$1="牵丝",$AK24*1.5,0))*(1+$BC24)*(1+$BD24)+(($BE24+$BF24)/2*IF($G$1="破竹",$AJ24,$AH24)+IF($G$1="破竹",$AK24*1.5,0))*(1+$BG24)*(1+$BH24))*(1+$AL24)*$P24*(1+IF(VLOOKUP($Q24,武学奇术!$A:$ZZ,30,FALSE)="蓄力技",#REF!,0))*(1+$BQ24) -> 0 | O24: =((($AN24*$AH24+$AI24)*(1+$AP24)*(1+$AQ24)+($AS24*IF($G$1="鸣金",$AJ24,$AH24)+IF($G$1="鸣金",$AK24*1.5,0))*(1+$AU24)*(1+$AV24)+($AW24*IF($G$1="裂石",$AJ24,$AH24)+IF($G$1="裂石",$AK24*1.5,0))*(1+$AY24)*(1+$AZ24)+($BA24*IF($G$1="牵丝",$AJ24,$AH24)+IF($G$1="牵丝",$AK24*1.5,0))*(1+$BC24)*(1+$BD24)+($BE24*IF($G$1="破竹",$AJ24,$AH24)+IF($G$1="破竹",$AK24*1.5,0))*(1+$BG24)*(1+$BH24))*(1+$AL24))*$P24*(1+IF(VLOOKUP($Q24,武学奇术!$A:$ZZ,30,FALSE)="蓄力技",#REF!,0))*(1+$BQ24) -> 0 | P24: 1 | Q24: N/a | R24: N/a | S24: N/a | T24: N/a | U24: N/a | V24: N/a | W24: N/a | X24: N/a | Y24: N/a | Z24: N/a | AA24: N/a | AB24: N/a | AC24: N/a | AD24: N/a | AE24: N/a | AF24: N/a | AG24: =VLOOKUP($Q24,武学奇术!$A:$ZZ,25,FALSE) -> 心法 | AH24: =VLOOKUP($Q24,武学奇术!$A:$ZZ,26,FALSE) -> 0 | AI24: =VLOOKUP($Q24,武学奇术!$A:$ZZ,27,FALSE)*(1+IF(OR($AG24=$F$4,$AG24=$F$5),$B$21,0)) -> 0 | AJ24: =VLOOKUP($Q24,武学奇术!$A:$ZZ,28,FALSE) -> 0 | AK24: =VLOOKUP($Q24,武学奇术!$A:$ZZ,29,FALSE)*(1+IF(OR($AG24=$F$4,$AG24=$F$5),$B$21,0)) -> 0 | AL24: {=$G$3+IFERROR(VLOOKUP($AG24,$F$4:$G$7,2,FALSE),0)+VLOOKUP($Q24,武学奇术!$A:$ZZ,2,FALSE)+SUM(_xlfn.XLOOKUP($R24:$AF24,增益!$A:$A,增益!$B:$B,0))} -> 0.2642 | AM24: {=VLOOKUP($Q24,武学奇术!$A:$ZZ,5,FALSE)+SUM(_xlfn.XLOOKUP($R24:$AF24,增益!$A:$A,增益!$E:$E,0))} -> 0 | AN24: {=$D$10*(1+$AM24)+VLOOKUP($Q24,武学奇术!$A:$ZZ,3,FALSE)+SUM(_xlfn.XLOOKUP($R24:$AF24,增益!$A:$A,增益!$C:$C,0))-$I$2} -> 3977.2 | AO24: {=$E$10*(1+$AM24)+VLOOKUP($Q24,武学奇术!$A:$ZZ,4,FALSE)+SUM(_xlfn.XLOOKUP($R24:$AF24,增益!$A:$A,增益!$D:$D,0))-$I$2} -> 3977.2 | AP24: {=IF($F$10-$I$3+VLOOKUP($Q24,武学奇术!$A:$ZZ,6,FALSE)+SUM(_xlfn.XLOOKUP(R24:AF24,增益!$A:$A,增益!$F:$F,0))>0,($F$10-$I$3+VLOOKUP($Q24,武学奇术!$A:$ZZ,6,FALSE)+SUM(_xlfn.XLOOKUP(R24:AF24,增益!$A:$A,增益!$F:$F,0)))/200,($F$10-$I$3+VLOOKUP($Q24,武学奇术!$A:$ZZ,6,FALSE)+SUM(_xlfn.XLOOKUP(R24:AF24,增益!$A:$A,增益!$F:$F,0)))/100)} -> 0.294 | AQ24: {=$G$10+VLOOKUP($Q24,武学奇术!$A:$ZZ,7,FALSE)+SUM(_xlfn.XLOOKUP(R24:AF24,增益!$A:$A,增益!$G:$G,0))} -> 0 | AR24: {=VLOOKUP($Q24,武学奇术!$A:$ZZ,8,FALSE)+SUM(_xlfn.XLOOKUP(R24:AF24,增益!$A:$A,增益!$H:$H,0))} -> 0 | AS24: =$D$11*(1+$AR24) -> 0 | AT24: =$E$11*(1+$AR24) -> 0 | AU24: {=IF($F$11-$I$4+VLOOKUP($Q24,武学奇术!$A:$ZZ,9,FALSE)+SUM(_xlfn.XLOOKUP(R24:AF24,增益!$A:$A,增益!$I:$I,0))>0,($F$11-$I$4+VLOOKUP($Q24,武学奇术!$A:$ZZ,9,FALSE)+SUM(_xlfn.XLOOKUP(R24:AF24,增益!$A:$A,增益!$I:$I,0)))/200,($F$11-$I$4+VLOOKUP($Q24,武学奇术!$A:$ZZ,9,FALSE)+SUM(_xlfn.XLOOKUP(R24:AF24,增益!$A:$A,增益!$I:$I,0)))/100)} -> -0.3 | AV24: {=$G$11+VLOOKUP($Q24,武学奇术!$A:$ZZ,10,FALSE)+SUM(_xlfn.XLOOKUP(R24:AF24,增益!$A:$A,增益!$J:$J,0))} -> 0 | AW24: =$D$12*(1+$AR24) -> 0 | AX24: =$E$12*(1+$AR24) -> 0 | AY24: {=IF($F$12-$I$4+VLOOKUP($Q24,武学奇术!$A:$ZZ,11,FALSE)+SUM(_xlfn.XLOOKUP(R24:AF24,增益!$A:$A,增益!$K:$K,0))>0,($F$12-$I$4+VLOOKUP($Q24,武学奇术!$A:$ZZ,11,FALSE)+SUM(_xlfn.XLOOKUP(R24:AF24,增益!$A:$A,增益!$K:$K,0)))/200,($F$12-$I$4+VLOOKUP($Q24,武学奇术!$A:$ZZ,11,FALSE)+SUM(_xlfn.XLOOKUP(R24:AF24,增益!$A:$A,增益!$K:$K,0)))/100)} -> -0.3 | AZ24: {=$G$12+VLOOKUP($Q24,武学奇术!$A:$ZZ,12,FALSE)+SUM(_xlfn.XLOOKUP(R24:AF24,增益!$A:$A,增益!$L:$L,0))} -> 0 | BA24: =$D$13*(1+$AR24) -> 697.4 | BB24: =$E$13*(1+$AR24) -> 1805 | BC24: {=IF($F$13-$I$4+VLOOKUP($Q24,武学奇术!$A:$ZZ,13,FALSE)+SUM(_xlfn.XLOOKUP(R24:AF24,增益!$A:$A,增益!$M:$M,0))>0,($F$13-$I$4+VLOOKUP($Q24,武学奇术!$A:$ZZ,13,FALSE)+SUM(_xlfn.XLOOKUP(R24:AF24,增益!$A:$A,增益!$K:$K,0)))/200,($F$13-$I$4+VLOOKUP($Q24,武学奇术!$A:$ZZ,13,FALSE)+SUM(_xlfn.XLOOKUP(R24:AF24,增益!$A:$A,增益!$M:$M,0)))/100)} -> 0 | BD24: {=$G$13+VLOOKUP($Q24,武学奇术!$A:$ZZ,14,FALSE)+SUM(_xlfn.XLOOKUP(R24:AF24,增益!$A:$A,增益!$N:$N,0))} -> 0.15 | BE24: =$D$14*(1+$AR24) -> 0 | BF24: =$E$14*(1+$AR24) -> 0 | BG24: {=IF($F$14-$I$4+VLOOKUP($Q24,武学奇术!$A:$ZZ,15,FALSE)+SUM(_xlfn.XLOOKUP(R24:AF24,增益!$A:$A,增益!$O:$O,0))>0,($F$14-$I$4+VLOOKUP($Q24,武学奇术!$A:$ZZ,15,FALSE)+SUM(_xlfn.XLOOKUP(R24:AF24,增益!$A:$A,增益!$O:$O,0)))/200,($F$14-$I$4+VLOOKUP($Q24,武学奇术!$A:$ZZ,15,FALSE)+SUM(_xlfn.XLOOKUP(R24:AF24,增益!$A:$A,增益!$O:$O,0)))/100)} -> -0.3 | BH24: {=$G$14+VLOOKUP($Q24,武学奇术!$A:$ZZ,16,FALSE)+SUM(_xlfn.XLOOKUP(R24:AF24,增益!$A:$A,增益!$P:$P,0))} -> 0 | BI24: =MIN(IF(VLOOKUP($Q24,武学奇术!$A:$ZZ,23,FALSE)=1,100%,$B$8),100%) -> 1 | BJ24: {=IF(VLOOKUP($Q24,武学奇术!$A:$ZZ,23,FALSE)=1,100%,MIN(80%,$B$9+VLOOKUP($Q24,武学奇术!$A:$ZZ,17,FALSE)+SUM(_xlfn.XLOOKUP(R24:AF24,增益!$A:$A,增益!$Q:$Q,0)))+$B$11+SUM(_xlfn.XLOOKUP(R24:AF24,增益!$A:$A,增益!$U:$U,0)))*IF(VLOOKUP($Q24,武学奇术!$A:$ZZ,24,FALSE)=1,0,1)} -> 0.8625 | BK24: {=1+$B$13+VLOOKUP($Q24,武学奇术!$A:$ZZ,18,FALSE)+SUM(_xlfn.XLOOKUP(R24:AF24,增益!$A:$A,增益!$R:$R,0))} -> 1.5 | BL24: {=IF(VLOOKUP($Q24,武学奇术!$A:$ZZ,24,FALSE)=1,100%,MIN(40%,$B$10+VLOOKUP($Q24,武学奇术!$A:$ZZ,19,FALSE)+SUM(_xlfn.XLOOKUP(R24:AF24,增益!$A:$A,增益!$S:$S,0)))+$B$12+SUM(_xlfn.XLOOKUP(R24:AF24,增益!$A:$A,增益!$V:$V,0)))*IF(VLOOKUP($Q24,武学奇术!$A:$ZZ,23,FALSE)=1,0,1)} -> 0.0913 | BM24: {=1+$B$14+VLOOKUP($Q24,武学奇术!$A:$ZZ,20,FALSE)+SUM(_xlfn.XLOOKUP(R24:AF24,增益!$A:$A,增益!$T:$T,0))} -> 1.35 | BN24: =MIN((1-BL24)*BI24,BI24*BJ24) -> 0.8625 | BO24: =1-BL24-BN24-BP24 -> 0.0462 | BP24: =IF(VLOOKUP($Q24,武学奇术!$A:$ZZ,22,FALSE)=1,0,(1-$BI24))*(1-$BL24) -> 0 | BQ24: {=SUM(_xlfn.XLOOKUP(R24:AF24,增益!$A:$A,增益!$W:$W,0))+$I$5} -> 0.06
K25: =($L25*$BN25+$M25*$BL25+$N25*$BO25+$O25*$BP25) -> 0 | L25: =((($AN25+$AO25)/2*$AH25+$AI25)*(1+$AP25)*(1+$AQ25)+(($AS25+$AT25)/2*IF($G$1="鸣金",$AJ25,$AH25)+IF($G$1="鸣金",$AK25*1.5,0))*(1+$AU25)*(1+$AV25)+(($AW25+$AX25)/2*IF($G$1="裂石",$AJ25,$AH25)+IF($G$1="裂石",$AK25*1.5,0))*(1+$AY25)*(1+$AZ25)+(($BA25+$BB25)/2*IF($G$1="牵丝",$AJ25,$AH25)+IF($G$1="牵丝",$AK25*1.5,0))*(1+$BC25)*(1+$BD25)+(($BE25+$BF25)/2*IF($G$1="破竹",$AJ25,$AH25)+IF($G$1="破竹",$AK25*1.5,0))*(1+$BG25)*(1+$BH25))*(1+$AL25)*$BK25*$P25*(1+IF(VLOOKUP($Q25,武学奇术!$A:$ZZ,30,FALSE)="蓄力技",#REF!,0))*(1+$BQ25) -> 0 | M25: =(($AO25*$AH25+$AI25)*(1+$AP25)*(1+$AQ25)+($AT25*IF($G$1="鸣金",$AJ25,$AH25)+IF($G$1="鸣金",$AK25*1.5,0))*(1+$AU25)*(1+$AV25)+($AX25*IF($G$1="裂石",$AJ25,$AH25)+IF($G$1="裂石",$AK25*1.5,0))*(1+$AY25)*(1+$AZ25)+($BB25*IF($G$1="牵丝",$AJ25,$AH25)+IF($G$1="牵丝",$AK25*1.5,0))*(1+$BC25)*(1+$BD25)+($BF25*IF($G$1="破竹",$AJ25,$AH25)+IF($G$1="破竹",$AK25*1.5,0))*(1+$BG25)*(1+$BH25))*(1+$AL25)*$BM25*$P25*(1+IF(VLOOKUP($Q25,武学奇术!$A:$ZZ,30,FALSE)="蓄力技",#REF!,0))*(1+$BQ25) -> 0 | N25: =((($AN25+$AO25)/2*$AH25+$AI25)*(1+$AP25)*(1+$AQ25)+(($AS25+$AT25)/2*IF($G$1="鸣金",$AJ25,$AH25)+IF($G$1="鸣金",$AK25*1.5,0))*(1+$AU25)*(1+$AV25)+(($AW25+$AX25)/2*IF($G$1="裂石",$AJ25,$AH25)+IF($G$1="裂石",$AK25*1.5,0))*(1+$AY25)*(1+$AZ25)+(($BA25+$BB25)/2*IF($G$1="牵丝",$AJ25,$AH25)+IF($G$1="牵丝",$AK25*1.5,0))*(1+$BC25)*(1+$BD25)+(($BE25+$BF25)/2*IF($G$1="破竹",$AJ25,$AH25)+IF($G$1="破竹",$AK25*1.5,0))*(1+$BG25)*(1+$BH25))*(1+$AL25)*$P25*(1+IF(VLOOKUP($Q25,武学奇术!$A:$ZZ,30,FALSE)="蓄力技",#REF!,0))*(1+$BQ25) -> 0 | O25: =((($AN25*$AH25+$AI25)*(1+$AP25)*(1+$AQ25)+($AS25*IF($G$1="鸣金",$AJ25,$AH25)+IF($G$1="鸣金",$AK25*1.5,0))*(1+$AU25)*(1+$AV25)+($AW25*IF($G$1="裂石",$AJ25,$AH25)+IF($G$1="裂石",$AK25*1.5,0))*(1+$AY25)*(1+$AZ25)+($BA25*IF($G$1="牵丝",$AJ25,$AH25)+IF($G$1="牵丝",$AK25*1.5,0))*(1+$BC25)*(1+$BD25)+($BE25*IF($G$1="破竹",$AJ25,$AH25)+IF($G$1="破竹",$AK25*1.5,0))*(1+$BG25)*(1+$BH25))*(1+$AL25))*$P25*(1+IF(VLOOKUP($Q25,武学奇术!$A:$ZZ,30,FALSE)="蓄力技",#REF!,0))*(1+$BQ25) -> 0 | P25: 1 | Q25: N/a | R25: N/a | S25: N/a | T25: N/a | U25: N/a | V25: N/a | W25: N/a | X25: N/a | Y25: N/a | Z25: N/a | AA25: N/a | AB25: N/a | AC25: N/a | AD25: N/a | AE25: N/a | AF25: N/a | AG25: =VLOOKUP($Q25,武学奇术!$A:$ZZ,25,FALSE) -> 心法 | AH25: =VLOOKUP($Q25,武学奇术!$A:$ZZ,26,FALSE) -> 0 | AI25: =VLOOKUP($Q25,武学奇术!$A:$ZZ,27,FALSE)*(1+IF(OR($AG25=$F$4,$AG25=$F$5),$B$21,0)) -> 0 | AJ25: =VLOOKUP($Q25,武学奇术!$A:$ZZ,28,FALSE) -> 0 | AK25: =VLOOKUP($Q25,武学奇术!$A:$ZZ,29,FALSE)*(1+IF(OR($AG25=$F$4,$AG25=$F$5),$B$21,0)) -> 0 | AL25: {=$G$3+IFERROR(VLOOKUP($AG25,$F$4:$G$7,2,FALSE),0)+VLOOKUP($Q25,武学奇术!$A:$ZZ,2,FALSE)+SUM(_xlfn.XLOOKUP($R25:$AF25,增益!$A:$A,增益!$B:$B,0))} -> 0.2642 | AM25: {=VLOOKUP($Q25,武学奇术!$A:$ZZ,5,FALSE)+SUM(_xlfn.XLOOKUP($R25:$AF25,增益!$A:$A,增益!$E:$E,0))} -> 0 | AN25: {=$D$10*(1+$AM25)+VLOOKUP($Q25,武学奇术!$A:$ZZ,3,FALSE)+SUM(_xlfn.XLOOKUP($R25:$AF25,增益!$A:$A,增益!$C:$C,0))-$I$2} -> 3977.2 | AO25: {=$E$10*(1+$AM25)+VLOOKUP($Q25,武学奇术!$A:$ZZ,4,FALSE)+SUM(_xlfn.XLOOKUP($R25:$AF25,增益!$A:$A,增益!$D:$D,0))-$I$2} -> 3977.2 | AP25: {=IF($F$10-$I$3+VLOOKUP($Q25,武学奇术!$A:$ZZ,6,FALSE)+SUM(_xlfn.XLOOKUP(R25:AF25,增益!$A:$A,增益!$F:$F,0))>0,($F$10-$I$3+VLOOKUP($Q25,武学奇术!$A:$ZZ,6,FALSE)+SUM(_xlfn.XLOOKUP(R25:AF25,增益!$A:$A,增益!$F:$F,0)))/200,($F$10-$I$3+VLOOKUP($Q25,武学奇术!$A:$ZZ,6,FALSE)+SUM(_xlfn.XLOOKUP(R25:AF25,增益!$A:$A,增益!$F:$F,0)))/100)} -> 0.294 | AQ25: {=$G$10+VLOOKUP($Q25,武学奇术!$A:$ZZ,7,FALSE)+SUM(_xlfn.XLOOKUP(R25:AF25,增益!$A:$A,增益!$G:$G,0))} -> 0 | AR25: {=VLOOKUP($Q25,武学奇术!$A:$ZZ,8,FALSE)+SUM(_xlfn.XLOOKUP(R25:AF25,增益!$A:$A,增益!$H:$H,0))} -> 0 | AS25: =$D$11*(1+$AR25) -> 0 | AT25: =$E$11*(1+$AR25) -> 0 | AU25: {=IF($F$11-$I$4+VLOOKUP($Q25,武学奇术!$A:$ZZ,9,FALSE)+SUM(_xlfn.XLOOKUP(R25:AF25,增益!$A:$A,增益!$I:$I,0))>0,($F$11-$I$4+VLOOKUP($Q25,武学奇术!$A:$ZZ,9,FALSE)+SUM(_xlfn.XLOOKUP(R25:AF25,增益!$A:$A,增益!$I:$I,0)))/200,($F$11-$I$4+VLOOKUP($Q25,武学奇术!$A:$ZZ,9,FALSE)+SUM(_xlfn.XLOOKUP(R25:AF25,增益!$A:$A,增益!$I:$I,0)))/100)} -> -0.3 | AV25: {=$G$11+VLOOKUP($Q25,武学奇术!$A:$ZZ,10,FALSE)+SUM(_xlfn.XLOOKUP(R25:AF25,增益!$A:$A,增益!$J:$J,0))} -> 0 | AW25: =$D$12*(1+$AR25) -> 0 | AX25: =$E$12*(1+$AR25) -> 0 | AY25: {=IF($F$12-$I$4+VLOOKUP($Q25,武学奇术!$A:$ZZ,11,FALSE)+SUM(_xlfn.XLOOKUP(R25:AF25,增益!$A:$A,增益!$K:$K,0))>0,($F$12-$I$4+VLOOKUP($Q25,武学奇术!$A:$ZZ,11,FALSE)+SUM(_xlfn.XLOOKUP(R25:AF25,增益!$A:$A,增益!$K:$K,0)))/200,($F$12-$I$4+VLOOKUP($Q25,武学奇术!$A:$ZZ,11,FALSE)+SUM(_xlfn.XLOOKUP(R25:AF25,增益!$A:$A,增益!$K:$K,0)))/100)} -> -0.3 | AZ25: {=$G$12+VLOOKUP($Q25,武学奇术!$A:$ZZ,12,FALSE)+SUM(_xlfn.XLOOKUP(R25:AF25,增益!$A:$A,增益!$L:$L,0))} -> 0 | BA25: =$D$13*(1+$AR25) -> 697.4 | BB25: =$E$13*(1+$AR25) -> 1805 | BC25: {=IF($F$13-$I$4+VLOOKUP($Q25,武学奇术!$A:$ZZ,13,FALSE)+SUM(_xlfn.XLOOKUP(R25:AF25,增益!$A:$A,增益!$M:$M,0))>0,($F$13-$I$4+VLOOKUP($Q25,武学奇术!$A:$ZZ,13,FALSE)+SUM(_xlfn.XLOOKUP(R25:AF25,增益!$A:$A,增益!$K:$K,0)))/200,($F$13-$I$4+VLOOKUP($Q25,武学奇术!$A:$ZZ,13,FALSE)+SUM(_xlfn.XLOOKUP(R25:AF25,增益!$A:$A,增益!$M:$M,0)))/100)} -> 0 | BD25: {=$G$13+VLOOKUP($Q25,武学奇术!$A:$ZZ,14,FALSE)+SUM(_xlfn.XLOOKUP(R25:AF25,增益!$A:$A,增益!$N:$N,0))} -> 0.15 | BE25: =$D$14*(1+$AR25) -> 0 | BF25: =$E$14*(1+$AR25) -> 0 | BG25: {=IF($F$14-$I$4+VLOOKUP($Q25,武学奇术!$A:$ZZ,15,FALSE)+SUM(_xlfn.XLOOKUP(R25:AF25,增益!$A:$A,增益!$O:$O,0))>0,($F$14-$I$4+VLOOKUP($Q25,武学奇术!$A:$ZZ,15,FALSE)+SUM(_xlfn.XLOOKUP(R25:AF25,增益!$A:$A,增益!$O:$O,0)))/200,($F$14-$I$4+VLOOKUP($Q25,武学奇术!$A:$ZZ,15,FALSE)+SUM(_xlfn.XLOOKUP(R25:AF25,增益!$A:$A,增益!$O:$O,0)))/100)} -> -0.3 | BH25: {=$G$14+VLOOKUP($Q25,武学奇术!$A:$ZZ,16,FALSE)+SUM(_xlfn.XLOOKUP(R25:AF25,增益!$A:$A,增益!$P:$P,0))} -> 0 | BI25: =MIN(IF(VLOOKUP($Q25,武学奇术!$A:$ZZ,23,FALSE)=1,100%,$B$8),100%) -> 1 | BJ25: {=IF(VLOOKUP($Q25,武学奇术!$A:$ZZ,23,FALSE)=1,100%,MIN(80%,$B$9+VLOOKUP($Q25,武学奇术!$A:$ZZ,17,FALSE)+SUM(_xlfn.XLOOKUP(R25:AF25,增益!$A:$A,增益!$Q:$Q,0)))+$B$11+SUM(_xlfn.XLOOKUP(R25:AF25,增益!$A:$A,增益!$U:$U,0)))*IF(VLOOKUP($Q25,武学奇术!$A:$ZZ,24,FALSE)=1,0,1)} -> 0.8625 | BK25: {=1+$B$13+VLOOKUP($Q25,武学奇术!$A:$ZZ,18,FALSE)+SUM(_xlfn.XLOOKUP(R25:AF25,增益!$A:$A,增益!$R:$R,0))} -> 1.5 | BL25: {=IF(VLOOKUP($Q25,武学奇术!$A:$ZZ,24,FALSE)=1,100%,MIN(40%,$B$10+VLOOKUP($Q25,武学奇术!$A:$ZZ,19,FALSE)+SUM(_xlfn.XLOOKUP(R25:AF25,增益!$A:$A,增益!$S:$S,0)))+$B$12+SUM(_xlfn.XLOOKUP(R25:AF25,增益!$A:$A,增益!$V:$V,0)))*IF(VLOOKUP($Q25,武学奇术!$A:$ZZ,23,FALSE)=1,0,1)} -> 0.0913 | BM25: {=1+$B$14+VLOOKUP($Q25,武学奇术!$A:$ZZ,20,FALSE)+SUM(_xlfn.XLOOKUP(R25:AF25,增益!$A:$A,增益!$T:$T,0))} -> 1.35 | BN25: =MIN((1-BL25)*BI25,BI25*BJ25) -> 0.8625 | BO25: =1-BL25-BN25-BP25 -> 0.0462 | BP25: =IF(VLOOKUP($Q25,武学奇术!$A:$ZZ,22,FALSE)=1,0,(1-$BI25))*(1-$BL25) -> 0 | BQ25: {=SUM(_xlfn.XLOOKUP(R25:AF25,增益!$A:$A,增益!$W:$W,0))+$I$5} -> 0.06
K26: =($L26*$BN26+$M26*$BL26+$N26*$BO26+$O26*$BP26) -> 0 | L26: =((($AN26+$AO26)/2*$AH26+$AI26)*(1+$AP26)*(1+$AQ26)+(($AS26+$AT26)/2*IF($G$1="鸣金",$AJ26,$AH26)+IF($G$1="鸣金",$AK26*1.5,0))*(1+$AU26)*(1+$AV26)+(($AW26+$AX26)/2*IF($G$1="裂石",$AJ26,$AH26)+IF($G$1="裂石",$AK26*1.5,0))*(1+$AY26)*(1+$AZ26)+(($BA26+$BB26)/2*IF($G$1="牵丝",$AJ26,$AH26)+IF($G$1="牵丝",$AK26*1.5,0))*(1+$BC26)*(1+$BD26)+(($BE26+$BF26)/2*IF($G$1="破竹",$AJ26,$AH26)+IF($G$1="破竹",$AK26*1.5,0))*(1+$BG26)*(1+$BH26))*(1+$AL26)*$BK26*$P26*(1+IF(VLOOKUP($Q26,武学奇术!$A:$ZZ,30,FALSE)="蓄力技",#REF!,0))*(1+$BQ26) -> 0 | M26: =(($AO26*$AH26+$AI26)*(1+$AP26)*(1+$AQ26)+($AT26*IF($G$1="鸣金",$AJ26,$AH26)+IF($G$1="鸣金",$AK26*1.5,0))*(1+$AU26)*(1+$AV26)+($AX26*IF($G$1="裂石",$AJ26,$AH26)+IF($G$1="裂石",$AK26*1.5,0))*(1+$AY26)*(1+$AZ26)+($BB26*IF($G$1="牵丝",$AJ26,$AH26)+IF($G$1="牵丝",$AK26*1.5,0))*(1+$BC26)*(1+$BD26)+($BF26*IF($G$1="破竹",$AJ26,$AH26)+IF($G$1="破竹",$AK26*1.5,0))*(1+$BG26)*(1+$BH26))*(1+$AL26)*$BM26*$P26*(1+IF(VLOOKUP($Q26,武学奇术!$A:$ZZ,30,FALSE)="蓄力技",#REF!,0))*(1+$BQ26) -> 0 | N26: =((($AN26+$AO26)/2*$AH26+$AI26)*(1+$AP26)*(1+$AQ26)+(($AS26+$AT26)/2*IF($G$1="鸣金",$AJ26,$AH26)+IF($G$1="鸣金",$AK26*1.5,0))*(1+$AU26)*(1+$AV26)+(($AW26+$AX26)/2*IF($G$1="裂石",$AJ26,$AH26)+IF($G$1="裂石",$AK26*1.5,0))*(1+$AY26)*(1+$AZ26)+(($BA26+$BB26)/2*IF($G$1="牵丝",$AJ26,$AH26)+IF($G$1="牵丝",$AK26*1.5,0))*(1+$BC26)*(1+$BD26)+(($BE26+$BF26)/2*IF($G$1="破竹",$AJ26,$AH26)+IF($G$1="破竹",$AK26*1.5,0))*(1+$BG26)*(1+$BH26))*(1+$AL26)*$P26*(1+IF(VLOOKUP($Q26,武学奇术!$A:$ZZ,30,FALSE)="蓄力技",#REF!,0))*(1+$BQ26) -> 0 | O26: =((($AN26*$AH26+$AI26)*(1+$AP26)*(1+$AQ26)+($AS26*IF($G$1="鸣金",$AJ26,$AH26)+IF($G$1="鸣金",$AK26*1.5,0))*(1+$AU26)*(1+$AV26)+($AW26*IF($G$1="裂石",$AJ26,$AH26)+IF($G$1="裂石",$AK26*1.5,0))*(1+$AY26)*(1+$AZ26)+($BA26*IF($G$1="牵丝",$AJ26,$AH26)+IF($G$1="牵丝",$AK26*1.5,0))*(1+$BC26)*(1+$BD26)+($BE26*IF($G$1="破竹",$AJ26,$AH26)+IF($G$1="破竹",$AK26*1.5,0))*(1+$BG26)*(1+$BH26))*(1+$AL26))*$P26*(1+IF(VLOOKUP($Q26,武学奇术!$A:$ZZ,30,FALSE)="蓄力技",#REF!,0))*(1+$BQ26) -> 0 | P26: 1 | Q26: N/a | R26: N/a | S26: N/a | T26: N/a | U26: N/a | V26: N/a | W26: N/a | X26: N/a | Y26: N/a | Z26: N/a | AA26: N/a | AB26: N/a | AC26: N/a | AD26: N/a | AE26: N/a | AF26: N/a | AG26: =VLOOKUP($Q26,武学奇术!$A:$ZZ,25,FALSE) -> 心法 | AH26: =VLOOKUP($Q26,武学奇术!$A:$ZZ,26,FALSE) -> 0 | AI26: =VLOOKUP($Q26,武学奇术!$A:$ZZ,27,FALSE)*(1+IF(OR($AG26=$F$4,$AG26=$F$5),$B$21,0)) -> 0 | AJ26: =VLOOKUP($Q26,武学奇术!$A:$ZZ,28,FALSE) -> 0 | AK26: =VLOOKUP($Q26,武学奇术!$A:$ZZ,29,FALSE)*(1+IF(OR($AG26=$F$4,$AG26=$F$5),$B$21,0)) -> 0 | AL26: {=$G$3+IFERROR(VLOOKUP($AG26,$F$4:$G$7,2,FALSE),0)+VLOOKUP($Q26,武学奇术!$A:$ZZ,2,FALSE)+SUM(_xlfn.XLOOKUP($R26:$AF26,增益!$A:$A,增益!$B:$B,0))} -> 0.2642 | AM26: {=VLOOKUP($Q26,武学奇术!$A:$ZZ,5,FALSE)+SUM(_xlfn.XLOOKUP($R26:$AF26,增益!$A:$A,增益!$E:$E,0))} -> 0 | AN26: {=$D$10*(1+$AM26)+VLOOKUP($Q26,武学奇术!$A:$ZZ,3,FALSE)+SUM(_xlfn.XLOOKUP($R26:$AF26,增益!$A:$A,增益!$C:$C,0))-$I$2} -> 3977.2 | AO26: {=$E$10*(1+$AM26)+VLOOKUP($Q26,武学奇术!$A:$ZZ,4,FALSE)+SUM(_xlfn.XLOOKUP($R26:$AF26,增益!$A:$A,增益!$D:$D,0))-$I$2} -> 3977.2 | AP26: {=IF($F$10-$I$3+VLOOKUP($Q26,武学奇术!$A:$ZZ,6,FALSE)+SUM(_xlfn.XLOOKUP(R26:AF26,增益!$A:$A,增益!$F:$F,0))>0,($F$10-$I$3+VLOOKUP($Q26,武学奇术!$A:$ZZ,6,FALSE)+SUM(_xlfn.XLOOKUP(R26:AF26,增益!$A:$A,增益!$F:$F,0)))/200,($F$10-$I$3+VLOOKUP($Q26,武学奇术!$A:$ZZ,6,FALSE)+SUM(_xlfn.XLOOKUP(R26:AF26,增益!$A:$A,增益!$F:$F,0)))/100)} -> 0.294 | AQ26: {=$G$10+VLOOKUP($Q26,武学奇术!$A:$ZZ,7,FALSE)+SUM(_xlfn.XLOOKUP(R26:AF26,增益!$A:$A,增益!$G:$G,0))} -> 0 | AR26: {=VLOOKUP($Q26,武学奇术!$A:$ZZ,8,FALSE)+SUM(_xlfn.XLOOKUP(R26:AF26,增益!$A:$A,增益!$H:$H,0))} -> 0 | AS26: =$D$11*(1+$AR26) -> 0 | AT26: =$E$11*(1+$AR26) -> 0 | AU26: {=IF($F$11-$I$4+VLOOKUP($Q26,武学奇术!$A:$ZZ,9,FALSE)+SUM(_xlfn.XLOOKUP(R26:AF26,增益!$A:$A,增益!$I:$I,0))>0,($F$11-$I$4+VLOOKUP($Q26,武学奇术!$A:$ZZ,9,FALSE)+SUM(_xlfn.XLOOKUP(R26:AF26,增益!$A:$A,增益!$I:$I,0)))/200,($F$11-$I$4+VLOOKUP($Q26,武学奇术!$A:$ZZ,9,FALSE)+SUM(_xlfn.XLOOKUP(R26:AF26,增益!$A:$A,增益!$I:$I,0)))/100)} -> -0.3 | AV26: {=$G$11+VLOOKUP($Q26,武学奇术!$A:$ZZ,10,FALSE)+SUM(_xlfn.XLOOKUP(R26:AF26,增益!$A:$A,增益!$J:$J,0))} -> 0 | AW26: =$D$12*(1+$AR26) -> 0 | AX26: =$E$12*(1+$AR26) -> 0 | AY26: {=IF($F$12-$I$4+VLOOKUP($Q26,武学奇术!$A:$ZZ,11,FALSE)+SUM(_xlfn.XLOOKUP(R26:AF26,增益!$A:$A,增益!$K:$K,0))>0,($F$12-$I$4+VLOOKUP($Q26,武学奇术!$A:$ZZ,11,FALSE)+SUM(_xlfn.XLOOKUP(R26:AF26,增益!$A:$A,增益!$K:$K,0)))/200,($F$12-$I$4+VLOOKUP($Q26,武学奇术!$A:$ZZ,11,FALSE)+SUM(_xlfn.XLOOKUP(R26:AF26,增益!$A:$A,增益!$K:$K,0)))/100)} -> -0.3 | AZ26: {=$G$12+VLOOKUP($Q26,武学奇术!$A:$ZZ,12,FALSE)+SUM(_xlfn.XLOOKUP(R26:AF26,增益!$A:$A,增益!$L:$L,0))} -> 0 | BA26: =$D$13*(1+$AR26) -> 697.4 | BB26: =$E$13*(1+$AR26) -> 1805 | BC26: {=IF($F$13-$I$4+VLOOKUP($Q26,武学奇术!$A:$ZZ,13,FALSE)+SUM(_xlfn.XLOOKUP(R26:AF26,增益!$A:$A,增益!$M:$M,0))>0,($F$13-$I$4+VLOOKUP($Q26,武学奇术!$A:$ZZ,13,FALSE)+SUM(_xlfn.XLOOKUP(R26:AF26,增益!$A:$A,增益!$K:$K,0)))/200,($F$13-$I$4+VLOOKUP($Q26,武学奇术!$A:$ZZ,13,FALSE)+SUM(_xlfn.XLOOKUP(R26:AF26,增益!$A:$A,增益!$M:$M,0)))/100)} -> 0 | BD26: {=$G$13+VLOOKUP($Q26,武学奇术!$A:$ZZ,14,FALSE)+SUM(_xlfn.XLOOKUP(R26:AF26,增益!$A:$A,增益!$N:$N,0))} -> 0.15 | BE26: =$D$14*(1+$AR26) -> 0 | BF26: =$E$14*(1+$AR26) -> 0 | BG26: {=IF($F$14-$I$4+VLOOKUP($Q26,武学奇术!$A:$ZZ,15,FALSE)+SUM(_xlfn.XLOOKUP(R26:AF26,增益!$A:$A,增益!$O:$O,0))>0,($F$14-$I$4+VLOOKUP($Q26,武学奇术!$A:$ZZ,15,FALSE)+SUM(_xlfn.XLOOKUP(R26:AF26,增益!$A:$A,增益!$O:$O,0)))/200,($F$14-$I$4+VLOOKUP($Q26,武学奇术!$A:$ZZ,15,FALSE)+SUM(_xlfn.XLOOKUP(R26:AF26,增益!$A:$A,增益!$O:$O,0)))/100)} -> -0.3 | BH26: {=$G$14+VLOOKUP($Q26,武学奇术!$A:$ZZ,16,FALSE)+SUM(_xlfn.XLOOKUP(R26:AF26,增益!$A:$A,增益!$P:$P,0))} -> 0 | BI26: =MIN(IF(VLOOKUP($Q26,武学奇术!$A:$ZZ,23,FALSE)=1,100%,$B$8),100%) -> 1 | BJ26: {=IF(VLOOKUP($Q26,武学奇术!$A:$ZZ,23,FALSE)=1,100%,MIN(80%,$B$9+VLOOKUP($Q26,武学奇术!$A:$ZZ,17,FALSE)+SUM(_xlfn.XLOOKUP(R26:AF26,增益!$A:$A,增益!$Q:$Q,0)))+$B$11+SUM(_xlfn.XLOOKUP(R26:AF26,增益!$A:$A,增益!$U:$U,0)))*IF(VLOOKUP($Q26,武学奇术!$A:$ZZ,24,FALSE)=1,0,1)} -> 0.8625 | BK26: {=1+$B$13+VLOOKUP($Q26,武学奇术!$A:$ZZ,18,FALSE)+SUM(_xlfn.XLOOKUP(R26:AF26,增益!$A:$A,增益!$R:$R,0))} -> 1.5 | BL26: {=IF(VLOOKUP($Q26,武学奇术!$A:$ZZ,24,FALSE)=1,100%,MIN(40%,$B$10+VLOOKUP($Q26,武学奇术!$A:$ZZ,19,FALSE)+SUM(_xlfn.XLOOKUP(R26:AF26,增益!$A:$A,增益!$S:$S,0)))+$B$12+SUM(_xlfn.XLOOKUP(R26:AF26,增益!$A:$A,增益!$V:$V,0)))*IF(VLOOKUP($Q26,武学奇术!$A:$ZZ,23,FALSE)=1,0,1)} -> 0.0913 | BM26: {=1+$B$14+VLOOKUP($Q26,武学奇术!$A:$ZZ,20,FALSE)+SUM(_xlfn.XLOOKUP(R26:AF26,增益!$A:$A,增益!$T:$T,0))} -> 1.35 | BN26: =MIN((1-BL26)*BI26,BI26*BJ26) -> 0.8625 | BO26: =1-BL26-BN26-BP26 -> 0.0462 | BP26: =IF(VLOOKUP($Q26,武学奇术!$A:$ZZ,22,FALSE)=1,0,(1-$BI26))*(1-$BL26) -> 0 | BQ26: {=SUM(_xlfn.XLOOKUP(R26:AF26,增益!$A:$A,增益!$W:$W,0))+$I$5} -> 0.06
K27: =($L27*$BN27+$M27*$BL27+$N27*$BO27+$O27*$BP27) -> 0 | L27: =((($AN27+$AO27)/2*$AH27+$AI27)*(1+$AP27)*(1+$AQ27)+(($AS27+$AT27)/2*IF($G$1="鸣金",$AJ27,$AH27)+IF($G$1="鸣金",$AK27*1.5,0))*(1+$AU27)*(1+$AV27)+(($AW27+$AX27)/2*IF($G$1="裂石",$AJ27,$AH27)+IF($G$1="裂石",$AK27*1.5,0))*(1+$AY27)*(1+$AZ27)+(($BA27+$BB27)/2*IF($G$1="牵丝",$AJ27,$AH27)+IF($G$1="牵丝",$AK27*1.5,0))*(1+$BC27)*(1+$BD27)+(($BE27+$BF27)/2*IF($G$1="破竹",$AJ27,$AH27)+IF($G$1="破竹",$AK27*1.5,0))*(1+$BG27)*(1+$BH27))*(1+$AL27)*$BK27*$P27*(1+IF(VLOOKUP($Q27,武学奇术!$A:$ZZ,30,FALSE)="蓄力技",#REF!,0))*(1+$BQ27) -> 0 | M27: =(($AO27*$AH27+$AI27)*(1+$AP27)*(1+$AQ27)+($AT27*IF($G$1="鸣金",$AJ27,$AH27)+IF($G$1="鸣金",$AK27*1.5,0))*(1+$AU27)*(1+$AV27)+($AX27*IF($G$1="裂石",$AJ27,$AH27)+IF($G$1="裂石",$AK27*1.5,0))*(1+$AY27)*(1+$AZ27)+($BB27*IF($G$1="牵丝",$AJ27,$AH27)+IF($G$1="牵丝",$AK27*1.5,0))*(1+$BC27)*(1+$BD27)+($BF27*IF($G$1="破竹",$AJ27,$AH27)+IF($G$1="破竹",$AK27*1.5,0))*(1+$BG27)*(1+$BH27))*(1+$AL27)*$BM27*$P27*(1+IF(VLOOKUP($Q27,武学奇术!$A:$ZZ,30,FALSE)="蓄力技",#REF!,0))*(1+$BQ27) -> 0 | N27: =((($AN27+$AO27)/2*$AH27+$AI27)*(1+$AP27)*(1+$AQ27)+(($AS27+$AT27)/2*IF($G$1="鸣金",$AJ27,$AH27)+IF($G$1="鸣金",$AK27*1.5,0))*(1+$AU27)*(1+$AV27)+(($AW27+$AX27)/2*IF($G$1="裂石",$AJ27,$AH27)+IF($G$1="裂石",$AK27*1.5,0))*(1+$AY27)*(1+$AZ27)+(($BA27+$BB27)/2*IF($G$1="牵丝",$AJ27,$AH27)+IF($G$1="牵丝",$AK27*1.5,0))*(1+$BC27)*(1+$BD27)+(($BE27+$BF27)/2*IF($G$1="破竹",$AJ27,$AH27)+IF($G$1="破竹",$AK27*1.5,0))*(1+$BG27)*(1+$BH27))*(1+$AL27)*$P27*(1+IF(VLOOKUP($Q27,武学奇术!$A:$ZZ,30,FALSE)="蓄力技",#REF!,0))*(1+$BQ27) -> 0 | O27: =((($AN27*$AH27+$AI27)*(1+$AP27)*(1+$AQ27)+($AS27*IF($G$1="鸣金",$AJ27,$AH27)+IF($G$1="鸣金",$AK27*1.5,0))*(1+$AU27)*(1+$AV27)+($AW27*IF($G$1="裂石",$AJ27,$AH27)+IF($G$1="裂石",$AK27*1.5,0))*(1+$AY27)*(1+$AZ27)+($BA27*IF($G$1="牵丝",$AJ27,$AH27)+IF($G$1="牵丝",$AK27*1.5,0))*(1+$BC27)*(1+$BD27)+($BE27*IF($G$1="破竹",$AJ27,$AH27)+IF($G$1="破竹",$AK27*1.5,0))*(1+$BG27)*(1+$BH27))*(1+$AL27))*$P27*(1+IF(VLOOKUP($Q27,武学奇术!$A:$ZZ,30,FALSE)="蓄力技",#REF!,0))*(1+$BQ27) -> 0 | P27: 1 | Q27: N/a | R27: N/a | S27: N/a | T27: N/a | U27: N/a | V27: N/a | W27: N/a | X27: N/a | Y27: N/a | Z27: N/a | AA27: N/a | AB27: N/a | AC27: N/a | AD27: N/a | AE27: N/a | AF27: N/a | AG27: =VLOOKUP($Q27,武学奇术!$A:$ZZ,25,FALSE) -> 心法 | AH27: =VLOOKUP($Q27,武学奇术!$A:$ZZ,26,FALSE) -> 0 | AI27: =VLOOKUP($Q27,武学奇术!$A:$ZZ,27,FALSE)*(1+IF(OR($AG27=$F$4,$AG27=$F$5),$B$21,0)) -> 0 | AJ27: =VLOOKUP($Q27,武学奇术!$A:$ZZ,28,FALSE) -> 0 | AK27: =VLOOKUP($Q27,武学奇术!$A:$ZZ,29,FALSE)*(1+IF(OR($AG27=$F$4,$AG27=$F$5),$B$21,0)) -> 0 | AL27: {=$G$3+IFERROR(VLOOKUP($AG27,$F$4:$G$7,2,FALSE),0)+VLOOKUP($Q27,武学奇术!$A:$ZZ,2,FALSE)+SUM(_xlfn.XLOOKUP($R27:$AF27,增益!$A:$A,增益!$B:$B,0))} -> 0.2642 | AM27: {=VLOOKUP($Q27,武学奇术!$A:$ZZ,5,FALSE)+SUM(_xlfn.XLOOKUP($R27:$AF27,增益!$A:$A,增益!$E:$E,0))} -> 0 | AN27: {=$D$10*(1+$AM27)+VLOOKUP($Q27,武学奇术!$A:$ZZ,3,FALSE)+SUM(_xlfn.XLOOKUP($R27:$AF27,增益!$A:$A,增益!$C:$C,0))-$I$2} -> 3977.2 | AO27: {=$E$10*(1+$AM27)+VLOOKUP($Q27,武学奇术!$A:$ZZ,4,FALSE)+SUM(_xlfn.XLOOKUP($R27:$AF27,增益!$A:$A,增益!$D:$D,0))-$I$2} -> 3977.2 | AP27: {=IF($F$10-$I$3+VLOOKUP($Q27,武学奇术!$A:$ZZ,6,FALSE)+SUM(_xlfn.XLOOKUP(R27:AF27,增益!$A:$A,增益!$F:$F,0))>0,($F$10-$I$3+VLOOKUP($Q27,武学奇术!$A:$ZZ,6,FALSE)+SUM(_xlfn.XLOOKUP(R27:AF27,增益!$A:$A,增益!$F:$F,0)))/200,($F$10-$I$3+VLOOKUP($Q27,武学奇术!$A:$ZZ,6,FALSE)+SUM(_xlfn.XLOOKUP(R27:AF27,增益!$A:$A,增益!$F:$F,0)))/100)} -> 0.294 | AQ27: {=$G$10+VLOOKUP($Q27,武学奇术!$A:$ZZ,7,FALSE)+SUM(_xlfn.XLOOKUP(R27:AF27,增益!$A:$A,增益!$G:$G,0))} -> 0 | AR27: {=VLOOKUP($Q27,武学奇术!$A:$ZZ,8,FALSE)+SUM(_xlfn.XLOOKUP(R27:AF27,增益!$A:$A,增益!$H:$H,0))} -> 0 | AS27: =$D$11*(1+$AR27) -> 0 | AT27: =$E$11*(1+$AR27) -> 0 | AU27: {=IF($F$11-$I$4+VLOOKUP($Q27,武学奇术!$A:$ZZ,9,FALSE)+SUM(_xlfn.XLOOKUP(R27:AF27,增益!$A:$A,增益!$I:$I,0))>0,($F$11-$I$4+VLOOKUP($Q27,武学奇术!$A:$ZZ,9,FALSE)+SUM(_xlfn.XLOOKUP(R27:AF27,增益!$A:$A,增益!$I:$I,0)))/200,($F$11-$I$4+VLOOKUP($Q27,武学奇术!$A:$ZZ,9,FALSE)+SUM(_xlfn.XLOOKUP(R27:AF27,增益!$A:$A,增益!$I:$I,0)))/100)} -> -0.3 | AV27: {=$G$11+VLOOKUP($Q27,武学奇术!$A:$ZZ,10,FALSE)+SUM(_xlfn.XLOOKUP(R27:AF27,增益!$A:$A,增益!$J:$J,0))} -> 0 | AW27: =$D$12*(1+$AR27) -> 0 | AX27: =$E$12*(1+$AR27) -> 0 | AY27: {=IF($F$12-$I$4+VLOOKUP($Q27,武学奇术!$A:$ZZ,11,FALSE)+SUM(_xlfn.XLOOKUP(R27:AF27,增益!$A:$A,增益!$K:$K,0))>0,($F$12-$I$4+VLOOKUP($Q27,武学奇术!$A:$ZZ,11,FALSE)+SUM(_xlfn.XLOOKUP(R27:AF27,增益!$A:$A,增益!$K:$K,0)))/200,($F$12-$I$4+VLOOKUP($Q27,武学奇术!$A:$ZZ,11,FALSE)+SUM(_xlfn.XLOOKUP(R27:AF27,增益!$A:$A,增益!$K:$K,0)))/100)} -> -0.3 | AZ27: {=$G$12+VLOOKUP($Q27,武学奇术!$A:$ZZ,12,FALSE)+SUM(_xlfn.XLOOKUP(R27:AF27,增益!$A:$A,增益!$L:$L,0))} -> 0 | BA27: =$D$13*(1+$AR27) -> 697.4 | BB27: =$E$13*(1+$AR27) -> 1805 | BC27: {=IF($F$13-$I$4+VLOOKUP($Q27,武学奇术!$A:$ZZ,13,FALSE)+SUM(_xlfn.XLOOKUP(R27:AF27,增益!$A:$A,增益!$M:$M,0))>0,($F$13-$I$4+VLOOKUP($Q27,武学奇术!$A:$ZZ,13,FALSE)+SUM(_xlfn.XLOOKUP(R27:AF27,增益!$A:$A,增益!$K:$K,0)))/200,($F$13-$I$4+VLOOKUP($Q27,武学奇术!$A:$ZZ,13,FALSE)+SUM(_xlfn.XLOOKUP(R27:AF27,增益!$A:$A,增益!$M:$M,0)))/100)} -> 0 | BD27: {=$G$13+VLOOKUP($Q27,武学奇术!$A:$ZZ,14,FALSE)+SUM(_xlfn.XLOOKUP(R27:AF27,增益!$A:$A,增益!$N:$N,0))} -> 0.15 | BE27: =$D$14*(1+$AR27) -> 0 | BF27: =$E$14*(1+$AR27) -> 0 | BG27: {=IF($F$14-$I$4+VLOOKUP($Q27,武学奇术!$A:$ZZ,15,FALSE)+SUM(_xlfn.XLOOKUP(R27:AF27,增益!$A:$A,增益!$O:$O,0))>0,($F$14-$I$4+VLOOKUP($Q27,武学奇术!$A:$ZZ,15,FALSE)+SUM(_xlfn.XLOOKUP(R27:AF27,增益!$A:$A,增益!$O:$O,0)))/200,($F$14-$I$4+VLOOKUP($Q27,武学奇术!$A:$ZZ,15,FALSE)+SUM(_xlfn.XLOOKUP(R27:AF27,增益!$A:$A,增益!$O:$O,0)))/100)} -> -0.3 | BH27: {=$G$14+VLOOKUP($Q27,武学奇术!$A:$ZZ,16,FALSE)+SUM(_xlfn.XLOOKUP(R27:AF27,增益!$A:$A,增益!$P:$P,0))} -> 0 | BI27: =MIN(IF(VLOOKUP($Q27,武学奇术!$A:$ZZ,23,FALSE)=1,100%,$B$8),100%) -> 1 | BJ27: {=IF(VLOOKUP($Q27,武学奇术!$A:$ZZ,23,FALSE)=1,100%,MIN(80%,$B$9+VLOOKUP($Q27,武学奇术!$A:$ZZ,17,FALSE)+SUM(_xlfn.XLOOKUP(R27:AF27,增益!$A:$A,增益!$Q:$Q,0)))+$B$11+SUM(_xlfn.XLOOKUP(R27:AF27,增益!$A:$A,增益!$U:$U,0)))*IF(VLOOKUP($Q27,武学奇术!$A:$ZZ,24,FALSE)=1,0,1)} -> 0.8625 | BK27: {=1+$B$13+VLOOKUP($Q27,武学奇术!$A:$ZZ,18,FALSE)+SUM(_xlfn.XLOOKUP(R27:AF27,增益!$A:$A,增益!$R:$R,0))} -> 1.5 | BL27: {=IF(VLOOKUP($Q27,武学奇术!$A:$ZZ,24,FALSE)=1,100%,MIN(40%,$B$10+VLOOKUP($Q27,武学奇术!$A:$ZZ,19,FALSE)+SUM(_xlfn.XLOOKUP(R27:AF27,增益!$A:$A,增益!$S:$S,0)))+$B$12+SUM(_xlfn.XLOOKUP(R27:AF27,增益!$A:$A,增益!$V:$V,0)))*IF(VLOOKUP($Q27,武学奇术!$A:$ZZ,23,FALSE)=1,0,1)} -> 0.0913 | BM27: {=1+$B$14+VLOOKUP($Q27,武学奇术!$A:$ZZ,20,FALSE)+SUM(_xlfn.XLOOKUP(R27:AF27,增益!$A:$A,增益!$T:$T,0))} -> 1.35 | BN27: =MIN((1-BL27)*BI27,BI27*BJ27) -> 0.8625 | BO27: =1-BL27-BN27-BP27 -> 0.0462 | BP27: =IF(VLOOKUP($Q27,武学奇术!$A:$ZZ,22,FALSE)=1,0,(1-$BI27))*(1-$BL27) -> 0 | BQ27: {=SUM(_xlfn.XLOOKUP(R27:AF27,增益!$A:$A,增益!$W:$W,0))+$I$5} -> 0.06
K28: =($L28*$BN28+$M28*$BL28+$N28*$BO28+$O28*$BP28) -> 0 | L28: =((($AN28+$AO28)/2*$AH28+$AI28)*(1+$AP28)*(1+$AQ28)+(($AS28+$AT28)/2*IF($G$1="鸣金",$AJ28,$AH28)+IF($G$1="鸣金",$AK28*1.5,0))*(1+$AU28)*(1+$AV28)+(($AW28+$AX28)/2*IF($G$1="裂石",$AJ28,$AH28)+IF($G$1="裂石",$AK28*1.5,0))*(1+$AY28)*(1+$AZ28)+(($BA28+$BB28)/2*IF($G$1="牵丝",$AJ28,$AH28)+IF($G$1="牵丝",$AK28*1.5,0))*(1+$BC28)*(1+$BD28)+(($BE28+$BF28)/2*IF($G$1="破竹",$AJ28,$AH28)+IF($G$1="破竹",$AK28*1.5,0))*(1+$BG28)*(1+$BH28))*(1+$AL28)*$BK28*$P28*(1+IF(VLOOKUP($Q28,武学奇术!$A:$ZZ,30,FALSE)="蓄力技",#REF!,0))*(1+$BQ28) -> 0 | M28: =(($AO28*$AH28+$AI28)*(1+$AP28)*(1+$AQ28)+($AT28*IF($G$1="鸣金",$AJ28,$AH28)+IF($G$1="鸣金",$AK28*1.5,0))*(1+$AU28)*(1+$AV28)+($AX28*IF($G$1="裂石",$AJ28,$AH28)+IF($G$1="裂石",$AK28*1.5,0))*(1+$AY28)*(1+$AZ28)+($BB28*IF($G$1="牵丝",$AJ28,$AH28)+IF($G$1="牵丝",$AK28*1.5,0))*(1+$BC28)*(1+$BD28)+($BF28*IF($G$1="破竹",$AJ28,$AH28)+IF($G$1="破竹",$AK28*1.5,0))*(1+$BG28)*(1+$BH28))*(1+$AL28)*$BM28*$P28*(1+IF(VLOOKUP($Q28,武学奇术!$A:$ZZ,30,FALSE)="蓄力技",#REF!,0))*(1+$BQ28) -> 0 | N28: =((($AN28+$AO28)/2*$AH28+$AI28)*(1+$AP28)*(1+$AQ28)+(($AS28+$AT28)/2*IF($G$1="鸣金",$AJ28,$AH28)+IF($G$1="鸣金",$AK28*1.5,0))*(1+$AU28)*(1+$AV28)+(($AW28+$AX28)/2*IF($G$1="裂石",$AJ28,$AH28)+IF($G$1="裂石",$AK28*1.5,0))*(1+$AY28)*(1+$AZ28)+(($BA28+$BB28)/2*IF($G$1="牵丝",$AJ28,$AH28)+IF($G$1="牵丝",$AK28*1.5,0))*(1+$BC28)*(1+$BD28)+(($BE28+$BF28)/2*IF($G$1="破竹",$AJ28,$AH28)+IF($G$1="破竹",$AK28*1.5,0))*(1+$BG28)*(1+$BH28))*(1+$AL28)*$P28*(1+IF(VLOOKUP($Q28,武学奇术!$A:$ZZ,30,FALSE)="蓄力技",#REF!,0))*(1+$BQ28) -> 0 | O28: =((($AN28*$AH28+$AI28)*(1+$AP28)*(1+$AQ28)+($AS28*IF($G$1="鸣金",$AJ28,$AH28)+IF($G$1="鸣金",$AK28*1.5,0))*(1+$AU28)*(1+$AV28)+($AW28*IF($G$1="裂石",$AJ28,$AH28)+IF($G$1="裂石",$AK28*1.5,0))*(1+$AY28)*(1+$AZ28)+($BA28*IF($G$1="牵丝",$AJ28,$AH28)+IF($G$1="牵丝",$AK28*1.5,0))*(1+$BC28)*(1+$BD28)+($BE28*IF($G$1="破竹",$AJ28,$AH28)+IF($G$1="破竹",$AK28*1.5,0))*(1+$BG28)*(1+$BH28))*(1+$AL28))*$P28*(1+IF(VLOOKUP($Q28,武学奇术!$A:$ZZ,30,FALSE)="蓄力技",#REF!,0))*(1+$BQ28) -> 0 | P28: 1 | Q28: N/a | R28: N/a | S28: N/a | T28: N/a | U28: N/a | V28: N/a | W28: N/a | X28: N/a | Y28: N/a | Z28: N/a | AA28: N/a | AB28: N/a | AC28: N/a | AD28: N/a | AE28: N/a | AF28: N/a | AG28: =VLOOKUP($Q28,武学奇术!$A:$ZZ,25,FALSE) -> 心法 | AH28: =VLOOKUP($Q28,武学奇术!$A:$ZZ,26,FALSE) -> 0 | AI28: =VLOOKUP($Q28,武学奇术!$A:$ZZ,27,FALSE)*(1+IF(OR($AG28=$F$4,$AG28=$F$5),$B$21,0)) -> 0 | AJ28: =VLOOKUP($Q28,武学奇术!$A:$ZZ,28,FALSE) -> 0 | AK28: =VLOOKUP($Q28,武学奇术!$A:$ZZ,29,FALSE)*(1+IF(OR($AG28=$F$4,$AG28=$F$5),$B$21,0)) -> 0 | AL28: {=$G$3+IFERROR(VLOOKUP($AG28,$F$4:$G$7,2,FALSE),0)+VLOOKUP($Q28,武学奇术!$A:$ZZ,2,FALSE)+SUM(_xlfn.XLOOKUP($R28:$AF28,增益!$A:$A,增益!$B:$B,0))} -> 0.2642 | AM28: {=VLOOKUP($Q28,武学奇术!$A:$ZZ,5,FALSE)+SUM(_xlfn.XLOOKUP($R28:$AF28,增益!$A:$A,增益!$E:$E,0))} -> 0 | AN28: {=$D$10*(1+$AM28)+VLOOKUP($Q28,武学奇术!$A:$ZZ,3,FALSE)+SUM(_xlfn.XLOOKUP($R28:$AF28,增益!$A:$A,增益!$C:$C,0))-$I$2} -> 3977.2 | AO28: {=$E$10*(1+$AM28)+VLOOKUP($Q28,武学奇术!$A:$ZZ,4,FALSE)+SUM(_xlfn.XLOOKUP($R28:$AF28,增益!$A:$A,增益!$D:$D,0))-$I$2} -> 3977.2 | AP28: {=IF($F$10-$I$3+VLOOKUP($Q28,武学奇术!$A:$ZZ,6,FALSE)+SUM(_xlfn.XLOOKUP(R28:AF28,增益!$A:$A,增益!$F:$F,0))>0,($F$10-$I$3+VLOOKUP($Q28,武学奇术!$A:$ZZ,6,FALSE)+SUM(_xlfn.XLOOKUP(R28:AF28,增益!$A:$A,增益!$F:$F,0)))/200,($F$10-$I$3+VLOOKUP($Q28,武学奇术!$A:$ZZ,6,FALSE)+SUM(_xlfn.XLOOKUP(R28:AF28,增益!$A:$A,增益!$F:$F,0)))/100)} -> 0.294 | AQ28: {=$G$10+VLOOKUP($Q28,武学奇术!$A:$ZZ,7,FALSE)+SUM(_xlfn.XLOOKUP(R28:AF28,增益!$A:$A,增益!$G:$G,0))} -> 0 | AR28: {=VLOOKUP($Q28,武学奇术!$A:$ZZ,8,FALSE)+SUM(_xlfn.XLOOKUP(R28:AF28,增益!$A:$A,增益!$H:$H,0))} -> 0 | AS28: =$D$11*(1+$AR28) -> 0 | AT28: =$E$11*(1+$AR28) -> 0 | AU28: {=IF($F$11-$I$4+VLOOKUP($Q28,武学奇术!$A:$ZZ,9,FALSE)+SUM(_xlfn.XLOOKUP(R28:AF28,增益!$A:$A,增益!$I:$I,0))>0,($F$11-$I$4+VLOOKUP($Q28,武学奇术!$A:$ZZ,9,FALSE)+SUM(_xlfn.XLOOKUP(R28:AF28,增益!$A:$A,增益!$I:$I,0)))/200,($F$11-$I$4+VLOOKUP($Q28,武学奇术!$A:$ZZ,9,FALSE)+SUM(_xlfn.XLOOKUP(R28:AF28,增益!$A:$A,增益!$I:$I,0)))/100)} -> -0.3 | AV28: {=$G$11+VLOOKUP($Q28,武学奇术!$A:$ZZ,10,FALSE)+SUM(_xlfn.XLOOKUP(R28:AF28,增益!$A:$A,增益!$J:$J,0))} -> 0 | AW28: =$D$12*(1+$AR28) -> 0 | AX28: =$E$12*(1+$AR28) -> 0 | AY28: {=IF($F$12-$I$4+VLOOKUP($Q28,武学奇术!$A:$ZZ,11,FALSE)+SUM(_xlfn.XLOOKUP(R28:AF28,增益!$A:$A,增益!$K:$K,0))>0,($F$12-$I$4+VLOOKUP($Q28,武学奇术!$A:$ZZ,11,FALSE)+SUM(_xlfn.XLOOKUP(R28:AF28,增益!$A:$A,增益!$K:$K,0)))/200,($F$12-$I$4+VLOOKUP($Q28,武学奇术!$A:$ZZ,11,FALSE)+SUM(_xlfn.XLOOKUP(R28:AF28,增益!$A:$A,增益!$K:$K,0)))/100)} -> -0.3 | AZ28: {=$G$12+VLOOKUP($Q28,武学奇术!$A:$ZZ,12,FALSE)+SUM(_xlfn.XLOOKUP(R28:AF28,增益!$A:$A,增益!$L:$L,0))} -> 0 | BA28: =$D$13*(1+$AR28) -> 697.4 | BB28: =$E$13*(1+$AR28) -> 1805 | BC28: {=IF($F$13-$I$4+VLOOKUP($Q28,武学奇术!$A:$ZZ,13,FALSE)+SUM(_xlfn.XLOOKUP(R28:AF28,增益!$A:$A,增益!$M:$M,0))>0,($F$13-$I$4+VLOOKUP($Q28,武学奇术!$A:$ZZ,13,FALSE)+SUM(_xlfn.XLOOKUP(R28:AF28,增益!$A:$A,增益!$K:$K,0)))/200,($F$13-$I$4+VLOOKUP($Q28,武学奇术!$A:$ZZ,13,FALSE)+SUM(_xlfn.XLOOKUP(R28:AF28,增益!$A:$A,增益!$M:$M,0)))/100)} -> 0 | BD28: {=$G$13+VLOOKUP($Q28,武学奇术!$A:$ZZ,14,FALSE)+SUM(_xlfn.XLOOKUP(R28:AF28,增益!$A:$A,增益!$N:$N,0))} -> 0.15 | BE28: =$D$14*(1+$AR28) -> 0 | BF28: =$E$14*(1+$AR28) -> 0 | BG28: {=IF($F$14-$I$4+VLOOKUP($Q28,武学奇术!$A:$ZZ,15,FALSE)+SUM(_xlfn.XLOOKUP(R28:AF28,增益!$A:$A,增益!$O:$O,0))>0,($F$14-$I$4+VLOOKUP($Q28,武学奇术!$A:$ZZ,15,FALSE)+SUM(_xlfn.XLOOKUP(R28:AF28,增益!$A:$A,增益!$O:$O,0)))/200,($F$14-$I$4+VLOOKUP($Q28,武学奇术!$A:$ZZ,15,FALSE)+SUM(_xlfn.XLOOKUP(R28:AF28,增益!$A:$A,增益!$O:$O,0)))/100)} -> -0.3 | BH28: {=$G$14+VLOOKUP($Q28,武学奇术!$A:$ZZ,16,FALSE)+SUM(_xlfn.XLOOKUP(R28:AF28,增益!$A:$A,增益!$P:$P,0))} -> 0 | BI28: =MIN(IF(VLOOKUP($Q28,武学奇术!$A:$ZZ,23,FALSE)=1,100%,$B$8),100%) -> 1 | BJ28: {=IF(VLOOKUP($Q28,武学奇术!$A:$ZZ,23,FALSE)=1,100%,MIN(80%,$B$9+VLOOKUP($Q28,武学奇术!$A:$ZZ,17,FALSE)+SUM(_xlfn.XLOOKUP(R28:AF28,增益!$A:$A,增益!$Q:$Q,0)))+$B$11+SUM(_xlfn.XLOOKUP(R28:AF28,增益!$A:$A,增益!$U:$U,0)))*IF(VLOOKUP($Q28,武学奇术!$A:$ZZ,24,FALSE)=1,0,1)} -> 0.8625 | BK28: {=1+$B$13+VLOOKUP($Q28,武学奇术!$A:$ZZ,18,FALSE)+SUM(_xlfn.XLOOKUP(R28:AF28,增益!$A:$A,增益!$R:$R,0))} -> 1.5 | BL28: {=IF(VLOOKUP($Q28,武学奇术!$A:$ZZ,24,FALSE)=1,100%,MIN(40%,$B$10+VLOOKUP($Q28,武学奇术!$A:$ZZ,19,FALSE)+SUM(_xlfn.XLOOKUP(R28:AF28,增益!$A:$A,增益!$S:$S,0)))+$B$12+SUM(_xlfn.XLOOKUP(R28:AF28,增益!$A:$A,增益!$V:$V,0)))*IF(VLOOKUP($Q28,武学奇术!$A:$ZZ,23,FALSE)=1,0,1)} -> 0.0913 | BM28: {=1+$B$14+VLOOKUP($Q28,武学奇术!$A:$ZZ,20,FALSE)+SUM(_xlfn.XLOOKUP(R28:AF28,增益!$A:$A,增益!$T:$T,0))} -> 1.35 | BN28: =MIN((1-BL28)*BI28,BI28*BJ28) -> 0.8625 | BO28: =1-BL28-BN28-BP28 -> 0.0462 | BP28: =IF(VLOOKUP($Q28,武学奇术!$A:$ZZ,22,FALSE)=1,0,(1-$BI28))*(1-$BL28) -> 0 | BQ28: {=SUM(_xlfn.XLOOKUP(R28:AF28,增益!$A:$A,增益!$W:$W,0))+$I$5} -> 0.06
K29: =($L29*$BN29+$M29*$BL29+$N29*$BO29+$O29*$BP29) -> 0 | L29: =((($AN29+$AO29)/2*$AH29+$AI29)*(1+$AP29)*(1+$AQ29)+(($AS29+$AT29)/2*IF($G$1="鸣金",$AJ29,$AH29)+IF($G$1="鸣金",$AK29*1.5,0))*(1+$AU29)*(1+$AV29)+(($AW29+$AX29)/2*IF($G$1="裂石",$AJ29,$AH29)+IF($G$1="裂石",$AK29*1.5,0))*(1+$AY29)*(1+$AZ29)+(($BA29+$BB29)/2*IF($G$1="牵丝",$AJ29,$AH29)+IF($G$1="牵丝",$AK29*1.5,0))*(1+$BC29)*(1+$BD29)+(($BE29+$BF29)/2*IF($G$1="破竹",$AJ29,$AH29)+IF($G$1="破竹",$AK29*1.5,0))*(1+$BG29)*(1+$BH29))*(1+$AL29)*$BK29*$P29*(1+IF(VLOOKUP($Q29,武学奇术!$A:$ZZ,30,FALSE)="蓄力技",#REF!,0))*(1+$BQ29) -> 0 | M29: =(($AO29*$AH29+$AI29)*(1+$AP29)*(1+$AQ29)+($AT29*IF($G$1="鸣金",$AJ29,$AH29)+IF($G$1="鸣金",$AK29*1.5,0))*(1+$AU29)*(1+$AV29)+($AX29*IF($G$1="裂石",$AJ29,$AH29)+IF($G$1="裂石",$AK29*1.5,0))*(1+$AY29)*(1+$AZ29)+($BB29*IF($G$1="牵丝",$AJ29,$AH29)+IF($G$1="牵丝",$AK29*1.5,0))*(1+$BC29)*(1+$BD29)+($BF29*IF($G$1="破竹",$AJ29,$AH29)+IF($G$1="破竹",$AK29*1.5,0))*(1+$BG29)*(1+$BH29))*(1+$AL29)*$BM29*$P29*(1+IF(VLOOKUP($Q29,武学奇术!$A:$ZZ,30,FALSE)="蓄力技",#REF!,0))*(1+$BQ29) -> 0 | N29: =((($AN29+$AO29)/2*$AH29+$AI29)*(1+$AP29)*(1+$AQ29)+(($AS29+$AT29)/2*IF($G$1="鸣金",$AJ29,$AH29)+IF($G$1="鸣金",$AK29*1.5,0))*(1+$AU29)*(1+$AV29)+(($AW29+$AX29)/2*IF($G$1="裂石",$AJ29,$AH29)+IF($G$1="裂石",$AK29*1.5,0))*(1+$AY29)*(1+$AZ29)+(($BA29+$BB29)/2*IF($G$1="牵丝",$AJ29,$AH29)+IF($G$1="牵丝",$AK29*1.5,0))*(1+$BC29)*(1+$BD29)+(($BE29+$BF29)/2*IF($G$1="破竹",$AJ29,$AH29)+IF($G$1="破竹",$AK29*1.5,0))*(1+$BG29)*(1+$BH29))*(1+$AL29)*$P29*(1+IF(VLOOKUP($Q29,武学奇术!$A:$ZZ,30,FALSE)="蓄力技",#REF!,0))*(1+$BQ29) -> 0 | O29: =((($AN29*$AH29+$AI29)*(1+$AP29)*(1+$AQ29)+($AS29*IF($G$1="鸣金",$AJ29,$AH29)+IF($G$1="鸣金",$AK29*1.5,0))*(1+$AU29)*(1+$AV29)+($AW29*IF($G$1="裂石",$AJ29,$AH29)+IF($G$1="裂石",$AK29*1.5,0))*(1+$AY29)*(1+$AZ29)+($BA29*IF($G$1="牵丝",$AJ29,$AH29)+IF($G$1="牵丝",$AK29*1.5,0))*(1+$BC29)*(1+$BD29)+($BE29*IF($G$1="破竹",$AJ29,$AH29)+IF($G$1="破竹",$AK29*1.5,0))*(1+$BG29)*(1+$BH29))*(1+$AL29))*$P29*(1+IF(VLOOKUP($Q29,武学奇术!$A:$ZZ,30,FALSE)="蓄力技",#REF!,0))*(1+$BQ29) -> 0 | P29: 1 | Q29: N/a | R29: N/a | S29: N/a | T29: N/a | U29: N/a | V29: N/a | W29: N/a | X29: N/a | Y29: N/a | Z29: N/a | AA29: N/a | AB29: N/a | AC29: N/a | AD29: N/a | AE29: N/a | AF29: N/a | AG29: =VLOOKUP($Q29,武学奇术!$A:$ZZ,25,FALSE) -> 心法 | AH29: =VLOOKUP($Q29,武学奇术!$A:$ZZ,26,FALSE) -> 0 | AI29: =VLOOKUP($Q29,武学奇术!$A:$ZZ,27,FALSE)*(1+IF(OR($AG29=$F$4,$AG29=$F$5),$B$21,0)) -> 0 | AJ29: =VLOOKUP($Q29,武学奇术!$A:$ZZ,28,FALSE) -> 0 | AK29: =VLOOKUP($Q29,武学奇术!$A:$ZZ,29,FALSE)*(1+IF(OR($AG29=$F$4,$AG29=$F$5),$B$21,0)) -> 0 | AL29: {=$G$3+IFERROR(VLOOKUP($AG29,$F$4:$G$7,2,FALSE),0)+VLOOKUP($Q29,武学奇术!$A:$ZZ,2,FALSE)+SUM(_xlfn.XLOOKUP($R29:$AF29,增益!$A:$A,增益!$B:$B,0))} -> 0.2642 | AM29: {=VLOOKUP($Q29,武学奇术!$A:$ZZ,5,FALSE)+SUM(_xlfn.XLOOKUP($R29:$AF29,增益!$A:$A,增益!$E:$E,0))} -> 0 | AN29: {=$D$10*(1+$AM29)+VLOOKUP($Q29,武学奇术!$A:$ZZ,3,FALSE)+SUM(_xlfn.XLOOKUP($R29:$AF29,增益!$A:$A,增益!$C:$C,0))-$I$2} -> 3977.2 | AO29: {=$E$10*(1+$AM29)+VLOOKUP($Q29,武学奇术!$A:$ZZ,4,FALSE)+SUM(_xlfn.XLOOKUP($R29:$AF29,增益!$A:$A,增益!$D:$D,0))-$I$2} -> 3977.2 | AP29: {=IF($F$10-$I$3+VLOOKUP($Q29,武学奇术!$A:$ZZ,6,FALSE)+SUM(_xlfn.XLOOKUP(R29:AF29,增益!$A:$A,增益!$F:$F,0))>0,($F$10-$I$3+VLOOKUP($Q29,武学奇术!$A:$ZZ,6,FALSE)+SUM(_xlfn.XLOOKUP(R29:AF29,增益!$A:$A,增益!$F:$F,0)))/200,($F$10-$I$3+VLOOKUP($Q29,武学奇术!$A:$ZZ,6,FALSE)+SUM(_xlfn.XLOOKUP(R29:AF29,增益!$A:$A,增益!$F:$F,0)))/100)} -> 0.294 | AQ29: {=$G$10+VLOOKUP($Q29,武学奇术!$A:$ZZ,7,FALSE)+SUM(_xlfn.XLOOKUP(R29:AF29,增益!$A:$A,增益!$G:$G,0))} -> 0 | AR29: {=VLOOKUP($Q29,武学奇术!$A:$ZZ,8,FALSE)+SUM(_xlfn.XLOOKUP(R29:AF29,增益!$A:$A,增益!$H:$H,0))} -> 0 | AS29: =$D$11*(1+$AR29) -> 0 | AT29: =$E$11*(1+$AR29) -> 0 | AU29: {=IF($F$11-$I$4+VLOOKUP($Q29,武学奇术!$A:$ZZ,9,FALSE)+SUM(_xlfn.XLOOKUP(R29:AF29,增益!$A:$A,增益!$I:$I,0))>0,($F$11-$I$4+VLOOKUP($Q29,武学奇术!$A:$ZZ,9,FALSE)+SUM(_xlfn.XLOOKUP(R29:AF29,增益!$A:$A,增益!$I:$I,0)))/200,($F$11-$I$4+VLOOKUP($Q29,武学奇术!$A:$ZZ,9,FALSE)+SUM(_xlfn.XLOOKUP(R29:AF29,增益!$A:$A,增益!$I:$I,0)))/100)} -> -0.3 | AV29: {=$G$11+VLOOKUP($Q29,武学奇术!$A:$ZZ,10,FALSE)+SUM(_xlfn.XLOOKUP(R29:AF29,增益!$A:$A,增益!$J:$J,0))} -> 0 | AW29: =$D$12*(1+$AR29) -> 0 | AX29: =$E$12*(1+$AR29) -> 0 | AY29: {=IF($F$12-$I$4+VLOOKUP($Q29,武学奇术!$A:$ZZ,11,FALSE)+SUM(_xlfn.XLOOKUP(R29:AF29,增益!$A:$A,增益!$K:$K,0))>0,($F$12-$I$4+VLOOKUP($Q29,武学奇术!$A:$ZZ,11,FALSE)+SUM(_xlfn.XLOOKUP(R29:AF29,增益!$A:$A,增益!$K:$K,0)))/200,($F$12-$I$4+VLOOKUP($Q29,武学奇术!$A:$ZZ,11,FALSE)+SUM(_xlfn.XLOOKUP(R29:AF29,增益!$A:$A,增益!$K:$K,0)))/100)} -> -0.3 | AZ29: {=$G$12+VLOOKUP($Q29,武学奇术!$A:$ZZ,12,FALSE)+SUM(_xlfn.XLOOKUP(R29:AF29,增益!$A:$A,增益!$L:$L,0))} -> 0 | BA29: =$D$13*(1+$AR29) -> 697.4 | BB29: =$E$13*(1+$AR29) -> 1805 | BC29: {=IF($F$13-$I$4+VLOOKUP($Q29,武学奇术!$A:$ZZ,13,FALSE)+SUM(_xlfn.XLOOKUP(R29:AF29,增益!$A:$A,增益!$M:$M,0))>0,($F$13-$I$4+VLOOKUP($Q29,武学奇术!$A:$ZZ,13,FALSE)+SUM(_xlfn.XLOOKUP(R29:AF29,增益!$A:$A,增益!$K:$K,0)))/200,($F$13-$I$4+VLOOKUP($Q29,武学奇术!$A:$ZZ,13,FALSE)+SUM(_xlfn.XLOOKUP(R29:AF29,增益!$A:$A,增益!$M:$M,0)))/100)} -> 0 | BD29: {=$G$13+VLOOKUP($Q29,武学奇术!$A:$ZZ,14,FALSE)+SUM(_xlfn.XLOOKUP(R29:AF29,增益!$A:$A,增益!$N:$N,0))} -> 0.15 | BE29: =$D$14*(1+$AR29) -> 0 | BF29: =$E$14*(1+$AR29) -> 0 | BG29: {=IF($F$14-$I$4+VLOOKUP($Q29,武学奇术!$A:$ZZ,15,FALSE)+SUM(_xlfn.XLOOKUP(R29:AF29,增益!$A:$A,增益!$O:$O,0))>0,($F$14-$I$4+VLOOKUP($Q29,武学奇术!$A:$ZZ,15,FALSE)+SUM(_xlfn.XLOOKUP(R29:AF29,增益!$A:$A,增益!$O:$O,0)))/200,($F$14-$I$4+VLOOKUP($Q29,武学奇术!$A:$ZZ,15,FALSE)+SUM(_xlfn.XLOOKUP(R29:AF29,增益!$A:$A,增益!$O:$O,0)))/100)} -> -0.3 | BH29: {=$G$14+VLOOKUP($Q29,武学奇术!$A:$ZZ,16,FALSE)+SUM(_xlfn.XLOOKUP(R29:AF29,增益!$A:$A,增益!$P:$P,0))} -> 0 | BI29: =MIN(IF(VLOOKUP($Q29,武学奇术!$A:$ZZ,23,FALSE)=1,100%,$B$8),100%) -> 1 | BJ29: {=IF(VLOOKUP($Q29,武学奇术!$A:$ZZ,23,FALSE)=1,100%,MIN(80%,$B$9+VLOOKUP($Q29,武学奇术!$A:$ZZ,17,FALSE)+SUM(_xlfn.XLOOKUP(R29:AF29,增益!$A:$A,增益!$Q:$Q,0)))+$B$11+SUM(_xlfn.XLOOKUP(R29:AF29,增益!$A:$A,增益!$U:$U,0)))*IF(VLOOKUP($Q29,武学奇术!$A:$ZZ,24,FALSE)=1,0,1)} -> 0.8625 | BK29: {=1+$B$13+VLOOKUP($Q29,武学奇术!$A:$ZZ,18,FALSE)+SUM(_xlfn.XLOOKUP(R29:AF29,增益!$A:$A,增益!$R:$R,0))} -> 1.5 | BL29: {=IF(VLOOKUP($Q29,武学奇术!$A:$ZZ,24,FALSE)=1,100%,MIN(40%,$B$10+VLOOKUP($Q29,武学奇术!$A:$ZZ,19,FALSE)+SUM(_xlfn.XLOOKUP(R29:AF29,增益!$A:$A,增益!$S:$S,0)))+$B$12+SUM(_xlfn.XLOOKUP(R29:AF29,增益!$A:$A,增益!$V:$V,0)))*IF(VLOOKUP($Q29,武学奇术!$A:$ZZ,23,FALSE)=1,0,1)} -> 0.0913 | BM29: {=1+$B$14+VLOOKUP($Q29,武学奇术!$A:$ZZ,20,FALSE)+SUM(_xlfn.XLOOKUP(R29:AF29,增益!$A:$A,增益!$T:$T,0))} -> 1.35 | BN29: =MIN((1-BL29)*BI29,BI29*BJ29) -> 0.8625 | BO29: =1-BL29-BN29-BP29 -> 0.0462 | BP29: =IF(VLOOKUP($Q29,武学奇术!$A:$ZZ,22,FALSE)=1,0,(1-$BI29))*(1-$BL29) -> 0 | BQ29: {=SUM(_xlfn.XLOOKUP(R29:AF29,增益!$A:$A,增益!$W:$W,0))+$I$5} -> 0.06
K30: =($L30*$BN30+$M30*$BL30+$N30*$BO30+$O30*$BP30) -> 0 | L30: =((($AN30+$AO30)/2*$AH30+$AI30)*(1+$AP30)*(1+$AQ30)+(($AS30+$AT30)/2*IF($G$1="鸣金",$AJ30,$AH30)+IF($G$1="鸣金",$AK30*1.5,0))*(1+$AU30)*(1+$AV30)+(($AW30+$AX30)/2*IF($G$1="裂石",$AJ30,$AH30)+IF($G$1="裂石",$AK30*1.5,0))*(1+$AY30)*(1+$AZ30)+(($BA30+$BB30)/2*IF($G$1="牵丝",$AJ30,$AH30)+IF($G$1="牵丝",$AK30*1.5,0))*(1+$BC30)*(1+$BD30)+(($BE30+$BF30)/2*IF($G$1="破竹",$AJ30,$AH30)+IF($G$1="破竹",$AK30*1.5,0))*(1+$BG30)*(1+$BH30))*(1+$AL30)*$BK30*$P30*(1+IF(VLOOKUP($Q30,武学奇术!$A:$ZZ,30,FALSE)="蓄力技",#REF!,0))*(1+$BQ30) -> 0 | M30: =(($AO30*$AH30+$AI30)*(1+$AP30)*(1+$AQ30)+($AT30*IF($G$1="鸣金",$AJ30,$AH30)+IF($G$1="鸣金",$AK30*1.5,0))*(1+$AU30)*(1+$AV30)+($AX30*IF($G$1="裂石",$AJ30,$AH30)+IF($G$1="裂石",$AK30*1.5,0))*(1+$AY30)*(1+$AZ30)+($BB30*IF($G$1="牵丝",$AJ30,$AH30)+IF($G$1="牵丝",$AK30*1.5,0))*(1+$BC30)*(1+$BD30)+($BF30*IF($G$1="破竹",$AJ30,$AH30)+IF($G$1="破竹",$AK30*1.5,0))*(1+$BG30)*(1+$BH30))*(1+$AL30)*$BM30*$P30*(1+IF(VLOOKUP($Q30,武学奇术!$A:$ZZ,30,FALSE)="蓄力技",#REF!,0))*(1+$BQ30) -> 0 | N30: =((($AN30+$AO30)/2*$AH30+$AI30)*(1+$AP30)*(1+$AQ30)+(($AS30+$AT30)/2*IF($G$1="鸣金",$AJ30,$AH30)+IF($G$1="鸣金",$AK30*1.5,0))*(1+$AU30)*(1+$AV30)+(($AW30+$AX30)/2*IF($G$1="裂石",$AJ30,$AH30)+IF($G$1="裂石",$AK30*1.5,0))*(1+$AY30)*(1+$AZ30)+(($BA30+$BB30)/2*IF($G$1="牵丝",$AJ30,$AH30)+IF($G$1="牵丝",$AK30*1.5,0))*(1+$BC30)*(1+$BD30)+(($BE30+$BF30)/2*IF($G$1="破竹",$AJ30,$AH30)+IF($G$1="破竹",$AK30*1.5,0))*(1+$BG30)*(1+$BH30))*(1+$AL30)*$P30*(1+IF(VLOOKUP($Q30,武学奇术!$A:$ZZ,30,FALSE)="蓄力技",#REF!,0))*(1+$BQ30) -> 0 | O30: =((($AN30*$AH30+$AI30)*(1+$AP30)*(1+$AQ30)+($AS30*IF($G$1="鸣金",$AJ30,$AH30)+IF($G$1="鸣金",$AK30*1.5,0))*(1+$AU30)*(1+$AV30)+($AW30*IF($G$1="裂石",$AJ30,$AH30)+IF($G$1="裂石",$AK30*1.5,0))*(1+$AY30)*(1+$AZ30)+($BA30*IF($G$1="牵丝",$AJ30,$AH30)+IF($G$1="牵丝",$AK30*1.5,0))*(1+$BC30)*(1+$BD30)+($BE30*IF($G$1="破竹",$AJ30,$AH30)+IF($G$1="破竹",$AK30*1.5,0))*(1+$BG30)*(1+$BH30))*(1+$AL30))*$P30*(1+IF(VLOOKUP($Q30,武学奇术!$A:$ZZ,30,FALSE)="蓄力技",#REF!,0))*(1+$BQ30) -> 0 | P30: 1 | Q30: N/a | R30: N/a | S30: N/a | T30: N/a | U30: N/a | V30: N/a | W30: N/a | X30: N/a | Y30: N/a | Z30: N/a | AA30: N/a | AB30: N/a | AC30: N/a | AD30: N/a | AE30: N/a | AF30: N/a | AG30: =VLOOKUP($Q30,武学奇术!$A:$ZZ,25,FALSE) -> 心法 | AH30: =VLOOKUP($Q30,武学奇术!$A:$ZZ,26,FALSE) -> 0 | AI30: =VLOOKUP($Q30,武学奇术!$A:$ZZ,27,FALSE)*(1+IF(OR($AG30=$F$4,$AG30=$F$5),$B$21,0)) -> 0 | AJ30: =VLOOKUP($Q30,武学奇术!$A:$ZZ,28,FALSE) -> 0 | AK30: =VLOOKUP($Q30,武学奇术!$A:$ZZ,29,FALSE)*(1+IF(OR($AG30=$F$4,$AG30=$F$5),$B$21,0)) -> 0 | AL30: {=$G$3+IFERROR(VLOOKUP($AG30,$F$4:$G$7,2,FALSE),0)+VLOOKUP($Q30,武学奇术!$A:$ZZ,2,FALSE)+SUM(_xlfn.XLOOKUP($R30:$AF30,增益!$A:$A,增益!$B:$B,0))} -> 0.2642 | AM30: {=VLOOKUP($Q30,武学奇术!$A:$ZZ,5,FALSE)+SUM(_xlfn.XLOOKUP($R30:$AF30,增益!$A:$A,增益!$E:$E,0))} -> 0 | AN30: {=$D$10*(1+$AM30)+VLOOKUP($Q30,武学奇术!$A:$ZZ,3,FALSE)+SUM(_xlfn.XLOOKUP($R30:$AF30,增益!$A:$A,增益!$C:$C,0))-$I$2} -> 3977.2 | AO30: {=$E$10*(1+$AM30)+VLOOKUP($Q30,武学奇术!$A:$ZZ,4,FALSE)+SUM(_xlfn.XLOOKUP($R30:$AF30,增益!$A:$A,增益!$D:$D,0))-$I$2} -> 3977.2 | AP30: {=IF($F$10-$I$3+VLOOKUP($Q30,武学奇术!$A:$ZZ,6,FALSE)+SUM(_xlfn.XLOOKUP(R30:AF30,增益!$A:$A,增益!$F:$F,0))>0,($F$10-$I$3+VLOOKUP($Q30,武学奇术!$A:$ZZ,6,FALSE)+SUM(_xlfn.XLOOKUP(R30:AF30,增益!$A:$A,增益!$F:$F,0)))/200,($F$10-$I$3+VLOOKUP($Q30,武学奇术!$A:$ZZ,6,FALSE)+SUM(_xlfn.XLOOKUP(R30:AF30,增益!$A:$A,增益!$F:$F,0)))/100)} -> 0.294 | AQ30: {=$G$10+VLOOKUP($Q30,武学奇术!$A:$ZZ,7,FALSE)+SUM(_xlfn.XLOOKUP(R30:AF30,增益!$A:$A,增益!$G:$G,0))} -> 0 | AR30: {=VLOOKUP($Q30,武学奇术!$A:$ZZ,8,FALSE)+SUM(_xlfn.XLOOKUP(R30:AF30,增益!$A:$A,增益!$H:$H,0))} -> 0 | AS30: =$D$11*(1+$AR30) -> 0 | AT30: =$E$11*(1+$AR30) -> 0 | AU30: {=IF($F$11-$I$4+VLOOKUP($Q30,武学奇术!$A:$ZZ,9,FALSE)+SUM(_xlfn.XLOOKUP(R30:AF30,增益!$A:$A,增益!$I:$I,0))>0,($F$11-$I$4+VLOOKUP($Q30,武学奇术!$A:$ZZ,9,FALSE)+SUM(_xlfn.XLOOKUP(R30:AF30,增益!$A:$A,增益!$I:$I,0)))/200,($F$11-$I$4+VLOOKUP($Q30,武学奇术!$A:$ZZ,9,FALSE)+SUM(_xlfn.XLOOKUP(R30:AF30,增益!$A:$A,增益!$I:$I,0)))/100)} -> -0.3 | AV30: {=$G$11+VLOOKUP($Q30,武学奇术!$A:$ZZ,10,FALSE)+SUM(_xlfn.XLOOKUP(R30:AF30,增益!$A:$A,增益!$J:$J,0))} -> 0 | AW30: =$D$12*(1+$AR30) -> 0 | AX30: =$E$12*(1+$AR30) -> 0 | AY30: {=IF($F$12-$I$4+VLOOKUP($Q30,武学奇术!$A:$ZZ,11,FALSE)+SUM(_xlfn.XLOOKUP(R30:AF30,增益!$A:$A,增益!$K:$K,0))>0,($F$12-$I$4+VLOOKUP($Q30,武学奇术!$A:$ZZ,11,FALSE)+SUM(_xlfn.XLOOKUP(R30:AF30,增益!$A:$A,增益!$K:$K,0)))/200,($F$12-$I$4+VLOOKUP($Q30,武学奇术!$A:$ZZ,11,FALSE)+SUM(_xlfn.XLOOKUP(R30:AF30,增益!$A:$A,增益!$K:$K,0)))/100)} -> -0.3 | AZ30: {=$G$12+VLOOKUP($Q30,武学奇术!$A:$ZZ,12,FALSE)+SUM(_xlfn.XLOOKUP(R30:AF30,增益!$A:$A,增益!$L:$L,0))} -> 0 | BA30: =$D$13*(1+$AR30) -> 697.4 | BB30: =$E$13*(1+$AR30) -> 1805 | BC30: {=IF($F$13-$I$4+VLOOKUP($Q30,武学奇术!$A:$ZZ,13,FALSE)+SUM(_xlfn.XLOOKUP(R30:AF30,增益!$A:$A,增益!$M:$M,0))>0,($F$13-$I$4+VLOOKUP($Q30,武学奇术!$A:$ZZ,13,FALSE)+SUM(_xlfn.XLOOKUP(R30:AF30,增益!$A:$A,增益!$K:$K,0)))/200,($F$13-$I$4+VLOOKUP($Q30,武学奇术!$A:$ZZ,13,FALSE)+SUM(_xlfn.XLOOKUP(R30:AF30,增益!$A:$A,增益!$M:$M,0)))/100)} -> 0 | BD30: {=$G$13+VLOOKUP($Q30,武学奇术!$A:$ZZ,14,FALSE)+SUM(_xlfn.XLOOKUP(R30:AF30,增益!$A:$A,增益!$N:$N,0))} -> 0.15 | BE30: =$D$14*(1+$AR30) -> 0 | BF30: =$E$14*(1+$AR30) -> 0 | BG30: {=IF($F$14-$I$4+VLOOKUP($Q30,武学奇术!$A:$ZZ,15,FALSE)+SUM(_xlfn.XLOOKUP(R30:AF30,增益!$A:$A,增益!$O:$O,0))>0,($F$14-$I$4+VLOOKUP($Q30,武学奇术!$A:$ZZ,15,FALSE)+SUM(_xlfn.XLOOKUP(R30:AF30,增益!$A:$A,增益!$O:$O,0)))/200,($F$14-$I$4+VLOOKUP($Q30,武学奇术!$A:$ZZ,15,FALSE)+SUM(_xlfn.XLOOKUP(R30:AF30,增益!$A:$A,增益!$O:$O,0)))/100)} -> -0.3 | BH30: {=$G$14+VLOOKUP($Q30,武学奇术!$A:$ZZ,16,FALSE)+SUM(_xlfn.XLOOKUP(R30:AF30,增益!$A:$A,增益!$P:$P,0))} -> 0 | BI30: =MIN(IF(VLOOKUP($Q30,武学奇术!$A:$ZZ,23,FALSE)=1,100%,$B$8),100%) -> 1 | BJ30: {=IF(VLOOKUP($Q30,武学奇术!$A:$ZZ,23,FALSE)=1,100%,MIN(80%,$B$9+VLOOKUP($Q30,武学奇术!$A:$ZZ,17,FALSE)+SUM(_xlfn.XLOOKUP(R30:AF30,增益!$A:$A,增益!$Q:$Q,0)))+$B$11+SUM(_xlfn.XLOOKUP(R30:AF30,增益!$A:$A,增益!$U:$U,0)))*IF(VLOOKUP($Q30,武学奇术!$A:$ZZ,24,FALSE)=1,0,1)} -> 0.8625 | BK30: {=1+$B$13+VLOOKUP($Q30,武学奇术!$A:$ZZ,18,FALSE)+SUM(_xlfn.XLOOKUP(R30:AF30,增益!$A:$A,增益!$R:$R,0))} -> 1.5 | BL30: {=IF(VLOOKUP($Q30,武学奇术!$A:$ZZ,24,FALSE)=1,100%,MIN(40%,$B$10+VLOOKUP($Q30,武学奇术!$A:$ZZ,19,FALSE)+SUM(_xlfn.XLOOKUP(R30:AF30,增益!$A:$A,增益!$S:$S,0)))+$B$12+SUM(_xlfn.XLOOKUP(R30:AF30,增益!$A:$A,增益!$V:$V,0)))*IF(VLOOKUP($Q30,武学奇术!$A:$ZZ,23,FALSE)=1,0,1)} -> 0.0913 | BM30: {=1+$B$14+VLOOKUP($Q30,武学奇术!$A:$ZZ,20,FALSE)+SUM(_xlfn.XLOOKUP(R30:AF30,增益!$A:$A,增益!$T:$T,0))} -> 1.35 | BN30: =MIN((1-BL30)*BI30,BI30*BJ30) -> 0.8625 | BO30: =1-BL30-BN30-BP30 -> 0.0462 | BP30: =IF(VLOOKUP($Q30,武学奇术!$A:$ZZ,22,FALSE)=1,0,(1-$BI30))*(1-$BL30) -> 0 | BQ30: {=SUM(_xlfn.XLOOKUP(R30:AF30,增益!$A:$A,增益!$W:$W,0))+$I$5} -> 0.06
K31: =($L31*$BN31+$M31*$BL31+$N31*$BO31+$O31*$BP31) -> 0 | L31: =((($AN31+$AO31)/2*$AH31+$AI31)*(1+$AP31)*(1+$AQ31)+(($AS31+$AT31)/2*IF($G$1="鸣金",$AJ31,$AH31)+IF($G$1="鸣金",$AK31*1.5,0))*(1+$AU31)*(1+$AV31)+(($AW31+$AX31)/2*IF($G$1="裂石",$AJ31,$AH31)+IF($G$1="裂石",$AK31*1.5,0))*(1+$AY31)*(1+$AZ31)+(($BA31+$BB31)/2*IF($G$1="牵丝",$AJ31,$AH31)+IF($G$1="牵丝",$AK31*1.5,0))*(1+$BC31)*(1+$BD31)+(($BE31+$BF31)/2*IF($G$1="破竹",$AJ31,$AH31)+IF($G$1="破竹",$AK31*1.5,0))*(1+$BG31)*(1+$BH31))*(1+$AL31)*$BK31*$P31*(1+IF(VLOOKUP($Q31,武学奇术!$A:$ZZ,30,FALSE)="蓄力技",#REF!,0))*(1+$BQ31) -> 0 | M31: =(($AO31*$AH31+$AI31)*(1+$AP31)*(1+$AQ31)+($AT31*IF($G$1="鸣金",$AJ31,$AH31)+IF($G$1="鸣金",$AK31*1.5,0))*(1+$AU31)*(1+$AV31)+($AX31*IF($G$1="裂石",$AJ31,$AH31)+IF($G$1="裂石",$AK31*1.5,0))*(1+$AY31)*(1+$AZ31)+($BB31*IF($G$1="牵丝",$AJ31,$AH31)+IF($G$1="牵丝",$AK31*1.5,0))*(1+$BC31)*(1+$BD31)+($BF31*IF($G$1="破竹",$AJ31,$AH31)+IF($G$1="破竹",$AK31*1.5,0))*(1+$BG31)*(1+$BH31))*(1+$AL31)*$BM31*$P31*(1+IF(VLOOKUP($Q31,武学奇术!$A:$ZZ,30,FALSE)="蓄力技",#REF!,0))*(1+$BQ31) -> 0 | N31: =((($AN31+$AO31)/2*$AH31+$AI31)*(1+$AP31)*(1+$AQ31)+(($AS31+$AT31)/2*IF($G$1="鸣金",$AJ31,$AH31)+IF($G$1="鸣金",$AK31*1.5,0))*(1+$AU31)*(1+$AV31)+(($AW31+$AX31)/2*IF($G$1="裂石",$AJ31,$AH31)+IF($G$1="裂石",$AK31*1.5,0))*(1+$AY31)*(1+$AZ31)+(($BA31+$BB31)/2*IF($G$1="牵丝",$AJ31,$AH31)+IF($G$1="牵丝",$AK31*1.5,0))*(1+$BC31)*(1+$BD31)+(($BE31+$BF31)/2*IF($G$1="破竹",$AJ31,$AH31)+IF($G$1="破竹",$AK31*1.5,0))*(1+$BG31)*(1+$BH31))*(1+$AL31)*$P31*(1+IF(VLOOKUP($Q31,武学奇术!$A:$ZZ,30,FALSE)="蓄力技",#REF!,0))*(1+$BQ31) -> 0 | O31: =((($AN31*$AH31+$AI31)*(1+$AP31)*(1+$AQ31)+($AS31*IF($G$1="鸣金",$AJ31,$AH31)+IF($G$1="鸣金",$AK31*1.5,0))*(1+$AU31)*(1+$AV31)+($AW31*IF($G$1="裂石",$AJ31,$AH31)+IF($G$1="裂石",$AK31*1.5,0))*(1+$AY31)*(1+$AZ31)+($BA31*IF($G$1="牵丝",$AJ31,$AH31)+IF($G$1="牵丝",$AK31*1.5,0))*(1+$BC31)*(1+$BD31)+($BE31*IF($G$1="破竹",$AJ31,$AH31)+IF($G$1="破竹",$AK31*1.5,0))*(1+$BG31)*(1+$BH31))*(1+$AL31))*$P31*(1+IF(VLOOKUP($Q31,武学奇术!$A:$ZZ,30,FALSE)="蓄力技",#REF!,0))*(1+$BQ31) -> 0 | P31: 1 | Q31: N/a | R31: N/a | S31: N/a | T31: N/a | U31: N/a | V31: N/a | W31: N/a | X31: N/a | Y31: N/a | Z31: N/a | AA31: N/a | AB31: N/a | AC31: N/a | AD31: N/a | AE31: N/a | AF31: N/a | AG31: =VLOOKUP($Q31,武学奇术!$A:$ZZ,25,FALSE) -> 心法 | AH31: =VLOOKUP($Q31,武学奇术!$A:$ZZ,26,FALSE) -> 0 | AI31: =VLOOKUP($Q31,武学奇术!$A:$ZZ,27,FALSE)*(1+IF(OR($AG31=$F$4,$AG31=$F$5),$B$21,0)) -> 0 | AJ31: =VLOOKUP($Q31,武学奇术!$A:$ZZ,28,FALSE) -> 0 | AK31: =VLOOKUP($Q31,武学奇术!$A:$ZZ,29,FALSE)*(1+IF(OR($AG31=$F$4,$AG31=$F$5),$B$21,0)) -> 0 | AL31: {=$G$3+IFERROR(VLOOKUP($AG31,$F$4:$G$7,2,FALSE),0)+VLOOKUP($Q31,武学奇术!$A:$ZZ,2,FALSE)+SUM(_xlfn.XLOOKUP($R31:$AF31,增益!$A:$A,增益!$B:$B,0))} -> 0.2642 | AM31: {=VLOOKUP($Q31,武学奇术!$A:$ZZ,5,FALSE)+SUM(_xlfn.XLOOKUP($R31:$AF31,增益!$A:$A,增益!$E:$E,0))} -> 0 | AN31: {=$D$10*(1+$AM31)+VLOOKUP($Q31,武学奇术!$A:$ZZ,3,FALSE)+SUM(_xlfn.XLOOKUP($R31:$AF31,增益!$A:$A,增益!$C:$C,0))-$I$2} -> 3977.2 | AO31: {=$E$10*(1+$AM31)+VLOOKUP($Q31,武学奇术!$A:$ZZ,4,FALSE)+SUM(_xlfn.XLOOKUP($R31:$AF31,增益!$A:$A,增益!$D:$D,0))-$I$2} -> 3977.2 | AP31: {=IF($F$10-$I$3+VLOOKUP($Q31,武学奇术!$A:$ZZ,6,FALSE)+SUM(_xlfn.XLOOKUP(R31:AF31,增益!$A:$A,增益!$F:$F,0))>0,($F$10-$I$3+VLOOKUP($Q31,武学奇术!$A:$ZZ,6,FALSE)+SUM(_xlfn.XLOOKUP(R31:AF31,增益!$A:$A,增益!$F:$F,0)))/200,($F$10-$I$3+VLOOKUP($Q31,武学奇术!$A:$ZZ,6,FALSE)+SUM(_xlfn.XLOOKUP(R31:AF31,增益!$A:$A,增益!$F:$F,0)))/100)} -> 0.294 | AQ31: {=$G$10+VLOOKUP($Q31,武学奇术!$A:$ZZ,7,FALSE)+SUM(_xlfn.XLOOKUP(R31:AF31,增益!$A:$A,增益!$G:$G,0))} -> 0 | AR31: {=VLOOKUP($Q31,武学奇术!$A:$ZZ,8,FALSE)+SUM(_xlfn.XLOOKUP(R31:AF31,增益!$A:$A,增益!$H:$H,0))} -> 0 | AS31: =$D$11*(1+$AR31) -> 0 | AT31: =$E$11*(1+$AR31) -> 0 | AU31: {=IF($F$11-$I$4+VLOOKUP($Q31,武学奇术!$A:$ZZ,9,FALSE)+SUM(_xlfn.XLOOKUP(R31:AF31,增益!$A:$A,增益!$I:$I,0))>0,($F$11-$I$4+VLOOKUP($Q31,武学奇术!$A:$ZZ,9,FALSE)+SUM(_xlfn.XLOOKUP(R31:AF31,增益!$A:$A,增益!$I:$I,0)))/200,($F$11-$I$4+VLOOKUP($Q31,武学奇术!$A:$ZZ,9,FALSE)+SUM(_xlfn.XLOOKUP(R31:AF31,增益!$A:$A,增益!$I:$I,0)))/100)} -> -0.3 | AV31: {=$G$11+VLOOKUP($Q31,武学奇术!$A:$ZZ,10,FALSE)+SUM(_xlfn.XLOOKUP(R31:AF31,增益!$A:$A,增益!$J:$J,0))} -> 0 | AW31: =$D$12*(1+$AR31) -> 0 | AX31: =$E$12*(1+$AR31) -> 0 | AY31: {=IF($F$12-$I$4+VLOOKUP($Q31,武学奇术!$A:$ZZ,11,FALSE)+SUM(_xlfn.XLOOKUP(R31:AF31,增益!$A:$A,增益!$K:$K,0))>0,($F$12-$I$4+VLOOKUP($Q31,武学奇术!$A:$ZZ,11,FALSE)+SUM(_xlfn.XLOOKUP(R31:AF31,增益!$A:$A,增益!$K:$K,0)))/200,($F$12-$I$4+VLOOKUP($Q31,武学奇术!$A:$ZZ,11,FALSE)+SUM(_xlfn.XLOOKUP(R31:AF31,增益!$A:$A,增益!$K:$K,0)))/100)} -> -0.3 | AZ31: {=$G$12+VLOOKUP($Q31,武学奇术!$A:$ZZ,12,FALSE)+SUM(_xlfn.XLOOKUP(R31:AF31,增益!$A:$A,增益!$L:$L,0))} -> 0 | BA31: =$D$13*(1+$AR31) -> 697.4 | BB31: =$E$13*(1+$AR31) -> 1805 | BC31: {=IF($F$13-$I$4+VLOOKUP($Q31,武学奇术!$A:$ZZ,13,FALSE)+SUM(_xlfn.XLOOKUP(R31:AF31,增益!$A:$A,增益!$M:$M,0))>0,($F$13-$I$4+VLOOKUP($Q31,武学奇术!$A:$ZZ,13,FALSE)+SUM(_xlfn.XLOOKUP(R31:AF31,增益!$A:$A,增益!$K:$K,0)))/200,($F$13-$I$4+VLOOKUP($Q31,武学奇术!$A:$ZZ,13,FALSE)+SUM(_xlfn.XLOOKUP(R31:AF31,增益!$A:$A,增益!$M:$M,0)))/100)} -> 0 | BD31: {=$G$13+VLOOKUP($Q31,武学奇术!$A:$ZZ,14,FALSE)+SUM(_xlfn.XLOOKUP(R31:AF31,增益!$A:$A,增益!$N:$N,0))} -> 0.15 | BE31: =$D$14*(1+$AR31) -> 0 | BF31: =$E$14*(1+$AR31) -> 0 | BG31: {=IF($F$14-$I$4+VLOOKUP($Q31,武学奇术!$A:$ZZ,15,FALSE)+SUM(_xlfn.XLOOKUP(R31:AF31,增益!$A:$A,增益!$O:$O,0))>0,($F$14-$I$4+VLOOKUP($Q31,武学奇术!$A:$ZZ,15,FALSE)+SUM(_xlfn.XLOOKUP(R31:AF31,增益!$A:$A,增益!$O:$O,0)))/200,($F$14-$I$4+VLOOKUP($Q31,武学奇术!$A:$ZZ,15,FALSE)+SUM(_xlfn.XLOOKUP(R31:AF31,增益!$A:$A,增益!$O:$O,0)))/100)} -> -0.3 | BH31: {=$G$14+VLOOKUP($Q31,武学奇术!$A:$ZZ,16,FALSE)+SUM(_xlfn.XLOOKUP(R31:AF31,增益!$A:$A,增益!$P:$P,0))} -> 0 | BI31: =MIN(IF(VLOOKUP($Q31,武学奇术!$A:$ZZ,23,FALSE)=1,100%,$B$8),100%) -> 1 | BJ31: {=IF(VLOOKUP($Q31,武学奇术!$A:$ZZ,23,FALSE)=1,100%,MIN(80%,$B$9+VLOOKUP($Q31,武学奇术!$A:$ZZ,17,FALSE)+SUM(_xlfn.XLOOKUP(R31:AF31,增益!$A:$A,增益!$Q:$Q,0)))+$B$11+SUM(_xlfn.XLOOKUP(R31:AF31,增益!$A:$A,增益!$U:$U,0)))*IF(VLOOKUP($Q31,武学奇术!$A:$ZZ,24,FALSE)=1,0,1)} -> 0.8625 | BK31: {=1+$B$13+VLOOKUP($Q31,武学奇术!$A:$ZZ,18,FALSE)+SUM(_xlfn.XLOOKUP(R31:AF31,增益!$A:$A,增益!$R:$R,0))} -> 1.5 | BL31: {=IF(VLOOKUP($Q31,武学奇术!$A:$ZZ,24,FALSE)=1,100%,MIN(40%,$B$10+VLOOKUP($Q31,武学奇术!$A:$ZZ,19,FALSE)+SUM(_xlfn.XLOOKUP(R31:AF31,增益!$A:$A,增益!$S:$S,0)))+$B$12+SUM(_xlfn.XLOOKUP(R31:AF31,增益!$A:$A,增益!$V:$V,0)))*IF(VLOOKUP($Q31,武学奇术!$A:$ZZ,23,FALSE)=1,0,1)} -> 0.0913 | BM31: {=1+$B$14+VLOOKUP($Q31,武学奇术!$A:$ZZ,20,FALSE)+SUM(_xlfn.XLOOKUP(R31:AF31,增益!$A:$A,增益!$T:$T,0))} -> 1.35 | BN31: =MIN((1-BL31)*BI31,BI31*BJ31) -> 0.8625 | BO31: =1-BL31-BN31-BP31 -> 0.0462 | BP31: =IF(VLOOKUP($Q31,武学奇术!$A:$ZZ,22,FALSE)=1,0,(1-$BI31))*(1-$BL31) -> 0 | BQ31: {=SUM(_xlfn.XLOOKUP(R31:AF31,增益!$A:$A,增益!$W:$W,0))+$I$5} -> 0.06
