Workbook

Sheet 期望
B1: 最小攻击 | C1: 最大攻击 | D1: 穿透 | E1: 伤害加成 | F1: 武学属性 | G1: 裂石 | H1: 怪物属性 | K1: 期望 | L1: 会心期望 | M1: 会意期望 | N1: 普通期望 | O1: 擦伤期望 | P1: 次数 | Q1: 技能 | R1: 增益1 | S1: 增益2 | T1: 增益3 | U1: 增益4 | V1: 增益5 | W1: 增益6 | X1: 增益7 | Y1: 增益8 | Z1: 增益9 | AA1: 增益10 | AB1: 增益11 | AC1: 增益12 | AD1: 增益13 | AE1: 增益14 | AF1: 增益15 | AG1: 增益16 | AH1: 增益17 | AI1: 增益18 | AJ1: 增益19 | AK1: 增益20 | AL1: 类型 | AM1: 外功倍率 | AN1: 外攻固伤 | AO1: 属性倍率 | AP1: 属性固伤 | AQ1: 通用增伤 | AR1: 外攻加成 | AS1: 即时小外 | AT1: 即时大外 | AU1: 外穿加成 | AV1: 外伤加成 | AW1: 属攻加成 | AX1: 即时小鸣 | AY1: 即时大鸣 | AZ1: 鸣金穿透 | BA1: 鸣金加成 | BB1: 即时小裂 | BC1: 即时大裂 | BD1: 裂石穿透 | BE1: 裂石加成 | BF1: 即时小牵 | BG1: 即时大牵 | BH1: 牵丝穿透 | BI1: 牵丝加成 | BJ1: 即时小破 | BK1: 即时大破 | BL1: 破竹穿透 | BM1: 破竹加成 | BN1: 生效精准 | BO1: 生效会心 | BP1: 生效会心伤害 | BQ1: 生效会意 | BR1: 生效会意伤害 | BS1: 会心占比 | BT1: 普攻占比 | BU1: 擦伤占比 | BV1: 特殊增伤
A2: 外功 | B2: 4006.7 | C2: 3083.9 | D2: =58.4+IF($E$22="征人归",5.1,0) -> 58.4 | F2: 套装 | G2: 断岳 | H2: 防御 | I2: =620*(1-IF(F17="√",0.06,0)-IF(D20="√",0.04,0)) -> 558 | K2: =($L2*$BS2+$M2*$BQ2+$N2*$BT2+$O2*$BU2) -> 24783.517 | L2: =((($AS2+$AT2)/2*$AM2+$AN2)*(1+$AU2)*(1+$AV2)+(($AX2+$AY2)/2*IF($G$1="鸣金",$AO2,$AM2)+IF($G$1="鸣金",$AP2*1.5,0))*(1+$AZ2)*(1+$BA2)+(($BB2+$BC2)/2*IF($G$1="裂石",$AO2,$AM2)+IF($G$1="裂石",$AP2*1.5,0))*(1+$BD2)*(1+$BE2)+(($BF2+$BG2)/2*IF($G$1="牵丝",$AO2,$AM2)+IF($G$1="牵丝",$AP2*1.5,0))*(1+$BH2)*(1+$BI2)+(($BJ2+$BK2)/2*IF($G$1="破竹",$AO2,$AM2)+IF($G$1="破竹",$AP2*1.5,0))*(1+$BL2)*(1+$BM2))*(1+$AQ2)*$BP2*$P2*(1+IF(VLOOKUP($Q2,武学奇术!$A:$ZZ,30,FALSE)="蓄力技",$B$21,0))*(1+$BV2) -> 25100.013 | M2: =(($AT2*$AM2+$AN2)*(1+$AU2)*(1+$AV2)+($AY2*IF($G$1="鸣金",$AO2,$AM2)+IF($G$1="鸣金",$AP2*1.5,0))*(1+$AZ2)*(1+$BA2)+($BC2*IF($G$1="裂石",$AO2,$AM2)+IF($G$1="裂石",$AP2*1.5,0))*(1+$BD2)*(1+$BE2)+($BG2*IF($G$1="牵丝",$AO2,$AM2)+IF($G$1="牵丝",$AP2*1.5,0))*(1+$BH2)*(1+$BI2)+($BK2*IF($G$1="破竹",$AO2,$AM2)+IF($G$1="破竹",$AP2*1.5,0))*(1+$BL2)*(1+$BM2))*(1+$AQ2)*$BR2*$P2*(1+IF(VLOOKUP($Q2,武学奇术!$A:$ZZ,30,FALSE)="蓄力技",$B$21,0))*(1+$BV2) -> 24713.06 | N2: =((($AS2+$AT2)/2*$AM2+$AN2)*(1+$AU2)*(1+$AV2)+(($AX2+$AY2)/2*IF($G$1="鸣金",$AO2,$AM2)+IF($G$1="鸣金",$AP2*1.5,0))*(1+$AZ2)*(1+$BA2)+(($BB2+$BC2)/2*IF($G$1="裂石",$AO2,$AM2)+IF($G$1="裂石",$AP2*1.5,0))*(1+$BD2)*(1+$BE2)+(($BF2+$BG2)/2*IF($G$1="牵丝",$AO2,$AM2)+IF($G$1="牵丝",$AP2*1.5,0))*(1+$BH2)*(1+$BI2)+(($BJ2+$BK2)/2*IF($G$1="破竹",$AO2,$AM2)+IF($G$1="破竹",$AP2*1.5,0))*(1+$BL2)*(1+$BM2))*(1+$AQ2)*$P2*(1+IF(VLOOKUP($Q2,武学奇术!$A:$ZZ,30,FALSE)="蓄力技",$B$21,0))*(1+$BV2) -> 16193.557 | O2: =((($AS2*$AM2+$AN2)*(1+$AU2)*(1+$AV2)+($AX2*IF($G$1="鸣金",$AO2,$AM2)+IF($G$1="鸣金",$AP2*1.5,0))*(1+$AZ2)*(1+$BA2)+($BB2*IF($G$1="裂石",$AO2,$AM2)+IF($G$1="裂石",$AP2*1.5,0))*(1+$BD2)*(1+$BE2)+($BF2*IF($G$1="牵丝",$AO2,$AM2)+IF($G$1="牵丝",$AP2*1.5,0))*(1+$BH2)*(1+$BI2)+($BJ2*IF($G$1="破竹",$AO2,$AM2)+IF($G$1="破竹",$AP2*1.5,0))*(1+$BL2)*(1+$BM2))*(1+$AQ2))*$P2*(1+IF(VLOOKUP($Q2,武学奇术!$A:$ZZ,30,FALSE)="蓄力技",$B$21,0))*(1+$BV2) -> 14081.143 | P2: 1 | Q2: 萧呤千浪流星 | R2: 易水歌1层 | S2: N/a | T2: N/a | U2: N/a | V2: N/a | W2: 近战笛 | X2: 沧海帖1层 | Y2: N/a | Z2: N/a | AA2: N/a | AB2: N/a | AC2: N/a | AD2: 裁云(拐) | AE2: 无惧 | AF2: 铁衣 | AG2: N/a | AH2: N/a | AI2: N/a | AJ2: N/a | AK2: N/a | AL2: =VLOOKUP($Q2,武学奇术!$A:$ZZ,25,FALSE) -> 群体奇术 | AM2: =VLOOKUP($Q2,武学奇术!$A:$ZZ,26,FALSE) -> 1.4904 | AN2: =VLOOKUP($Q2,武学奇术!$A:$ZZ,27,FALSE)*(1+IF(OR($AL2=$F$4,$AL2=$F$5),$B$22,0)) -> 378 | AO2: =VLOOKUP($Q2,武学奇术!$A:$ZZ,28,FALSE) -> 2.2356 | AP2: =VLOOKUP($Q2,武学奇术!$A:$ZZ,29,FALSE)*(1+IF(OR($AL2=$F$4,$AL2=$F$5),$B$22,0)) -> 0 | AQ2: {=$G$3+IFERROR(VLOOKUP($AL2,$F$4:$G$7,2,FALSE),0)+VLOOKUP($Q2,武学奇术!$A:$ZZ,2,FALSE)+SUM(_xlfn.XLOOKUP($R2:$AK2,增益!$A:$A,增益!$B:$B,0))} -> 0.3437 | AR2: {=VLOOKUP($Q2,武学奇术!$A:$ZZ,5,FALSE)+SUM(_xlfn.XLOOKUP($R2:$AK2,增益!$A:$A,增益!$E:$E,0))} -> 0 | AS2: {=$D$10*(1+$AR2)+VLOOKUP($Q2,武学奇术!$A:$ZZ,3,FALSE)+SUM(_xlfn.XLOOKUP($R2:$AK2,增益!$A:$A,增益!$C:$C,0))-$I$2} -> 3648.7 | AT2: {=$E$10*(1+$AR2)+VLOOKUP($Q2,武学奇术!$A:$ZZ,4,FALSE)+SUM(_xlfn.XLOOKUP($R2:$AK2,增益!$A:$A,增益!$D:$D,0))-$I$2} -> 3648.7 | AU2: {=IF($F$10-$I$3+VLOOKUP($Q2,武学奇术!$A:$ZZ,6,FALSE)+SUM(_xlfn.XLOOKUP($R2:$AK2,增益!$A:$A,增益!$F:$F,0))>0,($F$10-$I$3+VLOOKUP($Q2,武学奇术!$A:$ZZ,6,FALSE)+SUM(_xlfn.XLOOKUP($R2:$AK2,增益!$A:$A,增益!$F:$F,0)))/200,($F$10-$I$3+VLOOKUP($Q2,武学奇术!$A:$ZZ,6,FALSE)+SUM(_xlfn.XLOOKUP($R2:$AK2,增益!$A:$A,增益!$F:$F,0)))/100)} -> 0.337 | AV2: {=$G$10+VLOOKUP($Q2,武学奇术!$A:$ZZ,7,FALSE)+SUM(_xlfn.XLOOKUP($R2:$AK2,增益!$A:$A,增益!$G:$G,0))} -> 0 | AW2: {=VLOOKUP($Q2,武学奇术!$A:$ZZ,8,FALSE)+SUM(_xlfn.XLOOKUP($R2:$AK2,增益!$A:$A,增益!$H:$H,0))} -> 0 | AX2: =$D$11*(1+$AW2) -> 0 | AY2: =$E$11*(1+$AW2) -> 0 | AZ2: {=IF($F$11-$I$4+VLOOKUP($Q2,武学奇术!$A:$ZZ,9,FALSE)+SUM(_xlfn.XLOOKUP($R2:$AK2,增益!$A:$A,增益!$I:$I,0))>0,($F$11-$I$4+VLOOKUP($Q2,武学奇术!$A:$ZZ,9,FALSE)+SUM(_xlfn.XLOOKUP($R2:$AK2,增益!$A:$A,增益!$I:$I,0)))/200,($F$11-$I$4+VLOOKUP($Q2,武学奇术!$A:$ZZ,9,FALSE)+SUM(_xlfn.XLOOKUP($R2:$AK2,增益!$A:$A,增益!$I:$I,0)))/100)} -> -0.3 | BA2: {=$G$11+VLOOKUP($Q2,武学奇术!$A:$ZZ,10,FALSE)+SUM(_xlfn.XLOOKUP($R2:$AK2,增益!$A:$A,增益!$J:$J,0))} -> 0 | BB2: =$D$12*(1+$AW2) -> 594.1 | BC2: =$E$12*(1+$AW2) -> 1604.9 | BD2: {=IF($F$12-$I$4+VLOOKUP($Q2,武学奇术!$A:$ZZ,11,FALSE)+SUM(_xlfn.XLOOKUP($R2:$AK2,增益!$A:$A,增益!$K:$K,0))>0,($F$12-$I$4+VLOOKUP($Q2,武学奇术!$A:$ZZ,11,FALSE)+SUM(_xlfn.XLOOKUP($R2:$AK2,增益!$A:$A,增益!$K:$K,0)))/200,($F$12-$I$4+VLOOKUP($Q2,武学奇术!$A:$ZZ,11,FALSE)+SUM(_xlfn.XLOOKUP($R2:$AK2,增益!$A:$A,增益!$K:$K,0)))/100)} -> 0.09 | BE2: {=$G$12+VLOOKUP($Q2,武学奇术!$A:$ZZ,12,FALSE)+SUM(_xlfn.XLOOKUP($R2:$AK2,增益!$A:$A,增益!$L:$L,0))} -> 0.15 | BF2: =$D$13*(1+$AW2) -> 0 | BG2: =$E$13*(1+$AW2) -> 0 | BH2: {=IF($F$13-$I$4+VLOOKUP($Q2,武学奇术!$A:$ZZ,13,FALSE)+SUM(_xlfn.XLOOKUP($R2:$AK2,增益!$A:$A,增益!$M:$M,0))>0,($F$13-$I$4+VLOOKUP($Q2,武学奇术!$A:$ZZ,13,FALSE)+SUM(_xlfn.XLOOKUP($R2:$AK2,增益!$A:$A,增益!$K:$K,0)))/200,($F$13-$I$4+VLOOKUP($Q2,武学奇术!$A:$ZZ,13,FALSE)+SUM(_xlfn.XLOOKUP($R2:$AK2,增益!$A:$A,增益!$M:$M,0)))/100)} -> -0.3 | BI2: {=$G$13+VLOOKUP($Q2,武学奇术!$A:$ZZ,14,FALSE)+SUM(_xlfn.XLOOKUP($R2:$AK2,增益!$A:$A,增益!$N:$N,0))} -> 0 | BJ2: =$D$14*(1+$AW2) -> 0 | BK2: =$E$14*(1+$AW2) -> 0 | BL2: {=IF($F$14-$I$4+VLOOKUP($Q2,武学奇术!$A:$ZZ,15,FALSE)+SUM(_xlfn.XLOOKUP($R2:$AK2,增益!$A:$A,增益!$O:$O,0))>0,($F$14-$I$4+VLOOKUP($Q2,武学奇术!$A:$ZZ,15,FALSE)+SUM(_xlfn.XLOOKUP($R2:$AK2,增益!$A:$A,增益!$O:$O,0)))/200,($F$14-$I$4+VLOOKUP($Q2,武学奇术!$A:$ZZ,15,FALSE)+SUM(_xlfn.XLOOKUP($R2:$AK2,增益!$A:$A,增益!$O:$O,0)))/100)} -> -0.3 | BM2: {=$G$14+VLOOKUP($Q2,武学奇术!$A:$ZZ,16,FALSE)+SUM(_xlfn.XLOOKUP($R2:$AK2,增益!$A:$A,增益!$P:$P,0))} -> 0 | BN2: =MIN(IF(VLOOKUP($Q2,武学奇术!$A:$ZZ,23,FALSE)=1,100%,$B$8),100%) -> 0.9859 | BO2: {=IF(VLOOKUP($Q2,武学奇术!$A:$ZZ,23,FALSE)=1,100%,MIN(80%,$B$9+VLOOKUP($Q2,武学奇术!$A:$ZZ,17,FALSE)+SUM(_xlfn.XLOOKUP($R2:$AK2,增益!$A:$A,增益!$Q:$Q,0)))+$B$11+SUM(_xlfn.XLOOKUP($R2:$AK2,增益!$A:$A,增益!$U:$U,0)))*IF(VLOOKUP($Q2,武学奇术!$A:$ZZ,24,FALSE)=1,0,1)} -> 0.8912 | BP2: {=1+$B$13+VLOOKUP($Q2,武学奇术!$A:$ZZ,18,FALSE)+SUM(_xlfn.XLOOKUP($R2:$AK2,增益!$A:$A,增益!$R:$R,0))} -> 1.55 | BQ2: {=IF(VLOOKUP($Q2,武学奇术!$A:$ZZ,24,FALSE)=1,100%,MIN(40%,$B$10+VLOOKUP($Q2,武学奇术!$A:$ZZ,19,FALSE)+SUM(_xlfn.XLOOKUP($R2:$AK2,增益!$A:$A,增益!$S:$S,0)))+$B$12+SUM(_xlfn.XLOOKUP($R2:$AK2,增益!$A:$A,增益!$V:$V,0)))*IF(VLOOKUP($Q2,武学奇术!$A:$ZZ,23,FALSE)=1,0,1)} -> 0.0929 | BR2: {=1+$B$14+VLOOKUP($Q2,武学奇术!$A:$ZZ,20,FALSE)+SUM(_xlfn.XLOOKUP($R2:$AK2,增益!$A:$A,增益!$T:$T,0))} -> 1.35 | BS2: =MIN((1-BQ2)*BN2,BN2*BO2) -> 0.87863408 | BT2: =1-BQ2-BS2-BU2 -> 0.01567581 | BU2: =IF(VLOOKUP($Q2,武学奇术!$A:$ZZ,22,FALSE)=1,0,(1-$BN2))*(1-$BQ2) -> 0.01279011 | BV2: {=SUM(_xlfn.XLOOKUP($R2:$AK2,增益!$A:$A,增益!$W:$W,0))+$I$5} -> 0.11
A3: 鸣金 | F3: 通用增伤 | G3: =B16+1.5%+IF(G2="断岳",5%,0)+IF($D$16="√",8%,0)+IF($E$22="征人归",8%,0) -> 0.2337 | H3: 外抗 | I3: =25-IF(D17="√",10,0)-IF(F17="√",10,0) -> 5 | K3: =($L3*$BS3+$M3*$BQ3+$N3*$BT3+$O3*$BU3) -> 29607.775 | L3: =((($AS3+$AT3)/2*$AM3+$AN3)*(1+$AU3)*(1+$AV3)+(($AX3+$AY3)/2*IF($G$1="鸣金",$AO3,$AM3)+IF($G$1="鸣金",$AP3*1.5,0))*(1+$AZ3)*(1+$BA3)+(($BB3+$BC3)/2*IF($G$1="裂石",$AO3,$AM3)+IF($G$1="裂石",$AP3*1.5,0))*(1+$BD3)*(1+$BE3)+(($BF3+$BG3)/2*IF($G$1="牵丝",$AO3,$AM3)+IF($G$1="牵丝",$AP3*1.5,0))*(1+$BH3)*(1+$BI3)+(($BJ3+$BK3)/2*IF($G$1="破竹",$AO3,$AM3)+IF($G$1="破竹",$AP3*1.5,0))*(1+$BL3)*(1+$BM3))*(1+$AQ3)*$BP3*$P3*(1+IF(VLOOKUP($Q3,武学奇术!$A:$ZZ,30,FALSE)="蓄力技",$B$21,0))*(1+$BV3) -> 30201.059 | M3: =(($AT3*$AM3+$AN3)*(1+$AU3)*(1+$AV3)+($AY3*IF($G$1="鸣金",$AO3,$AM3)+IF($G$1="鸣金",$AP3*1.5,0))*(1+$AZ3)*(1+$BA3)+($BC3*IF($G$1="裂石",$AO3,$AM3)+IF($G$1="裂石",$AP3*1.5,0))*(1+$BD3)*(1+$BE3)+($BG3*IF($G$1="牵丝",$AO3,$AM3)+IF($G$1="牵丝",$AP3*1.5,0))*(1+$BH3)*(1+$BI3)+($BK3*IF($G$1="破竹",$AO3,$AM3)+IF($G$1="破竹",$AP3*1.5,0))*(1+$BL3)*(1+$BM3))*(1+$AQ3)*$BR3*$P3*(1+IF(VLOOKUP($Q3,武学奇术!$A:$ZZ,30,FALSE)="蓄力技",$B$21,0))*(1+$BV3) -> 27827.192 | N3: =((($AS3+$AT3)/2*$AM3+$AN3)*(1+$AU3)*(1+$AV3)+(($AX3+$AY3)/2*IF($G$1="鸣金",$AO3,$AM3)+IF($G$1="鸣金",$AP3*1.5,0))*(1+$AZ3)*(1+$BA3)+(($BB3+$BC3)/2*IF($G$1="裂石",$AO3,$AM3)+IF($G$1="裂石",$AP3*1.5,0))*(1+$BD3)*(1+$BE3)+(($BF3+$BG3)/2*IF($G$1="牵丝",$AO3,$AM3)+IF($G$1="牵丝",$AP3*1.5,0))*(1+$BH3)*(1+$BI3)+(($BJ3+$BK3)/2*IF($G$1="破竹",$AO3,$AM3)+IF($G$1="破竹",$AP3*1.5,0))*(1+$BL3)*(1+$BM3))*(1+$AQ3)*$P3*(1+IF(VLOOKUP($Q3,武学奇术!$A:$ZZ,30,FALSE)="蓄力技",$B$21,0))*(1+$BV3) -> 18193.409 | O3: =((($AS3*$AM3+$AN3)*(1+$AU3)*(1+$AV3)+($AX3*IF($G$1="鸣金",$AO3,$AM3)+IF($G$1="鸣金",$AP3*1.5,0))*(1+$AZ3)*(1+$BA3)+($BB3*IF($G$1="裂石",$AO3,$AM3)+IF($G$1="裂石",$AP3*1.5,0))*(1+$BD3)*(1+$BE3)+($BF3*IF($G$1="牵丝",$AO3,$AM3)+IF($G$1="牵丝",$AP3*1.5,0))*(1+$BH3)*(1+$BI3)+($BJ3*IF($G$1="破竹",$AO3,$AM3)+IF($G$1="破竹",$AP3*1.5,0))*(1+$BL3)*(1+$BM3))*(1+$AQ3))*$P3*(1+IF(VLOOKUP($Q3,武学奇术!$A:$ZZ,30,FALSE)="蓄力技",$B$21,0))*(1+$BV3) -> 15774.084 | P3: 1 | Q3: 萧呤千浪流星 | R3: 易水歌2层 | S3: N/a | T3: 惧刃 | U3: 穿喉5(普) | V3: N/a | W3: 近战笛 | X3: 沧海帖2层 | Y3: N/a | Z3: N/a | AA3: N/a | AB3: 扶风(拐) | AC3: N/a | AD3: 裁云(拐) | AE3: 无惧 | AF3: 铁衣 | AG3: N/a | AH3: N/a | AI3: N/a | AJ3: N/a | AK3: 离猎(拐) | AL3: =VLOOKUP($Q3,武学奇术!$A:$ZZ,25,FALSE) -> 群体奇术 | AM3: =VLOOKUP($Q3,武学奇术!$A:$ZZ,26,FALSE) -> 1.4904 | AN3: =VLOOKUP($Q3,武学奇术!$A:$ZZ,27,FALSE)*(1+IF(OR($AL3=$F$4,$AL3=$F$5),$B$22,0)) -> 378 | AO3: =VLOOKUP($Q3,武学奇术!$A:$ZZ,28,FALSE) -> 2.2356 | AP3: =VLOOKUP($Q3,武学奇术!$A:$ZZ,29,FALSE)*(1+IF(OR($AL3=$F$4,$AL3=$F$5),$B$22,0)) -> 0 | AQ3: {=$G$3+IFERROR(VLOOKUP($AL3,$F$4:$G$7,2,FALSE),0)+VLOOKUP($Q3,武学奇术!$A:$ZZ,2,FALSE)+SUM(_xlfn.XLOOKUP($R3:$AK3,增益!$A:$A,增益!$B:$B,0))} -> 0.4337 | AR3: {=VLOOKUP($Q3,武学奇术!$A:$ZZ,5,FALSE)+SUM(_xlfn.XLOOKUP($R3:$AK3,增益!$A:$A,增益!$E:$E,0))} -> 0 | AS3: {=$D$10*(1+$AR3)+VLOOKUP($Q3,武学奇术!$A:$ZZ,3,FALSE)+SUM(_xlfn.XLOOKUP($R3:$AK3,增益!$A:$A,增益!$C:$C,0))-$I$2} -> 3648.7 | AT3: {=$E$10*(1+$AR3)+VLOOKUP($Q3,武学奇术!$A:$ZZ,4,FALSE)+SUM(_xlfn.XLOOKUP($R3:$AK3,增益!$A:$A,增益!$D:$D,0))-$I$2} -> 3648.7 | AU3: {=IF($F$10-$I$3+VLOOKUP($Q3,武学奇术!$A:$ZZ,6,FALSE)+SUM(_xlfn.XLOOKUP($R3:$AK3,增益!$A:$A,增益!$F:$F,0))>0,($F$10-$I$3+VLOOKUP($Q3,武学奇术!$A:$ZZ,6,FALSE)+SUM(_xlfn.XLOOKUP($R3:$AK3,增益!$A:$A,增益!$F:$F,0)))/200,($F$10-$I$3+VLOOKUP($Q3,武学奇术!$A:$ZZ,6,FALSE)+SUM(_xlfn.XLOOKUP($R3:$AK3,增益!$A:$A,增益!$F:$F,0)))/100)} -> 0.397 | AV3: {=$G$10+VLOOKUP($Q3,武学奇术!$A:$ZZ,7,FALSE)+SUM(_xlfn.XLOOKUP($R3:$AK3,增益!$A:$A,增益!$G:$G,0))} -> 0 | AW3: {=VLOOKUP($Q3,武学奇术!$A:$ZZ,8,FALSE)+SUM(_xlfn.XLOOKUP($R3:$AK3,增益!$A:$A,增益!$H:$H,0))} -> 0 | AX3: =$D$11*(1+$AW3) -> 0 | AY3: =$E$11*(1+$AW3) -> 0 | AZ3: {=IF($F$11-$I$4+VLOOKUP($Q3,武学奇术!$A:$ZZ,9,FALSE)+SUM(_xlfn.XLOOKUP($R3:$AK3,增益!$A:$A,增益!$I:$I,0))>0,($F$11-$I$4+VLOOKUP($Q3,武学奇术!$A:$ZZ,9,FALSE)+SUM(_xlfn.XLOOKUP($R3:$AK3,增益!$A:$A,增益!$I:$I,0)))/200,($F$11-$I$4+VLOOKUP($Q3,武学奇术!$A:$ZZ,9,FALSE)+SUM(_xlfn.XLOOKUP($R3:$AK3,增益!$A:$A,增益!$I:$I,0)))/100)} -> -0.14 | BA3: {=$G$11+VLOOKUP($Q3,武学奇术!$A:$ZZ,10,FALSE)+SUM(_xlfn.XLOOKUP($R3:$AK3,增益!$A:$A,增益!$J:$J,0))} -> 0 | BB3: =$D$12*(1+$AW3) -> 594.1 | BC3: =$E$12*(1+$AW3) -> 1604.9 | BD3: {=IF($F$12-$I$4+VLOOKUP($Q3,武学奇术!$A:$ZZ,11,FALSE)+SUM(_xlfn.XLOOKUP($R3:$AK3,增益!$A:$A,增益!$K:$K,0))>0,($F$12-$I$4+VLOOKUP($Q3,武学奇术!$A:$ZZ,11,FALSE)+SUM(_xlfn.XLOOKUP($R3:$AK3,增益!$A:$A,增益!$K:$K,0)))/200,($F$12-$I$4+VLOOKUP($Q3,武学奇术!$A:$ZZ,11,FALSE)+SUM(_xlfn.XLOOKUP($R3:$AK3,增益!$A:$A,增益!$K:$K,0)))/100)} -> 0.17 | BE3: {=$G$12+VLOOKUP($Q3,武学奇术!$A:$ZZ,12,FALSE)+SUM(_xlfn.XLOOKUP($R3:$AK3,增益!$A:$A,增益!$L:$L,0))} -> 0.15 | BF3: =$D$13*(1+$AW3) -> 0 | BG3: =$E$13*(1+$AW3) -> 0 | BH3: {=IF($F$13-$I$4+VLOOKUP($Q3,武学奇术!$A:$ZZ,13,FALSE)+SUM(_xlfn.XLOOKUP($R3:$AK3,增益!$A:$A,增益!$M:$M,0))>0,($F$13-$I$4+VLOOKUP($Q3,武学奇术!$A:$ZZ,13,FALSE)+SUM(_xlfn.XLOOKUP($R3:$AK3,增益!$A:$A,增益!$K:$K,0)))/200,($F$13-$I$4+VLOOKUP($Q3,武学奇术!$A:$ZZ,13,FALSE)+SUM(_xlfn.XLOOKUP($R3:$AK3,增益!$A:$A,增益!$M:$M,0)))/100)} -> -0.14 | BI3: {=$G$13+VLOOKUP($Q3,武学奇术!$A:$ZZ,14,FALSE)+SUM(_xlfn.XLOOKUP($R3:$AK3,增益!$A:$A,增益!$N:$N,0))} -> 0 | BJ3: =$D$14*(1+$AW3) -> 0 | BK3: =$E$14*(1+$AW3) -> 0 | BL3: {=IF($F$14-$I$4+VLOOKUP($Q3,武学奇术!$A:$ZZ,15,FALSE)+SUM(_xlfn.XLOOKUP($R3:$AK3,增益!$A:$A,增益!$O:$O,0))>0,($F$14-$I$4+VLOOKUP($Q3,武学奇术!$A:$ZZ,15,FALSE)+SUM(_xlfn.XLOOKUP($R3:$AK3,增益!$A:$A,增益!$O:$O,0)))/200,($F$14-$I$4+VLOOKUP($Q3,武学奇术!$A:$ZZ,15,FALSE)+SUM(_xlfn.XLOOKUP($R3:$AK3,增益!$A:$A,增益!$O:$O,0)))/100)} -> -0.14 | BM3: {=$G$14+VLOOKUP($Q3,武学奇术!$A:$ZZ,16,FALSE)+SUM(_xlfn.XLOOKUP($R3:$AK3,增益!$A:$A,增益!$P:$P,0))} -> 0 | BN3: =MIN(IF(VLOOKUP($Q3,武学奇术!$A:$ZZ,23,FALSE)=1,100%,$B$8),100%) -> 0.9859 | BO3: {=IF(VLOOKUP($Q3,武学奇术!$A:$ZZ,23,FALSE)=1,100%,MIN(80%,$B$9+VLOOKUP($Q3,武学奇术!$A:$ZZ,17,FALSE)+SUM(_xlfn.XLOOKUP($R3:$AK3,增益!$A:$A,增益!$Q:$Q,0)))+$B$11+SUM(_xlfn.XLOOKUP($R3:$AK3,增益!$A:$A,增益!$U:$U,0)))*IF(VLOOKUP($Q3,武学奇术!$A:$ZZ,24,FALSE)=1,0,1)} -> 0.8912 | BP3: {=1+$B$13+VLOOKUP($Q3,武学奇术!$A:$ZZ,18,FALSE)+SUM(_xlfn.XLOOKUP($R3:$AK3,增益!$A:$A,增益!$R:$R,0))} -> 1.66 | BQ3: {=IF(VLOOKUP($Q3,武学奇术!$A:$ZZ,24,FALSE)=1,100%,MIN(40%,$B$10+VLOOKUP($Q3,武学奇术!$A:$ZZ,19,FALSE)+SUM(_xlfn.XLOOKUP($R3:$AK3,增益!$A:$A,增益!$S:$S,0)))+$B$12+SUM(_xlfn.XLOOKUP($R3:$AK3,增益!$A:$A,增益!$V:$V,0)))*IF(VLOOKUP($Q3,武学奇术!$A:$ZZ,23,FALSE)=1,0,1)} -> 0.0929 | BR3: {=1+$B$14+VLOOKUP($Q3,武学奇术!$A:$ZZ,20,FALSE)+SUM(_xlfn.XLOOKUP($R3:$AK3,增益!$A:$A,增益!$T:$T,0))} -> 1.35 | BS3: =MIN((1-BQ3)*BN3,BN3*BO3) -> 0.87863408 | BT3: =1-BQ3-BS3-BU3 -> 0.01567581 | BU3: =IF(VLOOKUP($Q3,武学奇术!$A:$ZZ,22,FALSE)=1,0,(1-$BN3))*(1-$BQ3) -> 0.01279011 | BV3: {=SUM(_xlfn.XLOOKUP($R3:$AK3,增益!$A:$A,增益!$W:$W,0))+$I$5} -> 0.11
A4: 裂石 | B4: 514.9 | C4: 1374.9 | D4: 36 | E4: 0.15 | F4: 陌刀 | G4: =B15+B17 -> 0.1704 | H4: 属抗 | I4: =30 -> 30 | K4: =($L4*$BS4+$M4*$BQ4+$N4*$BT4+$O4*$BU4) -> 30126.355 | L4: =((($AS4+$AT4)/2*$AM4+$AN4)*(1+$AU4)*(1+$AV4)+(($AX4+$AY4)/2*IF($G$1="鸣金",$AO4,$AM4)+IF($G$1="鸣金",$AP4*1.5,0))*(1+$AZ4)*(1+$BA4)+(($BB4+$BC4)/2*IF($G$1="裂石",$AO4,$AM4)+IF($G$1="裂石",$AP4*1.5,0))*(1+$BD4)*(1+$BE4)+(($BF4+$BG4)/2*IF($G$1="牵丝",$AO4,$AM4)+IF($G$1="牵丝",$AP4*1.5,0))*(1+$BH4)*(1+$BI4)+(($BJ4+$BK4)/2*IF($G$1="破竹",$AO4,$AM4)+IF($G$1="破竹",$AP4*1.5,0))*(1+$BL4)*(1+$BM4))*(1+$AQ4)*$BP4*$P4*(1+IF(VLOOKUP($Q4,武学奇术!$A:$ZZ,30,FALSE)="蓄力技",$B$21,0))*(1+$BV4) -> 30750.561 | M4: =(($AT4*$AM4+$AN4)*(1+$AU4)*(1+$AV4)+($AY4*IF($G$1="鸣金",$AO4,$AM4)+IF($G$1="鸣金",$AP4*1.5,0))*(1+$AZ4)*(1+$BA4)+($BC4*IF($G$1="裂石",$AO4,$AM4)+IF($G$1="裂石",$AP4*1.5,0))*(1+$BD4)*(1+$BE4)+($BG4*IF($G$1="牵丝",$AO4,$AM4)+IF($G$1="牵丝",$AP4*1.5,0))*(1+$BH4)*(1+$BI4)+($BK4*IF($G$1="破竹",$AO4,$AM4)+IF($G$1="破竹",$AP4*1.5,0))*(1+$BL4)*(1+$BM4))*(1+$AQ4)*$BR4*$P4*(1+IF(VLOOKUP($Q4,武学奇术!$A:$ZZ,30,FALSE)="蓄力技",$B$21,0))*(1+$BV4) -> 28147.108 | N4: =((($AS4+$AT4)/2*$AM4+$AN4)*(1+$AU4)*(1+$AV4)+(($AX4+$AY4)/2*IF($G$1="鸣金",$AO4,$AM4)+IF($G$1="鸣金",$AP4*1.5,0))*(1+$AZ4)*(1+$BA4)+(($BB4+$BC4)/2*IF($G$1="裂石",$AO4,$AM4)+IF($G$1="裂石",$AP4*1.5,0))*(1+$BD4)*(1+$BE4)+(($BF4+$BG4)/2*IF($G$1="牵丝",$AO4,$AM4)+IF($G$1="牵丝",$AP4*1.5,0))*(1+$BH4)*(1+$BI4)+(($BJ4+$BK4)/2*IF($G$1="破竹",$AO4,$AM4)+IF($G$1="破竹",$AP4*1.5,0))*(1+$BL4)*(1+$BM4))*(1+$AQ4)*$P4*(1+IF(VLOOKUP($Q4,武学奇术!$A:$ZZ,30,FALSE)="蓄力技",$B$21,0))*(1+$BV4) -> 18413.51 | O4: =((($AS4*$AM4+$AN4)*(1+$AU4)*(1+$AV4)+($AX4*IF($G$1="鸣金",$AO4,$AM4)+IF($G$1="鸣金",$AP4*1.5,0))*(1+$AZ4)*(1+$BA4)+($BB4*IF($G$1="裂石",$AO4,$AM4)+IF($G$1="裂石",$AP4*1.5,0))*(1+$BD4)*(1+$BE4)+($BF4*IF($G$1="牵丝",$AO4,$AM4)+IF($G$1="牵丝",$AP4*1.5,0))*(1+$BH4)*(1+$BI4)+($BJ4*IF($G$1="破竹",$AO4,$AM4)+IF($G$1="破竹",$AP4*1.5,0))*(1+$BL4)*(1+$BM4))*(1+$AQ4))*$P4*(1+IF(VLOOKUP($Q4,武学奇术!$A:$ZZ,30,FALSE)="蓄力技",$B$21,0))*(1+$BV4) -> 15977.309 | P4: 1 | Q4: 萧呤千浪流星 | R4: 易水歌3层 | S4: N/a | T4: 惧刃 | U4: 穿喉5(普) | V4: N/a | W4: 近战笛 | X4: 沧海帖3层 | Y4: N/a | Z4: N/a | AA4: N/a | AB4: 烁鼓(拐) | AC4: N/a | AD4: 裁云(拐) | AE4: 无惧 | AF4: 铁衣 | AG4: N/a | AH4: N/a | AI4: N/a | AJ4: N/a | AK4: 离猎(拐) | AL4: =VLOOKUP($Q4,武学奇术!$A:$ZZ,25,FALSE) -> 群体奇术 | AM4: =VLOOKUP($Q4,武学奇术!$A:$ZZ,26,FALSE) -> 1.4904 | AN4: =VLOOKUP($Q4,武学奇术!$A:$ZZ,27,FALSE)*(1+IF(OR($AL4=$F$4,$AL4=$F$5),$B$22,0)) -> 378 | AO4: =VLOOKUP($Q4,武学奇术!$A:$ZZ,28,FALSE) -> 2.2356 | AP4: =VLOOKUP($Q4,武学奇术!$A:$ZZ,29,FALSE)*(1+IF(OR($AL4=$F$4,$AL4=$F$5),$B$22,0)) -> 0 | AQ4: {=$G$3+IFERROR(VLOOKUP($AL4,$F$4:$G$7,2,FALSE),0)+VLOOKUP($Q4,武学奇术!$A:$ZZ,2,FALSE)+SUM(_xlfn.XLOOKUP($R4:$AK4,增益!$A:$A,增益!$B:$B,0))} -> 0.4437 | AR4: {=VLOOKUP($Q4,武学奇术!$A:$ZZ,5,FALSE)+SUM(_xlfn.XLOOKUP($R4:$AK4,增益!$A:$A,增益!$E:$E,0))} -> 0 | AS4: {=$D$10*(1+$AR4)+VLOOKUP($Q4,武学奇术!$A:$ZZ,3,FALSE)+SUM(_xlfn.XLOOKUP($R4:$AK4,增益!$A:$A,增益!$C:$C,0))-$I$2} -> 3648.7 | AT4: {=$E$10*(1+$AR4)+VLOOKUP($Q4,武学奇术!$A:$ZZ,4,FALSE)+SUM(_xlfn.XLOOKUP($R4:$AK4,增益!$A:$A,增益!$D:$D,0))-$I$2} -> 3648.7 | AU4: {=IF($F$10-$I$3+VLOOKUP($Q4,武学奇术!$A:$ZZ,6,FALSE)+SUM(_xlfn.XLOOKUP($R4:$AK4,增益!$A:$A,增益!$F:$F,0))>0,($F$10-$I$3+VLOOKUP($Q4,武学奇术!$A:$ZZ,6,FALSE)+SUM(_xlfn.XLOOKUP($R4:$AK4,增益!$A:$A,增益!$F:$F,0)))/200,($F$10-$I$3+VLOOKUP($Q4,武学奇术!$A:$ZZ,6,FALSE)+SUM(_xlfn.XLOOKUP($R4:$AK4,增益!$A:$A,增益!$F:$F,0)))/100)} -> 0.407 | AV4: {=$G$10+VLOOKUP($Q4,武学奇术!$A:$ZZ,7,FALSE)+SUM(_xlfn.XLOOKUP($R4:$AK4,增益!$A:$A,增益!$G:$G,0))} -> 0 | AW4: {=VLOOKUP($Q4,武学奇术!$A:$ZZ,8,FALSE)+SUM(_xlfn.XLOOKUP($R4:$AK4,增益!$A:$A,增益!$H:$H,0))} -> 0 | AX4: =$D$11*(1+$AW4) -> 0 | AY4: =$E$11*(1+$AW4) -> 0 | AZ4: {=IF($F$11-$I$4+VLOOKUP($Q4,武学奇术!$A:$ZZ,9,FALSE)+SUM(_xlfn.XLOOKUP($R4:$AK4,增益!$A:$A,增益!$I:$I,0))>0,($F$11-$I$4+VLOOKUP($Q4,武学奇术!$A:$ZZ,9,FALSE)+SUM(_xlfn.XLOOKUP($R4:$AK4,增益!$A:$A,增益!$I:$I,0)))/200,($F$11-$I$4+VLOOKUP($Q4,武学奇术!$A:$ZZ,9,FALSE)+SUM(_xlfn.XLOOKUP($R4:$AK4,增益!$A:$A,增益!$I:$I,0)))/100)} -> -0.14 | BA4: {=$G$11+VLOOKUP($Q4,武学奇术!$A:$ZZ,10,FALSE)+SUM(_xlfn.XLOOKUP($R4:$AK4,增益!$A:$A,增益!$J:$J,0))} -> 0 | BB4: =$D$12*(1+$AW4) -> 594.1 | BC4: =$E$12*(1+$AW4) -> 1604.9 | BD4: {=IF($F$12-$I$4+VLOOKUP($Q4,武学奇术!$A:$ZZ,11,FALSE)+SUM(_xlfn.XLOOKUP($R4:$AK4,增益!$A:$A,增益!$K:$K,0))>0,($F$12-$I$4+VLOOKUP($Q4,武学奇术!$A:$ZZ,11,FALSE)+SUM(_xlfn.XLOOKUP($R4:$AK4,增益!$A:$A,增益!$K:$K,0)))/200,($F$12-$I$4+VLOOKUP($Q4,武学奇术!$A:$ZZ,11,FALSE)+SUM(_xlfn.XLOOKUP($R4:$AK4,增益!$A:$A,增益!$K:$K,0)))/100)} -> 0.17 | BE4: {=$G$12+VLOOKUP($Q4,武学奇术!$A:$ZZ,12,FALSE)+SUM(_xlfn.XLOOKUP($R4:$AK4,增益!$A:$A,增益!$L:$L,0))} -> 0.15 | BF4: =$D$13*(1+$AW4) -> 0 | BG4: =$E$13*(1+$AW4) -> 0 | BH4: {=IF($F$13-$I$4+VLOOKUP($Q4,武学奇术!$A:$ZZ,13,FALSE)+SUM(_xlfn.XLOOKUP($R4:$AK4,增益!$A:$A,增益!$M:$M,0))>0,($F$13-$I$4+VLOOKUP($Q4,武学奇术!$A:$ZZ,13,FALSE)+SUM(_xlfn.XLOOKUP($R4:$AK4,增益!$A:$A,增益!$K:$K,0)))/200,($F$13-$I$4+VLOOKUP($Q4,武学奇术!$A:$ZZ,13,FALSE)+SUM(_xlfn.XLOOKUP($R4:$AK4,增益!$A:$A,增益!$M:$M,0)))/100)} -> -0.14 | BI4: {=$G$13+VLOOKUP($Q4,武学奇术!$A:$ZZ,14,FALSE)+SUM(_xlfn.XLOOKUP($R4:$AK4,增益!$A:$A,增益!$N:$N,0))} -> 0 | BJ4: =$D$14*(1+$AW4) -> 0 | BK4: =$E$14*(1+$AW4) -> 0 | BL4: {=IF($F$14-$I$4+VLOOKUP($Q4,武学奇术!$A:$ZZ,15,FALSE)+SUM(_xlfn.XLOOKUP($R4:$AK4,增益!$A:$A,增益!$O:$O,0))>0,($F$14-$I$4+VLOOKUP($Q4,武学奇术!$A:$ZZ,15,FALSE)+SUM(_xlfn.XLOOKUP($R4:$AK4,增益!$A:$A,增益!$O:$O,0)))/200,($F$14-$I$4+VLOOKUP($Q4,武学奇术!$A:$ZZ,15,FALSE)+SUM(_xlfn.XLOOKUP($R4:$AK4,增益!$A:$A,增益!$O:$O,0)))/100)} -> -0.14 | BM4: {=$G$14+VLOOKUP($Q4,武学奇术!$A:$ZZ,16,FALSE)+SUM(_xlfn.XLOOKUP($R4:$AK4,增益!$A:$A,增益!$P:$P,0))} -> 0 | BN4: =MIN(IF(VLOOKUP($Q4,武学奇术!$A:$ZZ,23,FALSE)=1,100%,$B$8),100%) -> 0.9859 | BO4: {=IF(VLOOKUP($Q4,武学奇术!$A:$ZZ,23,FALSE)=1,100%,MIN(80%,$B$9+VLOOKUP($Q4,武学奇术!$A:$ZZ,17,FALSE)+SUM(_xlfn.XLOOKUP($R4:$AK4,增益!$A:$A,增益!$Q:$Q,0)))+$B$11+SUM(_xlfn.XLOOKUP($R4:$AK4,增益!$A:$A,增益!$U:$U,0)))*IF(VLOOKUP($Q4,武学奇术!$A:$ZZ,24,FALSE)=1,0,1)} -> 0.8912 | BP4: {=1+$B$13+VLOOKUP($Q4,武学奇术!$A:$ZZ,18,FALSE)+SUM(_xlfn.XLOOKUP($R4:$AK4,增益!$A:$A,增益!$R:$R,0))} -> 1.67 | BQ4: {=IF(VLOOKUP($Q4,武学奇术!$A:$ZZ,24,FALSE)=1,100%,MIN(40%,$B$10+VLOOKUP($Q4,武学奇术!$A:$ZZ,19,FALSE)+SUM(_xlfn.XLOOKUP($R4:$AK4,增益!$A:$A,增益!$S:$S,0)))+$B$12+SUM(_xlfn.XLOOKUP($R4:$AK4,增益!$A:$A,增益!$V:$V,0)))*IF(VLOOKUP($Q4,武学奇术!$A:$ZZ,23,FALSE)=1,0,1)} -> 0.0929 | BR4: {=1+$B$14+VLOOKUP($Q4,武学奇术!$A:$ZZ,20,FALSE)+SUM(_xlfn.XLOOKUP($R4:$AK4,增益!$A:$A,增益!$T:$T,0))} -> 1.35 | BS4: =MIN((1-BQ4)*BN4,BN4*BO4) -> 0.87863408 | BT4: =1-BQ4-BS4-BU4 -> 0.01567581 | BU4: =IF(VLOOKUP($Q4,武学奇术!$A:$ZZ,22,FALSE)=1,0,(1-$BN4))*(1-$BQ4) -> 0.01279011 | BV4: {=SUM(_xlfn.XLOOKUP($R4:$AK4,增益!$A:$A,增益!$W:$W,0))+$I$5} -> 0.11
A5: 牵丝 | F5: 横刀 | G5: =B15+B18 -> 0.0852 | H5: 副本天赋 | I5: 0.06 | K5: =($L5*$BS5+$M5*$BQ5+$N5*$BT5+$O5*$BU5) -> 30650.909 | L5: =((($AS5+$AT5)/2*$AM5+$AN5)*(1+$AU5)*(1+$AV5)+(($AX5+$AY5)/2*IF($G$1="鸣金",$AO5,$AM5)+IF($G$1="鸣金",$AP5*1.5,0))*(1+$AZ5)*(1+$BA5)+(($BB5+$BC5)/2*IF($G$1="裂石",$AO5,$AM5)+IF($G$1="裂石",$AP5*1.5,0))*(1+$BD5)*(1+$BE5)+(($BF5+$BG5)/2*IF($G$1="牵丝",$AO5,$AM5)+IF($G$1="牵丝",$AP5*1.5,0))*(1+$BH5)*(1+$BI5)+(($BJ5+$BK5)/2*IF($G$1="破竹",$AO5,$AM5)+IF($G$1="破竹",$AP5*1.5,0))*(1+$BL5)*(1+$BM5))*(1+$AQ5)*$BP5*$P5*(1+IF(VLOOKUP($Q5,武学奇术!$A:$ZZ,30,FALSE)="蓄力技",$B$21,0))*(1+$BV5) -> 31306.634 | M5: =(($AT5*$AM5+$AN5)*(1+$AU5)*(1+$AV5)+($AY5*IF($G$1="鸣金",$AO5,$AM5)+IF($G$1="鸣金",$AP5*1.5,0))*(1+$AZ5)*(1+$BA5)+($BC5*IF($G$1="裂石",$AO5,$AM5)+IF($G$1="裂石",$AP5*1.5,0))*(1+$BD5)*(1+$BE5)+($BG5*IF($G$1="牵丝",$AO5,$AM5)+IF($G$1="牵丝",$AP5*1.5,0))*(1+$BH5)*(1+$BI5)+($BK5*IF($G$1="破竹",$AO5,$AM5)+IF($G$1="破竹",$AP5*1.5,0))*(1+$BL5)*(1+$BM5))*(1+$AQ5)*$BR5*$P5*(1+IF(VLOOKUP($Q5,武学奇术!$A:$ZZ,30,FALSE)="蓄力技",$B$21,0))*(1+$BV5) -> 28468.768 | N5: =((($AS5+$AT5)/2*$AM5+$AN5)*(1+$AU5)*(1+$AV5)+(($AX5+$AY5)/2*IF($G$1="鸣金",$AO5,$AM5)+IF($G$1="鸣金",$AP5*1.5,0))*(1+$AZ5)*(1+$BA5)+(($BB5+$BC5)/2*IF($G$1="裂石",$AO5,$AM5)+IF($G$1="裂石",$AP5*1.5,0))*(1+$BD5)*(1+$BE5)+(($BF5+$BG5)/2*IF($G$1="牵丝",$AO5,$AM5)+IF($G$1="牵丝",$AP5*1.5,0))*(1+$BH5)*(1+$BI5)+(($BJ5+$BK5)/2*IF($G$1="破竹",$AO5,$AM5)+IF($G$1="破竹",$AP5*1.5,0))*(1+$BL5)*(1+$BM5))*(1+$AQ5)*$P5*(1+IF(VLOOKUP($Q5,武学奇术!$A:$ZZ,30,FALSE)="蓄力技",$B$21,0))*(1+$BV5) -> 18634.901 | O5: =((($AS5*$AM5+$AN5)*(1+$AU5)*(1+$AV5)+($AX5*IF($G$1="鸣金",$AO5,$AM5)+IF($G$1="鸣金",$AP5*1.5,0))*(1+$AZ5)*(1+$BA5)+($BB5*IF($G$1="裂石",$AO5,$AM5)+IF($G$1="裂石",$AP5*1.5,0))*(1+$BD5)*(1+$BE5)+($BF5*IF($G$1="牵丝",$AO5,$AM5)+IF($G$1="牵丝",$AP5*1.5,0))*(1+$BH5)*(1+$BI5)+($BJ5*IF($G$1="破竹",$AO5,$AM5)+IF($G$1="破竹",$AP5*1.5,0))*(1+$BL5)*(1+$BM5))*(1+$AQ5))*$P5*(1+IF(VLOOKUP($Q5,武学奇术!$A:$ZZ,30,FALSE)="蓄力技",$B$21,0))*(1+$BV5) -> 16181.826 | P5: 1 | Q5: 萧呤千浪流星 | R5: 易水歌4层 | S5: N/a | T5: 惧刃 | U5: 穿喉5(普) | V5: N/a | W5: 近战笛 | X5: 沧海帖4层 | Y5: N/a | Z5: N/a | AA5: N/a | AB5: 烁鼓(拐) | AC5: N/a | AD5: 裁云(拐) | AE5: 无惧 | AF5: 铁衣 | AG5: N/a | AH5: N/a | AI5: N/a | AJ5: N/a | AK5: 离猎(拐) | AL5: =VLOOKUP($Q5,武学奇术!$A:$ZZ,25,FALSE) -> 群体奇术 | AM5: =VLOOKUP($Q5,武学奇术!$A:$ZZ,26,FALSE) -> 1.4904 | AN5: =VLOOKUP($Q5,武学奇术!$A:$ZZ,27,FALSE)*(1+IF(OR($AL5=$F$4,$AL5=$F$5),$B$22,0)) -> 378 | AO5: =VLOOKUP($Q5,武学奇术!$A:$ZZ,28,FALSE) -> 2.2356 | AP5: =VLOOKUP($Q5,武学奇术!$A:$ZZ,29,FALSE)*(1+IF(OR($AL5=$F$4,$AL5=$F$5),$B$22,0)) -> 0 | AQ5: {=$G$3+IFERROR(VLOOKUP($AL5,$F$4:$G$7,2,FALSE),0)+VLOOKUP($Q5,武学奇术!$A:$ZZ,2,FALSE)+SUM(_xlfn.XLOOKUP($R5:$AK5,增益!$A:$A,增益!$B:$B,0))} -> 0.4537 | AR5: {=VLOOKUP($Q5,武学奇术!$A:$ZZ,5,FALSE)+SUM(_xlfn.XLOOKUP($R5:$AK5,增益!$A:$A,增益!$E:$E,0))} -> 0 | AS5: {=$D$10*(1+$AR5)+VLOOKUP($Q5,武学奇术!$A:$ZZ,3,FALSE)+SUM(_xlfn.XLOOKUP($R5:$AK5,增益!$A:$A,增益!$C:$C,0))-$I$2} -> 3648.7 | AT5: {=$E$10*(1+$AR5)+VLOOKUP($Q5,武学奇术!$A:$ZZ,4,FALSE)+SUM(_xlfn.XLOOKUP($R5:$AK5,增益!$A:$A,增益!$D:$D,0))-$I$2} -> 3648.7 | AU5: {=IF($F$10-$I$3+VLOOKUP($Q5,武学奇术!$A:$ZZ,6,FALSE)+SUM(_xlfn.XLOOKUP($R5:$AK5,增益!$A:$A,增益!$F:$F,0))>0,($F$10-$I$3+VLOOKUP($Q5,武学奇术!$A:$ZZ,6,FALSE)+SUM(_xlfn.XLOOKUP($R5:$AK5,增益!$A:$A,增益!$F:$F,0)))/200,($F$10-$I$3+VLOOKUP($Q5,武学奇术!$A:$ZZ,6,FALSE)+SUM(_xlfn.XLOOKUP($R5:$AK5,增益!$A:$A,增益!$F:$F,0)))/100)} -> 0.417 | AV5: {=$G$10+VLOOKUP($Q5,武学奇术!$A:$ZZ,7,FALSE)+SUM(_xlfn.XLOOKUP($R5:$AK5,增益!$A:$A,增益!$G:$G,0))} -> 0 | AW5: {=VLOOKUP($Q5,武学奇术!$A:$ZZ,8,FALSE)+SUM(_xlfn.XLOOKUP($R5:$AK5,增益!$A:$A,增益!$H:$H,0))} -> 0 | AX5: =$D$11*(1+$AW5) -> 0 | AY5: =$E$11*(1+$AW5) -> 0 | AZ5: {=IF($F$11-$I$4+VLOOKUP($Q5,武学奇术!$A:$ZZ,9,FALSE)+SUM(_xlfn.XLOOKUP($R5:$AK5,增益!$A:$A,增益!$I:$I,0))>0,($F$11-$I$4+VLOOKUP($Q5,武学奇术!$A:$ZZ,9,FALSE)+SUM(_xlfn.XLOOKUP($R5:$AK5,增益!$A:$A,增益!$I:$I,0)))/200,($F$11-$I$4+VLOOKUP($Q5,武学奇术!$A:$ZZ,9,FALSE)+SUM(_xlfn.XLOOKUP($R5:$AK5,增益!$A:$A,增益!$I:$I,0)))/100)} -> -0.14 | BA5: {=$G$11+VLOOKUP($Q5,武学奇术!$A:$ZZ,10,FALSE)+SUM(_xlfn.XLOOKUP($R5:$AK5,增益!$A:$A,增益!$J:$J,0))} -> 0 | BB5: =$D$12*(1+$AW5) -> 594.1 | BC5: =$E$12*(1+$AW5) -> 1604.9 | BD5: {=IF($F$12-$I$4+VLOOKUP($Q5,武学奇术!$A:$ZZ,11,FALSE)+SUM(_xlfn.XLOOKUP($R5:$AK5,增益!$A:$A,增益!$K:$K,0))>0,($F$12-$I$4+VLOOKUP($Q5,武学奇术!$A:$ZZ,11,FALSE)+SUM(_xlfn.XLOOKUP($R5:$AK5,增益!$A:$A,增益!$K:$K,0)))/200,($F$12-$I$4+VLOOKUP($Q5,武学奇术!$A:$ZZ,11,FALSE)+SUM(_xlfn.XLOOKUP($R5:$AK5,增益!$A:$A,增益!$K:$K,0)))/100)} -> 0.17 | BE5: {=$G$12+VLOOKUP($Q5,武学奇术!$A:$ZZ,12,FALSE)+SUM(_xlfn.XLOOKUP($R5:$AK5,增益!$A:$A,增益!$L:$L,0))} -> 0.15 | BF5: =$D$13*(1+$AW5) -> 0 | BG5: =$E$13*(1+$AW5) -> 0 | BH5: {=IF($F$13-$I$4+VLOOKUP($Q5,武学奇术!$A:$ZZ,13,FALSE)+SUM(_xlfn.XLOOKUP($R5:$AK5,增益!$A:$A,增益!$M:$M,0))>0,($F$13-$I$4+VLOOKUP($Q5,武学奇术!$A:$ZZ,13,FALSE)+SUM(_xlfn.XLOOKUP($R5:$AK5,增益!$A:$A,增益!$K:$K,0)))/200,($F$13-$I$4+VLOOKUP($Q5,武学奇术!$A:$ZZ,13,FALSE)+SUM(_xlfn.XLOOKUP($R5:$AK5,增益!$A:$A,增益!$M:$M,0)))/100)} -> -0.14 | BI5: {=$G$13+VLOOKUP($Q5,武学奇术!$A:$ZZ,14,FALSE)+SUM(_xlfn.XLOOKUP($R5:$AK5,增益!$A:$A,增益!$N:$N,0))} -> 0 | BJ5: =$D$14*(1+$AW5) -> 0 | BK5: =$E$14*(1+$AW5) -> 0 | BL5: {=IF($F$14-$I$4+VLOOKUP($Q5,武学奇术!$A:$ZZ,15,FALSE)+SUM(_xlfn.XLOOKUP($R5:$AK5,增益!$A:$A,增益!$O:$O,0))>0,($F$14-$I$4+VLOOKUP($Q5,武学奇术!$A:$ZZ,15,FALSE)+SUM(_xlfn.XLOOKUP($R5:$AK5,增益!$A:$A,增益!$O:$O,0)))/200,($F$14-$I$4+VLOOKUP($Q5,武学奇术!$A:$ZZ,15,FALSE)+SUM(_xlfn.XLOOKUP($R5:$AK5,增益!$A:$A,增益!$O:$O,0)))/100)} -> -0.14 | BM5: {=$G$14+VLOOKUP($Q5,武学奇术!$A:$ZZ,16,FALSE)+SUM(_xlfn.XLOOKUP($R5:$AK5,增益!$A:$A,增益!$P:$P,0))} -> 0 | BN5: =MIN(IF(VLOOKUP($Q5,武学奇术!$A:$ZZ,23,FALSE)=1,100%,$B$8),100%) -> 0.9859 | BO5: {=IF(VLOOKUP($Q5,武学奇术!$A:$ZZ,23,FALSE)=1,100%,MIN(80%,$B$9+VLOOKUP($Q5,武学奇术!$A:$ZZ,17,FALSE)+SUM(_xlfn.XLOOKUP($R5:$AK5,增益!$A:$A,增益!$Q:$Q,0)))+$B$11+SUM(_xlfn.XLOOKUP($R5:$AK5,增益!$A:$A,增益!$U:$U,0)))*IF(VLOOKUP($Q5,武学奇术!$A:$ZZ,24,FALSE)=1,0,1)} -> 0.8912 | BP5: {=1+$B$13+VLOOKUP($Q5,武学奇术!$A:$ZZ,18,FALSE)+SUM(_xlfn.XLOOKUP($R5:$AK5,增益!$A:$A,增益!$R:$R,0))} -> 1.68 | BQ5: {=IF(VLOOKUP($Q5,武学奇术!$A:$ZZ,24,FALSE)=1,100%,MIN(40%,$B$10+VLOOKUP($Q5,武学奇术!$A:$ZZ,19,FALSE)+SUM(_xlfn.XLOOKUP($R5:$AK5,增益!$A:$A,增益!$S:$S,0)))+$B$12+SUM(_xlfn.XLOOKUP($R5:$AK5,增益!$A:$A,增益!$V:$V,0)))*IF(VLOOKUP($Q5,武学奇术!$A:$ZZ,23,FALSE)=1,0,1)} -> 0.0929 | BR5: {=1+$B$14+VLOOKUP($Q5,武学奇术!$A:$ZZ,20,FALSE)+SUM(_xlfn.XLOOKUP($R5:$AK5,增益!$A:$A,增益!$T:$T,0))} -> 1.35 | BS5: =MIN((1-BQ5)*BN5,BN5*BO5) -> 0.87863408 | BT5: =1-BQ5-BS5-BU5 -> 0.01567581 | BU5: =IF(VLOOKUP($Q5,武学奇术!$A:$ZZ,22,FALSE)=1,0,(1-$BN5))*(1-$BQ5) -> 0.01279011 | BV5: {=SUM(_xlfn.XLOOKUP($R5:$AK5,增益!$A:$A,增益!$W:$W,0))+$I$5} -> 0.11
A6: 破竹 | F6: 单体奇术 | G6: =B19 -> 0 | K6: =($L6*$BS6+$M6*$BQ6+$N6*$BT6+$O6*$BU6) -> 31015.779 | L6: =((($AS6+$AT6)/2*$AM6+$AN6)*(1+$AU6)*(1+$AV6)+(($AX6+$AY6)/2*IF($G$1="鸣金",$AO6,$AM6)+IF($G$1="鸣金",$AP6*1.5,0))*(1+$AZ6)*(1+$BA6)+(($BB6+$BC6)/2*IF($G$1="裂石",$AO6,$AM6)+IF($G$1="裂石",$AP6*1.5,0))*(1+$BD6)*(1+$BE6)+(($BF6+$BG6)/2*IF($G$1="牵丝",$AO6,$AM6)+IF($G$1="牵丝",$AP6*1.5,0))*(1+$BH6)*(1+$BI6)+(($BJ6+$BK6)/2*IF($G$1="破竹",$AO6,$AM6)+IF($G$1="破竹",$AP6*1.5,0))*(1+$BL6)*(1+$BM6))*(1+$AQ6)*$BP6*$P6*(1+IF(VLOOKUP($Q6,武学奇术!$A:$ZZ,30,FALSE)="蓄力技",$B$21,0))*(1+$BV6) -> 31680.741 | M6: =(($AT6*$AM6+$AN6)*(1+$AU6)*(1+$AV6)+($AY6*IF($G$1="鸣金",$AO6,$AM6)+IF($G$1="鸣金",$AP6*1.5,0))*(1+$AZ6)*(1+$BA6)+($BC6*IF($G$1="裂石",$AO6,$AM6)+IF($G$1="裂石",$AP6*1.5,0))*(1+$BD6)*(1+$BE6)+($BG6*IF($G$1="牵丝",$AO6,$AM6)+IF($G$1="牵丝",$AP6*1.5,0))*(1+$BH6)*(1+$BI6)+($BK6*IF($G$1="破竹",$AO6,$AM6)+IF($G$1="破竹",$AP6*1.5,0))*(1+$BL6)*(1+$BM6))*(1+$AQ6)*$BR6*$P6*(1+IF(VLOOKUP($Q6,武学奇术!$A:$ZZ,30,FALSE)="蓄力技",$B$21,0))*(1+$BV6) -> 28792.17 | N6: =((($AS6+$AT6)/2*$AM6+$AN6)*(1+$AU6)*(1+$AV6)+(($AX6+$AY6)/2*IF($G$1="鸣金",$AO6,$AM6)+IF($G$1="鸣金",$AP6*1.5,0))*(1+$AZ6)*(1+$BA6)+(($BB6+$BC6)/2*IF($G$1="裂石",$AO6,$AM6)+IF($G$1="裂石",$AP6*1.5,0))*(1+$BD6)*(1+$BE6)+(($BF6+$BG6)/2*IF($G$1="牵丝",$AO6,$AM6)+IF($G$1="牵丝",$AP6*1.5,0))*(1+$BH6)*(1+$BI6)+(($BJ6+$BK6)/2*IF($G$1="破竹",$AO6,$AM6)+IF($G$1="破竹",$AP6*1.5,0))*(1+$BL6)*(1+$BM6))*(1+$AQ6)*$P6*(1+IF(VLOOKUP($Q6,武学奇术!$A:$ZZ,30,FALSE)="蓄力技",$B$21,0))*(1+$BV6) -> 18857.584 | O6: =((($AS6*$AM6+$AN6)*(1+$AU6)*(1+$AV6)+($AX6*IF($G$1="鸣金",$AO6,$AM6)+IF($G$1="鸣金",$AP6*1.5,0))*(1+$AZ6)*(1+$BA6)+($BB6*IF($G$1="裂石",$AO6,$AM6)+IF($G$1="裂石",$AP6*1.5,0))*(1+$BD6)*(1+$BE6)+($BF6*IF($G$1="牵丝",$AO6,$AM6)+IF($G$1="牵丝",$AP6*1.5,0))*(1+$BH6)*(1+$BI6)+($BJ6*IF($G$1="破竹",$AO6,$AM6)+IF($G$1="破竹",$AP6*1.5,0))*(1+$BL6)*(1+$BM6))*(1+$AQ6))*$P6*(1+IF(VLOOKUP($Q6,武学奇术!$A:$ZZ,30,FALSE)="蓄力技",$B$21,0))*(1+$BV6) -> 16387.634 | P6: 1 | Q6: 萧呤千浪流星 | R6: 易水歌5层 | S6: N/a | T6: 惧刃 | U6: 穿喉5(普) | V6: N/a | W6: 近战笛 | X6: 沧海帖4层 | Y6: N/a | Z6: N/a | AA6: N/a | AB6: 扶风(拐) | AC6: N/a | AD6: 裁云(拐) | AE6: 无惧 | AF6: 铁衣 | AG6: N/a | AH6: N/a | AI6: N/a | AJ6: N/a | AK6: 离猎(拐) | AL6: =VLOOKUP($Q6,武学奇术!$A:$ZZ,25,FALSE) -> 群体奇术 | AM6: =VLOOKUP($Q6,武学奇术!$A:$ZZ,26,FALSE) -> 1.4904 | AN6: =VLOOKUP($Q6,武学奇术!$A:$ZZ,27,FALSE)*(1+IF(OR($AL6=$F$4,$AL6=$F$5),$B$22,0)) -> 378 | AO6: =VLOOKUP($Q6,武学奇术!$A:$ZZ,28,FALSE) -> 2.2356 | AP6: =VLOOKUP($Q6,武学奇术!$A:$ZZ,29,FALSE)*(1+IF(OR($AL6=$F$4,$AL6=$F$5),$B$22,0)) -> 0 | AQ6: {=$G$3+IFERROR(VLOOKUP($AL6,$F$4:$G$7,2,FALSE),0)+VLOOKUP($Q6,武学奇术!$A:$ZZ,2,FALSE)+SUM(_xlfn.XLOOKUP($R6:$AK6,增益!$A:$A,增益!$B:$B,0))} -> 0.4637 | AR6: {=VLOOKUP($Q6,武学奇术!$A:$ZZ,5,FALSE)+SUM(_xlfn.XLOOKUP($R6:$AK6,增益!$A:$A,增益!$E:$E,0))} -> 0 | AS6: {=$D$10*(1+$AR6)+VLOOKUP($Q6,武学奇术!$A:$ZZ,3,FALSE)+SUM(_xlfn.XLOOKUP($R6:$AK6,增益!$A:$A,增益!$C:$C,0))-$I$2} -> 3648.7 | AT6: {=$E$10*(1+$AR6)+VLOOKUP($Q6,武学奇术!$A:$ZZ,4,FALSE)+SUM(_xlfn.XLOOKUP($R6:$AK6,增益!$A:$A,增益!$D:$D,0))-$I$2} -> 3648.7 | AU6: {=IF($F$10-$I$3+VLOOKUP($Q6,武学奇术!$A:$ZZ,6,FALSE)+SUM(_xlfn.XLOOKUP($R6:$AK6,增益!$A:$A,增益!$F:$F,0))>0,($F$10-$I$3+VLOOKUP($Q6,武学奇术!$A:$ZZ,6,FALSE)+SUM(_xlfn.XLOOKUP($R6:$AK6,增益!$A:$A,增益!$F:$F,0)))/200,($F$10-$I$3+VLOOKUP($Q6,武学奇术!$A:$ZZ,6,FALSE)+SUM(_xlfn.XLOOKUP($R6:$AK6,增益!$A:$A,增益!$F:$F,0)))/100)} -> 0.427 | AV6: {=$G$10+VLOOKUP($Q6,武学奇术!$A:$ZZ,7,FALSE)+SUM(_xlfn.XLOOKUP($R6:$AK6,增益!$A:$A,增益!$G:$G,0))} -> 0 | AW6: {=VLOOKUP($Q6,武学奇术!$A:$ZZ,8,FALSE)+SUM(_xlfn.XLOOKUP($R6:$AK6,增益!$A:$A,增益!$H:$H,0))} -> 0 | AX6: =$D$11*(1+$AW6) -> 0 | AY6: =$E$11*(1+$AW6) -> 0 | AZ6: {=IF($F$11-$I$4+VLOOKUP($Q6,武学奇术!$A:$ZZ,9,FALSE)+SUM(_xlfn.XLOOKUP($R6:$AK6,增益!$A:$A,增益!$I:$I,0))>0,($F$11-$I$4+VLOOKUP($Q6,武学奇术!$A:$ZZ,9,FALSE)+SUM(_xlfn.XLOOKUP($R6:$AK6,增益!$A:$A,增益!$I:$I,0)))/200,($F$11-$I$4+VLOOKUP($Q6,武学奇术!$A:$ZZ,9,FALSE)+SUM(_xlfn.XLOOKUP($R6:$AK6,增益!$A:$A,增益!$I:$I,0)))/100)} -> -0.14 | BA6: {=$G$11+VLOOKUP($Q6,武学奇术!$A:$ZZ,10,FALSE)+SUM(_xlfn.XLOOKUP($R6:$AK6,增益!$A:$A,增益!$J:$J,0))} -> 0 | BB6: =$D$12*(1+$AW6) -> 594.1 | BC6: =$E$12*(1+$AW6) -> 1604.9 | BD6: {=IF($F$12-$I$4+VLOOKUP($Q6,武学奇术!$A:$ZZ,11,FALSE)+SUM(_xlfn.XLOOKUP($R6:$AK6,增益!$A:$A,增益!$K:$K,0))>0,($F$12-$I$4+VLOOKUP($Q6,武学奇术!$A:$ZZ,11,FALSE)+SUM(_xlfn.XLOOKUP($R6:$AK6,增益!$A:$A,增益!$K:$K,0)))/200,($F$12-$I$4+VLOOKUP($Q6,武学奇术!$A:$ZZ,11,FALSE)+SUM(_xlfn.XLOOKUP($R6:$AK6,增益!$A:$A,增益!$K:$K,0)))/100)} -> 0.17 | BE6: {=$G$12+VLOOKUP($Q6,武学奇术!$A:$ZZ,12,FALSE)+SUM(_xlfn.XLOOKUP($R6:$AK6,增益!$A:$A,增益!$L:$L,0))} -> 0.15 | BF6: =$D$13*(1+$AW6) -> 0 | BG6: =$E$13*(1+$AW6) -> 0 | BH6: {=IF($F$13-$I$4+VLOOKUP($Q6,武学奇术!$A:$ZZ,13,FALSE)+SUM(_xlfn.XLOOKUP($R6:$AK6,增益!$A:$A,增益!$M:$M,0))>0,($F$13-$I$4+VLOOKUP($Q6,武学奇术!$A:$ZZ,13,FALSE)+SUM(_xlfn.XLOOKUP($R6:$AK6,增益!$A:$A,增益!$K:$K,0)))/200,($F$13-$I$4+VLOOKUP($Q6,武学奇术!$A:$ZZ,13,FALSE)+SUM(_xlfn.XLOOKUP($R6:$AK6,增益!$A:$A,增益!$M:$M,0)))/100)} -> -0.14 | BI6: {=$G$13+VLOOKUP($Q6,武学奇术!$A:$ZZ,14,FALSE)+SUM(_xlfn.XLOOKUP($R6:$AK6,增益!$A:$A,增益!$N:$N,0))} -> 0 | BJ6: =$D$14*(1+$AW6) -> 0 | BK6: =$E$14*(1+$AW6) -> 0 | BL6: {=IF($F$14-$I$4+VLOOKUP($Q6,武学奇术!$A:$ZZ,15,FALSE)+SUM(_xlfn.XLOOKUP($R6:$AK6,增益!$A:$A,增益!$O:$O,0))>0,($F$14-$I$4+VLOOKUP($Q6,武学奇术!$A:$ZZ,15,FALSE)+SUM(_xlfn.XLOOKUP($R6:$AK6,增益!$A:$A,增益!$O:$O,0)))/200,($F$14-$I$4+VLOOKUP($Q6,武学奇术!$A:$ZZ,15,FALSE)+SUM(_xlfn.XLOOKUP($R6:$AK6,增益!$A:$A,增益!$O:$O,0)))/100)} -> -0.14 | BM6: {=$G$14+VLOOKUP($Q6,武学奇术!$A:$ZZ,16,FALSE)+SUM(_xlfn.XLOOKUP($R6:$AK6,增益!$A:$A,增益!$P:$P,0))} -> 0 | BN6: =MIN(IF(VLOOKUP($Q6,武学奇术!$A:$ZZ,23,FALSE)=1,100%,$B$8),100%) -> 0.9859 | BO6: {=IF(VLOOKUP($Q6,武学奇术!$A:$ZZ,23,FALSE)=1,100%,MIN(80%,$B$9+VLOOKUP($Q6,武学奇术!$A:$ZZ,17,FALSE)+SUM(_xlfn.XLOOKUP($R6:$AK6,增益!$A:$A,增益!$Q:$Q,0)))+$B$11+SUM(_xlfn.XLOOKUP($R6:$AK6,增益!$A:$A,增益!$U:$U,0)))*IF(VLOOKUP($Q6,武学奇术!$A:$ZZ,24,FALSE)=1,0,1)} -> 0.8912 | BP6: {=1+$B$13+VLOOKUP($Q6,武学奇术!$A:$ZZ,18,FALSE)+SUM(_xlfn.XLOOKUP($R6:$AK6,增益!$A:$A,增益!$R:$R,0))} -> 1.68 | BQ6: {=IF(VLOOKUP($Q6,武学奇术!$A:$ZZ,24,FALSE)=1,100%,MIN(40%,$B$10+VLOOKUP($Q6,武学奇术!$A:$ZZ,19,FALSE)+SUM(_xlfn.XLOOKUP($R6:$AK6,增益!$A:$A,增益!$S:$S,0)))+$B$12+SUM(_xlfn.XLOOKUP($R6:$AK6,增益!$A:$A,增益!$V:$V,0)))*IF(VLOOKUP($Q6,武学奇术!$A:$ZZ,23,FALSE)=1,0,1)} -> 0.0929 | BR6: {=1+$B$14+VLOOKUP($Q6,武学奇术!$A:$ZZ,20,FALSE)+SUM(_xlfn.XLOOKUP($R6:$AK6,增益!$A:$A,增益!$T:$T,0))} -> 1.35 | BS6: =MIN((1-BQ6)*BN6,BN6*BO6) -> 0.87863408 | BT6: =1-BQ6-BS6-BU6 -> 0.01567581 | BU6: =IF(VLOOKUP($Q6,武学奇术!$A:$ZZ,22,FALSE)=1,0,(1-$BN6))*(1-$BQ6) -> 0.01279011 | BV6: {=SUM(_xlfn.XLOOKUP($R6:$AK6,增益!$A:$A,增益!$W:$W,0))+$I$5} -> 0.11
A7: 无相 | B7: 79.2 | C7: =92.4+68.8*2 -> 230 | F7: 群体奇术 | G7: =B20 -> 0 | K7: =($L7*$BS7+$M7*$BQ7+$N7*$BT7+$O7*$BU7) -> 47949.242 | L7: =((($AS7+$AT7)/2*$AM7+$AN7)*(1+$AU7)*(1+$AV7)+(($AX7+$AY7)/2*IF($G$1="鸣金",$AO7,$AM7)+IF($G$1="鸣金",$AP7*1.5,0))*(1+$AZ7)*(1+$BA7)+(($BB7+$BC7)/2*IF($G$1="裂石",$AO7,$AM7)+IF($G$1="裂石",$AP7*1.5,0))*(1+$BD7)*(1+$BE7)+(($BF7+$BG7)/2*IF($G$1="牵丝",$AO7,$AM7)+IF($G$1="牵丝",$AP7*1.5,0))*(1+$BH7)*(1+$BI7)+(($BJ7+$BK7)/2*IF($G$1="破竹",$AO7,$AM7)+IF($G$1="破竹",$AP7*1.5,0))*(1+$BL7)*(1+$BM7))*(1+$AQ7)*$BP7*$P7*(1+IF(VLOOKUP($Q7,武学奇术!$A:$ZZ,30,FALSE)="蓄力技",$B$21,0))*(1+$BV7) -> 49240.439 | M7: =(($AT7*$AM7+$AN7)*(1+$AU7)*(1+$AV7)+($AY7*IF($G$1="鸣金",$AO7,$AM7)+IF($G$1="鸣金",$AP7*1.5,0))*(1+$AZ7)*(1+$BA7)+($BC7*IF($G$1="裂石",$AO7,$AM7)+IF($G$1="裂石",$AP7*1.5,0))*(1+$BD7)*(1+$BE7)+($BG7*IF($G$1="牵丝",$AO7,$AM7)+IF($G$1="牵丝",$AP7*1.5,0))*(1+$BH7)*(1+$BI7)+($BK7*IF($G$1="破竹",$AO7,$AM7)+IF($G$1="破竹",$AP7*1.5,0))*(1+$BL7)*(1+$BM7))*(1+$AQ7)*$BR7*$P7*(1+IF(VLOOKUP($Q7,武学奇术!$A:$ZZ,30,FALSE)="蓄力技",$B$21,0))*(1+$BV7) -> 42321.096 | N7: =((($AS7+$AT7)/2*$AM7+$AN7)*(1+$AU7)*(1+$AV7)+(($AX7+$AY7)/2*IF($G$1="鸣金",$AO7,$AM7)+IF($G$1="鸣金",$AP7*1.5,0))*(1+$AZ7)*(1+$BA7)+(($BB7+$BC7)/2*IF($G$1="裂石",$AO7,$AM7)+IF($G$1="裂石",$AP7*1.5,0))*(1+$BD7)*(1+$BE7)+(($BF7+$BG7)/2*IF($G$1="牵丝",$AO7,$AM7)+IF($G$1="牵丝",$AP7*1.5,0))*(1+$BH7)*(1+$BI7)+(($BJ7+$BK7)/2*IF($G$1="破竹",$AO7,$AM7)+IF($G$1="破竹",$AP7*1.5,0))*(1+$BL7)*(1+$BM7))*(1+$AQ7)*$P7*(1+IF(VLOOKUP($Q7,武学奇术!$A:$ZZ,30,FALSE)="蓄力技",$B$21,0))*(1+$BV7) -> 27977.522 | O7: =((($AS7*$AM7+$AN7)*(1+$AU7)*(1+$AV7)+($AX7*IF($G$1="鸣金",$AO7,$AM7)+IF($G$1="鸣金",$AP7*1.5,0))*(1+$AZ7)*(1+$BA7)+($BB7*IF($G$1="裂石",$AO7,$AM7)+IF($G$1="裂石",$AP7*1.5,0))*(1+$BD7)*(1+$BE7)+($BF7*IF($G$1="牵丝",$AO7,$AM7)+IF($G$1="牵丝",$AP7*1.5,0))*(1+$BH7)*(1+$BI7)+($BJ7*IF($G$1="破竹",$AO7,$AM7)+IF($G$1="破竹",$AP7*1.5,0))*(1+$BL7)*(1+$BM7))*(1+$AQ7))*$P7*(1+IF(VLOOKUP($Q7,武学奇术!$A:$ZZ,30,FALSE)="蓄力技",$B$21,0))*(1+$BV7) -> 24606.084 | P7: 1 | Q7: 白刃杀将刺 | R7: N/a | S7: N/a | T7: N/a | U7: N/a | V7: N/a | W7: 近战笛 | X7: 沧海帖1层 | Y7: N/a | Z7: N/a | AA7: 断岳 | AB7: N/a | AC7: N/a | AD7: 裁云(拐) | AE7: 无惧 | AF7: 铁衣 | AG7: N/a | AH7: N/a | AI7: N/a | AJ7: N/a | AK7: N/a | AL7: =VLOOKUP($Q7,武学奇术!$A:$ZZ,25,FALSE) -> 横刀 | AM7: =VLOOKUP($Q7,武学奇术!$A:$ZZ,26,FALSE) -> 2.1324 | AN7: =VLOOKUP($Q7,武学奇术!$A:$ZZ,27,FALSE)*(1+IF(OR($AL7=$F$4,$AL7=$F$5),$B$22,0)) -> 885 | AO7: =VLOOKUP($Q7,武学奇术!$A:$ZZ,28,FALSE) -> 3.1986 | AP7: =VLOOKUP($Q7,武学奇术!$A:$ZZ,29,FALSE)*(1+IF(OR($AL7=$F$4,$AL7=$F$5),$B$22,0)) -> 483 | AQ7: {=$G$3+IFERROR(VLOOKUP($AL7,$F$4:$G$7,2,FALSE),0)+VLOOKUP($Q7,武学奇术!$A:$ZZ,2,FALSE)+SUM(_xlfn.XLOOKUP($R7:$AK7,增益!$A:$A,增益!$B:$B,0))} -> 0.4989 | AR7: {=VLOOKUP($Q7,武学奇术!$A:$ZZ,5,FALSE)+SUM(_xlfn.XLOOKUP($R7:$AK7,增益!$A:$A,增益!$E:$E,0))} -> 0 | AS7: {=$D$10*(1+$AR7)+VLOOKUP($Q7,武学奇术!$A:$ZZ,3,FALSE)+SUM(_xlfn.XLOOKUP($R7:$AK7,增益!$A:$A,增益!$C:$C,0))-$I$2} -> 3648.7 | AT7: {=$E$10*(1+$AR7)+VLOOKUP($Q7,武学奇术!$A:$ZZ,4,FALSE)+SUM(_xlfn.XLOOKUP($R7:$AK7,增益!$A:$A,增益!$D:$D,0))-$I$2} -> 3648.7 | AU7: {=IF($F$10-$I$3+VLOOKUP($Q7,武学奇术!$A:$ZZ,6,FALSE)+SUM(_xlfn.XLOOKUP($R7:$AK7,增益!$A:$A,增益!$F:$F,0))>0,($F$10-$I$3+VLOOKUP($Q7,武学奇术!$A:$ZZ,6,FALSE)+SUM(_xlfn.XLOOKUP($R7:$AK7,增益!$A:$A,增益!$F:$F,0)))/200,($F$10-$I$3+VLOOKUP($Q7,武学奇术!$A:$ZZ,6,FALSE)+SUM(_xlfn.XLOOKUP($R7:$AK7,增益!$A:$A,增益!$F:$F,0)))/100)} -> 0.327 | AV7: {=$G$10+VLOOKUP($Q7,武学奇术!$A:$ZZ,7,FALSE)+SUM(_xlfn.XLOOKUP($R7:$AK7,增益!$A:$A,增益!$G:$G,0))} -> 0 | AW7: {=VLOOKUP($Q7,武学奇术!$A:$ZZ,8,FALSE)+SUM(_xlfn.XLOOKUP($R7:$AK7,增益!$A:$A,增益!$H:$H,0))} -> 0 | AX7: =$D$11*(1+$AW7) -> 0 | AY7: =$E$11*(1+$AW7) -> 0 | AZ7: {=IF($F$11-$I$4+VLOOKUP($Q7,武学奇术!$A:$ZZ,9,FALSE)+SUM(_xlfn.XLOOKUP($R7:$AK7,增益!$A:$A,增益!$I:$I,0))>0,($F$11-$I$4+VLOOKUP($Q7,武学奇术!$A:$ZZ,9,FALSE)+SUM(_xlfn.XLOOKUP($R7:$AK7,增益!$A:$A,增益!$I:$I,0)))/200,($F$11-$I$4+VLOOKUP($Q7,武学奇术!$A:$ZZ,9,FALSE)+SUM(_xlfn.XLOOKUP($R7:$AK7,增益!$A:$A,增益!$I:$I,0)))/100)} -> -0.3 | BA7: {=$G$11+VLOOKUP($Q7,武学奇术!$A:$ZZ,10,FALSE)+SUM(_xlfn.XLOOKUP($R7:$AK7,增益!$A:$A,增益!$J:$J,0))} -> 0 | BB7: =$D$12*(1+$AW7) -> 594.1 | BC7: =$E$12*(1+$AW7) -> 1604.9 | BD7: {=IF($F$12-$I$4+VLOOKUP($Q7,武学奇术!$A:$ZZ,11,FALSE)+SUM(_xlfn.XLOOKUP($R7:$AK7,增益!$A:$A,增益!$K:$K,0))>0,($F$12-$I$4+VLOOKUP($Q7,武学奇术!$A:$ZZ,11,FALSE)+SUM(_xlfn.XLOOKUP($R7:$AK7,增益!$A:$A,增益!$K:$K,0)))/200,($F$12-$I$4+VLOOKUP($Q7,武学奇术!$A:$ZZ,11,FALSE)+SUM(_xlfn.XLOOKUP($R7:$AK7,增益!$A:$A,增益!$K:$K,0)))/100)} -> 0.09 | BE7: {=$G$12+VLOOKUP($Q7,武学奇术!$A:$ZZ,12,FALSE)+SUM(_xlfn.XLOOKUP($R7:$AK7,增益!$A:$A,增益!$L:$L,0))} -> 0.15 | BF7: =$D$13*(1+$AW7) -> 0 | BG7: =$E$13*(1+$AW7) -> 0 | BH7: {=IF($F$13-$I$4+VLOOKUP($Q7,武学奇术!$A:$ZZ,13,FALSE)+SUM(_xlfn.XLOOKUP($R7:$AK7,增益!$A:$A,增益!$M:$M,0))>0,($F$13-$I$4+VLOOKUP($Q7,武学奇术!$A:$ZZ,13,FALSE)+SUM(_xlfn.XLOOKUP($R7:$AK7,增益!$A:$A,增益!$K:$K,0)))/200,($F$13-$I$4+VLOOKUP($Q7,武学奇术!$A:$ZZ,13,FALSE)+SUM(_xlfn.XLOOKUP($R7:$AK7,增益!$A:$A,增益!$M:$M,0)))/100)} -> -0.3 | BI7: {=$G$13+VLOOKUP($Q7,武学奇术!$A:$ZZ,14,FALSE)+SUM(_xlfn.XLOOKUP($R7:$AK7,增益!$A:$A,增益!$N:$N,0))} -> 0 | BJ7: =$D$14*(1+$AW7) -> 0 | BK7: =$E$14*(1+$AW7) -> 0 | BL7: {=IF($F$14-$I$4+VLOOKUP($Q7,武学奇术!$A:$ZZ,15,FALSE)+SUM(_xlfn.XLOOKUP($R7:$AK7,增益!$A:$A,增益!$O:$O,0))>0,($F$14-$I$4+VLOOKUP($Q7,武学奇术!$A:$ZZ,15,FALSE)+SUM(_xlfn.XLOOKUP($R7:$AK7,增益!$A:$A,增益!$O:$O,0)))/200,($F$14-$I$4+VLOOKUP($Q7,武学奇术!$A:$ZZ,15,FALSE)+SUM(_xlfn.XLOOKUP($R7:$AK7,增益!$A:$A,增益!$O:$O,0)))/100)} -> -0.3 | BM7: {=$G$14+VLOOKUP($Q7,武学奇术!$A:$ZZ,16,FALSE)+SUM(_xlfn.XLOOKUP($R7:$AK7,增益!$A:$A,增益!$P:$P,0))} -> 0 | BN7: =MIN(IF(VLOOKUP($Q7,武学奇术!$A:$ZZ,23,FALSE)=1,100%,$B$8),100%) -> 0.9859 | BO7: {=IF(VLOOKUP($Q7,武学奇术!$A:$ZZ,23,FALSE)=1,100%,MIN(80%,$B$9+VLOOKUP($Q7,武学奇术!$A:$ZZ,17,FALSE)+SUM(_xlfn.XLOOKUP($R7:$AK7,增益!$A:$A,增益!$Q:$Q,0)))+$B$11+SUM(_xlfn.XLOOKUP($R7:$AK7,增益!$A:$A,增益!$U:$U,0)))*IF(VLOOKUP($Q7,武学奇术!$A:$ZZ,24,FALSE)=1,0,1)} -> 0.8912 | BP7: {=1+$B$13+VLOOKUP($Q7,武学奇术!$A:$ZZ,18,FALSE)+SUM(_xlfn.XLOOKUP($R7:$AK7,增益!$A:$A,增益!$R:$R,0))} -> 1.76 | BQ7: {=IF(VLOOKUP($Q7,武学奇术!$A:$ZZ,24,FALSE)=1,100%,MIN(40%,$B$10+VLOOKUP($Q7,武学奇术!$A:$ZZ,19,FALSE)+SUM(_xlfn.XLOOKUP($R7:$AK7,增益!$A:$A,增益!$S:$S,0)))+$B$12+SUM(_xlfn.XLOOKUP($R7:$AK7,增益!$A:$A,增益!$V:$V,0)))*IF(VLOOKUP($Q7,武学奇术!$A:$ZZ,23,FALSE)=1,0,1)} -> 0.0929 | BR7: {=1+$B$14+VLOOKUP($Q7,武学奇术!$A:$ZZ,20,FALSE)+SUM(_xlfn.XLOOKUP($R7:$AK7,增益!$A:$A,增益!$T:$T,0))} -> 1.35 | BS7: =MIN((1-BQ7)*BN7,BN7*BO7) -> 0.87863408 | BT7: =1-BQ7-BS7-BU7 -> 0.01567581 | BU7: =IF(VLOOKUP($Q7,武学奇术!$A:$ZZ,22,FALSE)=1,0,(1-$BN7))*(1-$BQ7) -> 0.01279011 | BV7: {=SUM(_xlfn.XLOOKUP($R7:$AK7,增益!$A:$A,增益!$W:$W,0))+$I$5} -> 0.11
A8: 精准率 | B8: 0.9859 | C8: 实际属性 | H8: 战斗时间 | I8: 101.7 | K8: =($L8*$BS8+$M8*$BQ8+$N8*$BT8+$O8*$BU8) -> 30080.149 | L8: =((($AS8+$AT8)/2*$AM8+$AN8)*(1+$AU8)*(1+$AV8)+(($AX8+$AY8)/2*IF($G$1="鸣金",$AO8,$AM8)+IF($G$1="鸣金",$AP8*1.5,0))*(1+$AZ8)*(1+$BA8)+(($BB8+$BC8)/2*IF($G$1="裂石",$AO8,$AM8)+IF($G$1="裂石",$AP8*1.5,0))*(1+$BD8)*(1+$BE8)+(($BF8+$BG8)/2*IF($G$1="牵丝",$AO8,$AM8)+IF($G$1="牵丝",$AP8*1.5,0))*(1+$BH8)*(1+$BI8)+(($BJ8+$BK8)/2*IF($G$1="破竹",$AO8,$AM8)+IF($G$1="破竹",$AP8*1.5,0))*(1+$BL8)*(1+$BM8))*(1+$AQ8)*$BP8*$P8*(1+IF(VLOOKUP($Q8,武学奇术!$A:$ZZ,30,FALSE)="蓄力技",$B$21,0))*(1+$BV8) -> 30843.11 | M8: =(($AT8*$AM8+$AN8)*(1+$AU8)*(1+$AV8)+($AY8*IF($G$1="鸣金",$AO8,$AM8)+IF($G$1="鸣金",$AP8*1.5,0))*(1+$AZ8)*(1+$BA8)+($BC8*IF($G$1="裂石",$AO8,$AM8)+IF($G$1="裂石",$AP8*1.5,0))*(1+$BD8)*(1+$BE8)+($BG8*IF($G$1="牵丝",$AO8,$AM8)+IF($G$1="牵丝",$AP8*1.5,0))*(1+$BH8)*(1+$BI8)+($BK8*IF($G$1="破竹",$AO8,$AM8)+IF($G$1="破竹",$AP8*1.5,0))*(1+$BL8)*(1+$BM8))*(1+$AQ8)*$BR8*$P8*(1+IF(VLOOKUP($Q8,武学奇术!$A:$ZZ,30,FALSE)="蓄力技",$B$21,0))*(1+$BV8) -> 27058.167 | N8: =((($AS8+$AT8)/2*$AM8+$AN8)*(1+$AU8)*(1+$AV8)+(($AX8+$AY8)/2*IF($G$1="鸣金",$AO8,$AM8)+IF($G$1="鸣金",$AP8*1.5,0))*(1+$AZ8)*(1+$BA8)+(($BB8+$BC8)/2*IF($G$1="裂石",$AO8,$AM8)+IF($G$1="裂石",$AP8*1.5,0))*(1+$BD8)*(1+$BE8)+(($BF8+$BG8)/2*IF($G$1="牵丝",$AO8,$AM8)+IF($G$1="牵丝",$AP8*1.5,0))*(1+$BH8)*(1+$BI8)+(($BJ8+$BK8)/2*IF($G$1="破竹",$AO8,$AM8)+IF($G$1="破竹",$AP8*1.5,0))*(1+$BL8)*(1+$BM8))*(1+$AQ8)*$P8*(1+IF(VLOOKUP($Q8,武学奇术!$A:$ZZ,30,FALSE)="蓄力技",$B$21,0))*(1+$BV8) -> 17524.495 | O8: =((($AS8*$AM8+$AN8)*(1+$AU8)*(1+$AV8)+($AX8*IF($G$1="鸣金",$AO8,$AM8)+IF($G$1="鸣金",$AP8*1.5,0))*(1+$AZ8)*(1+$BA8)+($BB8*IF($G$1="裂石",$AO8,$AM8)+IF($G$1="裂石",$AP8*1.5,0))*(1+$BD8)*(1+$BE8)+($BF8*IF($G$1="牵丝",$AO8,$AM8)+IF($G$1="牵丝",$AP8*1.5,0))*(1+$BH8)*(1+$BI8)+($BJ8*IF($G$1="破竹",$AO8,$AM8)+IF($G$1="破竹",$AP8*1.5,0))*(1+$BL8)*(1+$BM8))*(1+$AQ8))*$P8*(1+IF(VLOOKUP($Q8,武学奇术!$A:$ZZ,30,FALSE)="蓄力技",$B$21,0))*(1+$BV8) -> 15005.903 | P8: 1 | Q8: 横刀安西军 | R8: 易水歌1层 | S8: N/a | T8: 惧刃 | U8: N/a | V8: N/a | W8: 近战笛 | X8: 沧海帖1层 | Y8: N/a | Z8: N/a | AA8: 断岳 | AB8: 扶风(拐) | AC8: N/a | AD8: 裁云(拐) | AE8: 无惧 | AF8: 铁衣 | AG8: N/a | AH8: N/a | AI8: N/a | AJ8: N/a | AK8: 离猎(拐) | AL8: =VLOOKUP($Q8,武学奇术!$A:$ZZ,25,FALSE) -> 横刀 | AM8: =VLOOKUP($Q8,武学奇术!$A:$ZZ,26,FALSE) -> 1.4 | AN8: =VLOOKUP($Q8,武学奇术!$A:$ZZ,27,FALSE)*(1+IF(OR($AL8=$F$4,$AL8=$F$5),$B$22,0)) -> 0 | AO8: =VLOOKUP($Q8,武学奇术!$A:$ZZ,28,FALSE) -> 2.1 | AP8: =VLOOKUP($Q8,武学奇术!$A:$ZZ,29,FALSE)*(1+IF(OR($AL8=$F$4,$AL8=$F$5),$B$22,0)) -> 0 | AQ8: {=$G$3+IFERROR(VLOOKUP($AL8,$F$4:$G$7,2,FALSE),0)+VLOOKUP($Q8,武学奇术!$A:$ZZ,2,FALSE)+SUM(_xlfn.XLOOKUP($R8:$AK8,增益!$A:$A,增益!$B:$B,0))} -> 0.5889 | AR8: {=VLOOKUP($Q8,武学奇术!$A:$ZZ,5,FALSE)+SUM(_xlfn.XLOOKUP($R8:$AK8,增益!$A:$A,增益!$E:$E,0))} -> 0 | AS8: {=$D$10*(1+$AR8)+VLOOKUP($Q8,武学奇术!$A:$ZZ,3,FALSE)+SUM(_xlfn.XLOOKUP($R8:$AK8,增益!$A:$A,增益!$C:$C,0))-$I$2} -> 3648.7 | AT8: {=$E$10*(1+$AR8)+VLOOKUP($Q8,武学奇术!$A:$ZZ,4,FALSE)+SUM(_xlfn.XLOOKUP($R8:$AK8,增益!$A:$A,增益!$D:$D,0))-$I$2} -> 3648.7 | AU8: {=IF($F$10-$I$3+VLOOKUP($Q8,武学奇术!$A:$ZZ,6,FALSE)+SUM(_xlfn.XLOOKUP($R8:$AK8,增益!$A:$A,增益!$F:$F,0))>0,($F$10-$I$3+VLOOKUP($Q8,武学奇术!$A:$ZZ,6,FALSE)+SUM(_xlfn.XLOOKUP($R8:$AK8,增益!$A:$A,增益!$F:$F,0)))/200,($F$10-$I$3+VLOOKUP($Q8,武学奇术!$A:$ZZ,6,FALSE)+SUM(_xlfn.XLOOKUP($R8:$AK8,增益!$A:$A,增益!$F:$F,0)))/100)} -> 0.337 | AV8: {=$G$10+VLOOKUP($Q8,武学奇术!$A:$ZZ,7,FALSE)+SUM(_xlfn.XLOOKUP($R8:$AK8,增益!$A:$A,增益!$G:$G,0))} -> 0 | AW8: {=VLOOKUP($Q8,武学奇术!$A:$ZZ,8,FALSE)+SUM(_xlfn.XLOOKUP($R8:$AK8,增益!$A:$A,增益!$H:$H,0))} -> 0 | AX8: =$D$11*(1+$AW8) -> 0 | AY8: =$E$11*(1+$AW8) -> 0 | AZ8: {=IF($F$11-$I$4+VLOOKUP($Q8,武学奇术!$A:$ZZ,9,FALSE)+SUM(_xlfn.XLOOKUP($R8:$AK8,增益!$A:$A,增益!$I:$I,0))>0,($F$11-$I$4+VLOOKUP($Q8,武学奇术!$A:$ZZ,9,FALSE)+SUM(_xlfn.XLOOKUP($R8:$AK8,增益!$A:$A,增益!$I:$I,0)))/200,($F$11-$I$4+VLOOKUP($Q8,武学奇术!$A:$ZZ,9,FALSE)+SUM(_xlfn.XLOOKUP($R8:$AK8,增益!$A:$A,增益!$I:$I,0)))/100)} -> -0.14 | BA8: {=$G$11+VLOOKUP($Q8,武学奇术!$A:$ZZ,10,FALSE)+SUM(_xlfn.XLOOKUP($R8:$AK8,增益!$A:$A,增益!$J:$J,0))} -> 0 | BB8: =$D$12*(1+$AW8) -> 594.1 | BC8: =$E$12*(1+$AW8) -> 1604.9 | BD8: {=IF($F$12-$I$4+VLOOKUP($Q8,武学奇术!$A:$ZZ,11,FALSE)+SUM(_xlfn.XLOOKUP($R8:$AK8,增益!$A:$A,增益!$K:$K,0))>0,($F$12-$I$4+VLOOKUP($Q8,武学奇术!$A:$ZZ,11,FALSE)+SUM(_xlfn.XLOOKUP($R8:$AK8,增益!$A:$A,增益!$K:$K,0)))/200,($F$12-$I$4+VLOOKUP($Q8,武学奇术!$A:$ZZ,11,FALSE)+SUM(_xlfn.XLOOKUP($R8:$AK8,增益!$A:$A,增益!$K:$K,0)))/100)} -> 0.17 | BE8: {=$G$12+VLOOKUP($Q8,武学奇术!$A:$ZZ,12,FALSE)+SUM(_xlfn.XLOOKUP($R8:$AK8,增益!$A:$A,增益!$L:$L,0))} -> 0.15 | BF8: =$D$13*(1+$AW8) -> 0 | BG8: =$E$13*(1+$AW8) -> 0 | BH8: {=IF($F$13-$I$4+VLOOKUP($Q8,武学奇术!$A:$ZZ,13,FALSE)+SUM(_xlfn.XLOOKUP($R8:$AK8,增益!$A:$A,增益!$M:$M,0))>0,($F$13-$I$4+VLOOKUP($Q8,武学奇术!$A:$ZZ,13,FALSE)+SUM(_xlfn.XLOOKUP($R8:$AK8,增益!$A:$A,增益!$K:$K,0)))/200,($F$13-$I$4+VLOOKUP($Q8,武学奇术!$A:$ZZ,13,FALSE)+SUM(_xlfn.XLOOKUP($R8:$AK8,增益!$A:$A,增益!$M:$M,0)))/100)} -> -0.14 | BI8: {=$G$13+VLOOKUP($Q8,武学奇术!$A:$ZZ,14,FALSE)+SUM(_xlfn.XLOOKUP($R8:$AK8,增益!$A:$A,增益!$N:$N,0))} -> 0 | BJ8: =$D$14*(1+$AW8) -> 0 | BK8: =$E$14*(1+$AW8) -> 0 | BL8: {=IF($F$14-$I$4+VLOOKUP($Q8,武学奇术!$A:$ZZ,15,FALSE)+SUM(_xlfn.XLOOKUP($R8:$AK8,增益!$A:$A,增益!$O:$O,0))>0,($F$14-$I$4+VLOOKUP($Q8,武学奇术!$A:$ZZ,15,FALSE)+SUM(_xlfn.XLOOKUP($R8:$AK8,增益!$A:$A,增益!$O:$O,0)))/200,($F$14-$I$4+VLOOKUP($Q8,武学奇术!$A:$ZZ,15,FALSE)+SUM(_xlfn.XLOOKUP($R8:$AK8,增益!$A:$A,增益!$O:$O,0)))/100)} -> -0.14 | BM8: {=$G$14+VLOOKUP($Q8,武学奇术!$A:$ZZ,16,FALSE)+SUM(_xlfn.XLOOKUP($R8:$AK8,增益!$A:$A,增益!$P:$P,0))} -> 0 | BN8: =MIN(IF(VLOOKUP($Q8,武学奇术!$A:$ZZ,23,FALSE)=1,100%,$B$8),100%) -> 0.9859 | BO8: {=IF(VLOOKUP($Q8,武学奇术!$A:$ZZ,23,FALSE)=1,100%,MIN(80%,$B$9+VLOOKUP($Q8,武学奇术!$A:$ZZ,17,FALSE)+SUM(_xlfn.XLOOKUP($R8:$AK8,增益!$A:$A,增益!$Q:$Q,0)))+$B$11+SUM(_xlfn.XLOOKUP($R8:$AK8,增益!$A:$A,增益!$U:$U,0)))*IF(VLOOKUP($Q8,武学奇术!$A:$ZZ,24,FALSE)=1,0,1)} -> 0.8912 | BP8: {=1+$B$13+VLOOKUP($Q8,武学奇术!$A:$ZZ,18,FALSE)+SUM(_xlfn.XLOOKUP($R8:$AK8,增益!$A:$A,增益!$R:$R,0))} -> 1.76 | BQ8: {=IF(VLOOKUP($Q8,武学奇术!$A:$ZZ,24,FALSE)=1,100%,MIN(40%,$B$10+VLOOKUP($Q8,武学奇术!$A:$ZZ,19,FALSE)+SUM(_xlfn.XLOOKUP($R8:$AK8,增益!$A:$A,增益!$S:$S,0)))+$B$12+SUM(_xlfn.XLOOKUP($R8:$AK8,增益!$A:$A,增益!$V:$V,0)))*IF(VLOOKUP($Q8,武学奇术!$A:$ZZ,23,FALSE)=1,0,1)} -> 0.0929 | BR8: {=1+$B$14+VLOOKUP($Q8,武学奇术!$A:$ZZ,20,FALSE)+SUM(_xlfn.XLOOKUP($R8:$AK8,增益!$A:$A,增益!$T:$T,0))} -> 1.35 | BS8: =MIN((1-BQ8)*BN8,BN8*BO8) -> 0.87863408 | BT8: =1-BQ8-BS8-BU8 -> 0.01567581 | BU8: =IF(VLOOKUP($Q8,武学奇术!$A:$ZZ,22,FALSE)=1,0,(1-$BN8))*(1-$BQ8) -> 0.01279011 | BV8: {=SUM(_xlfn.XLOOKUP($R8:$AK8,增益!$A:$A,增益!$W:$W,0))+$I$5} -> 0.11
A9: 会心率 | B9: 0.7992 | D9: 最小攻击 | E9: 最大攻击 | F9: 穿透 | G9: 伤害加成 | K9: =($L9*$BS9+$M9*$BQ9+$N9*$BT9+$O9*$BU9) -> 16636.516 | L9: =((($AS9+$AT9)/2*$AM9+$AN9)*(1+$AU9)*(1+$AV9)+(($AX9+$AY9)/2*IF($G$1="鸣金",$AO9,$AM9)+IF($G$1="鸣金",$AP9*1.5,0))*(1+$AZ9)*(1+$BA9)+(($BB9+$BC9)/2*IF($G$1="裂石",$AO9,$AM9)+IF($G$1="裂石",$AP9*1.5,0))*(1+$BD9)*(1+$BE9)+(($BF9+$BG9)/2*IF($G$1="牵丝",$AO9,$AM9)+IF($G$1="牵丝",$AP9*1.5,0))*(1+$BH9)*(1+$BI9)+(($BJ9+$BK9)/2*IF($G$1="破竹",$AO9,$AM9)+IF($G$1="破竹",$AP9*1.5,0))*(1+$BL9)*(1+$BM9))*(1+$AQ9)*$BP9*$P9*(1+IF(VLOOKUP($Q9,武学奇术!$A:$ZZ,30,FALSE)="蓄力技",$B$21,0))*(1+$BV9) -> 17171.622 | M9: =(($AT9*$AM9+$AN9)*(1+$AU9)*(1+$AV9)+($AY9*IF($G$1="鸣金",$AO9,$AM9)+IF($G$1="鸣金",$AP9*1.5,0))*(1+$AZ9)*(1+$BA9)+($BC9*IF($G$1="裂石",$AO9,$AM9)+IF($G$1="裂石",$AP9*1.5,0))*(1+$BD9)*(1+$BE9)+($BG9*IF($G$1="牵丝",$AO9,$AM9)+IF($G$1="牵丝",$AP9*1.5,0))*(1+$BH9)*(1+$BI9)+($BK9*IF($G$1="破竹",$AO9,$AM9)+IF($G$1="破竹",$AP9*1.5,0))*(1+$BL9)*(1+$BM9))*(1+$AQ9)*$BR9*$P9*(1+IF(VLOOKUP($Q9,武学奇术!$A:$ZZ,30,FALSE)="蓄力技",$B$21,0))*(1+$BV9) -> 14049.805 | N9: =((($AS9+$AT9)/2*$AM9+$AN9)*(1+$AU9)*(1+$AV9)+(($AX9+$AY9)/2*IF($G$1="鸣金",$AO9,$AM9)+IF($G$1="鸣金",$AP9*1.5,0))*(1+$AZ9)*(1+$BA9)+(($BB9+$BC9)/2*IF($G$1="裂石",$AO9,$AM9)+IF($G$1="裂石",$AP9*1.5,0))*(1+$BD9)*(1+$BE9)+(($BF9+$BG9)/2*IF($G$1="牵丝",$AO9,$AM9)+IF($G$1="牵丝",$AP9*1.5,0))*(1+$BH9)*(1+$BI9)+(($BJ9+$BK9)/2*IF($G$1="破竹",$AO9,$AM9)+IF($G$1="破竹",$AP9*1.5,0))*(1+$BL9)*(1+$BM9))*(1+$AQ9)*$P9*(1+IF(VLOOKUP($Q9,武学奇术!$A:$ZZ,30,FALSE)="蓄力技",$B$21,0))*(1+$BV9) -> 9133.8417 | O9: =((($AS9*$AM9+$AN9)*(1+$AU9)*(1+$AV9)+($AX9*IF($G$1="鸣金",$AO9,$AM9)+IF($G$1="鸣金",$AP9*1.5,0))*(1+$AZ9)*(1+$BA9)+($BB9*IF($G$1="裂石",$AO9,$AM9)+IF($G$1="裂石",$AP9*1.5,0))*(1+$BD9)*(1+$BE9)+($BF9*IF($G$1="牵丝",$AO9,$AM9)+IF($G$1="牵丝",$AP9*1.5,0))*(1+$BH9)*(1+$BI9)+($BJ9*IF($G$1="破竹",$AO9,$AM9)+IF($G$1="破竹",$AP9*1.5,0))*(1+$BL9)*(1+$BM9))*(1+$AQ9))*$P9*(1+IF(VLOOKUP($Q9,武学奇术!$A:$ZZ,30,FALSE)="蓄力技",$B$21,0))*(1+$BV9) -> 7860.4202 | P9: 1 | Q9: 陌刀安西军下劈无开山 | R9: 易水歌1层 | S9: N/a | T9: 惧刃 | U9: 穿喉4 | V9: N/a | W9: 中程笛(小人) | X9: 沧海帖1层 | Y9: N/a | Z9: N/a | AA9: 断岳 | AB9: 扶风(拐) | AC9: N/a | AD9: 裁云(拐) | AE9: 无惧 | AF9: 铁衣 | AG9: N/a | AH9: N/a | AI9: N/a | AJ9: N/a | AK9: 离猎(拐) | AL9: =VLOOKUP($Q9,武学奇术!$A:$ZZ,25,FALSE) -> 陌刀 | AM9: =VLOOKUP($Q9,武学奇术!$A:$ZZ,26,FALSE) -> 0.5 | AN9: =VLOOKUP($Q9,武学奇术!$A:$ZZ,27,FALSE)*(1+IF(OR($AL9=$F$4,$AL9=$F$5),$B$22,0)) -> 0 | AO9: =VLOOKUP($Q9,武学奇术!$A:$ZZ,28,FALSE) -> 0.75 | AP9: =VLOOKUP($Q9,武学奇术!$A:$ZZ,29,FALSE)*(1+IF(OR($AL9=$F$4,$AL9=$F$5),$B$22,0)) -> 0 | AQ9: {=$G$3+IFERROR(VLOOKUP($AL9,$F$4:$G$7,2,FALSE),0)+VLOOKUP($Q9,武学奇术!$A:$ZZ,2,FALSE)+SUM(_xlfn.XLOOKUP($R9:$AK9,增益!$A:$A,增益!$B:$B,0))} -> 0.7041 | AR9: {=VLOOKUP($Q9,武学奇术!$A:$ZZ,5,FALSE)+SUM(_xlfn.XLOOKUP($R9:$AK9,增益!$A:$A,增益!$E:$E,0))} -> 0 | AS9: {=$D$10*(1+$AR9)+VLOOKUP($Q9,武学奇术!$A:$ZZ,3,FALSE)+SUM(_xlfn.XLOOKUP($R9:$AK9,增益!$A:$A,增益!$C:$C,0))-$I$2} -> 3648.7 | AT9: {=$E$10*(1+$AR9)+VLOOKUP($Q9,武学奇术!$A:$ZZ,4,FALSE)+SUM(_xlfn.XLOOKUP($R9:$AK9,增益!$A:$A,增益!$D:$D,0))-$I$2} -> 3648.7 | AU9: {=IF($F$10-$I$3+VLOOKUP($Q9,武学奇术!$A:$ZZ,6,FALSE)+SUM(_xlfn.XLOOKUP($R9:$AK9,增益!$A:$A,增益!$F:$F,0))>0,($F$10-$I$3+VLOOKUP($Q9,武学奇术!$A:$ZZ,6,FALSE)+SUM(_xlfn.XLOOKUP($R9:$AK9,增益!$A:$A,增益!$F:$F,0)))/200,($F$10-$I$3+VLOOKUP($Q9,武学奇术!$A:$ZZ,6,FALSE)+SUM(_xlfn.XLOOKUP($R9:$AK9,增益!$A:$A,增益!$F:$F,0)))/100)} -> 0.397 | AV9: {=$G$10+VLOOKUP($Q9,武学奇术!$A:$ZZ,7,FALSE)+SUM(_xlfn.XLOOKUP($R9:$AK9,增益!$A:$A,增益!$G:$G,0))} -> 0 | AW9: {=VLOOKUP($Q9,武学奇术!$A:$ZZ,8,FALSE)+SUM(_xlfn.XLOOKUP($R9:$AK9,增益!$A:$A,增益!$H:$H,0))} -> 0 | AX9: =$D$11*(1+$AW9) -> 0 | AY9: =$E$11*(1+$AW9) -> 0 | AZ9: {=IF($F$11-$I$4+VLOOKUP($Q9,武学奇术!$A:$ZZ,9,FALSE)+SUM(_xlfn.XLOOKUP($R9:$AK9,增益!$A:$A,增益!$I:$I,0))>0,($F$11-$I$4+VLOOKUP($Q9,武学奇术!$A:$ZZ,9,FALSE)+SUM(_xlfn.XLOOKUP($R9:$AK9,增益!$A:$A,增益!$I:$I,0)))/200,($F$11-$I$4+VLOOKUP($Q9,武学奇术!$A:$ZZ,9,FALSE)+SUM(_xlfn.XLOOKUP($R9:$AK9,增益!$A:$A,增益!$I:$I,0)))/100)} -> -0.14 | BA9: {=$G$11+VLOOKUP($Q9,武学奇术!$A:$ZZ,10,FALSE)+SUM(_xlfn.XLOOKUP($R9:$AK9,增益!$A:$A,增益!$J:$J,0))} -> 0 | BB9: =$D$12*(1+$AW9) -> 594.1 | BC9: =$E$12*(1+$AW9) -> 1604.9 | BD9: {=IF($F$12-$I$4+VLOOKUP($Q9,武学奇术!$A:$ZZ,11,FALSE)+SUM(_xlfn.XLOOKUP($R9:$AK9,增益!$A:$A,增益!$K:$K,0))>0,($F$12-$I$4+VLOOKUP($Q9,武学奇术!$A:$ZZ,11,FALSE)+SUM(_xlfn.XLOOKUP($R9:$AK9,增益!$A:$A,增益!$K:$K,0)))/200,($F$12-$I$4+VLOOKUP($Q9,武学奇术!$A:$ZZ,11,FALSE)+SUM(_xlfn.XLOOKUP($R9:$AK9,增益!$A:$A,增益!$K:$K,0)))/100)} -> 0.17 | BE9: {=$G$12+VLOOKUP($Q9,武学奇术!$A:$ZZ,12,FALSE)+SUM(_xlfn.XLOOKUP($R9:$AK9,增益!$A:$A,增益!$L:$L,0))} -> 0.15 | BF9: =$D$13*(1+$AW9) -> 0 | BG9: =$E$13*(1+$AW9) -> 0 | BH9: {=IF($F$13-$I$4+VLOOKUP($Q9,武学奇术!$A:$ZZ,13,FALSE)+SUM(_xlfn.XLOOKUP($R9:$AK9,增益!$A:$A,增益!$M:$M,0))>0,($F$13-$I$4+VLOOKUP($Q9,武学奇术!$A:$ZZ,13,FALSE)+SUM(_xlfn.XLOOKUP($R9:$AK9,增益!$A:$A,增益!$K:$K,0)))/200,($F$13-$I$4+VLOOKUP($Q9,武学奇术!$A:$ZZ,13,FALSE)+SUM(_xlfn.XLOOKUP($R9:$AK9,增益!$A:$A,增益!$M:$M,0)))/100)} -> -0.14 | BI9: {=$G$13+VLOOKUP($Q9,武学奇术!$A:$ZZ,14,FALSE)+SUM(_xlfn.XLOOKUP($R9:$AK9,增益!$A:$A,增益!$N:$N,0))} -> 0 | BJ9: =$D$14*(1+$AW9) -> 0 | BK9: =$E$14*(1+$AW9) -> 0 | BL9: {=IF($F$14-$I$4+VLOOKUP($Q9,武学奇术!$A:$ZZ,15,FALSE)+SUM(_xlfn.XLOOKUP($R9:$AK9,增益!$A:$A,增益!$O:$O,0))>0,($F$14-$I$4+VLOOKUP($Q9,武学奇术!$A:$ZZ,15,FALSE)+SUM(_xlfn.XLOOKUP($R9:$AK9,增益!$A:$A,增益!$O:$O,0)))/200,($F$14-$I$4+VLOOKUP($Q9,武学奇术!$A:$ZZ,15,FALSE)+SUM(_xlfn.XLOOKUP($R9:$AK9,增益!$A:$A,增益!$O:$O,0)))/100)} -> -0.14 | BM9: {=$G$14+VLOOKUP($Q9,武学奇术!$A:$ZZ,16,FALSE)+SUM(_xlfn.XLOOKUP($R9:$AK9,增益!$A:$A,增益!$P:$P,0))} -> 0 | BN9: =MIN(IF(VLOOKUP($Q9,武学奇术!$A:$ZZ,23,FALSE)=1,100%,$B$8),100%) -> 0.9859 | BO9: {=IF(VLOOKUP($Q9,武学奇术!$A:$ZZ,23,FALSE)=1,100%,MIN(80%,$B$9+VLOOKUP($Q9,武学奇术!$A:$ZZ,17,FALSE)+SUM(_xlfn.XLOOKUP($R9:$AK9,增益!$A:$A,增益!$Q:$Q,0)))+$B$11+SUM(_xlfn.XLOOKUP($R9:$AK9,增益!$A:$A,增益!$U:$U,0)))*IF(VLOOKUP($Q9,武学奇术!$A:$ZZ,24,FALSE)=1,0,1)} -> 0.8912 | BP9: {=1+$B$13+VLOOKUP($Q9,武学奇术!$A:$ZZ,18,FALSE)+SUM(_xlfn.XLOOKUP($R9:$AK9,增益!$A:$A,增益!$R:$R,0))} -> 1.88 | BQ9: {=IF(VLOOKUP($Q9,武学奇术!$A:$ZZ,24,FALSE)=1,100%,MIN(40%,$B$10+VLOOKUP($Q9,武学奇术!$A:$ZZ,19,FALSE)+SUM(_xlfn.XLOOKUP($R9:$AK9,增益!$A:$A,增益!$S:$S,0)))+$B$12+SUM(_xlfn.XLOOKUP($R9:$AK9,增益!$A:$A,增益!$V:$V,0)))*IF(VLOOKUP($Q9,武学奇术!$A:$ZZ,23,FALSE)=1,0,1)} -> 0.0929 | BR9: {=1+$B$14+VLOOKUP($Q9,武学奇术!$A:$ZZ,20,FALSE)+SUM(_xlfn.XLOOKUP($R9:$AK9,增益!$A:$A,增益!$T:$T,0))} -> 1.35 | BS9: =MIN((1-BQ9)*BN9,BN9*BO9) -> 0.87863408 | BT9: =1-BQ9-BS9-BU9 -> 0.01567581 | BU9: =IF(VLOOKUP($Q9,武学奇术!$A:$ZZ,22,FALSE)=1,0,(1-$BN9))*(1-$BQ9) -> 0.01279011 | BV9: {=SUM(_xlfn.XLOOKUP($R9:$AK9,增益!$A:$A,增益!$W:$W,0))+$I$5} -> 0.11
A10: 会意率 | B10: 0.0929 | C10: 外功 | D10: =B2+B23 -> 4206.7 | E10: =MAX(B2+B23,C2+B24) -> 4206.7 | F10: =D2 -> 58.4 | G10: =E2 -> 0 | H10: 总伤 | I10: =SUM(K:K) -> 13685292 | K10: =($L10*$BS10+$M10*$BQ10+$N10*$BT10+$O10*$BU10) -> 32553.012 | L10: =((($AS10+$AT10)/2*$AM10+$AN10)*(1+$AU10)*(1+$AV10)+(($AX10+$AY10)/2*IF($G$1="鸣金",$AO10,$AM10)+IF($G$1="鸣金",$AP10*1.5,0))*(1+$AZ10)*(1+$BA10)+(($BB10+$BC10)/2*IF($G$1="裂石",$AO10,$AM10)+IF($G$1="裂石",$AP10*1.5,0))*(1+$BD10)*(1+$BE10)+(($BF10+$BG10)/2*IF($G$1="牵丝",$AO10,$AM10)+IF($G$1="牵丝",$AP10*1.5,0))*(1+$BH10)*(1+$BI10)+(($BJ10+$BK10)/2*IF($G$1="破竹",$AO10,$AM10)+IF($G$1="破竹",$AP10*1.5,0))*(1+$BL10)*(1+$BM10))*(1+$AQ10)*$BP10*$P10*(1+IF(VLOOKUP($Q10,武学奇术!$A:$ZZ,30,FALSE)="蓄力技",$B$21,0))*(1+$BV10) -> 32553.012 | M10: =(($AT10*$AM10+$AN10)*(1+$AU10)*(1+$AV10)+($AY10*IF($G$1="鸣金",$AO10,$AM10)+IF($G$1="鸣金",$AP10*1.5,0))*(1+$AZ10)*(1+$BA10)+($BC10*IF($G$1="裂石",$AO10,$AM10)+IF($G$1="裂石",$AP10*1.5,0))*(1+$BD10)*(1+$BE10)+($BG10*IF($G$1="牵丝",$AO10,$AM10)+IF($G$1="牵丝",$AP10*1.5,0))*(1+$BH10)*(1+$BI10)+($BK10*IF($G$1="破竹",$AO10,$AM10)+IF($G$1="破竹",$AP10*1.5,0))*(1+$BL10)*(1+$BM10))*(1+$AQ10)*$BR10*$P10*(1+IF(VLOOKUP($Q10,武学奇术!$A:$ZZ,30,FALSE)="蓄力技",$B$21,0))*(1+$BV10) -> 25289.65 | N10: =((($AS10+$AT10)/2*$AM10+$AN10)*(1+$AU10)*(1+$AV10)+(($AX10+$AY10)/2*IF($G$1="鸣金",$AO10,$AM10)+IF($G$1="鸣金",$AP10*1.5,0))*(1+$AZ10)*(1+$BA10)+(($BB10+$BC10)/2*IF($G$1="裂石",$AO10,$AM10)+IF($G$1="裂石",$AP10*1.5,0))*(1+$BD10)*(1+$BE10)+(($BF10+$BG10)/2*IF($G$1="牵丝",$AO10,$AM10)+IF($G$1="牵丝",$AP10*1.5,0))*(1+$BH10)*(1+$BI10)+(($BJ10+$BK10)/2*IF($G$1="破竹",$AO10,$AM10)+IF($G$1="破竹",$AP10*1.5,0))*(1+$BL10)*(1+$BM10))*(1+$AQ10)*$P10*(1+IF(VLOOKUP($Q10,武学奇术!$A:$ZZ,30,FALSE)="蓄力技",$B$21,0))*(1+$BV10) -> 16440.915 | O10: =((($AS10*$AM10+$AN10)*(1+$AU10)*(1+$AV10)+($AX10*IF($G$1="鸣金",$AO10,$AM10)+IF($G$1="鸣金",$AP10*1.5,0))*(1+$AZ10)*(1+$BA10)+($BB10*IF($G$1="裂石",$AO10,$AM10)+IF($G$1="裂石",$AP10*1.5,0))*(1+$BD10)*(1+$BE10)+($BF10*IF($G$1="牵丝",$AO10,$AM10)+IF($G$1="牵丝",$AP10*1.5,0))*(1+$BH10)*(1+$BI10)+($BJ10*IF($G$1="破竹",$AO10,$AM10)+IF($G$1="破竹",$AP10*1.5,0))*(1+$BL10)*(1+$BM10))*(1+$AQ10))*$P10*(1+IF(VLOOKUP($Q10,武学奇术!$A:$ZZ,30,FALSE)="蓄力技",$B$21,0))*(1+$BV10) -> 14148.756 | P10: 1 | Q10: 陌刀安西军跳劈 | R10: 易水歌1层 | S10: N/a | T10: 惧刃 | U10: 穿喉4 | V10: 开山 | W10: 中程笛(小人) | X10: 沧海帖1层 | Y10: N/a | Z10: N/a | AA10: 断岳 | AB10: 扶风(拐) | AC10: N/a | AD10: 裁云(拐) | AE10: 无惧 | AF10: 铁衣 | AG10: N/a | AH10: N/a | AI10: N/a | AJ10: N/a | AK10: 离猎(拐) | AL10: =VLOOKUP($Q10,武学奇术!$A:$ZZ,25,FALSE) -> 陌刀 | AM10: =VLOOKUP($Q10,武学奇术!$A:$ZZ,26,FALSE) -> 0.9 | AN10: =VLOOKUP($Q10,武学奇术!$A:$ZZ,27,FALSE)*(1+IF(OR($AL10=$F$4,$AL10=$F$5),$B$22,0)) -> 0 | AO10: =VLOOKUP($Q10,武学奇术!$A:$ZZ,28,FALSE) -> 1.35 | AP10: =VLOOKUP($Q10,武学奇术!$A:$ZZ,29,FALSE)*(1+IF(OR($AL10=$F$4,$AL10=$F$5),$B$22,0)) -> 0 | AQ10: {=$G$3+IFERROR(VLOOKUP($AL10,$F$4:$G$7,2,FALSE),0)+VLOOKUP($Q10,武学奇术!$A:$ZZ,2,FALSE)+SUM(_xlfn.XLOOKUP($R10:$AK10,增益!$A:$A,增益!$B:$B,0))} -> 0.7041 | AR10: {=VLOOKUP($Q10,武学奇术!$A:$ZZ,5,FALSE)+SUM(_xlfn.XLOOKUP($R10:$AK10,增益!$A:$A,增益!$E:$E,0))} -> 0 | AS10: {=$D$10*(1+$AR10)+VLOOKUP($Q10,武学奇术!$A:$ZZ,3,FALSE)+SUM(_xlfn.XLOOKUP($R10:$AK10,增益!$A:$A,增益!$C:$C,0))-$I$2} -> 3648.7 | AT10: {=$E$10*(1+$AR10)+VLOOKUP($Q10,武学奇术!$A:$ZZ,4,FALSE)+SUM(_xlfn.XLOOKUP($R10:$AK10,增益!$A:$A,增益!$D:$D,0))-$I$2} -> 3648.7 | AU10: {=IF($F$10-$I$3+VLOOKUP($Q10,武学奇术!$A:$ZZ,6,FALSE)+SUM(_xlfn.XLOOKUP($R10:$AK10,增益!$A:$A,增益!$F:$F,0))>0,($F$10-$I$3+VLOOKUP($Q10,武学奇术!$A:$ZZ,6,FALSE)+SUM(_xlfn.XLOOKUP($R10:$AK10,增益!$A:$A,增益!$F:$F,0)))/200,($F$10-$I$3+VLOOKUP($Q10,武学奇术!$A:$ZZ,6,FALSE)+SUM(_xlfn.XLOOKUP($R10:$AK10,增益!$A:$A,增益!$F:$F,0)))/100)} -> 0.397 | AV10: {=$G$10+VLOOKUP($Q10,武学奇术!$A:$ZZ,7,FALSE)+SUM(_xlfn.XLOOKUP($R10:$AK10,增益!$A:$A,增益!$G:$G,0))} -> 0 | AW10: {=VLOOKUP($Q10,武学奇术!$A:$ZZ,8,FALSE)+SUM(_xlfn.XLOOKUP($R10:$AK10,增益!$A:$A,增益!$H:$H,0))} -> 0 | AX10: =$D$11*(1+$AW10) -> 0 | AY10: =$E$11*(1+$AW10) -> 0 | AZ10: {=IF($F$11-$I$4+VLOOKUP($Q10,武学奇术!$A:$ZZ,9,FALSE)+SUM(_xlfn.XLOOKUP($R10:$AK10,增益!$A:$A,增益!$I:$I,0))>0,($F$11-$I$4+VLOOKUP($Q10,武学奇术!$A:$ZZ,9,FALSE)+SUM(_xlfn.XLOOKUP($R10:$AK10,增益!$A:$A,增益!$I:$I,0)))/200,($F$11-$I$4+VLOOKUP($Q10,武学奇术!$A:$ZZ,9,FALSE)+SUM(_xlfn.XLOOKUP($R10:$AK10,增益!$A:$A,增益!$I:$I,0)))/100)} -> -0.14 | BA10: {=$G$11+VLOOKUP($Q10,武学奇术!$A:$ZZ,10,FALSE)+SUM(_xlfn.XLOOKUP($R10:$AK10,增益!$A:$A,增益!$J:$J,0))} -> 0 | BB10: =$D$12*(1+$AW10) -> 594.1 | BC10: =$E$12*(1+$AW10) -> 1604.9 | BD10: {=IF($F$12-$I$4+VLOOKUP($Q10,武学奇术!$A:$ZZ,11,FALSE)+SUM(_xlfn.XLOOKUP($R10:$AK10,增益!$A:$A,增益!$K:$K,0))>0,($F$12-$I$4+VLOOKUP($Q10,武学奇术!$A:$ZZ,11,FALSE)+SUM(_xlfn.XLOOKUP($R10:$AK10,增益!$A:$A,增益!$K:$K,0)))/200,($F$12-$I$4+VLOOKUP($Q10,武学奇术!$A:$ZZ,11,FALSE)+SUM(_xlfn.XLOOKUP($R10:$AK10,增益!$A:$A,增益!$K:$K,0)))/100)} -> 0.17 | BE10: {=$G$12+VLOOKUP($Q10,武学奇术!$A:$ZZ,12,FALSE)+SUM(_xlfn.XLOOKUP($R10:$AK10,增益!$A:$A,增益!$L:$L,0))} -> 0.15 | BF10: =$D$13*(1+$AW10) -> 0 | BG10: =$E$13*(1+$AW10) -> 0 | BH10: {=IF($F$13-$I$4+VLOOKUP($Q10,武学奇术!$A:$ZZ,13,FALSE)+SUM(_xlfn.XLOOKUP($R10:$AK10,增益!$A:$A,增益!$M:$M,0))>0,($F$13-$I$4+VLOOKUP($Q10,武学奇术!$A:$ZZ,13,FALSE)+SUM(_xlfn.XLOOKUP($R10:$AK10,增益!$A:$A,增益!$K:$K,0)))/200,($F$13-$I$4+VLOOKUP($Q10,武学奇术!$A:$ZZ,13,FALSE)+SUM(_xlfn.XLOOKUP($R10:$AK10,增益!$A:$A,增益!$M:$M,0)))/100)} -> -0.14 | BI10: {=$G$13+VLOOKUP($Q10,武学奇术!$A:$ZZ,14,FALSE)+SUM(_xlfn.XLOOKUP($R10:$AK10,增益!$A:$A,增益!$N:$N,0))} -> 0 | BJ10: =$D$14*(1+$AW10) -> 0 | BK10: =$E$14*(1+$AW10) -> 0 | BL10: {=IF($F$14-$I$4+VLOOKUP($Q10,武学奇术!$A:$ZZ,15,FALSE)+SUM(_xlfn.XLOOKUP($R10:$AK10,增益!$A:$A,增益!$O:$O,0))>0,($F$14-$I$4+VLOOKUP($Q10,武学奇术!$A:$ZZ,15,FALSE)+SUM(_xlfn.XLOOKUP($R10:$AK10,增益!$A:$A,增益!$O:$O,0)))/200,($F$14-$I$4+VLOOKUP($Q10,武学奇术!$A:$ZZ,15,FALSE)+SUM(_xlfn.XLOOKUP($R10:$AK10,增益!$A:$A,增益!$O:$O,0)))/100)} -> -0.14 | BM10: {=$G$14+VLOOKUP($Q10,武学奇术!$A:$ZZ,16,FALSE)+SUM(_xlfn.XLOOKUP($R10:$AK10,增益!$A:$A,增益!$P:$P,0))} -> 0 | BN10: =MIN(IF(VLOOKUP($Q10,武学奇术!$A:$ZZ,23,FALSE)=1,100%,$B$8),100%) -> 1 | BO10: {=IF(VLOOKUP($Q10,武学奇术!$A:$ZZ,23,FALSE)=1,100%,MIN(80%,$B$9+VLOOKUP($Q10,武学奇术!$A:$ZZ,17,FALSE)+SUM(_xlfn.XLOOKUP($R10:$AK10,增益!$A:$A,增益!$Q:$Q,0)))+$B$11+SUM(_xlfn.XLOOKUP($R10:$AK10,增益!$A:$A,增益!$U:$U,0)))*IF(VLOOKUP($Q10,武学奇术!$A:$ZZ,24,FALSE)=1,0,1)} -> 1 | BP10: {=1+$B$13+VLOOKUP($Q10,武学奇术!$A:$ZZ,18,FALSE)+SUM(_xlfn.XLOOKUP($R10:$AK10,增益!$A:$A,增益!$R:$R,0))} -> 1.98 | BQ10: {=IF(VLOOKUP($Q10,武学奇术!$A:$ZZ,24,FALSE)=1,100%,MIN(40%,$B$10+VLOOKUP($Q10,武学奇术!$A:$ZZ,19,FALSE)+SUM(_xlfn.XLOOKUP($R10:$AK10,增益!$A:$A,增益!$S:$S,0)))+$B$12+SUM(_xlfn.XLOOKUP($R10:$AK10,增益!$A:$A,增益!$V:$V,0)))*IF(VLOOKUP($Q10,武学奇术!$A:$ZZ,23,FALSE)=1,0,1)} -> 0 | BR10: {=1+$B$14+VLOOKUP($Q10,武学奇术!$A:$ZZ,20,FALSE)+SUM(_xlfn.XLOOKUP($R10:$AK10,增益!$A:$A,增益!$T:$T,0))} -> 1.35 | BS10: =MIN((1-BQ10)*BN10,BN10*BO10) -> 1 | BT10: =1-BQ10-BS10-BU10 -> 0 | BU10: =IF(VLOOKUP($Q10,武学奇术!$A:$ZZ,22,FALSE)=1,0,(1-$BN10))*(1-$BQ10) -> 0 | BV10: {=SUM(_xlfn.XLOOKUP($R10:$AK10,增益!$A:$A,增益!$W:$W,0))+$I$5} -> 0.11
A11: 直接会心率 | B11: =4.6%+IF($E$22="易水歌",4.6%,0) -> 0.092 | C11: 鸣金 | D11: =B3+IF($G$1=$C11,$B$7,0) -> 0 | E11: =MAX(B3,C3)+IF($G$1=$C11,$C$7,0) -> 0 | F11: =D3 -> 0 | G11: =E3 -> 0 | K11: =($L11*$BS11+$M11*$BQ11+$N11*$BT11+$O11*$BU11) -> 319166.77 | L11: =((($AS11+$AT11)/2*$AM11+$AN11)*(1+$AU11)*(1+$AV11)+(($AX11+$AY11)/2*IF($G$1="鸣金",$AO11,$AM11)+IF($G$1="鸣金",$AP11*1.5,0))*(1+$AZ11)*(1+$BA11)+(($BB11+$BC11)/2*IF($G$1="裂石",$AO11,$AM11)+IF($G$1="裂石",$AP11*1.5,0))*(1+$BD11)*(1+$BE11)+(($BF11+$BG11)/2*IF($G$1="牵丝",$AO11,$AM11)+IF($G$1="牵丝",$AP11*1.5,0))*(1+$BH11)*(1+$BI11)+(($BJ11+$BK11)/2*IF($G$1="破竹",$AO11,$AM11)+IF($G$1="破竹",$AP11*1.5,0))*(1+$BL11)*(1+$BM11))*(1+$AQ11)*$BP11*$P11*(1+IF(VLOOKUP($Q11,武学奇术!$A:$ZZ,30,FALSE)="蓄力技",$B$21,0))*(1+$BV11) -> 319166.77 | M11: =(($AT11*$AM11+$AN11)*(1+$AU11)*(1+$AV11)+($AY11*IF($G$1="鸣金",$AO11,$AM11)+IF($G$1="鸣金",$AP11*1.5,0))*(1+$AZ11)*(1+$BA11)+($BC11*IF($G$1="裂石",$AO11,$AM11)+IF($G$1="裂石",$AP11*1.5,0))*(1+$BD11)*(1+$BE11)+($BG11*IF($G$1="牵丝",$AO11,$AM11)+IF($G$1="牵丝",$AP11*1.5,0))*(1+$BH11)*(1+$BI11)+($BK11*IF($G$1="破竹",$AO11,$AM11)+IF($G$1="破竹",$AP11*1.5,0))*(1+$BL11)*(1+$BM11))*(1+$AQ11)*$BR11*$P11*(1+IF(VLOOKUP($Q11,武学奇术!$A:$ZZ,30,FALSE)="蓄力技",$B$21,0))*(1+$BV11) -> 240231.81 | N11: =((($AS11+$AT11)/2*$AM11+$AN11)*(1+$AU11)*(1+$AV11)+(($AX11+$AY11)/2*IF($G$1="鸣金",$AO11,$AM11)+IF($G$1="鸣金",$AP11*1.5,0))*(1+$AZ11)*(1+$BA11)+(($BB11+$BC11)/2*IF($G$1="裂石",$AO11,$AM11)+IF($G$1="裂石",$AP11*1.5,0))*(1+$BD11)*(1+$BE11)+(($BF11+$BG11)/2*IF($G$1="牵丝",$AO11,$AM11)+IF($G$1="牵丝",$AP11*1.5,0))*(1+$BH11)*(1+$BI11)+(($BJ11+$BK11)/2*IF($G$1="破竹",$AO11,$AM11)+IF($G$1="破竹",$AP11*1.5,0))*(1+$BL11)*(1+$BM11))*(1+$AQ11)*$P11*(1+IF(VLOOKUP($Q11,武学奇术!$A:$ZZ,30,FALSE)="蓄力技",$B$21,0))*(1+$BV11) -> 158789.44 | O11: =((($AS11*$AM11+$AN11)*(1+$AU11)*(1+$AV11)+($AX11*IF($G$1="鸣金",$AO11,$AM11)+IF($G$1="鸣金",$AP11*1.5,0))*(1+$AZ11)*(1+$BA11)+($BB11*IF($G$1="裂石",$AO11,$AM11)+IF($G$1="裂石",$AP11*1.5,0))*(1+$BD11)*(1+$BE11)+($BF11*IF($G$1="牵丝",$AO11,$AM11)+IF($G$1="牵丝",$AP11*1.5,0))*(1+$BH11)*(1+$BI11)+($BJ11*IF($G$1="破竹",$AO11,$AM11)+IF($G$1="破竹",$AP11*1.5,0))*(1+$BL11)*(1+$BM11))*(1+$AQ11))*$P11*(1+IF(VLOOKUP($Q11,武学奇术!$A:$ZZ,30,FALSE)="蓄力技",$B$21,0))*(1+$BV11) -> 139629.39 | P11: 1 | Q11: 加速陌刀三蓄 | R11: 易水歌2层 | S11: N/a | T11: 惧刃 | U11: 穿喉5 | V11: 开山 | W11: 中程笛(蓄力) | X11: 沧海帖1层 | Y11: N/a | Z11: N/a | AA11: 断岳 | AB11: 扶风(拐) | AC11: N/a | AD11: 裁云(拐) | AE11: 无惧 | AF11: 铁衣 | AG11: N/a | AH11: N/a | AI11: N/a | AJ11: N/a | AK11: 离猎(拐) | AL11: =VLOOKUP($Q11,武学奇术!$A:$ZZ,25,FALSE) -> 陌刀 | AM11: =VLOOKUP($Q11,武学奇术!$A:$ZZ,26,FALSE) -> 7.5674 | AN11: =VLOOKUP($Q11,武学奇术!$A:$ZZ,27,FALSE)*(1+IF(OR($AL11=$F$4,$AL11=$F$5),$B$22,0)) -> 3139.5 | AO11: =VLOOKUP($Q11,武学奇术!$A:$ZZ,28,FALSE) -> 11.3512 | AP11: =VLOOKUP($Q11,武学奇术!$A:$ZZ,29,FALSE)*(1+IF(OR($AL11=$F$4,$AL11=$F$5),$B$22,0)) -> 1710 | AQ11: {=$G$3+IFERROR(VLOOKUP($AL11,$F$4:$G$7,2,FALSE),0)+VLOOKUP($Q11,武学奇术!$A:$ZZ,2,FALSE)+SUM(_xlfn.XLOOKUP($R11:$AK11,增益!$A:$A,增益!$B:$B,0))} -> 0.6941 | AR11: {=VLOOKUP($Q11,武学奇术!$A:$ZZ,5,FALSE)+SUM(_xlfn.XLOOKUP($R11:$AK11,增益!$A:$A,增益!$E:$E,0))} -> 0 | AS11: {=$D$10*(1+$AR11)+VLOOKUP($Q11,武学奇术!$A:$ZZ,3,FALSE)+SUM(_xlfn.XLOOKUP($R11:$AK11,增益!$A:$A,增益!$C:$C,0))-$I$2} -> 3648.7 | AT11: {=$E$10*(1+$AR11)+VLOOKUP($Q11,武学奇术!$A:$ZZ,4,FALSE)+SUM(_xlfn.XLOOKUP($R11:$AK11,增益!$A:$A,增益!$D:$D,0))-$I$2} -> 3648.7 | AU11: {=IF($F$10-$I$3+VLOOKUP($Q11,武学奇术!$A:$ZZ,6,FALSE)+SUM(_xlfn.XLOOKUP($R11:$AK11,增益!$A:$A,增益!$F:$F,0))>0,($F$10-$I$3+VLOOKUP($Q11,武学奇术!$A:$ZZ,6,FALSE)+SUM(_xlfn.XLOOKUP($R11:$AK11,增益!$A:$A,增益!$F:$F,0)))/200,($F$10-$I$3+VLOOKUP($Q11,武学奇术!$A:$ZZ,6,FALSE)+SUM(_xlfn.XLOOKUP($R11:$AK11,增益!$A:$A,增益!$F:$F,0)))/100)} -> 0.422 | AV11: {=$G$10+VLOOKUP($Q11,武学奇术!$A:$ZZ,7,FALSE)+SUM(_xlfn.XLOOKUP($R11:$AK11,增益!$A:$A,增益!$G:$G,0))} -> 0 | AW11: {=VLOOKUP($Q11,武学奇术!$A:$ZZ,8,FALSE)+SUM(_xlfn.XLOOKUP($R11:$AK11,增益!$A:$A,增益!$H:$H,0))} -> 0 | AX11: =$D$11*(1+$AW11) -> 0 | AY11: =$E$11*(1+$AW11) -> 0 | AZ11: {=IF($F$11-$I$4+VLOOKUP($Q11,武学奇术!$A:$ZZ,9,FALSE)+SUM(_xlfn.XLOOKUP($R11:$AK11,增益!$A:$A,增益!$I:$I,0))>0,($F$11-$I$4+VLOOKUP($Q11,武学奇术!$A:$ZZ,9,FALSE)+SUM(_xlfn.XLOOKUP($R11:$AK11,增益!$A:$A,增益!$I:$I,0)))/200,($F$11-$I$4+VLOOKUP($Q11,武学奇术!$A:$ZZ,9,FALSE)+SUM(_xlfn.XLOOKUP($R11:$AK11,增益!$A:$A,增益!$I:$I,0)))/100)} -> -0.14 | BA11: {=$G$11+VLOOKUP($Q11,武学奇术!$A:$ZZ,10,FALSE)+SUM(_xlfn.XLOOKUP($R11:$AK11,增益!$A:$A,增益!$J:$J,0))} -> 0 | BB11: =$D$12*(1+$AW11) -> 594.1 | BC11: =$E$12*(1+$AW11) -> 1604.9 | BD11: {=IF($F$12-$I$4+VLOOKUP($Q11,武学奇术!$A:$ZZ,11,FALSE)+SUM(_xlfn.XLOOKUP($R11:$AK11,增益!$A:$A,增益!$K:$K,0))>0,($F$12-$I$4+VLOOKUP($Q11,武学奇术!$A:$ZZ,11,FALSE)+SUM(_xlfn.XLOOKUP($R11:$AK11,增益!$A:$A,增益!$K:$K,0)))/200,($F$12-$I$4+VLOOKUP($Q11,武学奇术!$A:$ZZ,11,FALSE)+SUM(_xlfn.XLOOKUP($R11:$AK11,增益!$A:$A,增益!$K:$K,0)))/100)} -> 0.17 | BE11: {=$G$12+VLOOKUP($Q11,武学奇术!$A:$ZZ,12,FALSE)+SUM(_xlfn.XLOOKUP($R11:$AK11,增益!$A:$A,增益!$L:$L,0))} -> 0.15 | BF11: =$D$13*(1+$AW11) -> 0 | BG11: =$E$13*(1+$AW11) -> 0 | BH11: {=IF($F$13-$I$4+VLOOKUP($Q11,武学奇术!$A:$ZZ,13,FALSE)+SUM(_xlfn.XLOOKUP($R11:$AK11,增益!$A:$A,增益!$M:$M,0))>0,($F$13-$I$4+VLOOKUP($Q11,武学奇术!$A:$ZZ,13,FALSE)+SUM(_xlfn.XLOOKUP($R11:$AK11,增益!$A:$A,增益!$K:$K,0)))/200,($F$13-$I$4+VLOOKUP($Q11,武学奇术!$A:$ZZ,13,FALSE)+SUM(_xlfn.XLOOKUP($R11:$AK11,增益!$A:$A,增益!$M:$M,0)))/100)} -> -0.14 | BI11: {=$G$13+VLOOKUP($Q11,武学奇术!$A:$ZZ,14,FALSE)+SUM(_xlfn.XLOOKUP($R11:$AK11,增益!$A:$A,增益!$N:$N,0))} -> 0 | BJ11: =$D$14*(1+$AW11) -> 0 | BK11: =$E$14*(1+$AW11) -> 0 | BL11: {=IF($F$14-$I$4+VLOOKUP($Q11,武学奇术!$A:$ZZ,15,FALSE)+SUM(_xlfn.XLOOKUP($R11:$AK11,增益!$A:$A,增益!$O:$O,0))>0,($F$14-$I$4+VLOOKUP($Q11,武学奇术!$A:$ZZ,15,FALSE)+SUM(_xlfn.XLOOKUP($R11:$AK11,增益!$A:$A,增益!$O:$O,0)))/200,($F$14-$I$4+VLOOKUP($Q11,武学奇术!$A:$ZZ,15,FALSE)+SUM(_xlfn.XLOOKUP($R11:$AK11,增益!$A:$A,增益!$O:$O,0)))/100)} -> -0.14 | BM11: {=$G$14+VLOOKUP($Q11,武学奇术!$A:$ZZ,16,FALSE)+SUM(_xlfn.XLOOKUP($R11:$AK11,增益!$A:$A,增益!$P:$P,0))} -> 0 | BN11: =MIN(IF(VLOOKUP($Q11,武学奇术!$A:$ZZ,23,FALSE)=1,100%,$B$8),100%) -> 1 | BO11: {=IF(VLOOKUP($Q11,武学奇术!$A:$ZZ,23,FALSE)=1,100%,MIN(80%,$B$9+VLOOKUP($Q11,武学奇术!$A:$ZZ,17,FALSE)+SUM(_xlfn.XLOOKUP($R11:$AK11,增益!$A:$A,增益!$Q:$Q,0)))+$B$11+SUM(_xlfn.XLOOKUP($R11:$AK11,增益!$A:$A,增益!$U:$U,0)))*IF(VLOOKUP($Q11,武学奇术!$A:$ZZ,24,FALSE)=1,0,1)} -> 1 | BP11: {=1+$B$13+VLOOKUP($Q11,武学奇术!$A:$ZZ,18,FALSE)+SUM(_xlfn.XLOOKUP($R11:$AK11,增益!$A:$A,增益!$R:$R,0))} -> 2.01 | BQ11: {=IF(VLOOKUP($Q11,武学奇术!$A:$ZZ,24,FALSE)=1,100%,MIN(40%,$B$10+VLOOKUP($Q11,武学奇术!$A:$ZZ,19,FALSE)+SUM(_xlfn.XLOOKUP($R11:$AK11,增益!$A:$A,增益!$S:$S,0)))+$B$12+SUM(_xlfn.XLOOKUP($R11:$AK11,增益!$A:$A,增益!$V:$V,0)))*IF(VLOOKUP($Q11,武学奇术!$A:$ZZ,23,FALSE)=1,0,1)} -> 0 | BR11: {=1+$B$14+VLOOKUP($Q11,武学奇术!$A:$ZZ,20,FALSE)+SUM(_xlfn.XLOOKUP($R11:$AK11,增益!$A:$A,增益!$T:$T,0))} -> 1.35 | BS11: =MIN((1-BQ11)*BN11,BN11*BO11) -> 1 | BT11: =1-BQ11-BS11-BU11 -> 0 | BU11: =IF(VLOOKUP($Q11,武学奇术!$A:$ZZ,22,FALSE)=1,0,(1-$BN11))*(1-$BQ11) -> 0 | BV11: {=SUM(_xlfn.XLOOKUP($R11:$AK11,增益!$A:$A,增益!$W:$W,0))+$I$5} -> 0.11
A12: 直接会意率 | B12: 0 | C12: 裂石 | D12: =B4+IF($G$1=$C12,$B$7,0) -> 594.1 | E12: =MAX(B4,C4)+IF($G$1=$C12,$C$7,0) -> 1604.9 | F12: =D4 -> 36 | G12: =E4 -> 0.15 | H12: ADPS | I12: =I10/I8 -> 134565.31 | K12: =($L12*$BS12+$M12*$BQ12+$N12*$BT12+$O12*$BU12) -> 18790.014 | L12: =((($AS12+$AT12)/2*$AM12+$AN12)*(1+$AU12)*(1+$AV12)+(($AX12+$AY12)/2*IF($G$1="鸣金",$AO12,$AM12)+IF($G$1="鸣金",$AP12*1.5,0))*(1+$AZ12)*(1+$BA12)+(($BB12+$BC12)/2*IF($G$1="裂石",$AO12,$AM12)+IF($G$1="裂石",$AP12*1.5,0))*(1+$BD12)*(1+$BE12)+(($BF12+$BG12)/2*IF($G$1="牵丝",$AO12,$AM12)+IF($G$1="牵丝",$AP12*1.5,0))*(1+$BH12)*(1+$BI12)+(($BJ12+$BK12)/2*IF($G$1="破竹",$AO12,$AM12)+IF($G$1="破竹",$AP12*1.5,0))*(1+$BL12)*(1+$BM12))*(1+$AQ12)*$BP12*$P12*(1+IF(VLOOKUP($Q12,武学奇术!$A:$ZZ,30,FALSE)="蓄力技",$B$21,0))*(1+$BV12) -> 18790.014 | M12: =(($AT12*$AM12+$AN12)*(1+$AU12)*(1+$AV12)+($AY12*IF($G$1="鸣金",$AO12,$AM12)+IF($G$1="鸣金",$AP12*1.5,0))*(1+$AZ12)*(1+$BA12)+($BC12*IF($G$1="裂石",$AO12,$AM12)+IF($G$1="裂石",$AP12*1.5,0))*(1+$BD12)*(1+$BE12)+($BG12*IF($G$1="牵丝",$AO12,$AM12)+IF($G$1="牵丝",$AP12*1.5,0))*(1+$BH12)*(1+$BI12)+($BK12*IF($G$1="破竹",$AO12,$AM12)+IF($G$1="破竹",$AP12*1.5,0))*(1+$BL12)*(1+$BM12))*(1+$AQ12)*$BR12*$P12*(1+IF(VLOOKUP($Q12,武学奇术!$A:$ZZ,30,FALSE)="蓄力技",$B$21,0))*(1+$BV12) -> 14286.89 | N12: =((($AS12+$AT12)/2*$AM12+$AN12)*(1+$AU12)*(1+$AV12)+(($AX12+$AY12)/2*IF($G$1="鸣金",$AO12,$AM12)+IF($G$1="鸣金",$AP12*1.5,0))*(1+$AZ12)*(1+$BA12)+(($BB12+$BC12)/2*IF($G$1="裂石",$AO12,$AM12)+IF($G$1="裂石",$AP12*1.5,0))*(1+$BD12)*(1+$BE12)+(($BF12+$BG12)/2*IF($G$1="牵丝",$AO12,$AM12)+IF($G$1="牵丝",$AP12*1.5,0))*(1+$BH12)*(1+$BI12)+(($BJ12+$BK12)/2*IF($G$1="破竹",$AO12,$AM12)+IF($G$1="破竹",$AP12*1.5,0))*(1+$BL12)*(1+$BM12))*(1+$AQ12)*$P12*(1+IF(VLOOKUP($Q12,武学奇术!$A:$ZZ,30,FALSE)="蓄力技",$B$21,0))*(1+$BV12) -> 9301.9873 | O12: =((($AS12*$AM12+$AN12)*(1+$AU12)*(1+$AV12)+($AX12*IF($G$1="鸣金",$AO12,$AM12)+IF($G$1="鸣金",$AP12*1.5,0))*(1+$AZ12)*(1+$BA12)+($BB12*IF($G$1="裂石",$AO12,$AM12)+IF($G$1="裂石",$AP12*1.5,0))*(1+$BD12)*(1+$BE12)+($BF12*IF($G$1="牵丝",$AO12,$AM12)+IF($G$1="牵丝",$AP12*1.5,0))*(1+$BH12)*(1+$BI12)+($BJ12*IF($G$1="破竹",$AO12,$AM12)+IF($G$1="破竹",$AP12*1.5,0))*(1+$BL12)*(1+$BM12))*(1+$AQ12))*$P12*(1+IF(VLOOKUP($Q12,武学奇术!$A:$ZZ,30,FALSE)="蓄力技",$B$21,0))*(1+$BV12) -> 8021.0931 | P12: 1 | Q12: 陌刀安西军下劈 | R12: 易水歌2层 | S12: N/a | T12: 惧刃 | U12: 穿喉5 | V12: 开山 | W12: 中程笛(小人) | X12: 沧海帖2层 | Y12: N/a | Z12: N/a | AA12: 断岳 | AB12: 烁鼓(拐) | AC12: N/a | AD12: 裁云(拐) | AE12: 无惧 | AF12: 铁衣 | AG12: N/a | AH12: N/a | AI12: N/a | AJ12: N/a | AK12: 离猎(拐) | AL12: =VLOOKUP($Q12,武学奇术!$A:$ZZ,25,FALSE) -> 陌刀 | AM12: =VLOOKUP($Q12,武学奇术!$A:$ZZ,26,FALSE) -> 0.5 | AN12: =VLOOKUP($Q12,武学奇术!$A:$ZZ,27,FALSE)*(1+IF(OR($AL12=$F$4,$AL12=$F$5),$B$22,0)) -> 0 | AO12: =VLOOKUP($Q12,武学奇术!$A:$ZZ,28,FALSE) -> 0.75 | AP12: =VLOOKUP($Q12,武学奇术!$A:$ZZ,29,FALSE)*(1+IF(OR($AL12=$F$4,$AL12=$F$5),$B$22,0)) -> 0 | AQ12: {=$G$3+IFERROR(VLOOKUP($AL12,$F$4:$G$7,2,FALSE),0)+VLOOKUP($Q12,武学奇术!$A:$ZZ,2,FALSE)+SUM(_xlfn.XLOOKUP($R12:$AK12,增益!$A:$A,增益!$B:$B,0))} -> 0.7141 | AR12: {=VLOOKUP($Q12,武学奇术!$A:$ZZ,5,FALSE)+SUM(_xlfn.XLOOKUP($R12:$AK12,增益!$A:$A,增益!$E:$E,0))} -> 0 | AS12: {=$D$10*(1+$AR12)+VLOOKUP($Q12,武学奇术!$A:$ZZ,3,FALSE)+SUM(_xlfn.XLOOKUP($R12:$AK12,增益!$A:$A,增益!$C:$C,0))-$I$2} -> 3648.7 | AT12: {=$E$10*(1+$AR12)+VLOOKUP($Q12,武学奇术!$A:$ZZ,4,FALSE)+SUM(_xlfn.XLOOKUP($R12:$AK12,增益!$A:$A,增益!$D:$D,0))-$I$2} -> 3648.7 | AU12: {=IF($F$10-$I$3+VLOOKUP($Q12,武学奇术!$A:$ZZ,6,FALSE)+SUM(_xlfn.XLOOKUP($R12:$AK12,增益!$A:$A,增益!$F:$F,0))>0,($F$10-$I$3+VLOOKUP($Q12,武学奇术!$A:$ZZ,6,FALSE)+SUM(_xlfn.XLOOKUP($R12:$AK12,增益!$A:$A,增益!$F:$F,0)))/200,($F$10-$I$3+VLOOKUP($Q12,武学奇术!$A:$ZZ,6,FALSE)+SUM(_xlfn.XLOOKUP($R12:$AK12,增益!$A:$A,增益!$F:$F,0)))/100)} -> 0.422 | AV12: {=$G$10+VLOOKUP($Q12,武学奇术!$A:$ZZ,7,FALSE)+SUM(_xlfn.XLOOKUP($R12:$AK12,增益!$A:$A,增益!$G:$G,0))} -> 0 | AW12: {=VLOOKUP($Q12,武学奇术!$A:$ZZ,8,FALSE)+SUM(_xlfn.XLOOKUP($R12:$AK12,增益!$A:$A,增益!$H:$H,0))} -> 0 | AX12: =$D$11*(1+$AW12) -> 0 | AY12: =$E$11*(1+$AW12) -> 0 | AZ12: {=IF($F$11-$I$4+VLOOKUP($Q12,武学奇术!$A:$ZZ,9,FALSE)+SUM(_xlfn.XLOOKUP($R12:$AK12,增益!$A:$A,增益!$I:$I,0))>0,($F$11-$I$4+VLOOKUP($Q12,武学奇术!$A:$ZZ,9,FALSE)+SUM(_xlfn.XLOOKUP($R12:$AK12,增益!$A:$A,增益!$I:$I,0)))/200,($F$11-$I$4+VLOOKUP($Q12,武学奇术!$A:$ZZ,9,FALSE)+SUM(_xlfn.XLOOKUP($R12:$AK12,增益!$A:$A,增益!$I:$I,0)))/100)} -> -0.14 | BA12: {=$G$11+VLOOKUP($Q12,武学奇术!$A:$ZZ,10,FALSE)+SUM(_xlfn.XLOOKUP($R12:$AK12,增益!$A:$A,增益!$J:$J,0))} -> 0 | BB12: =$D$12*(1+$AW12) -> 594.1 | BC12: =$E$12*(1+$AW12) -> 1604.9 | BD12: {=IF($F$12-$I$4+VLOOKUP($Q12,武学奇术!$A:$ZZ,11,FALSE)+SUM(_xlfn.XLOOKUP($R12:$AK12,增益!$A:$A,增益!$K:$K,0))>0,($F$12-$I$4+VLOOKUP($Q12,武学奇术!$A:$ZZ,11,FALSE)+SUM(_xlfn.XLOOKUP($R12:$AK12,增益!$A:$A,增益!$K:$K,0)))/200,($F$12-$I$4+VLOOKUP($Q12,武学奇术!$A:$ZZ,11,FALSE)+SUM(_xlfn.XLOOKUP($R12:$AK12,增益!$A:$A,增益!$K:$K,0)))/100)} -> 0.17 | BE12: {=$G$12+VLOOKUP($Q12,武学奇术!$A:$ZZ,12,FALSE)+SUM(_xlfn.XLOOKUP($R12:$AK12,增益!$A:$A,增益!$L:$L,0))} -> 0.15 | BF12: =$D$13*(1+$AW12) -> 0 | BG12: =$E$13*(1+$AW12) -> 0 | BH12: {=IF($F$13-$I$4+VLOOKUP($Q12,武学奇术!$A:$ZZ,13,FALSE)+SUM(_xlfn.XLOOKUP($R12:$AK12,增益!$A:$A,增益!$M:$M,0))>0,($F$13-$I$4+VLOOKUP($Q12,武学奇术!$A:$ZZ,13,FALSE)+SUM(_xlfn.XLOOKUP($R12:$AK12,增益!$A:$A,增益!$K:$K,0)))/200,($F$13-$I$4+VLOOKUP($Q12,武学奇术!$A:$ZZ,13,FALSE)+SUM(_xlfn.XLOOKUP($R12:$AK12,增益!$A:$A,增益!$M:$M,0)))/100)} -> -0.14 | BI12: {=$G$13+VLOOKUP($Q12,武学奇术!$A:$ZZ,14,FALSE)+SUM(_xlfn.XLOOKUP($R12:$AK12,增益!$A:$A,增益!$N:$N,0))} -> 0 | BJ12: =$D$14*(1+$AW12) -> 0 | BK12: =$E$14*(1+$AW12) -> 0 | BL12: {=IF($F$14-$I$4+VLOOKUP($Q12,武学奇术!$A:$ZZ,15,FALSE)+SUM(_xlfn.XLOOKUP($R12:$AK12,增益!$A:$A,增益!$O:$O,0))>0,($F$14-$I$4+VLOOKUP($Q12,武学奇术!$A:$ZZ,15,FALSE)+SUM(_xlfn.XLOOKUP($R12:$AK12,增益!$A:$A,增益!$O:$O,0)))/200,($F$14-$I$4+VLOOKUP($Q12,武学奇术!$A:$ZZ,15,FALSE)+SUM(_xlfn.XLOOKUP($R12:$AK12,增益!$A:$A,增益!$O:$O,0)))/100)} -> -0.14 | BM12: {=$G$14+VLOOKUP($Q12,武学奇术!$A:$ZZ,16,FALSE)+SUM(_xlfn.XLOOKUP($R12:$AK12,增益!$A:$A,增益!$P:$P,0))} -> 0 | BN12: =MIN(IF(VLOOKUP($Q12,武学奇术!$A:$ZZ,23,FALSE)=1,100%,$B$8),100%) -> 1 | BO12: {=IF(VLOOKUP($Q12,武学奇术!$A:$ZZ,23,FALSE)=1,100%,MIN(80%,$B$9+VLOOKUP($Q12,武学奇术!$A:$ZZ,17,FALSE)+SUM(_xlfn.XLOOKUP($R12:$AK12,增益!$A:$A,增益!$Q:$Q,0)))+$B$11+SUM(_xlfn.XLOOKUP($R12:$AK12,增益!$A:$A,增益!$U:$U,0)))*IF(VLOOKUP($Q12,武学奇术!$A:$ZZ,24,FALSE)=1,0,1)} -> 1 | BP12: {=1+$B$13+VLOOKUP($Q12,武学奇术!$A:$ZZ,18,FALSE)+SUM(_xlfn.XLOOKUP($R12:$AK12,增益!$A:$A,增益!$R:$R,0))} -> 2.02 | BQ12: {=IF(VLOOKUP($Q12,武学奇术!$A:$ZZ,24,FALSE)=1,100%,MIN(40%,$B$10+VLOOKUP($Q12,武学奇术!$A:$ZZ,19,FALSE)+SUM(_xlfn.XLOOKUP($R12:$AK12,增益!$A:$A,增益!$S:$S,0)))+$B$12+SUM(_xlfn.XLOOKUP($R12:$AK12,增益!$A:$A,增益!$V:$V,0)))*IF(VLOOKUP($Q12,武学奇术!$A:$ZZ,23,FALSE)=1,0,1)} -> 0 | BR12: {=1+$B$14+VLOOKUP($Q12,武学奇术!$A:$ZZ,20,FALSE)+SUM(_xlfn.XLOOKUP($R12:$AK12,增益!$A:$A,增益!$T:$T,0))} -> 1.35 | BS12: =MIN((1-BQ12)*BN12,BN12*BO12) -> 1 | BT12: =1-BQ12-BS12-BU12 -> 0 | BU12: =IF(VLOOKUP($Q12,武学奇术!$A:$ZZ,22,FALSE)=1,0,(1-$BN12))*(1-$BQ12) -> 0 | BV12: {=SUM(_xlfn.XLOOKUP($R12:$AK12,增益!$A:$A,增益!$W:$W,0))+$I$5} -> 0.11
A13: 会心伤害加成 | B13: 0.54 | C13: 牵丝 | D13: =B5+IF($G$1=$C13,$B$7,0) -> 0 | E13: =MAX(B5,C5)+IF($G$1=$C13,$C$7,0) -> 0 | F13: =D5 -> 0 | G13: =E5 -> 0 | K13: =($L13*$BS13+$M13*$BQ13+$N13*$BT13+$O13*$BU13) -> 34186.91 | L13: =((($AS13+$AT13)/2*$AM13+$AN13)*(1+$AU13)*(1+$AV13)+(($AX13+$AY13)/2*IF($G$1="鸣金",$AO13,$AM13)+IF($G$1="鸣金",$AP13*1.5,0))*(1+$AZ13)*(1+$BA13)+(($BB13+$BC13)/2*IF($G$1="裂石",$AO13,$AM13)+IF($G$1="裂石",$AP13*1.5,0))*(1+$BD13)*(1+$BE13)+(($BF13+$BG13)/2*IF($G$1="牵丝",$AO13,$AM13)+IF($G$1="牵丝",$AP13*1.5,0))*(1+$BH13)*(1+$BI13)+(($BJ13+$BK13)/2*IF($G$1="破竹",$AO13,$AM13)+IF($G$1="破竹",$AP13*1.5,0))*(1+$BL13)*(1+$BM13))*(1+$AQ13)*$BP13*$P13*(1+IF(VLOOKUP($Q13,武学奇术!$A:$ZZ,30,FALSE)="蓄力技",$B$21,0))*(1+$BV13) -> 34186.91 | M13: =(($AT13*$AM13+$AN13)*(1+$AU13)*(1+$AV13)+($AY13*IF($G$1="鸣金",$AO13,$AM13)+IF($G$1="鸣金",$AP13*1.5,0))*(1+$AZ13)*(1+$BA13)+($BC13*IF($G$1="裂石",$AO13,$AM13)+IF($G$1="裂石",$AP13*1.5,0))*(1+$BD13)*(1+$BE13)+($BG13*IF($G$1="牵丝",$AO13,$AM13)+IF($G$1="牵丝",$AP13*1.5,0))*(1+$BH13)*(1+$BI13)+($BK13*IF($G$1="破竹",$AO13,$AM13)+IF($G$1="破竹",$AP13*1.5,0))*(1+$BL13)*(1+$BM13))*(1+$AQ13)*$BR13*$P13*(1+IF(VLOOKUP($Q13,武学奇术!$A:$ZZ,30,FALSE)="蓄力技",$B$21,0))*(1+$BV13) -> 25978.419 | N13: =((($AS13+$AT13)/2*$AM13+$AN13)*(1+$AU13)*(1+$AV13)+(($AX13+$AY13)/2*IF($G$1="鸣金",$AO13,$AM13)+IF($G$1="鸣金",$AP13*1.5,0))*(1+$AZ13)*(1+$BA13)+(($BB13+$BC13)/2*IF($G$1="裂石",$AO13,$AM13)+IF($G$1="裂石",$AP13*1.5,0))*(1+$BD13)*(1+$BE13)+(($BF13+$BG13)/2*IF($G$1="牵丝",$AO13,$AM13)+IF($G$1="牵丝",$AP13*1.5,0))*(1+$BH13)*(1+$BI13)+(($BJ13+$BK13)/2*IF($G$1="破竹",$AO13,$AM13)+IF($G$1="破竹",$AP13*1.5,0))*(1+$BL13)*(1+$BM13))*(1+$AQ13)*$P13*(1+IF(VLOOKUP($Q13,武学奇术!$A:$ZZ,30,FALSE)="蓄力技",$B$21,0))*(1+$BV13) -> 16924.213 | O13: =((($AS13*$AM13+$AN13)*(1+$AU13)*(1+$AV13)+($AX13*IF($G$1="鸣金",$AO13,$AM13)+IF($G$1="鸣金",$AP13*1.5,0))*(1+$AZ13)*(1+$BA13)+($BB13*IF($G$1="裂石",$AO13,$AM13)+IF($G$1="裂石",$AP13*1.5,0))*(1+$BD13)*(1+$BE13)+($BF13*IF($G$1="牵丝",$AO13,$AM13)+IF($G$1="牵丝",$AP13*1.5,0))*(1+$BH13)*(1+$BI13)+($BJ13*IF($G$1="破竹",$AO13,$AM13)+IF($G$1="破竹",$AP13*1.5,0))*(1+$BL13)*(1+$BM13))*(1+$AQ13))*$P13*(1+IF(VLOOKUP($Q13,武学奇术!$A:$ZZ,30,FALSE)="蓄力技",$B$21,0))*(1+$BV13) -> 14605.153 | P13: 1 | Q13: 陌刀安西军跳劈 | R13: 易水歌3层 | S13: N/a | T13: 惧刃 | U13: 穿喉5 | V13: 开山 | W13: 中程笛(小人) | X13: 沧海帖2层 | Y13: N/a | Z13: N/a | AA13: 断岳 | AB13: 烁鼓(拐) | AC13: N/a | AD13: 裁云(拐) | AE13: 无惧 | AF13: 铁衣 | AG13: N/a | AH13: N/a | AI13: N/a | AJ13: N/a | AK13: 离猎(拐) | AL13: =VLOOKUP($Q13,武学奇术!$A:$ZZ,25,FALSE) -> 陌刀 | AM13: =VLOOKUP($Q13,武学奇术!$A:$ZZ,26,FALSE) -> 0.9 | AN13: =VLOOKUP($Q13,武学奇术!$A:$ZZ,27,FALSE)*(1+IF(OR($AL13=$F$4,$AL13=$F$5),$B$22,0)) -> 0 | AO13: =VLOOKUP($Q13,武学奇术!$A:$ZZ,28,FALSE) -> 1.35 | AP13: =VLOOKUP($Q13,武学奇术!$A:$ZZ,29,FALSE)*(1+IF(OR($AL13=$F$4,$AL13=$F$5),$B$22,0)) -> 0 | AQ13: {=$G$3+IFERROR(VLOOKUP($AL13,$F$4:$G$7,2,FALSE),0)+VLOOKUP($Q13,武学奇术!$A:$ZZ,2,FALSE)+SUM(_xlfn.XLOOKUP($R13:$AK13,增益!$A:$A,增益!$B:$B,0))} -> 0.7241 | AR13: {=VLOOKUP($Q13,武学奇术!$A:$ZZ,5,FALSE)+SUM(_xlfn.XLOOKUP($R13:$AK13,增益!$A:$A,增益!$E:$E,0))} -> 0 | AS13: {=$D$10*(1+$AR13)+VLOOKUP($Q13,武学奇术!$A:$ZZ,3,FALSE)+SUM(_xlfn.XLOOKUP($R13:$AK13,增益!$A:$A,增益!$C:$C,0))-$I$2} -> 3648.7 | AT13: {=$E$10*(1+$AR13)+VLOOKUP($Q13,武学奇术!$A:$ZZ,4,FALSE)+SUM(_xlfn.XLOOKUP($R13:$AK13,增益!$A:$A,增益!$D:$D,0))-$I$2} -> 3648.7 | AU13: {=IF($F$10-$I$3+VLOOKUP($Q13,武学奇术!$A:$ZZ,6,FALSE)+SUM(_xlfn.XLOOKUP($R13:$AK13,增益!$A:$A,增益!$F:$F,0))>0,($F$10-$I$3+VLOOKUP($Q13,武学奇术!$A:$ZZ,6,FALSE)+SUM(_xlfn.XLOOKUP($R13:$AK13,增益!$A:$A,增益!$F:$F,0)))/200,($F$10-$I$3+VLOOKUP($Q13,武学奇术!$A:$ZZ,6,FALSE)+SUM(_xlfn.XLOOKUP($R13:$AK13,增益!$A:$A,增益!$F:$F,0)))/100)} -> 0.432 | AV13: {=$G$10+VLOOKUP($Q13,武学奇术!$A:$ZZ,7,FALSE)+SUM(_xlfn.XLOOKUP($R13:$AK13,增益!$A:$A,增益!$G:$G,0))} -> 0 | AW13: {=VLOOKUP($Q13,武学奇术!$A:$ZZ,8,FALSE)+SUM(_xlfn.XLOOKUP($R13:$AK13,增益!$A:$A,增益!$H:$H,0))} -> 0 | AX13: =$D$11*(1+$AW13) -> 0 | AY13: =$E$11*(1+$AW13) -> 0 | AZ13: {=IF($F$11-$I$4+VLOOKUP($Q13,武学奇术!$A:$ZZ,9,FALSE)+SUM(_xlfn.XLOOKUP($R13:$AK13,增益!$A:$A,增益!$I:$I,0))>0,($F$11-$I$4+VLOOKUP($Q13,武学奇术!$A:$ZZ,9,FALSE)+SUM(_xlfn.XLOOKUP($R13:$AK13,增益!$A:$A,增益!$I:$I,0)))/200,($F$11-$I$4+VLOOKUP($Q13,武学奇术!$A:$ZZ,9,FALSE)+SUM(_xlfn.XLOOKUP($R13:$AK13,增益!$A:$A,增益!$I:$I,0)))/100)} -> -0.14 | BA13: {=$G$11+VLOOKUP($Q13,武学奇术!$A:$ZZ,10,FALSE)+SUM(_xlfn.XLOOKUP($R13:$AK13,增益!$A:$A,增益!$J:$J,0))} -> 0 | BB13: =$D$12*(1+$AW13) -> 594.1 | BC13: =$E$12*(1+$AW13) -> 1604.9 | BD13: {=IF($F$12-$I$4+VLOOKUP($Q13,武学奇术!$A:$ZZ,11,FALSE)+SUM(_xlfn.XLOOKUP($R13:$AK13,增益!$A:$A,增益!$K:$K,0))>0,($F$12-$I$4+VLOOKUP($Q13,武学奇术!$A:$ZZ,11,FALSE)+SUM(_xlfn.XLOOKUP($R13:$AK13,增益!$A:$A,增益!$K:$K,0)))/200,($F$12-$I$4+VLOOKUP($Q13,武学奇术!$A:$ZZ,11,FALSE)+SUM(_xlfn.XLOOKUP($R13:$AK13,增益!$A:$A,增益!$K:$K,0)))/100)} -> 0.17 | BE13: {=$G$12+VLOOKUP($Q13,武学奇术!$A:$ZZ,12,FALSE)+SUM(_xlfn.XLOOKUP($R13:$AK13,增益!$A:$A,增益!$L:$L,0))} -> 0.15 | BF13: =$D$13*(1+$AW13) -> 0 | BG13: =$E$13*(1+$AW13) -> 0 | BH13: {=IF($F$13-$I$4+VLOOKUP($Q13,武学奇术!$A:$ZZ,13,FALSE)+SUM(_xlfn.XLOOKUP($R13:$AK13,增益!$A:$A,增益!$M:$M,0))>0,($F$13-$I$4+VLOOKUP($Q13,武学奇术!$A:$ZZ,13,FALSE)+SUM(_xlfn.XLOOKUP($R13:$AK13,增益!$A:$A,增益!$K:$K,0)))/200,($F$13-$I$4+VLOOKUP($Q13,武学奇术!$A:$ZZ,13,FALSE)+SUM(_xlfn.XLOOKUP($R13:$AK13,增益!$A:$A,增益!$M:$M,0)))/100)} -> -0.14 | BI13: {=$G$13+VLOOKUP($Q13,武学奇术!$A:$ZZ,14,FALSE)+SUM(_xlfn.XLOOKUP($R13:$AK13,增益!$A:$A,增益!$N:$N,0))} -> 0 | BJ13: =$D$14*(1+$AW13) -> 0 | BK13: =$E$14*(1+$AW13) -> 0 | BL13: {=IF($F$14-$I$4+VLOOKUP($Q13,武学奇术!$A:$ZZ,15,FALSE)+SUM(_xlfn.XLOOKUP($R13:$AK13,增益!$A:$A,增益!$O:$O,0))>0,($F$14-$I$4+VLOOKUP($Q13,武学奇术!$A:$ZZ,15,FALSE)+SUM(_xlfn.XLOOKUP($R13:$AK13,增益!$A:$A,增益!$O:$O,0)))/200,($F$14-$I$4+VLOOKUP($Q13,武学奇术!$A:$ZZ,15,FALSE)+SUM(_xlfn.XLOOKUP($R13:$AK13,增益!$A:$A,增益!$O:$O,0)))/100)} -> -0.14 | BM13: {=$G$14+VLOOKUP($Q13,武学奇术!$A:$ZZ,16,FALSE)+SUM(_xlfn.XLOOKUP($R13:$AK13,增益!$A:$A,增益!$P:$P,0))} -> 0 | BN13: =MIN(IF(VLOOKUP($Q13,武学奇术!$A:$ZZ,23,FALSE)=1,100%,$B$8),100%) -> 1 | BO13: {=IF(VLOOKUP($Q13,武学奇术!$A:$ZZ,23,FALSE)=1,100%,MIN(80%,$B$9+VLOOKUP($Q13,武学奇术!$A:$ZZ,17,FALSE)+SUM(_xlfn.XLOOKUP($R13:$AK13,增益!$A:$A,增益!$Q:$Q,0)))+$B$11+SUM(_xlfn.XLOOKUP($R13:$AK13,增益!$A:$A,增益!$U:$U,0)))*IF(VLOOKUP($Q13,武学奇术!$A:$ZZ,24,FALSE)=1,0,1)} -> 1 | BP13: {=1+$B$13+VLOOKUP($Q13,武学奇术!$A:$ZZ,18,FALSE)+SUM(_xlfn.XLOOKUP($R13:$AK13,增益!$A:$A,增益!$R:$R,0))} -> 2.02 | BQ13: {=IF(VLOOKUP($Q13,武学奇术!$A:$ZZ,24,FALSE)=1,100%,MIN(40%,$B$10+VLOOKUP($Q13,武学奇术!$A:$ZZ,19,FALSE)+SUM(_xlfn.XLOOKUP($R13:$AK13,增益!$A:$A,增益!$S:$S,0)))+$B$12+SUM(_xlfn.XLOOKUP($R13:$AK13,增益!$A:$A,增益!$V:$V,0)))*IF(VLOOKUP($Q13,武学奇术!$A:$ZZ,23,FALSE)=1,0,1)} -> 0 | BR13: {=1+$B$14+VLOOKUP($Q13,武学奇术!$A:$ZZ,20,FALSE)+SUM(_xlfn.XLOOKUP($R13:$AK13,增益!$A:$A,增益!$T:$T,0))} -> 1.35 | BS13: =MIN((1-BQ13)*BN13,BN13*BO13) -> 1 | BT13: =1-BQ13-BS13-BU13 -> 0 | BU13: =IF(VLOOKUP($Q13,武学奇术!$A:$ZZ,22,FALSE)=1,0,(1-$BN13))*(1-$BQ13) -> 0 | BV13: {=SUM(_xlfn.XLOOKUP($R13:$AK13,增益!$A:$A,增益!$W:$W,0))+$I$5} -> 0.11
A14: 会意伤害加成 | B14: 0.35 | C14: 破竹 | D14: =B6+IF($G$1=$C14,B7,0) -> 0 | E14: =MAX(B6,C6)+IF($G$1=$C14,$C$7,0) -> 0 | F14: =D6 -> 0 | G14: =E6 -> 0 | H14: RDPS | I14: =RD!I14 -> 127992.11 | K14: =($L14*$BS14+$M14*$BQ14+$N14*$BT14+$O14*$BU14) -> 324198.98 | L14: =((($AS14+$AT14)/2*$AM14+$AN14)*(1+$AU14)*(1+$AV14)+(($AX14+$AY14)/2*IF($G$1="鸣金",$AO14,$AM14)+IF($G$1="鸣金",$AP14*1.5,0))*(1+$AZ14)*(1+$BA14)+(($BB14+$BC14)/2*IF($G$1="裂石",$AO14,$AM14)+IF($G$1="裂石",$AP14*1.5,0))*(1+$BD14)*(1+$BE14)+(($BF14+$BG14)/2*IF($G$1="牵丝",$AO14,$AM14)+IF($G$1="牵丝",$AP14*1.5,0))*(1+$BH14)*(1+$BI14)+(($BJ14+$BK14)/2*IF($G$1="破竹",$AO14,$AM14)+IF($G$1="破竹",$AP14*1.5,0))*(1+$BL14)*(1+$BM14))*(1+$AQ14)*$BP14*$P14*(1+IF(VLOOKUP($Q14,武学奇术!$A:$ZZ,30,FALSE)="蓄力技",$B$21,0))*(1+$BV14) -> 324198.98 | M14: =(($AT14*$AM14+$AN14)*(1+$AU14)*(1+$AV14)+($AY14*IF($G$1="鸣金",$AO14,$AM14)+IF($G$1="鸣金",$AP14*1.5,0))*(1+$AZ14)*(1+$BA14)+($BC14*IF($G$1="裂石",$AO14,$AM14)+IF($G$1="裂石",$AP14*1.5,0))*(1+$BD14)*(1+$BE14)+($BG14*IF($G$1="牵丝",$AO14,$AM14)+IF($G$1="牵丝",$AP14*1.5,0))*(1+$BH14)*(1+$BI14)+($BK14*IF($G$1="破竹",$AO14,$AM14)+IF($G$1="破竹",$AP14*1.5,0))*(1+$BL14)*(1+$BM14))*(1+$AQ14)*$BR14*$P14*(1+IF(VLOOKUP($Q14,武学奇术!$A:$ZZ,30,FALSE)="蓄力技",$B$21,0))*(1+$BV14) -> 242686.39 | N14: =((($AS14+$AT14)/2*$AM14+$AN14)*(1+$AU14)*(1+$AV14)+(($AX14+$AY14)/2*IF($G$1="鸣金",$AO14,$AM14)+IF($G$1="鸣金",$AP14*1.5,0))*(1+$AZ14)*(1+$BA14)+(($BB14+$BC14)/2*IF($G$1="裂石",$AO14,$AM14)+IF($G$1="裂石",$AP14*1.5,0))*(1+$BD14)*(1+$BE14)+(($BF14+$BG14)/2*IF($G$1="牵丝",$AO14,$AM14)+IF($G$1="牵丝",$AP14*1.5,0))*(1+$BH14)*(1+$BI14)+(($BJ14+$BK14)/2*IF($G$1="破竹",$AO14,$AM14)+IF($G$1="破竹",$AP14*1.5,0))*(1+$BL14)*(1+$BM14))*(1+$AQ14)*$P14*(1+IF(VLOOKUP($Q14,武学奇术!$A:$ZZ,30,FALSE)="蓄力技",$B$21,0))*(1+$BV14) -> 160494.54 | O14: =((($AS14*$AM14+$AN14)*(1+$AU14)*(1+$AV14)+($AX14*IF($G$1="鸣金",$AO14,$AM14)+IF($G$1="鸣金",$AP14*1.5,0))*(1+$AZ14)*(1+$BA14)+($BB14*IF($G$1="裂石",$AO14,$AM14)+IF($G$1="裂石",$AP14*1.5,0))*(1+$BD14)*(1+$BE14)+($BF14*IF($G$1="牵丝",$AO14,$AM14)+IF($G$1="牵丝",$AP14*1.5,0))*(1+$BH14)*(1+$BI14)+($BJ14*IF($G$1="破竹",$AO14,$AM14)+IF($G$1="破竹",$AP14*1.5,0))*(1+$BL14)*(1+$BM14))*(1+$AQ14))*$P14*(1+IF(VLOOKUP($Q14,武学奇术!$A:$ZZ,30,FALSE)="蓄力技",$B$21,0))*(1+$BV14) -> 141221.39 | P14: 1 | Q14: 加速陌刀三蓄 | R14: 易水歌3层 | S14: N/a | T14: 惧刃 | U14: 穿喉5 | V14: 开山 | W14: 中程笛(蓄力) | X14: 沧海帖2层 | Y14: N/a | Z14: N/a | AA14: 断岳 | AB14: 烁鼓(拐) | AC14: N/a | AD14: 裁云(拐) | AE14: 无惧 | AF14: 铁衣 | AG14: N/a | AH14: N/a | AI14: N/a | AJ14: N/a | AK14: 离猎(拐) | AL14: =VLOOKUP($Q14,武学奇术!$A:$ZZ,25,FALSE) -> 陌刀 | AM14: =VLOOKUP($Q14,武学奇术!$A:$ZZ,26,FALSE) -> 7.5674 | AN14: =VLOOKUP($Q14,武学奇术!$A:$ZZ,27,FALSE)*(1+IF(OR($AL14=$F$4,$AL14=$F$5),$B$22,0)) -> 3139.5 | AO14: =VLOOKUP($Q14,武学奇术!$A:$ZZ,28,FALSE) -> 11.3512 | AP14: =VLOOKUP($Q14,武学奇术!$A:$ZZ,29,FALSE)*(1+IF(OR($AL14=$F$4,$AL14=$F$5),$B$22,0)) -> 1710 | AQ14: {=$G$3+IFERROR(VLOOKUP($AL14,$F$4:$G$7,2,FALSE),0)+VLOOKUP($Q14,武学奇术!$A:$ZZ,2,FALSE)+SUM(_xlfn.XLOOKUP($R14:$AK14,增益!$A:$A,增益!$B:$B,0))} -> 0.7041 | AR14: {=VLOOKUP($Q14,武学奇术!$A:$ZZ,5,FALSE)+SUM(_xlfn.XLOOKUP($R14:$AK14,增益!$A:$A,增益!$E:$E,0))} -> 0 | AS14: {=$D$10*(1+$AR14)+VLOOKUP($Q14,武学奇术!$A:$ZZ,3,FALSE)+SUM(_xlfn.XLOOKUP($R14:$AK14,增益!$A:$A,增益!$C:$C,0))-$I$2} -> 3648.7 | AT14: {=$E$10*(1+$AR14)+VLOOKUP($Q14,武学奇术!$A:$ZZ,4,FALSE)+SUM(_xlfn.XLOOKUP($R14:$AK14,增益!$A:$A,增益!$D:$D,0))-$I$2} -> 3648.7 | AU14: {=IF($F$10-$I$3+VLOOKUP($Q14,武学奇术!$A:$ZZ,6,FALSE)+SUM(_xlfn.XLOOKUP($R14:$AK14,增益!$A:$A,增益!$F:$F,0))>0,($F$10-$I$3+VLOOKUP($Q14,武学奇术!$A:$ZZ,6,FALSE)+SUM(_xlfn.XLOOKUP($R14:$AK14,增益!$A:$A,增益!$F:$F,0)))/200,($F$10-$I$3+VLOOKUP($Q14,武学奇术!$A:$ZZ,6,FALSE)+SUM(_xlfn.XLOOKUP($R14:$AK14,增益!$A:$A,增益!$F:$F,0)))/100)} -> 0.432 | AV14: {=$G$10+VLOOKUP($Q14,武学奇术!$A:$ZZ,7,FALSE)+SUM(_xlfn.XLOOKUP($R14:$AK14,增益!$A:$A,增益!$G:$G,0))} -> 0 | AW14: {=VLOOKUP($Q14,武学奇术!$A:$ZZ,8,FALSE)+SUM(_xlfn.XLOOKUP($R14:$AK14,增益!$A:$A,增益!$H:$H,0))} -> 0 | AX14: =$D$11*(1+$AW14) -> 0 | AY14: =$E$11*(1+$AW14) -> 0 | AZ14: {=IF($F$11-$I$4+VLOOKUP($Q14,武学奇术!$A:$ZZ,9,FALSE)+SUM(_xlfn.XLOOKUP($R14:$AK14,增益!$A:$A,增益!$I:$I,0))>0,($F$11-$I$4+VLOOKUP($Q14,武学奇术!$A:$ZZ,9,FALSE)+SUM(_xlfn.XLOOKUP($R14:$AK14,增益!$A:$A,增益!$I:$I,0)))/200,($F$11-$I$4+VLOOKUP($Q14,武学奇术!$A:$ZZ,9,FALSE)+SUM(_xlfn.XLOOKUP($R14:$AK14,增益!$A:$A,增益!$I:$I,0)))/100)} -> -0.14 | BA14: {=$G$11+VLOOKUP($Q14,武学奇术!$A:$ZZ,10,FALSE)+SUM(_xlfn.XLOOKUP($R14:$AK14,增益!$A:$A,增益!$J:$J,0))} -> 0 | BB14: =$D$12*(1+$AW14) -> 594.1 | BC14: =$E$12*(1+$AW14) -> 1604.9 | BD14: {=IF($F$12-$I$4+VLOOKUP($Q14,武学奇术!$A:$ZZ,11,FALSE)+SUM(_xlfn.XLOOKUP($R14:$AK14,增益!$A:$A,增益!$K:$K,0))>0,($F$12-$I$4+VLOOKUP($Q14,武学奇术!$A:$ZZ,11,FALSE)+SUM(_xlfn.XLOOKUP($R14:$AK14,增益!$A:$A,增益!$K:$K,0)))/200,($F$12-$I$4+VLOOKUP($Q14,武学奇术!$A:$ZZ,11,FALSE)+SUM(_xlfn.XLOOKUP($R14:$AK14,增益!$A:$A,增益!$K:$K,0)))/100)} -> 0.17 | BE14: {=$G$12+VLOOKUP($Q14,武学奇术!$A:$ZZ,12,FALSE)+SUM(_xlfn.XLOOKUP($R14:$AK14,增益!$A:$A,增益!$L:$L,0))} -> 0.15 | BF14: =$D$13*(1+$AW14) -> 0 | BG14: =$E$13*(1+$AW14) -> 0 | BH14: {=IF($F$13-$I$4+VLOOKUP($Q14,武学奇术!$A:$ZZ,13,FALSE)+SUM(_xlfn.XLOOKUP($R14:$AK14,增益!$A:$A,增益!$M:$M,0))>0,($F$13-$I$4+VLOOKUP($Q14,武学奇术!$A:$ZZ,13,FALSE)+SUM(_xlfn.XLOOKUP($R14:$AK14,增益!$A:$A,增益!$K:$K,0)))/200,($F$13-$I$4+VLOOKUP($Q14,武学奇术!$A:$ZZ,13,FALSE)+SUM(_xlfn.XLOOKUP($R14:$AK14,增益!$A:$A,增益!$M:$M,0)))/100)} -> -0.14 | BI14: {=$G$13+VLOOKUP($Q14,武学奇术!$A:$ZZ,14,FALSE)+SUM(_xlfn.XLOOKUP($R14:$AK14,增益!$A:$A,增益!$N:$N,0))} -> 0 | BJ14: =$D$14*(1+$AW14) -> 0 | BK14: =$E$14*(1+$AW14) -> 0 | BL14: {=IF($F$14-$I$4+VLOOKUP($Q14,武学奇术!$A:$ZZ,15,FALSE)+SUM(_xlfn.XLOOKUP($R14:$AK14,增益!$A:$A,增益!$O:$O,0))>0,($F$14-$I$4+VLOOKUP($Q14,武学奇术!$A:$ZZ,15,FALSE)+SUM(_xlfn.XLOOKUP($R14:$AK14,增益!$A:$A,增益!$O:$O,0)))/200,($F$14-$I$4+VLOOKUP($Q14,武学奇术!$A:$ZZ,15,FALSE)+SUM(_xlfn.XLOOKUP($R14:$AK14,增益!$A:$A,增益!$O:$O,0)))/100)} -> -0.14 | BM14: {=$G$14+VLOOKUP($Q14,武学奇术!$A:$ZZ,16,FALSE)+SUM(_xlfn.XLOOKUP($R14:$AK14,增益!$A:$A,增益!$P:$P,0))} -> 0 | BN14: =MIN(IF(VLOOKUP($Q14,武学奇术!$A:$ZZ,23,FALSE)=1,100%,$B$8),100%) -> 1 | BO14: {=IF(VLOOKUP($Q14,武学奇术!$A:$ZZ,23,FALSE)=1,100%,MIN(80%,$B$9+VLOOKUP($Q14,武学奇术!$A:$ZZ,17,FALSE)+SUM(_xlfn.XLOOKUP($R14:$AK14,增益!$A:$A,增益!$Q:$Q,0)))+$B$11+SUM(_xlfn.XLOOKUP($R14:$AK14,增益!$A:$A,增益!$U:$U,0)))*IF(VLOOKUP($Q14,武学奇术!$A:$ZZ,24,FALSE)=1,0,1)} -> 1 | BP14: {=1+$B$13+VLOOKUP($Q14,武学奇术!$A:$ZZ,18,FALSE)+SUM(_xlfn.XLOOKUP($R14:$AK14,增益!$A:$A,增益!$R:$R,0))} -> 2.02 | BQ14: {=IF(VLOOKUP($Q14,武学奇术!$A:$ZZ,24,FALSE)=1,100%,MIN(40%,$B$10+VLOOKUP($Q14,武学奇术!$A:$ZZ,19,FALSE)+SUM(_xlfn.XLOOKUP($R14:$AK14,增益!$A:$A,增益!$S:$S,0)))+$B$12+SUM(_xlfn.XLOOKUP($R14:$AK14,增益!$A:$A,增益!$V:$V,0)))*IF(VLOOKUP($Q14,武学奇术!$A:$ZZ,23,FALSE)=1,0,1)} -> 0 | BR14: {=1+$B$14+VLOOKUP($Q14,武学奇术!$A:$ZZ,20,FALSE)+SUM(_xlfn.XLOOKUP($R14:$AK14,增益!$A:$A,增益!$T:$T,0))} -> 1.35 | BS14: =MIN((1-BQ14)*BN14,BN14*BO14) -> 1 | BT14: =1-BQ14-BS14-BU14 -> 0 | BU14: =IF(VLOOKUP($Q14,武学奇术!$A:$ZZ,22,FALSE)=1,0,(1-$BN14))*(1-$BQ14) -> 0 | BV14: {=SUM(_xlfn.XLOOKUP($R14:$AK14,增益!$A:$A,增益!$W:$W,0))+$I$5} -> 0.11
A15: 全武增 | B15: 0.0852 | C15: 团队增益 | K15: =($L15*$BS15+$M15*$BQ15+$N15*$BT15+$O15*$BU15) -> 19291.554 | L15: =((($AS15+$AT15)/2*$AM15+$AN15)*(1+$AU15)*(1+$AV15)+(($AX15+$AY15)/2*IF($G$1="鸣金",$AO15,$AM15)+IF($G$1="鸣金",$AP15*1.5,0))*(1+$AZ15)*(1+$BA15)+(($BB15+$BC15)/2*IF($G$1="裂石",$AO15,$AM15)+IF($G$1="裂石",$AP15*1.5,0))*(1+$BD15)*(1+$BE15)+(($BF15+$BG15)/2*IF($G$1="牵丝",$AO15,$AM15)+IF($G$1="牵丝",$AP15*1.5,0))*(1+$BH15)*(1+$BI15)+(($BJ15+$BK15)/2*IF($G$1="破竹",$AO15,$AM15)+IF($G$1="破竹",$AP15*1.5,0))*(1+$BL15)*(1+$BM15))*(1+$AQ15)*$BP15*$P15*(1+IF(VLOOKUP($Q15,武学奇术!$A:$ZZ,30,FALSE)="蓄力技",$B$21,0))*(1+$BV15) -> 19291.554 | M15: =(($AT15*$AM15+$AN15)*(1+$AU15)*(1+$AV15)+($AY15*IF($G$1="鸣金",$AO15,$AM15)+IF($G$1="鸣金",$AP15*1.5,0))*(1+$AZ15)*(1+$BA15)+($BC15*IF($G$1="裂石",$AO15,$AM15)+IF($G$1="裂石",$AP15*1.5,0))*(1+$BD15)*(1+$BE15)+($BG15*IF($G$1="牵丝",$AO15,$AM15)+IF($G$1="牵丝",$AP15*1.5,0))*(1+$BH15)*(1+$BI15)+($BK15*IF($G$1="破竹",$AO15,$AM15)+IF($G$1="破竹",$AP15*1.5,0))*(1+$BL15)*(1+$BM15))*(1+$AQ15)*$BR15*$P15*(1+IF(VLOOKUP($Q15,武学奇术!$A:$ZZ,30,FALSE)="蓄力技",$B$21,0))*(1+$BV15) -> 14578.742 | N15: =((($AS15+$AT15)/2*$AM15+$AN15)*(1+$AU15)*(1+$AV15)+(($AX15+$AY15)/2*IF($G$1="鸣金",$AO15,$AM15)+IF($G$1="鸣金",$AP15*1.5,0))*(1+$AZ15)*(1+$BA15)+(($BB15+$BC15)/2*IF($G$1="裂石",$AO15,$AM15)+IF($G$1="裂石",$AP15*1.5,0))*(1+$BD15)*(1+$BE15)+(($BF15+$BG15)/2*IF($G$1="牵丝",$AO15,$AM15)+IF($G$1="牵丝",$AP15*1.5,0))*(1+$BH15)*(1+$BI15)+(($BJ15+$BK15)/2*IF($G$1="破竹",$AO15,$AM15)+IF($G$1="破竹",$AP15*1.5,0))*(1+$BL15)*(1+$BM15))*(1+$AQ15)*$P15*(1+IF(VLOOKUP($Q15,武学奇术!$A:$ZZ,30,FALSE)="蓄力技",$B$21,0))*(1+$BV15) -> 9503.2285 | O15: =((($AS15*$AM15+$AN15)*(1+$AU15)*(1+$AV15)+($AX15*IF($G$1="鸣金",$AO15,$AM15)+IF($G$1="鸣金",$AP15*1.5,0))*(1+$AZ15)*(1+$BA15)+($BB15*IF($G$1="裂石",$AO15,$AM15)+IF($G$1="裂石",$AP15*1.5,0))*(1+$BD15)*(1+$BE15)+($BF15*IF($G$1="牵丝",$AO15,$AM15)+IF($G$1="牵丝",$AP15*1.5,0))*(1+$BH15)*(1+$BI15)+($BJ15*IF($G$1="破竹",$AO15,$AM15)+IF($G$1="破竹",$AP15*1.5,0))*(1+$BL15)*(1+$BM15))*(1+$AQ15))*$P15*(1+IF(VLOOKUP($Q15,武学奇术!$A:$ZZ,30,FALSE)="蓄力技",$B$21,0))*(1+$BV15) -> 8207.3889 | P15: 1 | Q15: 陌刀安西军下劈 | R15: 易水歌4层 | S15: N/a | T15: 惧刃 | U15: 穿喉5 | V15: 开山 | W15: 中程笛(小人) | X15: 沧海帖3层 | Y15: N/a | Z15: N/a | AA15: 断岳 | AB15: 烁鼓(拐) | AC15: N/a | AD15: 裁云(拐) | AE15: 无惧 | AF15: 铁衣 | AG15: N/a | AH15: N/a | AI15: N/a | AJ15: N/a | AK15: 离猎(拐) | AL15: =VLOOKUP($Q15,武学奇术!$A:$ZZ,25,FALSE) -> 陌刀 | AM15: =VLOOKUP($Q15,武学奇术!$A:$ZZ,26,FALSE) -> 0.5 | AN15: =VLOOKUP($Q15,武学奇术!$A:$ZZ,27,FALSE)*(1+IF(OR($AL15=$F$4,$AL15=$F$5),$B$22,0)) -> 0 | AO15: =VLOOKUP($Q15,武学奇术!$A:$ZZ,28,FALSE) -> 0.75 | AP15: =VLOOKUP($Q15,武学奇术!$A:$ZZ,29,FALSE)*(1+IF(OR($AL15=$F$4,$AL15=$F$5),$B$22,0)) -> 0 | AQ15: {=$G$3+IFERROR(VLOOKUP($AL15,$F$4:$G$7,2,FALSE),0)+VLOOKUP($Q15,武学奇术!$A:$ZZ,2,FALSE)+SUM(_xlfn.XLOOKUP($R15:$AK15,增益!$A:$A,增益!$B:$B,0))} -> 0.7341 | AR15: {=VLOOKUP($Q15,武学奇术!$A:$ZZ,5,FALSE)+SUM(_xlfn.XLOOKUP($R15:$AK15,增益!$A:$A,增益!$E:$E,0))} -> 0 | AS15: {=$D$10*(1+$AR15)+VLOOKUP($Q15,武学奇术!$A:$ZZ,3,FALSE)+SUM(_xlfn.XLOOKUP($R15:$AK15,增益!$A:$A,增益!$C:$C,0))-$I$2} -> 3648.7 | AT15: {=$E$10*(1+$AR15)+VLOOKUP($Q15,武学奇术!$A:$ZZ,4,FALSE)+SUM(_xlfn.XLOOKUP($R15:$AK15,增益!$A:$A,增益!$D:$D,0))-$I$2} -> 3648.7 | AU15: {=IF($F$10-$I$3+VLOOKUP($Q15,武学奇术!$A:$ZZ,6,FALSE)+SUM(_xlfn.XLOOKUP($R15:$AK15,增益!$A:$A,增益!$F:$F,0))>0,($F$10-$I$3+VLOOKUP($Q15,武学奇术!$A:$ZZ,6,FALSE)+SUM(_xlfn.XLOOKUP($R15:$AK15,增益!$A:$A,增益!$F:$F,0)))/200,($F$10-$I$3+VLOOKUP($Q15,武学奇术!$A:$ZZ,6,FALSE)+SUM(_xlfn.XLOOKUP($R15:$AK15,增益!$A:$A,增益!$F:$F,0)))/100)} -> 0.442 | AV15: {=$G$10+VLOOKUP($Q15,武学奇术!$A:$ZZ,7,FALSE)+SUM(_xlfn.XLOOKUP($R15:$AK15,增益!$A:$A,增益!$G:$G,0))} -> 0 | AW15: {=VLOOKUP($Q15,武学奇术!$A:$ZZ,8,FALSE)+SUM(_xlfn.XLOOKUP($R15:$AK15,增益!$A:$A,增益!$H:$H,0))} -> 0 | AX15: =$D$11*(1+$AW15) -> 0 | AY15: =$E$11*(1+$AW15) -> 0 | AZ15: {=IF($F$11-$I$4+VLOOKUP($Q15,武学奇术!$A:$ZZ,9,FALSE)+SUM(_xlfn.XLOOKUP($R15:$AK15,增益!$A:$A,增益!$I:$I,0))>0,($F$11-$I$4+VLOOKUP($Q15,武学奇术!$A:$ZZ,9,FALSE)+SUM(_xlfn.XLOOKUP($R15:$AK15,增益!$A:$A,增益!$I:$I,0)))/200,($F$11-$I$4+VLOOKUP($Q15,武学奇术!$A:$ZZ,9,FALSE)+SUM(_xlfn.XLOOKUP($R15:$AK15,增益!$A:$A,增益!$I:$I,0)))/100)} -> -0.14 | BA15: {=$G$11+VLOOKUP($Q15,武学奇术!$A:$ZZ,10,FALSE)+SUM(_xlfn.XLOOKUP($R15:$AK15,增益!$A:$A,增益!$J:$J,0))} -> 0 | BB15: =$D$12*(1+$AW15) -> 594.1 | BC15: =$E$12*(1+$AW15) -> 1604.9 | BD15: {=IF($F$12-$I$4+VLOOKUP($Q15,武学奇术!$A:$ZZ,11,FALSE)+SUM(_xlfn.XLOOKUP($R15:$AK15,增益!$A:$A,增益!$K:$K,0))>0,($F$12-$I$4+VLOOKUP($Q15,武学奇术!$A:$ZZ,11,FALSE)+SUM(_xlfn.XLOOKUP($R15:$AK15,增益!$A:$A,增益!$K:$K,0)))/200,($F$12-$I$4+VLOOKUP($Q15,武学奇术!$A:$ZZ,11,FALSE)+SUM(_xlfn.XLOOKUP($R15:$AK15,增益!$A:$A,增益!$K:$K,0)))/100)} -> 0.17 | BE15: {=$G$12+VLOOKUP($Q15,武学奇术!$A:$ZZ,12,FALSE)+SUM(_xlfn.XLOOKUP($R15:$AK15,增益!$A:$A,增益!$L:$L,0))} -> 0.15 | BF15: =$D$13*(1+$AW15) -> 0 | BG15: =$E$13*(1+$AW15) -> 0 | BH15: {=IF($F$13-$I$4+VLOOKUP($Q15,武学奇术!$A:$ZZ,13,FALSE)+SUM(_xlfn.XLOOKUP($R15:$AK15,增益!$A:$A,增益!$M:$M,0))>0,($F$13-$I$4+VLOOKUP($Q15,武学奇术!$A:$ZZ,13,FALSE)+SUM(_xlfn.XLOOKUP($R15:$AK15,增益!$A:$A,增益!$K:$K,0)))/200,($F$13-$I$4+VLOOKUP($Q15,武学奇术!$A:$ZZ,13,FALSE)+SUM(_xlfn.XLOOKUP($R15:$AK15,增益!$A:$A,增益!$M:$M,0)))/100)} -> -0.14 | BI15: {=$G$13+VLOOKUP($Q15,武学奇术!$A:$ZZ,14,FALSE)+SUM(_xlfn.XLOOKUP($R15:$AK15,增益!$A:$A,增益!$N:$N,0))} -> 0 | BJ15: =$D$14*(1+$AW15) -> 0 | BK15: =$E$14*(1+$AW15) -> 0 | BL15: {=IF($F$14-$I$4+VLOOKUP($Q15,武学奇术!$A:$ZZ,15,FALSE)+SUM(_xlfn.XLOOKUP($R15:$AK15,增益!$A:$A,增益!$O:$O,0))>0,($F$14-$I$4+VLOOKUP($Q15,武学奇术!$A:$ZZ,15,FALSE)+SUM(_xlfn.XLOOKUP($R15:$AK15,增益!$A:$A,增益!$O:$O,0)))/200,($F$14-$I$4+VLOOKUP($Q15,武学奇术!$A:$ZZ,15,FALSE)+SUM(_xlfn.XLOOKUP($R15:$AK15,增益!$A:$A,增益!$O:$O,0)))/100)} -> -0.14 | BM15: {=$G$14+VLOOKUP($Q15,武学奇术!$A:$ZZ,16,FALSE)+SUM(_xlfn.XLOOKUP($R15:$AK15,增益!$A:$A,增益!$P:$P,0))} -> 0 | BN15: =MIN(IF(VLOOKUP($Q15,武学奇术!$A:$ZZ,23,FALSE)=1,100%,$B$8),100%) -> 1 | BO15: {=IF(VLOOKUP($Q15,武学奇术!$A:$ZZ,23,FALSE)=1,100%,MIN(80%,$B$9+VLOOKUP($Q15,武学奇术!$A:$ZZ,17,FALSE)+SUM(_xlfn.XLOOKUP($R15:$AK15,增益!$A:$A,增益!$Q:$Q,0)))+$B$11+SUM(_xlfn.XLOOKUP($R15:$AK15,增益!$A:$A,增益!$U:$U,0)))*IF(VLOOKUP($Q15,武学奇术!$A:$ZZ,24,FALSE)=1,0,1)} -> 1 | BP15: {=1+$B$13+VLOOKUP($Q15,武学奇术!$A:$ZZ,18,FALSE)+SUM(_xlfn.XLOOKUP($R15:$AK15,增益!$A:$A,增益!$R:$R,0))} -> 2.03 | BQ15: {=IF(VLOOKUP($Q15,武学奇术!$A:$ZZ,24,FALSE)=1,100%,MIN(40%,$B$10+VLOOKUP($Q15,武学奇术!$A:$ZZ,19,FALSE)+SUM(_xlfn.XLOOKUP($R15:$AK15,增益!$A:$A,增益!$S:$S,0)))+$B$12+SUM(_xlfn.XLOOKUP($R15:$AK15,增益!$A:$A,增益!$V:$V,0)))*IF(VLOOKUP($Q15,武学奇术!$A:$ZZ,23,FALSE)=1,0,1)} -> 0 | BR15: {=1+$B$14+VLOOKUP($Q15,武学奇术!$A:$ZZ,20,FALSE)+SUM(_xlfn.XLOOKUP($R15:$AK15,增益!$A:$A,增益!$T:$T,0))} -> 1.35 | BS15: =MIN((1-BQ15)*BN15,BN15*BO15) -> 1 | BT15: =1-BQ15-BS15-BU15 -> 0 | BU15: =IF(VLOOKUP($Q15,武学奇术!$A:$ZZ,22,FALSE)=1,0,(1-$BN15))*(1-$BQ15) -> 0 | BV15: {=SUM(_xlfn.XLOOKUP($R15:$AK15,增益!$A:$A,增益!$W:$W,0))+$I$5} -> 0.11
A16: 首领增 | B16: 0.0887 | C16: 威 | D16: √ | E16: 沧海帖 | F16: √ | H16: 毕业率 | I16: =I12/134565.31 -> 0.99999998 | K16: =($L16*$BS16+$M16*$BQ16+$N16*$BT16+$O16*$BU16) -> 34724.797 | L16: =((($AS16+$AT16)/2*$AM16+$AN16)*(1+$AU16)*(1+$AV16)+(($AX16+$AY16)/2*IF($G$1="鸣金",$AO16,$AM16)+IF($G$1="鸣金",$AP16*1.5,0))*(1+$AZ16)*(1+$BA16)+(($BB16+$BC16)/2*IF($G$1="裂石",$AO16,$AM16)+IF($G$1="裂石",$AP16*1.5,0))*(1+$BD16)*(1+$BE16)+(($BF16+$BG16)/2*IF($G$1="牵丝",$AO16,$AM16)+IF($G$1="牵丝",$AP16*1.5,0))*(1+$BH16)*(1+$BI16)+(($BJ16+$BK16)/2*IF($G$1="破竹",$AO16,$AM16)+IF($G$1="破竹",$AP16*1.5,0))*(1+$BL16)*(1+$BM16))*(1+$AQ16)*$BP16*$P16*(1+IF(VLOOKUP($Q16,武学奇术!$A:$ZZ,30,FALSE)="蓄力技",$B$21,0))*(1+$BV16) -> 34724.797 | M16: =(($AT16*$AM16+$AN16)*(1+$AU16)*(1+$AV16)+($AY16*IF($G$1="鸣金",$AO16,$AM16)+IF($G$1="鸣金",$AP16*1.5,0))*(1+$AZ16)*(1+$BA16)+($BC16*IF($G$1="裂石",$AO16,$AM16)+IF($G$1="裂石",$AP16*1.5,0))*(1+$BD16)*(1+$BE16)+($BG16*IF($G$1="牵丝",$AO16,$AM16)+IF($G$1="牵丝",$AP16*1.5,0))*(1+$BH16)*(1+$BI16)+($BK16*IF($G$1="破竹",$AO16,$AM16)+IF($G$1="破竹",$AP16*1.5,0))*(1+$BL16)*(1+$BM16))*(1+$AQ16)*$BR16*$P16*(1+IF(VLOOKUP($Q16,武学奇术!$A:$ZZ,30,FALSE)="蓄力技",$B$21,0))*(1+$BV16) -> 26241.736 | N16: =((($AS16+$AT16)/2*$AM16+$AN16)*(1+$AU16)*(1+$AV16)+(($AX16+$AY16)/2*IF($G$1="鸣金",$AO16,$AM16)+IF($G$1="鸣金",$AP16*1.5,0))*(1+$AZ16)*(1+$BA16)+(($BB16+$BC16)/2*IF($G$1="裂石",$AO16,$AM16)+IF($G$1="裂石",$AP16*1.5,0))*(1+$BD16)*(1+$BE16)+(($BF16+$BG16)/2*IF($G$1="牵丝",$AO16,$AM16)+IF($G$1="牵丝",$AP16*1.5,0))*(1+$BH16)*(1+$BI16)+(($BJ16+$BK16)/2*IF($G$1="破竹",$AO16,$AM16)+IF($G$1="破竹",$AP16*1.5,0))*(1+$BL16)*(1+$BM16))*(1+$AQ16)*$P16*(1+IF(VLOOKUP($Q16,武学奇术!$A:$ZZ,30,FALSE)="蓄力技",$B$21,0))*(1+$BV16) -> 17105.811 | O16: =((($AS16*$AM16+$AN16)*(1+$AU16)*(1+$AV16)+($AX16*IF($G$1="鸣金",$AO16,$AM16)+IF($G$1="鸣金",$AP16*1.5,0))*(1+$AZ16)*(1+$BA16)+($BB16*IF($G$1="裂石",$AO16,$AM16)+IF($G$1="裂石",$AP16*1.5,0))*(1+$BD16)*(1+$BE16)+($BF16*IF($G$1="牵丝",$AO16,$AM16)+IF($G$1="牵丝",$AP16*1.5,0))*(1+$BH16)*(1+$BI16)+($BJ16*IF($G$1="破竹",$AO16,$AM16)+IF($G$1="破竹",$AP16*1.5,0))*(1+$BL16)*(1+$BM16))*(1+$AQ16))*$P16*(1+IF(VLOOKUP($Q16,武学奇术!$A:$ZZ,30,FALSE)="蓄力技",$B$21,0))*(1+$BV16) -> 14773.3 | P16: 1 | Q16: 陌刀安西军跳劈 | R16: 易水歌4层 | S16: N/a | T16: 惧刃 | U16: 穿喉5 | V16: 开山 | W16: 中程笛(小人) | X16: 沧海帖3层 | Y16: N/a | Z16: N/a | AA16: 断岳 | AB16: 烁鼓(拐) | AC16: N/a | AD16: 裁云(拐) | AE16: 无惧 | AF16: 铁衣 | AG16: N/a | AH16: N/a | AI16: N/a | AJ16: N/a | AK16: 离猎(拐) | AL16: =VLOOKUP($Q16,武学奇术!$A:$ZZ,25,FALSE) -> 陌刀 | AM16: =VLOOKUP($Q16,武学奇术!$A:$ZZ,26,FALSE) -> 0.9 | AN16: =VLOOKUP($Q16,武学奇术!$A:$ZZ,27,FALSE)*(1+IF(OR($AL16=$F$4,$AL16=$F$5),$B$22,0)) -> 0 | AO16: =VLOOKUP($Q16,武学奇术!$A:$ZZ,28,FALSE) -> 1.35 | AP16: =VLOOKUP($Q16,武学奇术!$A:$ZZ,29,FALSE)*(1+IF(OR($AL16=$F$4,$AL16=$F$5),$B$22,0)) -> 0 | AQ16: {=$G$3+IFERROR(VLOOKUP($AL16,$F$4:$G$7,2,FALSE),0)+VLOOKUP($Q16,武学奇术!$A:$ZZ,2,FALSE)+SUM(_xlfn.XLOOKUP($R16:$AK16,增益!$A:$A,增益!$B:$B,0))} -> 0.7341 | AR16: {=VLOOKUP($Q16,武学奇术!$A:$ZZ,5,FALSE)+SUM(_xlfn.XLOOKUP($R16:$AK16,增益!$A:$A,增益!$E:$E,0))} -> 0 | AS16: {=$D$10*(1+$AR16)+VLOOKUP($Q16,武学奇术!$A:$ZZ,3,FALSE)+SUM(_xlfn.XLOOKUP($R16:$AK16,增益!$A:$A,增益!$C:$C,0))-$I$2} -> 3648.7 | AT16: {=$E$10*(1+$AR16)+VLOOKUP($Q16,武学奇术!$A:$ZZ,4,FALSE)+SUM(_xlfn.XLOOKUP($R16:$AK16,增益!$A:$A,增益!$D:$D,0))-$I$2} -> 3648.7 | AU16: {=IF($F$10-$I$3+VLOOKUP($Q16,武学奇术!$A:$ZZ,6,FALSE)+SUM(_xlfn.XLOOKUP($R16:$AK16,增益!$A:$A,增益!$F:$F,0))>0,($F$10-$I$3+VLOOKUP($Q16,武学奇术!$A:$ZZ,6,FALSE)+SUM(_xlfn.XLOOKUP($R16:$AK16,增益!$A:$A,增益!$F:$F,0)))/200,($F$10-$I$3+VLOOKUP($Q16,武学奇术!$A:$ZZ,6,FALSE)+SUM(_xlfn.XLOOKUP($R16:$AK16,增益!$A:$A,增益!$F:$F,0)))/100)} -> 0.442 | AV16: {=$G$10+VLOOKUP($Q16,武学奇术!$A:$ZZ,7,FALSE)+SUM(_xlfn.XLOOKUP($R16:$AK16,增益!$A:$A,增益!$G:$G,0))} -> 0 | AW16: {=VLOOKUP($Q16,武学奇术!$A:$ZZ,8,FALSE)+SUM(_xlfn.XLOOKUP($R16:$AK16,增益!$A:$A,增益!$H:$H,0))} -> 0 | AX16: =$D$11*(1+$AW16) -> 0 | AY16: =$E$11*(1+$AW16) -> 0 | AZ16: {=IF($F$11-$I$4+VLOOKUP($Q16,武学奇术!$A:$ZZ,9,FALSE)+SUM(_xlfn.XLOOKUP($R16:$AK16,增益!$A:$A,增益!$I:$I,0))>0,($F$11-$I$4+VLOOKUP($Q16,武学奇术!$A:$ZZ,9,FALSE)+SUM(_xlfn.XLOOKUP($R16:$AK16,增益!$A:$A,增益!$I:$I,0)))/200,($F$11-$I$4+VLOOKUP($Q16,武学奇术!$A:$ZZ,9,FALSE)+SUM(_xlfn.XLOOKUP($R16:$AK16,增益!$A:$A,增益!$I:$I,0)))/100)} -> -0.14 | BA16: {=$G$11+VLOOKUP($Q16,武学奇术!$A:$ZZ,10,FALSE)+SUM(_xlfn.XLOOKUP($R16:$AK16,增益!$A:$A,增益!$J:$J,0))} -> 0 | BB16: =$D$12*(1+$AW16) -> 594.1 | BC16: =$E$12*(1+$AW16) -> 1604.9 | BD16: {=IF($F$12-$I$4+VLOOKUP($Q16,武学奇术!$A:$ZZ,11,FALSE)+SUM(_xlfn.XLOOKUP($R16:$AK16,增益!$A:$A,增益!$K:$K,0))>0,($F$12-$I$4+VLOOKUP($Q16,武学奇术!$A:$ZZ,11,FALSE)+SUM(_xlfn.XLOOKUP($R16:$AK16,增益!$A:$A,增益!$K:$K,0)))/200,($F$12-$I$4+VLOOKUP($Q16,武学奇术!$A:$ZZ,11,FALSE)+SUM(_xlfn.XLOOKUP($R16:$AK16,增益!$A:$A,增益!$K:$K,0)))/100)} -> 0.17 | BE16: {=$G$12+VLOOKUP($Q16,武学奇术!$A:$ZZ,12,FALSE)+SUM(_xlfn.XLOOKUP($R16:$AK16,增益!$A:$A,增益!$L:$L,0))} -> 0.15 | BF16: =$D$13*(1+$AW16) -> 0 | BG16: =$E$13*(1+$AW16) -> 0 | BH16: {=IF($F$13-$I$4+VLOOKUP($Q16,武学奇术!$A:$ZZ,13,FALSE)+SUM(_xlfn.XLOOKUP($R16:$AK16,增益!$A:$A,增益!$M:$M,0))>0,($F$13-$I$4+VLOOKUP($Q16,武学奇术!$A:$ZZ,13,FALSE)+SUM(_xlfn.XLOOKUP($R16:$AK16,增益!$A:$A,增益!$K:$K,0)))/200,($F$13-$I$4+VLOOKUP($Q16,武学奇术!$A:$ZZ,13,FALSE)+SUM(_xlfn.XLOOKUP($R16:$AK16,增益!$A:$A,增益!$M:$M,0)))/100)} -> -0.14 | BI16: {=$G$13+VLOOKUP($Q16,武学奇术!$A:$ZZ,14,FALSE)+SUM(_xlfn.XLOOKUP($R16:$AK16,增益!$A:$A,增益!$N:$N,0))} -> 0 | BJ16: =$D$14*(1+$AW16) -> 0 | BK16: =$E$14*(1+$AW16) -> 0 | BL16: {=IF($F$14-$I$4+VLOOKUP($Q16,武学奇术!$A:$ZZ,15,FALSE)+SUM(_xlfn.XLOOKUP($R16:$AK16,增益!$A:$A,增益!$O:$O,0))>0,($F$14-$I$4+VLOOKUP($Q16,武学奇术!$A:$ZZ,15,FALSE)+SUM(_xlfn.XLOOKUP($R16:$AK16,增益!$A:$A,增益!$O:$O,0)))/200,($F$14-$I$4+VLOOKUP($Q16,武学奇术!$A:$ZZ,15,FALSE)+SUM(_xlfn.XLOOKUP($R16:$AK16,增益!$A:$A,增益!$O:$O,0)))/100)} -> -0.14 | BM16: {=$G$14+VLOOKUP($Q16,武学奇术!$A:$ZZ,16,FALSE)+SUM(_xlfn.XLOOKUP($R16:$AK16,增益!$A:$A,增益!$P:$P,0))} -> 0 | BN16: =MIN(IF(VLOOKUP($Q16,武学奇术!$A:$ZZ,23,FALSE)=1,100%,$B$8),100%) -> 1 | BO16: {=IF(VLOOKUP($Q16,武学奇术!$A:$ZZ,23,FALSE)=1,100%,MIN(80%,$B$9+VLOOKUP($Q16,武学奇术!$A:$ZZ,17,FALSE)+SUM(_xlfn.XLOOKUP($R16:$AK16,增益!$A:$A,增益!$Q:$Q,0)))+$B$11+SUM(_xlfn.XLOOKUP($R16:$AK16,增益!$A:$A,增益!$U:$U,0)))*IF(VLOOKUP($Q16,武学奇术!$A:$ZZ,24,FALSE)=1,0,1)} -> 1 | BP16: {=1+$B$13+VLOOKUP($Q16,武学奇术!$A:$ZZ,18,FALSE)+SUM(_xlfn.XLOOKUP($R16:$AK16,增益!$A:$A,增益!$R:$R,0))} -> 2.03 | BQ16: {=IF(VLOOKUP($Q16,武学奇术!$A:$ZZ,24,FALSE)=1,100%,MIN(40%,$B$10+VLOOKUP($Q16,武学奇术!$A:$ZZ,19,FALSE)+SUM(_xlfn.XLOOKUP($R16:$AK16,增益!$A:$A,增益!$S:$S,0)))+$B$12+SUM(_xlfn.XLOOKUP($R16:$AK16,增益!$A:$A,增益!$V:$V,0)))*IF(VLOOKUP($Q16,武学奇术!$A:$ZZ,23,FALSE)=1,0,1)} -> 0 | BR16: {=1+$B$14+VLOOKUP($Q16,武学奇术!$A:$ZZ,20,FALSE)+SUM(_xlfn.XLOOKUP($R16:$AK16,增益!$A:$A,增益!$T:$T,0))} -> 1.35 | BS16: =MIN((1-BQ16)*BN16,BN16*BO16) -> 1 | BT16: =1-BQ16-BS16-BU16 -> 0 | BU16: =IF(VLOOKUP($Q16,武学奇术!$A:$ZZ,22,FALSE)=1,0,(1-$BN16))*(1-$BQ16) -> 0 | BV16: {=SUM(_xlfn.XLOOKUP($R16:$AK16,增益!$A:$A,增益!$W:$W,0))+$I$5} -> 0.11
A17: 陌刀增 | B17: 0.0852 | C17: 尘 | D17: √ | E17: 所恨年年 | F17: √ | K17: =($L17*$BS17+$M17*$BQ17+$N17*$BT17+$O17*$BU17) -> 329283.58 | L17: =((($AS17+$AT17)/2*$AM17+$AN17)*(1+$AU17)*(1+$AV17)+(($AX17+$AY17)/2*IF($G$1="鸣金",$AO17,$AM17)+IF($G$1="鸣金",$AP17*1.5,0))*(1+$AZ17)*(1+$BA17)+(($BB17+$BC17)/2*IF($G$1="裂石",$AO17,$AM17)+IF($G$1="裂石",$AP17*1.5,0))*(1+$BD17)*(1+$BE17)+(($BF17+$BG17)/2*IF($G$1="牵丝",$AO17,$AM17)+IF($G$1="牵丝",$AP17*1.5,0))*(1+$BH17)*(1+$BI17)+(($BJ17+$BK17)/2*IF($G$1="破竹",$AO17,$AM17)+IF($G$1="破竹",$AP17*1.5,0))*(1+$BL17)*(1+$BM17))*(1+$AQ17)*$BP17*$P17*(1+IF(VLOOKUP($Q17,武学奇术!$A:$ZZ,30,FALSE)="蓄力技",$B$21,0))*(1+$BV17) -> 329283.58 | M17: =(($AT17*$AM17+$AN17)*(1+$AU17)*(1+$AV17)+($AY17*IF($G$1="鸣金",$AO17,$AM17)+IF($G$1="鸣金",$AP17*1.5,0))*(1+$AZ17)*(1+$BA17)+($BC17*IF($G$1="裂石",$AO17,$AM17)+IF($G$1="裂石",$AP17*1.5,0))*(1+$BD17)*(1+$BE17)+($BG17*IF($G$1="牵丝",$AO17,$AM17)+IF($G$1="牵丝",$AP17*1.5,0))*(1+$BH17)*(1+$BI17)+($BK17*IF($G$1="破竹",$AO17,$AM17)+IF($G$1="破竹",$AP17*1.5,0))*(1+$BL17)*(1+$BM17))*(1+$AQ17)*$BR17*$P17*(1+IF(VLOOKUP($Q17,武学奇术!$A:$ZZ,30,FALSE)="蓄力技",$B$21,0))*(1+$BV17) -> 245153.13 | N17: =((($AS17+$AT17)/2*$AM17+$AN17)*(1+$AU17)*(1+$AV17)+(($AX17+$AY17)/2*IF($G$1="鸣金",$AO17,$AM17)+IF($G$1="鸣金",$AP17*1.5,0))*(1+$AZ17)*(1+$BA17)+(($BB17+$BC17)/2*IF($G$1="裂石",$AO17,$AM17)+IF($G$1="裂石",$AP17*1.5,0))*(1+$BD17)*(1+$BE17)+(($BF17+$BG17)/2*IF($G$1="牵丝",$AO17,$AM17)+IF($G$1="牵丝",$AP17*1.5,0))*(1+$BH17)*(1+$BI17)+(($BJ17+$BK17)/2*IF($G$1="破竹",$AO17,$AM17)+IF($G$1="破竹",$AP17*1.5,0))*(1+$BL17)*(1+$BM17))*(1+$AQ17)*$P17*(1+IF(VLOOKUP($Q17,武学奇术!$A:$ZZ,30,FALSE)="蓄力技",$B$21,0))*(1+$BV17) -> 162208.66 | O17: =((($AS17*$AM17+$AN17)*(1+$AU17)*(1+$AV17)+($AX17*IF($G$1="鸣金",$AO17,$AM17)+IF($G$1="鸣金",$AP17*1.5,0))*(1+$AZ17)*(1+$BA17)+($BB17*IF($G$1="裂石",$AO17,$AM17)+IF($G$1="裂石",$AP17*1.5,0))*(1+$BD17)*(1+$BE17)+($BF17*IF($G$1="牵丝",$AO17,$AM17)+IF($G$1="牵丝",$AP17*1.5,0))*(1+$BH17)*(1+$BI17)+($BJ17*IF($G$1="破竹",$AO17,$AM17)+IF($G$1="破竹",$AP17*1.5,0))*(1+$BL17)*(1+$BM17))*(1+$AQ17))*$P17*(1+IF(VLOOKUP($Q17,武学奇术!$A:$ZZ,30,FALSE)="蓄力技",$B$21,0))*(1+$BV17) -> 142822.41 | P17: 1 | Q17: 加速陌刀三蓄 | R17: 易水歌4层 | S17: N/a | T17: 惧刃 | U17: 穿喉5 | V17: 开山 | W17: 中程笛(蓄力) | X17: 沧海帖3层 | Y17: N/a | Z17: N/a | AA17: 断岳 | AB17: 烁鼓(拐) | AC17: N/a | AD17: 裁云(拐) | AE17: 无惧 | AF17: 铁衣 | AG17: N/a | AH17: N/a | AI17: N/a | AJ17: N/a | AK17: 离猎(拐) | AL17: =VLOOKUP($Q17,武学奇术!$A:$ZZ,25,FALSE) -> 陌刀 | AM17: =VLOOKUP($Q17,武学奇术!$A:$ZZ,26,FALSE) -> 7.5674 | AN17: =VLOOKUP($Q17,武学奇术!$A:$ZZ,27,FALSE)*(1+IF(OR($AL17=$F$4,$AL17=$F$5),$B$22,0)) -> 3139.5 | AO17: =VLOOKUP($Q17,武学奇术!$A:$ZZ,28,FALSE) -> 11.3512 | AP17: =VLOOKUP($Q17,武学奇术!$A:$ZZ,29,FALSE)*(1+IF(OR($AL17=$F$4,$AL17=$F$5),$B$22,0)) -> 1710 | AQ17: {=$G$3+IFERROR(VLOOKUP($AL17,$F$4:$G$7,2,FALSE),0)+VLOOKUP($Q17,武学奇术!$A:$ZZ,2,FALSE)+SUM(_xlfn.XLOOKUP($R17:$AK17,增益!$A:$A,增益!$B:$B,0))} -> 0.7141 | AR17: {=VLOOKUP($Q17,武学奇术!$A:$ZZ,5,FALSE)+SUM(_xlfn.XLOOKUP($R17:$AK17,增益!$A:$A,增益!$E:$E,0))} -> 0 | AS17: {=$D$10*(1+$AR17)+VLOOKUP($Q17,武学奇术!$A:$ZZ,3,FALSE)+SUM(_xlfn.XLOOKUP($R17:$AK17,增益!$A:$A,增益!$C:$C,0))-$I$2} -> 3648.7 | AT17: {=$E$10*(1+$AR17)+VLOOKUP($Q17,武学奇术!$A:$ZZ,4,FALSE)+SUM(_xlfn.XLOOKUP($R17:$AK17,增益!$A:$A,增益!$D:$D,0))-$I$2} -> 3648.7 | AU17: {=IF($F$10-$I$3+VLOOKUP($Q17,武学奇术!$A:$ZZ,6,FALSE)+SUM(_xlfn.XLOOKUP($R17:$AK17,增益!$A:$A,增益!$F:$F,0))>0,($F$10-$I$3+VLOOKUP($Q17,武学奇术!$A:$ZZ,6,FALSE)+SUM(_xlfn.XLOOKUP($R17:$AK17,增益!$A:$A,增益!$F:$F,0)))/200,($F$10-$I$3+VLOOKUP($Q17,武学奇术!$A:$ZZ,6,FALSE)+SUM(_xlfn.XLOOKUP($R17:$AK17,增益!$A:$A,增益!$F:$F,0)))/100)} -> 0.442 | AV17: {=$G$10+VLOOKUP($Q17,武学奇术!$A:$ZZ,7,FALSE)+SUM(_xlfn.XLOOKUP($R17:$AK17,增益!$A:$A,增益!$G:$G,0))} -> 0 | AW17: {=VLOOKUP($Q17,武学奇术!$A:$ZZ,8,FALSE)+SUM(_xlfn.XLOOKUP($R17:$AK17,增益!$A:$A,增益!$H:$H,0))} -> 0 | AX17: =$D$11*(1+$AW17) -> 0 | AY17: =$E$11*(1+$AW17) -> 0 | AZ17: {=IF($F$11-$I$4+VLOOKUP($Q17,武学奇术!$A:$ZZ,9,FALSE)+SUM(_xlfn.XLOOKUP($R17:$AK17,增益!$A:$A,增益!$I:$I,0))>0,($F$11-$I$4+VLOOKUP($Q17,武学奇术!$A:$ZZ,9,FALSE)+SUM(_xlfn.XLOOKUP($R17:$AK17,增益!$A:$A,增益!$I:$I,0)))/200,($F$11-$I$4+VLOOKUP($Q17,武学奇术!$A:$ZZ,9,FALSE)+SUM(_xlfn.XLOOKUP($R17:$AK17,增益!$A:$A,增益!$I:$I,0)))/100)} -> -0.14 | BA17: {=$G$11+VLOOKUP($Q17,武学奇术!$A:$ZZ,10,FALSE)+SUM(_xlfn.XLOOKUP($R17:$AK17,增益!$A:$A,增益!$J:$J,0))} -> 0 | BB17: =$D$12*(1+$AW17) -> 594.1 | BC17: =$E$12*(1+$AW17) -> 1604.9 | BD17: {=IF($F$12-$I$4+VLOOKUP($Q17,武学奇术!$A:$ZZ,11,FALSE)+SUM(_xlfn.XLOOKUP($R17:$AK17,增益!$A:$A,增益!$K:$K,0))>0,($F$12-$I$4+VLOOKUP($Q17,武学奇术!$A:$ZZ,11,FALSE)+SUM(_xlfn.XLOOKUP($R17:$AK17,增益!$A:$A,增益!$K:$K,0)))/200,($F$12-$I$4+VLOOKUP($Q17,武学奇术!$A:$ZZ,11,FALSE)+SUM(_xlfn.XLOOKUP($R17:$AK17,增益!$A:$A,增益!$K:$K,0)))/100)} -> 0.17 | BE17: {=$G$12+VLOOKUP($Q17,武学奇术!$A:$ZZ,12,FALSE)+SUM(_xlfn.XLOOKUP($R17:$AK17,增益!$A:$A,增益!$L:$L,0))} -> 0.15 | BF17: =$D$13*(1+$AW17) -> 0 | BG17: =$E$13*(1+$AW17) -> 0 | BH17: {=IF($F$13-$I$4+VLOOKUP($Q17,武学奇术!$A:$ZZ,13,FALSE)+SUM(_xlfn.XLOOKUP($R17:$AK17,增益!$A:$A,增益!$M:$M,0))>0,($F$13-$I$4+VLOOKUP($Q17,武学奇术!$A:$ZZ,13,FALSE)+SUM(_xlfn.XLOOKUP($R17:$AK17,增益!$A:$A,增益!$K:$K,0)))/200,($F$13-$I$4+VLOOKUP($Q17,武学奇术!$A:$ZZ,13,FALSE)+SUM(_xlfn.XLOOKUP($R17:$AK17,增益!$A:$A,增益!$M:$M,0)))/100)} -> -0.14 | BI17: {=$G$13+VLOOKUP($Q17,武学奇术!$A:$ZZ,14,FALSE)+SUM(_xlfn.XLOOKUP($R17:$AK17,增益!$A:$A,增益!$N:$N,0))} -> 0 | BJ17: =$D$14*(1+$AW17) -> 0 | BK17: =$E$14*(1+$AW17) -> 0 | BL17: {=IF($F$14-$I$4+VLOOKUP($Q17,武学奇术!$A:$ZZ,15,FALSE)+SUM(_xlfn.XLOOKUP($R17:$AK17,增益!$A:$A,增益!$O:$O,0))>0,($F$14-$I$4+VLOOKUP($Q17,武学奇术!$A:$ZZ,15,FALSE)+SUM(_xlfn.XLOOKUP($R17:$AK17,增益!$A:$A,增益!$O:$O,0)))/200,($F$14-$I$4+VLOOKUP($Q17,武学奇术!$A:$ZZ,15,FALSE)+SUM(_xlfn.XLOOKUP($R17:$AK17,增益!$A:$A,增益!$O:$O,0)))/100)} -> -0.14 | BM17: {=$G$14+VLOOKUP($Q17,武学奇术!$A:$ZZ,16,FALSE)+SUM(_xlfn.XLOOKUP($R17:$AK17,增益!$A:$A,增益!$P:$P,0))} -> 0 | BN17: =MIN(IF(VLOOKUP($Q17,武学奇术!$A:$ZZ,23,FALSE)=1,100%,$B$8),100%) -> 1 | BO17: {=IF(VLOOKUP($Q17,武学奇术!$A:$ZZ,23,FALSE)=1,100%,MIN(80%,$B$9+VLOOKUP($Q17,武学奇术!$A:$ZZ,17,FALSE)+SUM(_xlfn.XLOOKUP($R17:$AK17,增益!$A:$A,增益!$Q:$Q,0)))+$B$11+SUM(_xlfn.XLOOKUP($R17:$AK17,增益!$A:$A,增益!$U:$U,0)))*IF(VLOOKUP($Q17,武学奇术!$A:$ZZ,24,FALSE)=1,0,1)} -> 1 | BP17: {=1+$B$13+VLOOKUP($Q17,武学奇术!$A:$ZZ,18,FALSE)+SUM(_xlfn.XLOOKUP($R17:$AK17,增益!$A:$A,增益!$R:$R,0))} -> 2.03 | BQ17: {=IF(VLOOKUP($Q17,武学奇术!$A:$ZZ,24,FALSE)=1,100%,MIN(40%,$B$10+VLOOKUP($Q17,武学奇术!$A:$ZZ,19,FALSE)+SUM(_xlfn.XLOOKUP($R17:$AK17,增益!$A:$A,增益!$S:$S,0)))+$B$12+SUM(_xlfn.XLOOKUP($R17:$AK17,增益!$A:$A,增益!$V:$V,0)))*IF(VLOOKUP($Q17,武学奇术!$A:$ZZ,23,FALSE)=1,0,1)} -> 0 | BR17: {=1+$B$14+VLOOKUP($Q17,武学奇术!$A:$ZZ,20,FALSE)+SUM(_xlfn.XLOOKUP($R17:$AK17,增益!$A:$A,增益!$T:$T,0))} -> 1.35 | BS17: =MIN((1-BQ17)*BN17,BN17*BO17) -> 1 | BT17: =1-BQ17-BS17-BU17 -> 0 | BU17: =IF(VLOOKUP($Q17,武学奇术!$A:$ZZ,22,FALSE)=1,0,(1-$BN17))*(1-$BQ17) -> 0 | BV17: {=SUM(_xlfn.XLOOKUP($R17:$AK17,增益!$A:$A,增益!$W:$W,0))+$I$5} -> 0.11
A18: 横刀增 | B18: 0 | C18: 虹 | D18: √ | E18: 生效会心 | F18: =MIN(1,$B$8)*($B$9+$B$11) -> 0.87863408 | H18: 机制时间 | I18: 50 | K18: =($L18*$BS18+$M18*$BQ18+$N18*$BT18+$O18*$BU18) -> 19593.488 | L18: =((($AS18+$AT18)/2*$AM18+$AN18)*(1+$AU18)*(1+$AV18)+(($AX18+$AY18)/2*IF($G$1="鸣金",$AO18,$AM18)+IF($G$1="鸣金",$AP18*1.5,0))*(1+$AZ18)*(1+$BA18)+(($BB18+$BC18)/2*IF($G$1="裂石",$AO18,$AM18)+IF($G$1="裂石",$AP18*1.5,0))*(1+$BD18)*(1+$BE18)+(($BF18+$BG18)/2*IF($G$1="牵丝",$AO18,$AM18)+IF($G$1="牵丝",$AP18*1.5,0))*(1+$BH18)*(1+$BI18)+(($BJ18+$BK18)/2*IF($G$1="破竹",$AO18,$AM18)+IF($G$1="破竹",$AP18*1.5,0))*(1+$BL18)*(1+$BM18))*(1+$AQ18)*$BP18*$P18*(1+IF(VLOOKUP($Q18,武学奇术!$A:$ZZ,30,FALSE)="蓄力技",$B$21,0))*(1+$BV18) -> 19593.488 | M18: =(($AT18*$AM18+$AN18)*(1+$AU18)*(1+$AV18)+($AY18*IF($G$1="鸣金",$AO18,$AM18)+IF($G$1="鸣金",$AP18*1.5,0))*(1+$AZ18)*(1+$BA18)+($BC18*IF($G$1="裂石",$AO18,$AM18)+IF($G$1="裂石",$AP18*1.5,0))*(1+$BD18)*(1+$BE18)+($BG18*IF($G$1="牵丝",$AO18,$AM18)+IF($G$1="牵丝",$AP18*1.5,0))*(1+$BH18)*(1+$BI18)+($BK18*IF($G$1="破竹",$AO18,$AM18)+IF($G$1="破竹",$AP18*1.5,0))*(1+$BL18)*(1+$BM18))*(1+$AQ18)*$BR18*$P18*(1+IF(VLOOKUP($Q18,武学奇术!$A:$ZZ,30,FALSE)="蓄力技",$B$21,0))*(1+$BV18) -> 14725.751 | N18: =((($AS18+$AT18)/2*$AM18+$AN18)*(1+$AU18)*(1+$AV18)+(($AX18+$AY18)/2*IF($G$1="鸣金",$AO18,$AM18)+IF($G$1="鸣金",$AP18*1.5,0))*(1+$AZ18)*(1+$BA18)+(($BB18+$BC18)/2*IF($G$1="裂石",$AO18,$AM18)+IF($G$1="裂石",$AP18*1.5,0))*(1+$BD18)*(1+$BE18)+(($BF18+$BG18)/2*IF($G$1="牵丝",$AO18,$AM18)+IF($G$1="牵丝",$AP18*1.5,0))*(1+$BH18)*(1+$BI18)+(($BJ18+$BK18)/2*IF($G$1="破竹",$AO18,$AM18)+IF($G$1="破竹",$AP18*1.5,0))*(1+$BL18)*(1+$BM18))*(1+$AQ18)*$P18*(1+IF(VLOOKUP($Q18,武学奇术!$A:$ZZ,30,FALSE)="蓄力技",$B$21,0))*(1+$BV18) -> 9604.6511 | O18: =((($AS18*$AM18+$AN18)*(1+$AU18)*(1+$AV18)+($AX18*IF($G$1="鸣金",$AO18,$AM18)+IF($G$1="鸣金",$AP18*1.5,0))*(1+$AZ18)*(1+$BA18)+($BB18*IF($G$1="裂石",$AO18,$AM18)+IF($G$1="裂石",$AP18*1.5,0))*(1+$BD18)*(1+$BE18)+($BF18*IF($G$1="牵丝",$AO18,$AM18)+IF($G$1="牵丝",$AP18*1.5,0))*(1+$BH18)*(1+$BI18)+($BJ18*IF($G$1="破竹",$AO18,$AM18)+IF($G$1="破竹",$AP18*1.5,0))*(1+$BL18)*(1+$BM18))*(1+$AQ18))*$P18*(1+IF(VLOOKUP($Q18,武学奇术!$A:$ZZ,30,FALSE)="蓄力技",$B$21,0))*(1+$BV18) -> 8301.3388 | P18: 1 | Q18: 陌刀安西军下劈 | R18: 易水歌5层 | S18: N/a | T18: 惧刃 | U18: 穿喉5 | V18: 开山 | W18: 中程笛(小人) | X18: 沧海帖4层 | Y18: N/a | Z18: N/a | AA18: 断岳 | AB18: 烁鼓(拐) | AC18: N/a | AD18: 裁云(拐) | AE18: 无惧 | AF18: 铁衣 | AG18: N/a | AH18: N/a | AI18: N/a | AJ18: N/a | AK18: 离猎(拐) | AL18: =VLOOKUP($Q18,武学奇术!$A:$ZZ,25,FALSE) -> 陌刀 | AM18: =VLOOKUP($Q18,武学奇术!$A:$ZZ,26,FALSE) -> 0.5 | AN18: =VLOOKUP($Q18,武学奇术!$A:$ZZ,27,FALSE)*(1+IF(OR($AL18=$F$4,$AL18=$F$5),$B$22,0)) -> 0 | AO18: =VLOOKUP($Q18,武学奇术!$A:$ZZ,28,FALSE) -> 0.75 | AP18: =VLOOKUP($Q18,武学奇术!$A:$ZZ,29,FALSE)*(1+IF(OR($AL18=$F$4,$AL18=$F$5),$B$22,0)) -> 0 | AQ18: {=$G$3+IFERROR(VLOOKUP($AL18,$F$4:$G$7,2,FALSE),0)+VLOOKUP($Q18,武学奇术!$A:$ZZ,2,FALSE)+SUM(_xlfn.XLOOKUP($R18:$AK18,增益!$A:$A,增益!$B:$B,0))} -> 0.7441 | AR18: {=VLOOKUP($Q18,武学奇术!$A:$ZZ,5,FALSE)+SUM(_xlfn.XLOOKUP($R18:$AK18,增益!$A:$A,增益!$E:$E,0))} -> 0 | AS18: {=$D$10*(1+$AR18)+VLOOKUP($Q18,武学奇术!$A:$ZZ,3,FALSE)+SUM(_xlfn.XLOOKUP($R18:$AK18,增益!$A:$A,增益!$C:$C,0))-$I$2} -> 3648.7 | AT18: {=$E$10*(1+$AR18)+VLOOKUP($Q18,武学奇术!$A:$ZZ,4,FALSE)+SUM(_xlfn.XLOOKUP($R18:$AK18,增益!$A:$A,增益!$D:$D,0))-$I$2} -> 3648.7 | AU18: {=IF($F$10-$I$3+VLOOKUP($Q18,武学奇术!$A:$ZZ,6,FALSE)+SUM(_xlfn.XLOOKUP($R18:$AK18,增益!$A:$A,增益!$F:$F,0))>0,($F$10-$I$3+VLOOKUP($Q18,武学奇术!$A:$ZZ,6,FALSE)+SUM(_xlfn.XLOOKUP($R18:$AK18,增益!$A:$A,增益!$F:$F,0)))/200,($F$10-$I$3+VLOOKUP($Q18,武学奇术!$A:$ZZ,6,FALSE)+SUM(_xlfn.XLOOKUP($R18:$AK18,增益!$A:$A,增益!$F:$F,0)))/100)} -> 0.452 | AV18: {=$G$10+VLOOKUP($Q18,武学奇术!$A:$ZZ,7,FALSE)+SUM(_xlfn.XLOOKUP($R18:$AK18,增益!$A:$A,增益!$G:$G,0))} -> 0 | AW18: {=VLOOKUP($Q18,武学奇术!$A:$ZZ,8,FALSE)+SUM(_xlfn.XLOOKUP($R18:$AK18,增益!$A:$A,增益!$H:$H,0))} -> 0 | AX18: =$D$11*(1+$AW18) -> 0 | AY18: =$E$11*(1+$AW18) -> 0 | AZ18: {=IF($F$11-$I$4+VLOOKUP($Q18,武学奇术!$A:$ZZ,9,FALSE)+SUM(_xlfn.XLOOKUP($R18:$AK18,增益!$A:$A,增益!$I:$I,0))>0,($F$11-$I$4+VLOOKUP($Q18,武学奇术!$A:$ZZ,9,FALSE)+SUM(_xlfn.XLOOKUP($R18:$AK18,增益!$A:$A,增益!$I:$I,0)))/200,($F$11-$I$4+VLOOKUP($Q18,武学奇术!$A:$ZZ,9,FALSE)+SUM(_xlfn.XLOOKUP($R18:$AK18,增益!$A:$A,增益!$I:$I,0)))/100)} -> -0.14 | BA18: {=$G$11+VLOOKUP($Q18,武学奇术!$A:$ZZ,10,FALSE)+SUM(_xlfn.XLOOKUP($R18:$AK18,增益!$A:$A,增益!$J:$J,0))} -> 0 | BB18: =$D$12*(1+$AW18) -> 594.1 | BC18: =$E$12*(1+$AW18) -> 1604.9 | BD18: {=IF($F$12-$I$4+VLOOKUP($Q18,武学奇术!$A:$ZZ,11,FALSE)+SUM(_xlfn.XLOOKUP($R18:$AK18,增益!$A:$A,增益!$K:$K,0))>0,($F$12-$I$4+VLOOKUP($Q18,武学奇术!$A:$ZZ,11,FALSE)+SUM(_xlfn.XLOOKUP($R18:$AK18,增益!$A:$A,增益!$K:$K,0)))/200,($F$12-$I$4+VLOOKUP($Q18,武学奇术!$A:$ZZ,11,FALSE)+SUM(_xlfn.XLOOKUP($R18:$AK18,增益!$A:$A,增益!$K:$K,0)))/100)} -> 0.17 | BE18: {=$G$12+VLOOKUP($Q18,武学奇术!$A:$ZZ,12,FALSE)+SUM(_xlfn.XLOOKUP($R18:$AK18,增益!$A:$A,增益!$L:$L,0))} -> 0.15 | BF18: =$D$13*(1+$AW18) -> 0 | BG18: =$E$13*(1+$AW18) -> 0 | BH18: {=IF($F$13-$I$4+VLOOKUP($Q18,武学奇术!$A:$ZZ,13,FALSE)+SUM(_xlfn.XLOOKUP($R18:$AK18,增益!$A:$A,增益!$M:$M,0))>0,($F$13-$I$4+VLOOKUP($Q18,武学奇术!$A:$ZZ,13,FALSE)+SUM(_xlfn.XLOOKUP($R18:$AK18,增益!$A:$A,增益!$K:$K,0)))/200,($F$13-$I$4+VLOOKUP($Q18,武学奇术!$A:$ZZ,13,FALSE)+SUM(_xlfn.XLOOKUP($R18:$AK18,增益!$A:$A,增益!$M:$M,0)))/100)} -> -0.14 | BI18: {=$G$13+VLOOKUP($Q18,武学奇术!$A:$ZZ,14,FALSE)+SUM(_xlfn.XLOOKUP($R18:$AK18,增益!$A:$A,增益!$N:$N,0))} -> 0 | BJ18: =$D$14*(1+$AW18) -> 0 | BK18: =$E$14*(1+$AW18) -> 0 | BL18: {=IF($F$14-$I$4+VLOOKUP($Q18,武学奇术!$A:$ZZ,15,FALSE)+SUM(_xlfn.XLOOKUP($R18:$AK18,增益!$A:$A,增益!$O:$O,0))>0,($F$14-$I$4+VLOOKUP($Q18,武学奇术!$A:$ZZ,15,FALSE)+SUM(_xlfn.XLOOKUP($R18:$AK18,增益!$A:$A,增益!$O:$O,0)))/200,($F$14-$I$4+VLOOKUP($Q18,武学奇术!$A:$ZZ,15,FALSE)+SUM(_xlfn.XLOOKUP($R18:$AK18,增益!$A:$A,增益!$O:$O,0)))/100)} -> -0.14 | BM18: {=$G$14+VLOOKUP($Q18,武学奇术!$A:$ZZ,16,FALSE)+SUM(_xlfn.XLOOKUP($R18:$AK18,增益!$A:$A,增益!$P:$P,0))} -> 0 | BN18: =MIN(IF(VLOOKUP($Q18,武学奇术!$A:$ZZ,23,FALSE)=1,100%,$B$8),100%) -> 1 | BO18: {=IF(VLOOKUP($Q18,武学奇术!$A:$ZZ,23,FALSE)=1,100%,MIN(80%,$B$9+VLOOKUP($Q18,武学奇术!$A:$ZZ,17,FALSE)+SUM(_xlfn.XLOOKUP($R18:$AK18,增益!$A:$A,增益!$Q:$Q,0)))+$B$11+SUM(_xlfn.XLOOKUP($R18:$AK18,增益!$A:$A,增益!$U:$U,0)))*IF(VLOOKUP($Q18,武学奇术!$A:$ZZ,24,FALSE)=1,0,1)} -> 1 | BP18: {=1+$B$13+VLOOKUP($Q18,武学奇术!$A:$ZZ,18,FALSE)+SUM(_xlfn.XLOOKUP($R18:$AK18,增益!$A:$A,增益!$R:$R,0))} -> 2.04 | BQ18: {=IF(VLOOKUP($Q18,武学奇术!$A:$ZZ,24,FALSE)=1,100%,MIN(40%,$B$10+VLOOKUP($Q18,武学奇术!$A:$ZZ,19,FALSE)+SUM(_xlfn.XLOOKUP($R18:$AK18,增益!$A:$A,增益!$S:$S,0)))+$B$12+SUM(_xlfn.XLOOKUP($R18:$AK18,增益!$A:$A,增益!$V:$V,0)))*IF(VLOOKUP($Q18,武学奇术!$A:$ZZ,23,FALSE)=1,0,1)} -> 0 | BR18: {=1+$B$14+VLOOKUP($Q18,武学奇术!$A:$ZZ,20,FALSE)+SUM(_xlfn.XLOOKUP($R18:$AK18,增益!$A:$A,增益!$T:$T,0))} -> 1.35 | BS18: =MIN((1-BQ18)*BN18,BN18*BO18) -> 1 | BT18: =1-BQ18-BS18-BU18 -> 0 | BU18: =IF(VLOOKUP($Q18,武学奇术!$A:$ZZ,22,FALSE)=1,0,(1-$BN18))*(1-$BQ18) -> 0 | BV18: {=SUM(_xlfn.XLOOKUP($R18:$AK18,增益!$A:$A,增益!$W:$W,0))+$I$5} -> 0.11
A19: 单体奇术增 | B19: 0 | K19: =($L19*$BS19+$M19*$BQ19+$N19*$BT19+$O19*$BU19) -> 35268.279 | L19: =((($AS19+$AT19)/2*$AM19+$AN19)*(1+$AU19)*(1+$AV19)+(($AX19+$AY19)/2*IF($G$1="鸣金",$AO19,$AM19)+IF($G$1="鸣金",$AP19*1.5,0))*(1+$AZ19)*(1+$BA19)+(($BB19+$BC19)/2*IF($G$1="裂石",$AO19,$AM19)+IF($G$1="裂石",$AP19*1.5,0))*(1+$BD19)*(1+$BE19)+(($BF19+$BG19)/2*IF($G$1="牵丝",$AO19,$AM19)+IF($G$1="牵丝",$AP19*1.5,0))*(1+$BH19)*(1+$BI19)+(($BJ19+$BK19)/2*IF($G$1="破竹",$AO19,$AM19)+IF($G$1="破竹",$AP19*1.5,0))*(1+$BL19)*(1+$BM19))*(1+$AQ19)*$BP19*$P19*(1+IF(VLOOKUP($Q19,武学奇术!$A:$ZZ,30,FALSE)="蓄力技",$B$21,0))*(1+$BV19) -> 35268.279 | M19: =(($AT19*$AM19+$AN19)*(1+$AU19)*(1+$AV19)+($AY19*IF($G$1="鸣金",$AO19,$AM19)+IF($G$1="鸣金",$AP19*1.5,0))*(1+$AZ19)*(1+$BA19)+($BC19*IF($G$1="裂石",$AO19,$AM19)+IF($G$1="裂石",$AP19*1.5,0))*(1+$BD19)*(1+$BE19)+($BG19*IF($G$1="牵丝",$AO19,$AM19)+IF($G$1="牵丝",$AP19*1.5,0))*(1+$BH19)*(1+$BI19)+($BK19*IF($G$1="破竹",$AO19,$AM19)+IF($G$1="破竹",$AP19*1.5,0))*(1+$BL19)*(1+$BM19))*(1+$AQ19)*$BR19*$P19*(1+IF(VLOOKUP($Q19,武学奇术!$A:$ZZ,30,FALSE)="蓄力技",$B$21,0))*(1+$BV19) -> 26506.351 | N19: =((($AS19+$AT19)/2*$AM19+$AN19)*(1+$AU19)*(1+$AV19)+(($AX19+$AY19)/2*IF($G$1="鸣金",$AO19,$AM19)+IF($G$1="鸣金",$AP19*1.5,0))*(1+$AZ19)*(1+$BA19)+(($BB19+$BC19)/2*IF($G$1="裂石",$AO19,$AM19)+IF($G$1="裂石",$AP19*1.5,0))*(1+$BD19)*(1+$BE19)+(($BF19+$BG19)/2*IF($G$1="牵丝",$AO19,$AM19)+IF($G$1="牵丝",$AP19*1.5,0))*(1+$BH19)*(1+$BI19)+(($BJ19+$BK19)/2*IF($G$1="破竹",$AO19,$AM19)+IF($G$1="破竹",$AP19*1.5,0))*(1+$BL19)*(1+$BM19))*(1+$AQ19)*$P19*(1+IF(VLOOKUP($Q19,武学奇术!$A:$ZZ,30,FALSE)="蓄力技",$B$21,0))*(1+$BV19) -> 17288.372 | O19: =((($AS19*$AM19+$AN19)*(1+$AU19)*(1+$AV19)+($AX19*IF($G$1="鸣金",$AO19,$AM19)+IF($G$1="鸣金",$AP19*1.5,0))*(1+$AZ19)*(1+$BA19)+($BB19*IF($G$1="裂石",$AO19,$AM19)+IF($G$1="裂石",$AP19*1.5,0))*(1+$BD19)*(1+$BE19)+($BF19*IF($G$1="牵丝",$AO19,$AM19)+IF($G$1="牵丝",$AP19*1.5,0))*(1+$BH19)*(1+$BI19)+($BJ19*IF($G$1="破竹",$AO19,$AM19)+IF($G$1="破竹",$AP19*1.5,0))*(1+$BL19)*(1+$BM19))*(1+$AQ19))*$P19*(1+IF(VLOOKUP($Q19,武学奇术!$A:$ZZ,30,FALSE)="蓄力技",$B$21,0))*(1+$BV19) -> 14942.41 | P19: 1 | Q19: 陌刀安西军跳劈 | R19: 易水歌5层 | S19: N/a | T19: 惧刃 | U19: 穿喉5 | V19: 开山 | W19: 中程笛(小人) | X19: 沧海帖4层 | Y19: N/a | Z19: N/a | AA19: 断岳 | AB19: 烁鼓(拐) | AC19: N/a | AD19: 裁云(拐) | AE19: 无惧 | AF19: 铁衣 | AG19: N/a | AH19: N/a | AI19: N/a | AJ19: N/a | AK19: 离猎(拐) | AL19: =VLOOKUP($Q19,武学奇术!$A:$ZZ,25,FALSE) -> 陌刀 | AM19: =VLOOKUP($Q19,武学奇术!$A:$ZZ,26,FALSE) -> 0.9 | AN19: =VLOOKUP($Q19,武学奇术!$A:$ZZ,27,FALSE)*(1+IF(OR($AL19=$F$4,$AL19=$F$5),$B$22,0)) -> 0 | AO19: =VLOOKUP($Q19,武学奇术!$A:$ZZ,28,FALSE) -> 1.35 | AP19: =VLOOKUP($Q19,武学奇术!$A:$ZZ,29,FALSE)*(1+IF(OR($AL19=$F$4,$AL19=$F$5),$B$22,0)) -> 0 | AQ19: {=$G$3+IFERROR(VLOOKUP($AL19,$F$4:$G$7,2,FALSE),0)+VLOOKUP($Q19,武学奇术!$A:$ZZ,2,FALSE)+SUM(_xlfn.XLOOKUP($R19:$AK19,增益!$A:$A,增益!$B:$B,0))} -> 0.7441 | AR19: {=VLOOKUP($Q19,武学奇术!$A:$ZZ,5,FALSE)+SUM(_xlfn.XLOOKUP($R19:$AK19,增益!$A:$A,增益!$E:$E,0))} -> 0 | AS19: {=$D$10*(1+$AR19)+VLOOKUP($Q19,武学奇术!$A:$ZZ,3,FALSE)+SUM(_xlfn.XLOOKUP($R19:$AK19,增益!$A:$A,增益!$C:$C,0))-$I$2} -> 3648.7 | AT19: {=$E$10*(1+$AR19)+VLOOKUP($Q19,武学奇术!$A:$ZZ,4,FALSE)+SUM(_xlfn.XLOOKUP($R19:$AK19,增益!$A:$A,增益!$D:$D,0))-$I$2} -> 3648.7 | AU19: {=IF($F$10-$I$3+VLOOKUP($Q19,武学奇术!$A:$ZZ,6,FALSE)+SUM(_xlfn.XLOOKUP($R19:$AK19,增益!$A:$A,增益!$F:$F,0))>0,($F$10-$I$3+VLOOKUP($Q19,武学奇术!$A:$ZZ,6,FALSE)+SUM(_xlfn.XLOOKUP($R19:$AK19,增益!$A:$A,增益!$F:$F,0)))/200,($F$10-$I$3+VLOOKUP($Q19,武学奇术!$A:$ZZ,6,FALSE)+SUM(_xlfn.XLOOKUP($R19:$AK19,增益!$A:$A,增益!$F:$F,0)))/100)} -> 0.452 | AV19: {=$G$10+VLOOKUP($Q19,武学奇术!$A:$ZZ,7,FALSE)+SUM(_xlfn.XLOOKUP($R19:$AK19,增益!$A:$A,增益!$G:$G,0))} -> 0 | AW19: {=VLOOKUP($Q19,武学奇术!$A:$ZZ,8,FALSE)+SUM(_xlfn.XLOOKUP($R19:$AK19,增益!$A:$A,增益!$H:$H,0))} -> 0 | AX19: =$D$11*(1+$AW19) -> 0 | AY19: =$E$11*(1+$AW19) -> 0 | AZ19: {=IF($F$11-$I$4+VLOOKUP($Q19,武学奇术!$A:$ZZ,9,FALSE)+SUM(_xlfn.XLOOKUP($R19:$AK19,增益!$A:$A,增益!$I:$I,0))>0,($F$11-$I$4+VLOOKUP($Q19,武学奇术!$A:$ZZ,9,FALSE)+SUM(_xlfn.XLOOKUP($R19:$AK19,增益!$A:$A,增益!$I:$I,0)))/200,($F$11-$I$4+VLOOKUP($Q19,武学奇术!$A:$ZZ,9,FALSE)+SUM(_xlfn.XLOOKUP($R19:$AK19,增益!$A:$A,增益!$I:$I,0)))/100)} -> -0.14 | BA19: {=$G$11+VLOOKUP($Q19,武学奇术!$A:$ZZ,10,FALSE)+SUM(_xlfn.XLOOKUP($R19:$AK19,增益!$A:$A,增益!$J:$J,0))} -> 0 | BB19: =$D$12*(1+$AW19) -> 594.1 | BC19: =$E$12*(1+$AW19) -> 1604.9 | BD19: {=IF($F$12-$I$4+VLOOKUP($Q19,武学奇术!$A:$ZZ,11,FALSE)+SUM(_xlfn.XLOOKUP($R19:$AK19,增益!$A:$A,增益!$K:$K,0))>0,($F$12-$I$4+VLOOKUP($Q19,武学奇术!$A:$ZZ,11,FALSE)+SUM(_xlfn.XLOOKUP($R19:$AK19,增益!$A:$A,增益!$K:$K,0)))/200,($F$12-$I$4+VLOOKUP($Q19,武学奇术!$A:$ZZ,11,FALSE)+SUM(_xlfn.XLOOKUP($R19:$AK19,增益!$A:$A,增益!$K:$K,0)))/100)} -> 0.17 | BE19: {=$G$12+VLOOKUP($Q19,武学奇术!$A:$ZZ,12,FALSE)+SUM(_xlfn.XLOOKUP($R19:$AK19,增益!$A:$A,增益!$L:$L,0))} -> 0.15 | BF19: =$D$13*(1+$AW19) -> 0 | BG19: =$E$13*(1+$AW19) -> 0 | BH19: {=IF($F$13-$I$4+VLOOKUP($Q19,武学奇术!$A:$ZZ,13,FALSE)+SUM(_xlfn.XLOOKUP($R19:$AK19,增益!$A:$A,增益!$M:$M,0))>0,($F$13-$I$4+VLOOKUP($Q19,武学奇术!$A:$ZZ,13,FALSE)+SUM(_xlfn.XLOOKUP($R19:$AK19,增益!$A:$A,增益!$K:$K,0)))/200,($F$13-$I$4+VLOOKUP($Q19,武学奇术!$A:$ZZ,13,FALSE)+SUM(_xlfn.XLOOKUP($R19:$AK19,增益!$A:$A,增益!$M:$M,0)))/100)} -> -0.14 | BI19: {=$G$13+VLOOKUP($Q19,武学奇术!$A:$ZZ,14,FALSE)+SUM(_xlfn.XLOOKUP($R19:$AK19,增益!$A:$A,增益!$N:$N,0))} -> 0 | BJ19: =$D$14*(1+$AW19) -> 0 | BK19: =$E$14*(1+$AW19) -> 0 | BL19: {=IF($F$14-$I$4+VLOOKUP($Q19,武学奇术!$A:$ZZ,15,FALSE)+SUM(_xlfn.XLOOKUP($R19:$AK19,增益!$A:$A,增益!$O:$O,0))>0,($F$14-$I$4+VLOOKUP($Q19,武学奇术!$A:$ZZ,15,FALSE)+SUM(_xlfn.XLOOKUP($R19:$AK19,增益!$A:$A,增益!$O:$O,0)))/200,($F$14-$I$4+VLOOKUP($Q19,武学奇术!$A:$ZZ,15,FALSE)+SUM(_xlfn.XLOOKUP($R19:$AK19,增益!$A:$A,增益!$O:$O,0)))/100)} -> -0.14 | BM19: {=$G$14+VLOOKUP($Q19,武学奇术!$A:$ZZ,16,FALSE)+SUM(_xlfn.XLOOKUP($R19:$AK19,增益!$A:$A,增益!$P:$P,0))} -> 0 | BN19: =MIN(IF(VLOOKUP($Q19,武学奇术!$A:$ZZ,23,FALSE)=1,100%,$B$8),100%) -> 1 | BO19: {=IF(VLOOKUP($Q19,武学奇术!$A:$ZZ,23,FALSE)=1,100%,MIN(80%,$B$9+VLOOKUP($Q19,武学奇术!$A:$ZZ,17,FALSE)+SUM(_xlfn.XLOOKUP($R19:$AK19,增益!$A:$A,增益!$Q:$Q,0)))+$B$11+SUM(_xlfn.XLOOKUP($R19:$AK19,增益!$A:$A,增益!$U:$U,0)))*IF(VLOOKUP($Q19,武学奇术!$A:$ZZ,24,FALSE)=1,0,1)} -> 1 | BP19: {=1+$B$13+VLOOKUP($Q19,武学奇术!$A:$ZZ,18,FALSE)+SUM(_xlfn.XLOOKUP($R19:$AK19,增益!$A:$A,增益!$R:$R,0))} -> 2.04 | BQ19: {=IF(VLOOKUP($Q19,武学奇术!$A:$ZZ,24,FALSE)=1,100%,MIN(40%,$B$10+VLOOKUP($Q19,武学奇术!$A:$ZZ,19,FALSE)+SUM(_xlfn.XLOOKUP($R19:$AK19,增益!$A:$A,增益!$S:$S,0)))+$B$12+SUM(_xlfn.XLOOKUP($R19:$AK19,增益!$A:$A,增益!$V:$V,0)))*IF(VLOOKUP($Q19,武学奇术!$A:$ZZ,23,FALSE)=1,0,1)} -> 0 | BR19: {=1+$B$14+VLOOKUP($Q19,武学奇术!$A:$ZZ,20,FALSE)+SUM(_xlfn.XLOOKUP($R19:$AK19,增益!$A:$A,增益!$T:$T,0))} -> 1.35 | BS19: =MIN((1-BQ19)*BN19,BN19*BO19) -> 1 | BT19: =1-BQ19-BS19-BU19 -> 0 | BU19: =IF(VLOOKUP($Q19,武学奇术!$A:$ZZ,22,FALSE)=1,0,(1-$BN19))*(1-$BQ19) -> 0 | BV19: {=SUM(_xlfn.XLOOKUP($R19:$AK19,增益!$A:$A,增益!$W:$W,0))+$I$5} -> 0.11
A20: 群体奇术增 | B20: 0 | C20: 影 | D20: √ | K20: =($L20*$BS20+$M20*$BQ20+$N20*$BT20+$O20*$BU20) -> 334420.85 | L20: =((($AS20+$AT20)/2*$AM20+$AN20)*(1+$AU20)*(1+$AV20)+(($AX20+$AY20)/2*IF($G$1="鸣金",$AO20,$AM20)+IF($G$1="鸣金",$AP20*1.5,0))*(1+$AZ20)*(1+$BA20)+(($BB20+$BC20)/2*IF($G$1="裂石",$AO20,$AM20)+IF($G$1="裂石",$AP20*1.5,0))*(1+$BD20)*(1+$BE20)+(($BF20+$BG20)/2*IF($G$1="牵丝",$AO20,$AM20)+IF($G$1="牵丝",$AP20*1.5,0))*(1+$BH20)*(1+$BI20)+(($BJ20+$BK20)/2*IF($G$1="破竹",$AO20,$AM20)+IF($G$1="破竹",$AP20*1.5,0))*(1+$BL20)*(1+$BM20))*(1+$AQ20)*$BP20*$P20*(1+IF(VLOOKUP($Q20,武学奇术!$A:$ZZ,30,FALSE)="蓄力技",$B$21,0))*(1+$BV20) -> 334420.85 | M20: =(($AT20*$AM20+$AN20)*(1+$AU20)*(1+$AV20)+($AY20*IF($G$1="鸣金",$AO20,$AM20)+IF($G$1="鸣金",$AP20*1.5,0))*(1+$AZ20)*(1+$BA20)+($BC20*IF($G$1="裂石",$AO20,$AM20)+IF($G$1="裂石",$AP20*1.5,0))*(1+$BD20)*(1+$BE20)+($BG20*IF($G$1="牵丝",$AO20,$AM20)+IF($G$1="牵丝",$AP20*1.5,0))*(1+$BH20)*(1+$BI20)+($BK20*IF($G$1="破竹",$AO20,$AM20)+IF($G$1="破竹",$AP20*1.5,0))*(1+$BL20)*(1+$BM20))*(1+$AQ20)*$BR20*$P20*(1+IF(VLOOKUP($Q20,武学奇术!$A:$ZZ,30,FALSE)="蓄力技",$B$21,0))*(1+$BV20) -> 247632.03 | N20: =((($AS20+$AT20)/2*$AM20+$AN20)*(1+$AU20)*(1+$AV20)+(($AX20+$AY20)/2*IF($G$1="鸣金",$AO20,$AM20)+IF($G$1="鸣金",$AP20*1.5,0))*(1+$AZ20)*(1+$BA20)+(($BB20+$BC20)/2*IF($G$1="裂石",$AO20,$AM20)+IF($G$1="裂石",$AP20*1.5,0))*(1+$BD20)*(1+$BE20)+(($BF20+$BG20)/2*IF($G$1="牵丝",$AO20,$AM20)+IF($G$1="牵丝",$AP20*1.5,0))*(1+$BH20)*(1+$BI20)+(($BJ20+$BK20)/2*IF($G$1="破竹",$AO20,$AM20)+IF($G$1="破竹",$AP20*1.5,0))*(1+$BL20)*(1+$BM20))*(1+$AQ20)*$P20*(1+IF(VLOOKUP($Q20,武学奇术!$A:$ZZ,30,FALSE)="蓄力技",$B$21,0))*(1+$BV20) -> 163931.79 | O20: =((($AS20*$AM20+$AN20)*(1+$AU20)*(1+$AV20)+($AX20*IF($G$1="鸣金",$AO20,$AM20)+IF($G$1="鸣金",$AP20*1.5,0))*(1+$AZ20)*(1+$BA20)+($BB20*IF($G$1="裂石",$AO20,$AM20)+IF($G$1="裂石",$AP20*1.5,0))*(1+$BD20)*(1+$BE20)+($BF20*IF($G$1="牵丝",$AO20,$AM20)+IF($G$1="牵丝",$AP20*1.5,0))*(1+$BH20)*(1+$BI20)+($BJ20*IF($G$1="破竹",$AO20,$AM20)+IF($G$1="破竹",$AP20*1.5,0))*(1+$BL20)*(1+$BM20))*(1+$AQ20))*$P20*(1+IF(VLOOKUP($Q20,武学奇术!$A:$ZZ,30,FALSE)="蓄力技",$B$21,0))*(1+$BV20) -> 144432.44 | P20: 1 | Q20: 加速陌刀三蓄 | R20: 易水歌5层 | S20: N/a | T20: 惧刃 | U20: 穿喉5 | V20: 开山 | W20: 中程笛(蓄力) | X20: 沧海帖4层 | Y20: N/a | Z20: N/a | AA20: 断岳 | AB20: 烁鼓(拐) | AC20: N/a | AD20: 裁云(拐) | AE20: 无惧 | AF20: 铁衣 | AG20: N/a | AH20: N/a | AI20: N/a | AJ20: N/a | AK20: 离猎(拐) | AL20: =VLOOKUP($Q20,武学奇术!$A:$ZZ,25,FALSE) -> 陌刀 | AM20: =VLOOKUP($Q20,武学奇术!$A:$ZZ,26,FALSE) -> 7.5674 | AN20: =VLOOKUP($Q20,武学奇术!$A:$ZZ,27,FALSE)*(1+IF(OR($AL20=$F$4,$AL20=$F$5),$B$22,0)) -> 3139.5 | AO20: =VLOOKUP($Q20,武学奇术!$A:$ZZ,28,FALSE) -> 11.3512 | AP20: =VLOOKUP($Q20,武学奇术!$A:$ZZ,29,FALSE)*(1+IF(OR($AL20=$F$4,$AL20=$F$5),$B$22,0)) -> 1710 | AQ20: {=$G$3+IFERROR(VLOOKUP($AL20,$F$4:$G$7,2,FALSE),0)+VLOOKUP($Q20,武学奇术!$A:$ZZ,2,FALSE)+SUM(_xlfn.XLOOKUP($R20:$AK20,增益!$A:$A,增益!$B:$B,0))} -> 0.7241 | AR20: {=VLOOKUP($Q20,武学奇术!$A:$ZZ,5,FALSE)+SUM(_xlfn.XLOOKUP($R20:$AK20,增益!$A:$A,增益!$E:$E,0))} -> 0 | AS20: {=$D$10*(1+$AR20)+VLOOKUP($Q20,武学奇术!$A:$ZZ,3,FALSE)+SUM(_xlfn.XLOOKUP($R20:$AK20,增益!$A:$A,增益!$C:$C,0))-$I$2} -> 3648.7 | AT20: {=$E$10*(1+$AR20)+VLOOKUP($Q20,武学奇术!$A:$ZZ,4,FALSE)+SUM(_xlfn.XLOOKUP($R20:$AK20,增益!$A:$A,增益!$D:$D,0))-$I$2} -> 3648.7 | AU20: {=IF($F$10-$I$3+VLOOKUP($Q20,武学奇术!$A:$ZZ,6,FALSE)+SUM(_xlfn.XLOOKUP($R20:$AK20,增益!$A:$A,增益!$F:$F,0))>0,($F$10-$I$3+VLOOKUP($Q20,武学奇术!$A:$ZZ,6,FALSE)+SUM(_xlfn.XLOOKUP($R20:$AK20,增益!$A:$A,增益!$F:$F,0)))/200,($F$10-$I$3+VLOOKUP($Q20,武学奇术!$A:$ZZ,6,FALSE)+SUM(_xlfn.XLOOKUP($R20:$AK20,增益!$A:$A,增益!$F:$F,0)))/100)} -> 0.452 | AV20: {=$G$10+VLOOKUP($Q20,武学奇术!$A:$ZZ,7,FALSE)+SUM(_xlfn.XLOOKUP($R20:$AK20,增益!$A:$A,增益!$G:$G,0))} -> 0 | AW20: {=VLOOKUP($Q20,武学奇术!$A:$ZZ,8,FALSE)+SUM(_xlfn.XLOOKUP($R20:$AK20,增益!$A:$A,增益!$H:$H,0))} -> 0 | AX20: =$D$11*(1+$AW20) -> 0 | AY20: =$E$11*(1+$AW20) -> 0 | AZ20: {=IF($F$11-$I$4+VLOOKUP($Q20,武学奇术!$A:$ZZ,9,FALSE)+SUM(_xlfn.XLOOKUP($R20:$AK20,增益!$A:$A,增益!$I:$I,0))>0,($F$11-$I$4+VLOOKUP($Q20,武学奇术!$A:$ZZ,9,FALSE)+SUM(_xlfn.XLOOKUP($R20:$AK20,增益!$A:$A,增益!$I:$I,0)))/200,($F$11-$I$4+VLOOKUP($Q20,武学奇术!$A:$ZZ,9,FALSE)+SUM(_xlfn.XLOOKUP($R20:$AK20,增益!$A:$A,增益!$I:$I,0)))/100)} -> -0.14 | BA20: {=$G$11+VLOOKUP($Q20,武学奇术!$A:$ZZ,10,FALSE)+SUM(_xlfn.XLOOKUP($R20:$AK20,增益!$A:$A,增益!$J:$J,0))} -> 0 | BB20: =$D$12*(1+$AW20) -> 594.1 | BC20: =$E$12*(1+$AW20) -> 1604.9 | BD20: {=IF($F$12-$I$4+VLOOKUP($Q20,武学奇术!$A:$ZZ,11,FALSE)+SUM(_xlfn.XLOOKUP($R20:$AK20,增益!$A:$A,增益!$K:$K,0))>0,($F$12-$I$4+VLOOKUP($Q20,武学奇术!$A:$ZZ,11,FALSE)+SUM(_xlfn.XLOOKUP($R20:$AK20,增益!$A:$A,增益!$K:$K,0)))/200,($F$12-$I$4+VLOOKUP($Q20,武学奇术!$A:$ZZ,11,FALSE)+SUM(_xlfn.XLOOKUP($R20:$AK20,增益!$A:$A,增益!$K:$K,0)))/100)} -> 0.17 | BE20: {=$G$12+VLOOKUP($Q20,武学奇术!$A:$ZZ,12,FALSE)+SUM(_xlfn.XLOOKUP($R20:$AK20,增益!$A:$A,增益!$L:$L,0))} -> 0.15 | BF20: =$D$13*(1+$AW20) -> 0 | BG20: =$E$13*(1+$AW20) -> 0 | BH20: {=IF($F$13-$I$4+VLOOKUP($Q20,武学奇术!$A:$ZZ,13,FALSE)+SUM(_xlfn.XLOOKUP($R20:$AK20,增益!$A:$A,增益!$M:$M,0))>0,($F$13-$I$4+VLOOKUP($Q20,武学奇术!$A:$ZZ,13,FALSE)+SUM(_xlfn.XLOOKUP($R20:$AK20,增益!$A:$A,增益!$K:$K,0)))/200,($F$13-$I$4+VLOOKUP($Q20,武学奇术!$A:$ZZ,13,FALSE)+SUM(_xlfn.XLOOKUP($R20:$AK20,增益!$A:$A,增益!$M:$M,0)))/100)} -> -0.14 | BI20: {=$G$13+VLOOKUP($Q20,武学奇术!$A:$ZZ,14,FALSE)+SUM(_xlfn.XLOOKUP($R20:$AK20,增益!$A:$A,增益!$N:$N,0))} -> 0 | BJ20: =$D$14*(1+$AW20) -> 0 | BK20: =$E$14*(1+$AW20) -> 0 | BL20: {=IF($F$14-$I$4+VLOOKUP($Q20,武学奇术!$A:$ZZ,15,FALSE)+SUM(_xlfn.XLOOKUP($R20:$AK20,增益!$A:$A,增益!$O:$O,0))>0,($F$14-$I$4+VLOOKUP($Q20,武学奇术!$A:$ZZ,15,FALSE)+SUM(_xlfn.XLOOKUP($R20:$AK20,增益!$A:$A,增益!$O:$O,0)))/200,($F$14-$I$4+VLOOKUP($Q20,武学奇术!$A:$ZZ,15,FALSE)+SUM(_xlfn.XLOOKUP($R20:$AK20,增益!$A:$A,增益!$O:$O,0)))/100)} -> -0.14 | BM20: {=$G$14+VLOOKUP($Q20,武学奇术!$A:$ZZ,16,FALSE)+SUM(_xlfn.XLOOKUP($R20:$AK20,增益!$A:$A,增益!$P:$P,0))} -> 0 | BN20: =MIN(IF(VLOOKUP($Q20,武学奇术!$A:$ZZ,23,FALSE)=1,100%,$B$8),100%) -> 1 | BO20: {=IF(VLOOKUP($Q20,武学奇术!$A:$ZZ,23,FALSE)=1,100%,MIN(80%,$B$9+VLOOKUP($Q20,武学奇术!$A:$ZZ,17,FALSE)+SUM(_xlfn.XLOOKUP($R20:$AK20,增益!$A:$A,增益!$Q:$Q,0)))+$B$11+SUM(_xlfn.XLOOKUP($R20:$AK20,增益!$A:$A,增益!$U:$U,0)))*IF(VLOOKUP($Q20,武学奇术!$A:$ZZ,24,FALSE)=1,0,1)} -> 1 | BP20: {=1+$B$13+VLOOKUP($Q20,武学奇术!$A:$ZZ,18,FALSE)+SUM(_xlfn.XLOOKUP($R20:$AK20,增益!$A:$A,增益!$R:$R,0))} -> 2.04 | BQ20: {=IF(VLOOKUP($Q20,武学奇术!$A:$ZZ,24,FALSE)=1,100%,MIN(40%,$B$10+VLOOKUP($Q20,武学奇术!$A:$ZZ,19,FALSE)+SUM(_xlfn.XLOOKUP($R20:$AK20,增益!$A:$A,增益!$S:$S,0)))+$B$12+SUM(_xlfn.XLOOKUP($R20:$AK20,增益!$A:$A,增益!$V:$V,0)))*IF(VLOOKUP($Q20,武学奇术!$A:$ZZ,23,FALSE)=1,0,1)} -> 0 | BR20: {=1+$B$14+VLOOKUP($Q20,武学奇术!$A:$ZZ,20,FALSE)+SUM(_xlfn.XLOOKUP($R20:$AK20,增益!$A:$A,增益!$T:$T,0))} -> 1.35 | BS20: =MIN((1-BQ20)*BN20,BN20*BO20) -> 1 | BT20: =1-BQ20-BS20-BU20 -> 0 | BU20: =IF(VLOOKUP($Q20,武学奇术!$A:$ZZ,22,FALSE)=1,0,(1-$BN20))*(1-$BQ20) -> 0 | BV20: {=SUM(_xlfn.XLOOKUP($R20:$AK20,增益!$A:$A,增益!$W:$W,0))+$I$5} -> 0.11
A21: 蓄力技定音 | B21: 0.32 | C21: 翊 | D21: × | E21: 第四心法 | K21: =($L21*$BS21+$M21*$BQ21+$N21*$BT21+$O21*$BU21) -> 146288.89 | L21: =((($AS21+$AT21)/2*$AM21+$AN21)*(1+$AU21)*(1+$AV21)+(($AX21+$AY21)/2*IF($G$1="鸣金",$AO21,$AM21)+IF($G$1="鸣金",$AP21*1.5,0))*(1+$AZ21)*(1+$BA21)+(($BB21+$BC21)/2*IF($G$1="裂石",$AO21,$AM21)+IF($G$1="裂石",$AP21*1.5,0))*(1+$BD21)*(1+$BE21)+(($BF21+$BG21)/2*IF($G$1="牵丝",$AO21,$AM21)+IF($G$1="牵丝",$AP21*1.5,0))*(1+$BH21)*(1+$BI21)+(($BJ21+$BK21)/2*IF($G$1="破竹",$AO21,$AM21)+IF($G$1="破竹",$AP21*1.5,0))*(1+$BL21)*(1+$BM21))*(1+$AQ21)*$BP21*$P21*(1+IF(VLOOKUP($Q21,武学奇术!$A:$ZZ,30,FALSE)="蓄力技",$B$21,0))*(1+$BV21) -> 149410.09 | M21: =(($AT21*$AM21+$AN21)*(1+$AU21)*(1+$AV21)+($AY21*IF($G$1="鸣金",$AO21,$AM21)+IF($G$1="鸣金",$AP21*1.5,0))*(1+$AZ21)*(1+$BA21)+($BC21*IF($G$1="裂石",$AO21,$AM21)+IF($G$1="裂石",$AP21*1.5,0))*(1+$BD21)*(1+$BE21)+($BG21*IF($G$1="牵丝",$AO21,$AM21)+IF($G$1="牵丝",$AP21*1.5,0))*(1+$BH21)*(1+$BI21)+($BK21*IF($G$1="破竹",$AO21,$AM21)+IF($G$1="破竹",$AP21*1.5,0))*(1+$BL21)*(1+$BM21))*(1+$AQ21)*$BR21*$P21*(1+IF(VLOOKUP($Q21,武学奇术!$A:$ZZ,30,FALSE)="蓄力技",$B$21,0))*(1+$BV21) -> 135965.11 | N21: =((($AS21+$AT21)/2*$AM21+$AN21)*(1+$AU21)*(1+$AV21)+(($AX21+$AY21)/2*IF($G$1="鸣金",$AO21,$AM21)+IF($G$1="鸣金",$AP21*1.5,0))*(1+$AZ21)*(1+$BA21)+(($BB21+$BC21)/2*IF($G$1="裂石",$AO21,$AM21)+IF($G$1="裂石",$AP21*1.5,0))*(1+$BD21)*(1+$BE21)+(($BF21+$BG21)/2*IF($G$1="牵丝",$AO21,$AM21)+IF($G$1="牵丝",$AP21*1.5,0))*(1+$BH21)*(1+$BI21)+(($BJ21+$BK21)/2*IF($G$1="破竹",$AO21,$AM21)+IF($G$1="破竹",$AP21*1.5,0))*(1+$BL21)*(1+$BM21))*(1+$AQ21)*$P21*(1+IF(VLOOKUP($Q21,武学奇术!$A:$ZZ,30,FALSE)="蓄力技",$B$21,0))*(1+$BV21) -> 88934.578 | O21: =((($AS21*$AM21+$AN21)*(1+$AU21)*(1+$AV21)+($AX21*IF($G$1="鸣金",$AO21,$AM21)+IF($G$1="鸣金",$AP21*1.5,0))*(1+$AZ21)*(1+$BA21)+($BB21*IF($G$1="裂石",$AO21,$AM21)+IF($G$1="裂石",$AP21*1.5,0))*(1+$BD21)*(1+$BE21)+($BF21*IF($G$1="牵丝",$AO21,$AM21)+IF($G$1="牵丝",$AP21*1.5,0))*(1+$BH21)*(1+$BI21)+($BJ21*IF($G$1="破竹",$AO21,$AM21)+IF($G$1="破竹",$AP21*1.5,0))*(1+$BL21)*(1+$BM21))*(1+$AQ21))*$P21*(1+IF(VLOOKUP($Q21,武学奇术!$A:$ZZ,30,FALSE)="蓄力技",$B$21,0))*(1+$BV21) -> 77154.257 | P21: 1 | Q21: 骑龙回马 | R21: 易水歌5层 | S21: N/a | T21: 惧刃 | U21: 穿喉5(普) | V21: N/a | W21: 近战笛 | X21: 沧海帖4层 | Y21: N/a | Z21: N/a | AA21: N/a | AB21: 扶风(拐) | AC21: N/a | AD21: 裁云(拐) | AE21: 无惧 | AF21: 铁衣 | AG21: N/a | AH21: N/a | AI21: N/a | AJ21: N/a | AK21: 离猎(拐) | AL21: =VLOOKUP($Q21,武学奇术!$A:$ZZ,25,FALSE) -> 单体奇术 | AM21: =VLOOKUP($Q21,武学奇术!$A:$ZZ,26,FALSE) -> 7.1084 | AN21: =VLOOKUP($Q21,武学奇术!$A:$ZZ,27,FALSE)*(1+IF(OR($AL21=$F$4,$AL21=$F$5),$B$22,0)) -> 1369 | AO21: =VLOOKUP($Q21,武学奇术!$A:$ZZ,28,FALSE) -> 10.6626 | AP21: =VLOOKUP($Q21,武学奇术!$A:$ZZ,29,FALSE)*(1+IF(OR($AL21=$F$4,$AL21=$F$5),$B$22,0)) -> 0 | AQ21: {=$G$3+IFERROR(VLOOKUP($AL21,$F$4:$G$7,2,FALSE),0)+VLOOKUP($Q21,武学奇术!$A:$ZZ,2,FALSE)+SUM(_xlfn.XLOOKUP($R21:$AK21,增益!$A:$A,增益!$B:$B,0))} -> 0.4637 | AR21: {=VLOOKUP($Q21,武学奇术!$A:$ZZ,5,FALSE)+SUM(_xlfn.XLOOKUP($R21:$AK21,增益!$A:$A,增益!$E:$E,0))} -> 0 | AS21: {=$D$10*(1+$AR21)+VLOOKUP($Q21,武学奇术!$A:$ZZ,3,FALSE)+SUM(_xlfn.XLOOKUP($R21:$AK21,增益!$A:$A,增益!$C:$C,0))-$I$2} -> 3648.7 | AT21: {=$E$10*(1+$AR21)+VLOOKUP($Q21,武学奇术!$A:$ZZ,4,FALSE)+SUM(_xlfn.XLOOKUP($R21:$AK21,增益!$A:$A,增益!$D:$D,0))-$I$2} -> 3648.7 | AU21: {=IF($F$10-$I$3+VLOOKUP($Q21,武学奇术!$A:$ZZ,6,FALSE)+SUM(_xlfn.XLOOKUP($R21:$AK21,增益!$A:$A,增益!$F:$F,0))>0,($F$10-$I$3+VLOOKUP($Q21,武学奇术!$A:$ZZ,6,FALSE)+SUM(_xlfn.XLOOKUP($R21:$AK21,增益!$A:$A,增益!$F:$F,0)))/200,($F$10-$I$3+VLOOKUP($Q21,武学奇术!$A:$ZZ,6,FALSE)+SUM(_xlfn.XLOOKUP($R21:$AK21,增益!$A:$A,增益!$F:$F,0)))/100)} -> 0.427 | AV21: {=$G$10+VLOOKUP($Q21,武学奇术!$A:$ZZ,7,FALSE)+SUM(_xlfn.XLOOKUP($R21:$AK21,增益!$A:$A,增益!$G:$G,0))} -> 0 | AW21: {=VLOOKUP($Q21,武学奇术!$A:$ZZ,8,FALSE)+SUM(_xlfn.XLOOKUP($R21:$AK21,增益!$A:$A,增益!$H:$H,0))} -> 0 | AX21: =$D$11*(1+$AW21) -> 0 | AY21: =$E$11*(1+$AW21) -> 0 | AZ21: {=IF($F$11-$I$4+VLOOKUP($Q21,武学奇术!$A:$ZZ,9,FALSE)+SUM(_xlfn.XLOOKUP($R21:$AK21,增益!$A:$A,增益!$I:$I,0))>0,($F$11-$I$4+VLOOKUP($Q21,武学奇术!$A:$ZZ,9,FALSE)+SUM(_xlfn.XLOOKUP($R21:$AK21,增益!$A:$A,增益!$I:$I,0)))/200,($F$11-$I$4+VLOOKUP($Q21,武学奇术!$A:$ZZ,9,FALSE)+SUM(_xlfn.XLOOKUP($R21:$AK21,增益!$A:$A,增益!$I:$I,0)))/100)} -> -0.14 | BA21: {=$G$11+VLOOKUP($Q21,武学奇术!$A:$ZZ,10,FALSE)+SUM(_xlfn.XLOOKUP($R21:$AK21,增益!$A:$A,增益!$J:$J,0))} -> 0 | BB21: =$D$12*(1+$AW21) -> 594.1 | BC21: =$E$12*(1+$AW21) -> 1604.9 | BD21: {=IF($F$12-$I$4+VLOOKUP($Q21,武学奇术!$A:$ZZ,11,FALSE)+SUM(_xlfn.XLOOKUP($R21:$AK21,增益!$A:$A,增益!$K:$K,0))>0,($F$12-$I$4+VLOOKUP($Q21,武学奇术!$A:$ZZ,11,FALSE)+SUM(_xlfn.XLOOKUP($R21:$AK21,增益!$A:$A,增益!$K:$K,0)))/200,($F$12-$I$4+VLOOKUP($Q21,武学奇术!$A:$ZZ,11,FALSE)+SUM(_xlfn.XLOOKUP($R21:$AK21,增益!$A:$A,增益!$K:$K,0)))/100)} -> 0.17 | BE21: {=$G$12+VLOOKUP($Q21,武学奇术!$A:$ZZ,12,FALSE)+SUM(_xlfn.XLOOKUP($R21:$AK21,增益!$A:$A,增益!$L:$L,0))} -> 0.15 | BF21: =$D$13*(1+$AW21) -> 0 | BG21: =$E$13*(1+$AW21) -> 0 | BH21: {=IF($F$13-$I$4+VLOOKUP($Q21,武学奇术!$A:$ZZ,13,FALSE)+SUM(_xlfn.XLOOKUP($R21:$AK21,增益!$A:$A,增益!$M:$M,0))>0,($F$13-$I$4+VLOOKUP($Q21,武学奇术!$A:$ZZ,13,FALSE)+SUM(_xlfn.XLOOKUP($R21:$AK21,增益!$A:$A,增益!$K:$K,0)))/200,($F$13-$I$4+VLOOKUP($Q21,武学奇术!$A:$ZZ,13,FALSE)+SUM(_xlfn.XLOOKUP($R21:$AK21,增益!$A:$A,增益!$M:$M,0)))/100)} -> -0.14 | BI21: {=$G$13+VLOOKUP($Q21,武学奇术!$A:$ZZ,14,FALSE)+SUM(_xlfn.XLOOKUP($R21:$AK21,增益!$A:$A,增益!$N:$N,0))} -> 0 | BJ21: =$D$14*(1+$AW21) -> 0 | BK21: =$E$14*(1+$AW21) -> 0 | BL21: {=IF($F$14-$I$4+VLOOKUP($Q21,武学奇术!$A:$ZZ,15,FALSE)+SUM(_xlfn.XLOOKUP($R21:$AK21,增益!$A:$A,增益!$O:$O,0))>0,($F$14-$I$4+VLOOKUP($Q21,武学奇术!$A:$ZZ,15,FALSE)+SUM(_xlfn.XLOOKUP($R21:$AK21,增益!$A:$A,增益!$O:$O,0)))/200,($F$14-$I$4+VLOOKUP($Q21,武学奇术!$A:$ZZ,15,FALSE)+SUM(_xlfn.XLOOKUP($R21:$AK21,增益!$A:$A,增益!$O:$O,0)))/100)} -> -0.14 | BM21: {=$G$14+VLOOKUP($Q21,武学奇术!$A:$ZZ,16,FALSE)+SUM(_xlfn.XLOOKUP($R21:$AK21,增益!$A:$A,增益!$P:$P,0))} -> 0 | BN21: =MIN(IF(VLOOKUP($Q21,武学奇术!$A:$ZZ,23,FALSE)=1,100%,$B$8),100%) -> 0.9859 | BO21: {=IF(VLOOKUP($Q21,武学奇术!$A:$ZZ,23,FALSE)=1,100%,MIN(80%,$B$9+VLOOKUP($Q21,武学奇术!$A:$ZZ,17,FALSE)+SUM(_xlfn.XLOOKUP($R21:$AK21,增益!$A:$A,增益!$Q:$Q,0)))+$B$11+SUM(_xlfn.XLOOKUP($R21:$AK21,增益!$A:$A,增益!$U:$U,0)))*IF(VLOOKUP($Q21,武学奇术!$A:$ZZ,24,FALSE)=1,0,1)} -> 0.8912 | BP21: {=1+$B$13+VLOOKUP($Q21,武学奇术!$A:$ZZ,18,FALSE)+SUM(_xlfn.XLOOKUP($R21:$AK21,增益!$A:$A,增益!$R:$R,0))} -> 1.68 | BQ21: {=IF(VLOOKUP($Q21,武学奇术!$A:$ZZ,24,FALSE)=1,100%,MIN(40%,$B$10+VLOOKUP($Q21,武学奇术!$A:$ZZ,19,FALSE)+SUM(_xlfn.XLOOKUP($R21:$AK21,增益!$A:$A,增益!$S:$S,0)))+$B$12+SUM(_xlfn.XLOOKUP($R21:$AK21,增益!$A:$A,增益!$V:$V,0)))*IF(VLOOKUP($Q21,武学奇术!$A:$ZZ,23,FALSE)=1,0,1)} -> 0.0929 | BR21: {=1+$B$14+VLOOKUP($Q21,武学奇术!$A:$ZZ,20,FALSE)+SUM(_xlfn.XLOOKUP($R21:$AK21,增益!$A:$A,增益!$T:$T,0))} -> 1.35 | BS21: =MIN((1-BQ21)*BN21,BN21*BO21) -> 0.87863408 | BT21: =1-BQ21-BS21-BU21 -> 0.01567581 | BU21: =IF(VLOOKUP($Q21,武学奇术!$A:$ZZ,22,FALSE)=1,0,(1-$BN21))*(1-$BQ21) -> 0.01279011 | BV21: {=SUM(_xlfn.XLOOKUP($R21:$AK21,增益!$A:$A,增益!$W:$W,0))+$I$5} -> 0.11
A22: 固伤加成 | B22: 0.5 | C22: 樽 | D22: × | E22: 易水歌 | K22: =($L22*$BS22+$M22*$BQ22+$N22*$BT22+$O22*$BU22) -> 17562.416 | L22: =((($AS22+$AT22)/2*$AM22+$AN22)*(1+$AU22)*(1+$AV22)+(($AX22+$AY22)/2*IF($G$1="鸣金",$AO22,$AM22)+IF($G$1="鸣金",$AP22*1.5,0))*(1+$AZ22)*(1+$BA22)+(($BB22+$BC22)/2*IF($G$1="裂石",$AO22,$AM22)+IF($G$1="裂石",$AP22*1.5,0))*(1+$BD22)*(1+$BE22)+(($BF22+$BG22)/2*IF($G$1="牵丝",$AO22,$AM22)+IF($G$1="牵丝",$AP22*1.5,0))*(1+$BH22)*(1+$BI22)+(($BJ22+$BK22)/2*IF($G$1="破竹",$AO22,$AM22)+IF($G$1="破竹",$AP22*1.5,0))*(1+$BL22)*(1+$BM22))*(1+$AQ22)*$BP22*$P22*(1+IF(VLOOKUP($Q22,武学奇术!$A:$ZZ,30,FALSE)="蓄力技",$B$21,0))*(1+$BV22) -> 18192.143 | M22: =(($AT22*$AM22+$AN22)*(1+$AU22)*(1+$AV22)+($AY22*IF($G$1="鸣金",$AO22,$AM22)+IF($G$1="鸣金",$AP22*1.5,0))*(1+$AZ22)*(1+$BA22)+($BC22*IF($G$1="裂石",$AO22,$AM22)+IF($G$1="裂石",$AP22*1.5,0))*(1+$BD22)*(1+$BE22)+($BG22*IF($G$1="牵丝",$AO22,$AM22)+IF($G$1="牵丝",$AP22*1.5,0))*(1+$BH22)*(1+$BI22)+($BK22*IF($G$1="破竹",$AO22,$AM22)+IF($G$1="破竹",$AP22*1.5,0))*(1+$BL22)*(1+$BM22))*(1+$AQ22)*$BR22*$P22*(1+IF(VLOOKUP($Q22,武学奇术!$A:$ZZ,30,FALSE)="蓄力技",$B$21,0))*(1+$BV22) -> 14303.592 | N22: =((($AS22+$AT22)/2*$AM22+$AN22)*(1+$AU22)*(1+$AV22)+(($AX22+$AY22)/2*IF($G$1="鸣金",$AO22,$AM22)+IF($G$1="鸣金",$AP22*1.5,0))*(1+$AZ22)*(1+$BA22)+(($BB22+$BC22)/2*IF($G$1="裂石",$AO22,$AM22)+IF($G$1="裂石",$AP22*1.5,0))*(1+$BD22)*(1+$BE22)+(($BF22+$BG22)/2*IF($G$1="牵丝",$AO22,$AM22)+IF($G$1="牵丝",$AP22*1.5,0))*(1+$BH22)*(1+$BI22)+(($BJ22+$BK22)/2*IF($G$1="破竹",$AO22,$AM22)+IF($G$1="破竹",$AP22*1.5,0))*(1+$BL22)*(1+$BM22))*(1+$AQ22)*$P22*(1+IF(VLOOKUP($Q22,武学奇术!$A:$ZZ,30,FALSE)="蓄力技",$B$21,0))*(1+$BV22) -> 9329.3041 | O22: =((($AS22*$AM22+$AN22)*(1+$AU22)*(1+$AV22)+($AX22*IF($G$1="鸣金",$AO22,$AM22)+IF($G$1="鸣金",$AP22*1.5,0))*(1+$AZ22)*(1+$BA22)+($BB22*IF($G$1="裂石",$AO22,$AM22)+IF($G$1="裂石",$AP22*1.5,0))*(1+$BD22)*(1+$BE22)+($BF22*IF($G$1="牵丝",$AO22,$AM22)+IF($G$1="牵丝",$AP22*1.5,0))*(1+$BH22)*(1+$BI22)+($BJ22*IF($G$1="破竹",$AO22,$AM22)+IF($G$1="破竹",$AP22*1.5,0))*(1+$BL22)*(1+$BM22))*(1+$AQ22))*$P22*(1+IF(VLOOKUP($Q22,武学奇术!$A:$ZZ,30,FALSE)="蓄力技",$B$21,0))*(1+$BV22) -> 8063.3553 | P22: 1 | Q22: 陌刀安西军下劈无开山 | R22: 易水歌5层 | S22: N/a | T22: 惧刃 | U22: 穿喉5 | V22: N/a | W22: N/a | X22: 沧海帖5层 | Y22: N/a | Z22: N/a | AA22: 断岳 | AB22: 扶风(拐) | AC22: N/a | AD22: 裁云(拐) | AE22: 无惧 | AF22: 铁衣 | AG22: N/a | AH22: N/a | AI22: N/a | AJ22: N/a | AK22: 离猎(拐) | AL22: =VLOOKUP($Q22,武学奇术!$A:$ZZ,25,FALSE) -> 陌刀 | AM22: =VLOOKUP($Q22,武学奇术!$A:$ZZ,26,FALSE) -> 0.5 | AN22: =VLOOKUP($Q22,武学奇术!$A:$ZZ,27,FALSE)*(1+IF(OR($AL22=$F$4,$AL22=$F$5),$B$22,0)) -> 0 | AO22: =VLOOKUP($Q22,武学奇术!$A:$ZZ,28,FALSE) -> 0.75 | AP22: =VLOOKUP($Q22,武学奇术!$A:$ZZ,29,FALSE)*(1+IF(OR($AL22=$F$4,$AL22=$F$5),$B$22,0)) -> 0 | AQ22: {=$G$3+IFERROR(VLOOKUP($AL22,$F$4:$G$7,2,FALSE),0)+VLOOKUP($Q22,武学奇术!$A:$ZZ,2,FALSE)+SUM(_xlfn.XLOOKUP($R22:$AK22,增益!$A:$A,增益!$B:$B,0))} -> 0.6941 | AR22: {=VLOOKUP($Q22,武学奇术!$A:$ZZ,5,FALSE)+SUM(_xlfn.XLOOKUP($R22:$AK22,增益!$A:$A,增益!$E:$E,0))} -> 0 | AS22: {=$D$10*(1+$AR22)+VLOOKUP($Q22,武学奇术!$A:$ZZ,3,FALSE)+SUM(_xlfn.XLOOKUP($R22:$AK22,增益!$A:$A,增益!$C:$C,0))-$I$2} -> 3648.7 | AT22: {=$E$10*(1+$AR22)+VLOOKUP($Q22,武学奇术!$A:$ZZ,4,FALSE)+SUM(_xlfn.XLOOKUP($R22:$AK22,增益!$A:$A,增益!$D:$D,0))-$I$2} -> 3648.7 | AU22: {=IF($F$10-$I$3+VLOOKUP($Q22,武学奇术!$A:$ZZ,6,FALSE)+SUM(_xlfn.XLOOKUP($R22:$AK22,增益!$A:$A,增益!$F:$F,0))>0,($F$10-$I$3+VLOOKUP($Q22,武学奇术!$A:$ZZ,6,FALSE)+SUM(_xlfn.XLOOKUP($R22:$AK22,增益!$A:$A,增益!$F:$F,0)))/200,($F$10-$I$3+VLOOKUP($Q22,武学奇术!$A:$ZZ,6,FALSE)+SUM(_xlfn.XLOOKUP($R22:$AK22,增益!$A:$A,增益!$F:$F,0)))/100)} -> 0.452 | AV22: {=$G$10+VLOOKUP($Q22,武学奇术!$A:$ZZ,7,FALSE)+SUM(_xlfn.XLOOKUP($R22:$AK22,增益!$A:$A,增益!$G:$G,0))} -> 0 | AW22: {=VLOOKUP($Q22,武学奇术!$A:$ZZ,8,FALSE)+SUM(_xlfn.XLOOKUP($R22:$AK22,增益!$A:$A,增益!$H:$H,0))} -> 0 | AX22: =$D$11*(1+$AW22) -> 0 | AY22: =$E$11*(1+$AW22) -> 0 | AZ22: {=IF($F$11-$I$4+VLOOKUP($Q22,武学奇术!$A:$ZZ,9,FALSE)+SUM(_xlfn.XLOOKUP($R22:$AK22,增益!$A:$A,增益!$I:$I,0))>0,($F$11-$I$4+VLOOKUP($Q22,武学奇术!$A:$ZZ,9,FALSE)+SUM(_xlfn.XLOOKUP($R22:$AK22,增益!$A:$A,增益!$I:$I,0)))/200,($F$11-$I$4+VLOOKUP($Q22,武学奇术!$A:$ZZ,9,FALSE)+SUM(_xlfn.XLOOKUP($R22:$AK22,增益!$A:$A,增益!$I:$I,0)))/100)} -> -0.14 | BA22: {=$G$11+VLOOKUP($Q22,武学奇术!$A:$ZZ,10,FALSE)+SUM(_xlfn.XLOOKUP($R22:$AK22,增益!$A:$A,增益!$J:$J,0))} -> 0 | BB22: =$D$12*(1+$AW22) -> 594.1 | BC22: =$E$12*(1+$AW22) -> 1604.9 | BD22: {=IF($F$12-$I$4+VLOOKUP($Q22,武学奇术!$A:$ZZ,11,FALSE)+SUM(_xlfn.XLOOKUP($R22:$AK22,增益!$A:$A,增益!$K:$K,0))>0,($F$12-$I$4+VLOOKUP($Q22,武学奇术!$A:$ZZ,11,FALSE)+SUM(_xlfn.XLOOKUP($R22:$AK22,增益!$A:$A,增益!$K:$K,0)))/200,($F$12-$I$4+VLOOKUP($Q22,武学奇术!$A:$ZZ,11,FALSE)+SUM(_xlfn.XLOOKUP($R22:$AK22,增益!$A:$A,增益!$K:$K,0)))/100)} -> 0.17 | BE22: {=$G$12+VLOOKUP($Q22,武学奇术!$A:$ZZ,12,FALSE)+SUM(_xlfn.XLOOKUP($R22:$AK22,增益!$A:$A,增益!$L:$L,0))} -> 0.15 | BF22: =$D$13*(1+$AW22) -> 0 | BG22: =$E$13*(1+$AW22) -> 0 | BH22: {=IF($F$13-$I$4+VLOOKUP($Q22,武学奇术!$A:$ZZ,13,FALSE)+SUM(_xlfn.XLOOKUP($R22:$AK22,增益!$A:$A,增益!$M:$M,0))>0,($F$13-$I$4+VLOOKUP($Q22,武学奇术!$A:$ZZ,13,FALSE)+SUM(_xlfn.XLOOKUP($R22:$AK22,增益!$A:$A,增益!$K:$K,0)))/200,($F$13-$I$4+VLOOKUP($Q22,武学奇术!$A:$ZZ,13,FALSE)+SUM(_xlfn.XLOOKUP($R22:$AK22,增益!$A:$A,增益!$M:$M,0)))/100)} -> -0.14 | BI22: {=$G$13+VLOOKUP($Q22,武学奇术!$A:$ZZ,14,FALSE)+SUM(_xlfn.XLOOKUP($R22:$AK22,增益!$A:$A,增益!$N:$N,0))} -> 0 | BJ22: =$D$14*(1+$AW22) -> 0 | BK22: =$E$14*(1+$AW22) -> 0 | BL22: {=IF($F$14-$I$4+VLOOKUP($Q22,武学奇术!$A:$ZZ,15,FALSE)+SUM(_xlfn.XLOOKUP($R22:$AK22,增益!$A:$A,增益!$O:$O,0))>0,($F$14-$I$4+VLOOKUP($Q22,武学奇术!$A:$ZZ,15,FALSE)+SUM(_xlfn.XLOOKUP($R22:$AK22,增益!$A:$A,增益!$O:$O,0)))/200,($F$14-$I$4+VLOOKUP($Q22,武学奇术!$A:$ZZ,15,FALSE)+SUM(_xlfn.XLOOKUP($R22:$AK22,增益!$A:$A,增益!$O:$O,0)))/100)} -> -0.14 | BM22: {=$G$14+VLOOKUP($Q22,武学奇术!$A:$ZZ,16,FALSE)+SUM(_xlfn.XLOOKUP($R22:$AK22,增益!$A:$A,增益!$P:$P,0))} -> 0 | BN22: =MIN(IF(VLOOKUP($Q22,武学奇术!$A:$ZZ,23,FALSE)=1,100%,$B$8),100%) -> 0.9859 | BO22: {=IF(VLOOKUP($Q22,武学奇术!$A:$ZZ,23,FALSE)=1,100%,MIN(80%,$B$9+VLOOKUP($Q22,武学奇术!$A:$ZZ,17,FALSE)+SUM(_xlfn.XLOOKUP($R22:$AK22,增益!$A:$A,增益!$Q:$Q,0)))+$B$11+SUM(_xlfn.XLOOKUP($R22:$AK22,增益!$A:$A,增益!$U:$U,0)))*IF(VLOOKUP($Q22,武学奇术!$A:$ZZ,24,FALSE)=1,0,1)} -> 0.8912 | BP22: {=1+$B$13+VLOOKUP($Q22,武学奇术!$A:$ZZ,18,FALSE)+SUM(_xlfn.XLOOKUP($R22:$AK22,增益!$A:$A,增益!$R:$R,0))} -> 1.95 | BQ22: {=IF(VLOOKUP($Q22,武学奇术!$A:$ZZ,24,FALSE)=1,100%,MIN(40%,$B$10+VLOOKUP($Q22,武学奇术!$A:$ZZ,19,FALSE)+SUM(_xlfn.XLOOKUP($R22:$AK22,增益!$A:$A,增益!$S:$S,0)))+$B$12+SUM(_xlfn.XLOOKUP($R22:$AK22,增益!$A:$A,增益!$V:$V,0)))*IF(VLOOKUP($Q22,武学奇术!$A:$ZZ,23,FALSE)=1,0,1)} -> 0.0929 | BR22: {=1+$B$14+VLOOKUP($Q22,武学奇术!$A:$ZZ,20,FALSE)+SUM(_xlfn.XLOOKUP($R22:$AK22,增益!$A:$A,增益!$T:$T,0))} -> 1.35 | BS22: =MIN((1-BQ22)*BN22,BN22*BO22) -> 0.87863408 | BT22: =1-BQ22-BS22-BU22 -> 0.01567581 | BU22: =IF(VLOOKUP($Q22,武学奇术!$A:$ZZ,22,FALSE)=1,0,(1-$BN22))*(1-$BQ22) -> 0.01279011 | BV22: {=SUM(_xlfn.XLOOKUP($R22:$AK22,增益!$A:$A,增益!$W:$W,0))+$I$5} -> 0.11
A23: 食物加成 | B23: 200 | K23: =($L23*$BS23+$M23*$BQ23+$N23*$BT23+$O23*$BU23) -> 31612.349 | L23: =((($AS23+$AT23)/2*$AM23+$AN23)*(1+$AU23)*(1+$AV23)+(($AX23+$AY23)/2*IF($G$1="鸣金",$AO23,$AM23)+IF($G$1="鸣金",$AP23*1.5,0))*(1+$AZ23)*(1+$BA23)+(($BB23+$BC23)/2*IF($G$1="裂石",$AO23,$AM23)+IF($G$1="裂石",$AP23*1.5,0))*(1+$BD23)*(1+$BE23)+(($BF23+$BG23)/2*IF($G$1="牵丝",$AO23,$AM23)+IF($G$1="牵丝",$AP23*1.5,0))*(1+$BH23)*(1+$BI23)+(($BJ23+$BK23)/2*IF($G$1="破竹",$AO23,$AM23)+IF($G$1="破竹",$AP23*1.5,0))*(1+$BL23)*(1+$BM23))*(1+$AQ23)*$BP23*$P23*(1+IF(VLOOKUP($Q23,武学奇术!$A:$ZZ,30,FALSE)="蓄力技",$B$21,0))*(1+$BV23) -> 32745.858 | M23: =(($AT23*$AM23+$AN23)*(1+$AU23)*(1+$AV23)+($AY23*IF($G$1="鸣金",$AO23,$AM23)+IF($G$1="鸣金",$AP23*1.5,0))*(1+$AZ23)*(1+$BA23)+($BC23*IF($G$1="裂石",$AO23,$AM23)+IF($G$1="裂石",$AP23*1.5,0))*(1+$BD23)*(1+$BE23)+($BG23*IF($G$1="牵丝",$AO23,$AM23)+IF($G$1="牵丝",$AP23*1.5,0))*(1+$BH23)*(1+$BI23)+($BK23*IF($G$1="破竹",$AO23,$AM23)+IF($G$1="破竹",$AP23*1.5,0))*(1+$BL23)*(1+$BM23))*(1+$AQ23)*$BR23*$P23*(1+IF(VLOOKUP($Q23,武学奇术!$A:$ZZ,30,FALSE)="蓄力技",$B$21,0))*(1+$BV23) -> 25746.465 | N23: =((($AS23+$AT23)/2*$AM23+$AN23)*(1+$AU23)*(1+$AV23)+(($AX23+$AY23)/2*IF($G$1="鸣金",$AO23,$AM23)+IF($G$1="鸣金",$AP23*1.5,0))*(1+$AZ23)*(1+$BA23)+(($BB23+$BC23)/2*IF($G$1="裂石",$AO23,$AM23)+IF($G$1="裂石",$AP23*1.5,0))*(1+$BD23)*(1+$BE23)+(($BF23+$BG23)/2*IF($G$1="牵丝",$AO23,$AM23)+IF($G$1="牵丝",$AP23*1.5,0))*(1+$BH23)*(1+$BI23)+(($BJ23+$BK23)/2*IF($G$1="破竹",$AO23,$AM23)+IF($G$1="破竹",$AP23*1.5,0))*(1+$BL23)*(1+$BM23))*(1+$AQ23)*$P23*(1+IF(VLOOKUP($Q23,武学奇术!$A:$ZZ,30,FALSE)="蓄力技",$B$21,0))*(1+$BV23) -> 16792.747 | O23: =((($AS23*$AM23+$AN23)*(1+$AU23)*(1+$AV23)+($AX23*IF($G$1="鸣金",$AO23,$AM23)+IF($G$1="鸣金",$AP23*1.5,0))*(1+$AZ23)*(1+$BA23)+($BB23*IF($G$1="裂石",$AO23,$AM23)+IF($G$1="裂石",$AP23*1.5,0))*(1+$BD23)*(1+$BE23)+($BF23*IF($G$1="牵丝",$AO23,$AM23)+IF($G$1="牵丝",$AP23*1.5,0))*(1+$BH23)*(1+$BI23)+($BJ23*IF($G$1="破竹",$AO23,$AM23)+IF($G$1="破竹",$AP23*1.5,0))*(1+$BL23)*(1+$BM23))*(1+$AQ23))*$P23*(1+IF(VLOOKUP($Q23,武学奇术!$A:$ZZ,30,FALSE)="蓄力技",$B$21,0))*(1+$BV23) -> 14514.04 | P23: 1 | Q23: 陌刀安西军跳劈无开山 | R23: 易水歌5层 | S23: N/a | T23: 惧刃 | U23: 穿喉5 | V23: N/a | W23: N/a | X23: 沧海帖5层 | Y23: N/a | Z23: N/a | AA23: 断岳 | AB23: 扶风(拐) | AC23: N/a | AD23: 裁云(拐) | AE23: 无惧 | AF23: 铁衣 | AG23: N/a | AH23: N/a | AI23: N/a | AJ23: N/a | AK23: 离猎(拐) | AL23: =VLOOKUP($Q23,武学奇术!$A:$ZZ,25,FALSE) -> 陌刀 | AM23: =VLOOKUP($Q23,武学奇术!$A:$ZZ,26,FALSE) -> 0.9 | AN23: =VLOOKUP($Q23,武学奇术!$A:$ZZ,27,FALSE)*(1+IF(OR($AL23=$F$4,$AL23=$F$5),$B$22,0)) -> 0 | AO23: =VLOOKUP($Q23,武学奇术!$A:$ZZ,28,FALSE) -> 1.35 | AP23: =VLOOKUP($Q23,武学奇术!$A:$ZZ,29,FALSE)*(1+IF(OR($AL23=$F$4,$AL23=$F$5),$B$22,0)) -> 0 | AQ23: {=$G$3+IFERROR(VLOOKUP($AL23,$F$4:$G$7,2,FALSE),0)+VLOOKUP($Q23,武学奇术!$A:$ZZ,2,FALSE)+SUM(_xlfn.XLOOKUP($R23:$AK23,增益!$A:$A,增益!$B:$B,0))} -> 0.6941 | AR23: {=VLOOKUP($Q23,武学奇术!$A:$ZZ,5,FALSE)+SUM(_xlfn.XLOOKUP($R23:$AK23,增益!$A:$A,增益!$E:$E,0))} -> 0 | AS23: {=$D$10*(1+$AR23)+VLOOKUP($Q23,武学奇术!$A:$ZZ,3,FALSE)+SUM(_xlfn.XLOOKUP($R23:$AK23,增益!$A:$A,增益!$C:$C,0))-$I$2} -> 3648.7 | AT23: {=$E$10*(1+$AR23)+VLOOKUP($Q23,武学奇术!$A:$ZZ,4,FALSE)+SUM(_xlfn.XLOOKUP($R23:$AK23,增益!$A:$A,增益!$D:$D,0))-$I$2} -> 3648.7 | AU23: {=IF($F$10-$I$3+VLOOKUP($Q23,武学奇术!$A:$ZZ,6,FALSE)+SUM(_xlfn.XLOOKUP($R23:$AK23,增益!$A:$A,增益!$F:$F,0))>0,($F$10-$I$3+VLOOKUP($Q23,武学奇术!$A:$ZZ,6,FALSE)+SUM(_xlfn.XLOOKUP($R23:$AK23,增益!$A:$A,增益!$F:$F,0)))/200,($F$10-$I$3+VLOOKUP($Q23,武学奇术!$A:$ZZ,6,FALSE)+SUM(_xlfn.XLOOKUP($R23:$AK23,增益!$A:$A,增益!$F:$F,0)))/100)} -> 0.452 | AV23: {=$G$10+VLOOKUP($Q23,武学奇术!$A:$ZZ,7,FALSE)+SUM(_xlfn.XLOOKUP($R23:$AK23,增益!$A:$A,增益!$G:$G,0))} -> 0 | AW23: {=VLOOKUP($Q23,武学奇术!$A:$ZZ,8,FALSE)+SUM(_xlfn.XLOOKUP($R23:$AK23,增益!$A:$A,增益!$H:$H,0))} -> 0 | AX23: =$D$11*(1+$AW23) -> 0 | AY23: =$E$11*(1+$AW23) -> 0 | AZ23: {=IF($F$11-$I$4+VLOOKUP($Q23,武学奇术!$A:$ZZ,9,FALSE)+SUM(_xlfn.XLOOKUP($R23:$AK23,增益!$A:$A,增益!$I:$I,0))>0,($F$11-$I$4+VLOOKUP($Q23,武学奇术!$A:$ZZ,9,FALSE)+SUM(_xlfn.XLOOKUP($R23:$AK23,增益!$A:$A,增益!$I:$I,0)))/200,($F$11-$I$4+VLOOKUP($Q23,武学奇术!$A:$ZZ,9,FALSE)+SUM(_xlfn.XLOOKUP($R23:$AK23,增益!$A:$A,增益!$I:$I,0)))/100)} -> -0.14 | BA23: {=$G$11+VLOOKUP($Q23,武学奇术!$A:$ZZ,10,FALSE)+SUM(_xlfn.XLOOKUP($R23:$AK23,增益!$A:$A,增益!$J:$J,0))} -> 0 | BB23: =$D$12*(1+$AW23) -> 594.1 | BC23: =$E$12*(1+$AW23) -> 1604.9 | BD23: {=IF($F$12-$I$4+VLOOKUP($Q23,武学奇术!$A:$ZZ,11,FALSE)+SUM(_xlfn.XLOOKUP($R23:$AK23,增益!$A:$A,增益!$K:$K,0))>0,($F$12-$I$4+VLOOKUP($Q23,武学奇术!$A:$ZZ,11,FALSE)+SUM(_xlfn.XLOOKUP($R23:$AK23,增益!$A:$A,增益!$K:$K,0)))/200,($F$12-$I$4+VLOOKUP($Q23,武学奇术!$A:$ZZ,11,FALSE)+SUM(_xlfn.XLOOKUP($R23:$AK23,增益!$A:$A,增益!$K:$K,0)))/100)} -> 0.17 | BE23: {=$G$12+VLOOKUP($Q23,武学奇术!$A:$ZZ,12,FALSE)+SUM(_xlfn.XLOOKUP($R23:$AK23,增益!$A:$A,增益!$L:$L,0))} -> 0.15 | BF23: =$D$13*(1+$AW23) -> 0 | BG23: =$E$13*(1+$AW23) -> 0 | BH23: {=IF($F$13-$I$4+VLOOKUP($Q23,武学奇术!$A:$ZZ,13,FALSE)+SUM(_xlfn.XLOOKUP($R23:$AK23,增益!$A:$A,增益!$M:$M,0))>0,($F$13-$I$4+VLOOKUP($Q23,武学奇术!$A:$ZZ,13,FALSE)+SUM(_xlfn.XLOOKUP($R23:$AK23,增益!$A:$A,增益!$K:$K,0)))/200,($F$13-$I$4+VLOOKUP($Q23,武学奇术!$A:$ZZ,13,FALSE)+SUM(_xlfn.XLOOKUP($R23:$AK23,增益!$A:$A,增益!$M:$M,0)))/100)} -> -0.14 | BI23: {=$G$13+VLOOKUP($Q23,武学奇术!$A:$ZZ,14,FALSE)+SUM(_xlfn.XLOOKUP($R23:$AK23,增益!$A:$A,增益!$N:$N,0))} -> 0 | BJ23: =$D$14*(1+$AW23) -> 0 | BK23: =$E$14*(1+$AW23) -> 0 | BL23: {=IF($F$14-$I$4+VLOOKUP($Q23,武学奇术!$A:$ZZ,15,FALSE)+SUM(_xlfn.XLOOKUP($R23:$AK23,增益!$A:$A,增益!$O:$O,0))>0,($F$14-$I$4+VLOOKUP($Q23,武学奇术!$A:$ZZ,15,FALSE)+SUM(_xlfn.XLOOKUP($R23:$AK23,增益!$A:$A,增益!$O:$O,0)))/200,($F$14-$I$4+VLOOKUP($Q23,武学奇术!$A:$ZZ,15,FALSE)+SUM(_xlfn.XLOOKUP($R23:$AK23,增益!$A:$A,增益!$O:$O,0)))/100)} -> -0.14 | BM23: {=$G$14+VLOOKUP($Q23,武学奇术!$A:$ZZ,16,FALSE)+SUM(_xlfn.XLOOKUP($R23:$AK23,增益!$A:$A,增益!$P:$P,0))} -> 0 | BN23: =MIN(IF(VLOOKUP($Q23,武学奇术!$A:$ZZ,23,FALSE)=1,100%,$B$8),100%) -> 0.9859 | BO23: {=IF(VLOOKUP($Q23,武学奇术!$A:$ZZ,23,FALSE)=1,100%,MIN(80%,$B$9+VLOOKUP($Q23,武学奇术!$A:$ZZ,17,FALSE)+SUM(_xlfn.XLOOKUP($R23:$AK23,增益!$A:$A,增益!$Q:$Q,0)))+$B$11+SUM(_xlfn.XLOOKUP($R23:$AK23,增益!$A:$A,增益!$U:$U,0)))*IF(VLOOKUP($Q23,武学奇术!$A:$ZZ,24,FALSE)=1,0,1)} -> 0.8912 | BP23: {=1+$B$13+VLOOKUP($Q23,武学奇术!$A:$ZZ,18,FALSE)+SUM(_xlfn.XLOOKUP($R23:$AK23,增益!$A:$A,增益!$R:$R,0))} -> 1.95 | BQ23: {=IF(VLOOKUP($Q23,武学奇术!$A:$ZZ,24,FALSE)=1,100%,MIN(40%,$B$10+VLOOKUP($Q23,武学奇术!$A:$ZZ,19,FALSE)+SUM(_xlfn.XLOOKUP($R23:$AK23,增益!$A:$A,增益!$S:$S,0)))+$B$12+SUM(_xlfn.XLOOKUP($R23:$AK23,增益!$A:$A,增益!$V:$V,0)))*IF(VLOOKUP($Q23,武学奇术!$A:$ZZ,23,FALSE)=1,0,1)} -> 0.0929 | BR23: {=1+$B$14+VLOOKUP($Q23,武学奇术!$A:$ZZ,20,FALSE)+SUM(_xlfn.XLOOKUP($R23:$AK23,增益!$A:$A,增益!$T:$T,0))} -> 1.35 | BS23: =MIN((1-BQ23)*BN23,BN23*BO23) -> 0.87863408 | BT23: =1-BQ23-BS23-BU23 -> 0.01567581 | BU23: =IF(VLOOKUP($Q23,武学奇术!$A:$ZZ,22,FALSE)=1,0,(1-$BN23))*(1-$BQ23) -> 0.01279011 | BV23: {=SUM(_xlfn.XLOOKUP($R23:$AK23,增益!$A:$A,增益!$W:$W,0))+$I$5} -> 0.11
B24: 400 | K24: =($L24*$BS24+$M24*$BQ24+$N24*$BT24+$O24*$BU24) -> 229478.87 | L24: =((($AS24+$AT24)/2*$AM24+$AN24)*(1+$AU24)*(1+$AV24)+(($AX24+$AY24)/2*IF($G$1="鸣金",$AO24,$AM24)+IF($G$1="鸣金",$AP24*1.5,0))*(1+$AZ24)*(1+$BA24)+(($BB24+$BC24)/2*IF($G$1="裂石",$AO24,$AM24)+IF($G$1="裂石",$AP24*1.5,0))*(1+$BD24)*(1+$BE24)+(($BF24+$BG24)/2*IF($G$1="牵丝",$AO24,$AM24)+IF($G$1="牵丝",$AP24*1.5,0))*(1+$BH24)*(1+$BI24)+(($BJ24+$BK24)/2*IF($G$1="破竹",$AO24,$AM24)+IF($G$1="破竹",$AP24*1.5,0))*(1+$BL24)*(1+$BM24))*(1+$AQ24)*$BP24*$P24*(1+IF(VLOOKUP($Q24,武学奇术!$A:$ZZ,30,FALSE)="蓄力技",$B$21,0))*(1+$BV24) -> 237945.51 | M24: =(($AT24*$AM24+$AN24)*(1+$AU24)*(1+$AV24)+($AY24*IF($G$1="鸣金",$AO24,$AM24)+IF($G$1="鸣金",$AP24*1.5,0))*(1+$AZ24)*(1+$BA24)+($BC24*IF($G$1="裂石",$AO24,$AM24)+IF($G$1="裂石",$AP24*1.5,0))*(1+$BD24)*(1+$BE24)+($BG24*IF($G$1="牵丝",$AO24,$AM24)+IF($G$1="牵丝",$AP24*1.5,0))*(1+$BH24)*(1+$BI24)+($BK24*IF($G$1="破竹",$AO24,$AM24)+IF($G$1="破竹",$AP24*1.5,0))*(1+$BL24)*(1+$BM24))*(1+$AQ24)*$BR24*$P24*(1+IF(VLOOKUP($Q24,武学奇术!$A:$ZZ,30,FALSE)="蓄力技",$B$21,0))*(1+$BV24) -> 184327.03 | N24: =((($AS24+$AT24)/2*$AM24+$AN24)*(1+$AU24)*(1+$AV24)+(($AX24+$AY24)/2*IF($G$1="鸣金",$AO24,$AM24)+IF($G$1="鸣金",$AP24*1.5,0))*(1+$AZ24)*(1+$BA24)+(($BB24+$BC24)/2*IF($G$1="裂石",$AO24,$AM24)+IF($G$1="裂石",$AP24*1.5,0))*(1+$BD24)*(1+$BE24)+(($BF24+$BG24)/2*IF($G$1="牵丝",$AO24,$AM24)+IF($G$1="牵丝",$AP24*1.5,0))*(1+$BH24)*(1+$BI24)+(($BJ24+$BK24)/2*IF($G$1="破竹",$AO24,$AM24)+IF($G$1="破竹",$AP24*1.5,0))*(1+$BL24)*(1+$BM24))*(1+$AQ24)*$P24*(1+IF(VLOOKUP($Q24,武学奇术!$A:$ZZ,30,FALSE)="蓄力技",$B$21,0))*(1+$BV24) -> 122023.34 | O24: =((($AS24*$AM24+$AN24)*(1+$AU24)*(1+$AV24)+($AX24*IF($G$1="鸣金",$AO24,$AM24)+IF($G$1="鸣金",$AP24*1.5,0))*(1+$AZ24)*(1+$BA24)+($BB24*IF($G$1="裂石",$AO24,$AM24)+IF($G$1="裂石",$AP24*1.5,0))*(1+$BD24)*(1+$BE24)+($BF24*IF($G$1="牵丝",$AO24,$AM24)+IF($G$1="牵丝",$AP24*1.5,0))*(1+$BH24)*(1+$BI24)+($BJ24*IF($G$1="破竹",$AO24,$AM24)+IF($G$1="破竹",$AP24*1.5,0))*(1+$BL24)*(1+$BM24))*(1+$AQ24))*$P24*(1+IF(VLOOKUP($Q24,武学奇术!$A:$ZZ,30,FALSE)="蓄力技",$B$21,0))*(1+$BV24) -> 107508.14 | P24: 1 | Q24: 陌刀三蓄 | R24: 易水歌5层 | S24: N/a | T24: 惧刃 | U24: 穿喉5 | V24: N/a | W24: N/a | X24: 沧海帖5层 | Y24: N/a | Z24: N/a | AA24: 断岳 | AB24: 扶风(拐) | AC24: N/a | AD24: 裁云(拐) | AE24: 无惧 | AF24: 铁衣 | AG24: N/a | AH24: N/a | AI24: N/a | AJ24: N/a | AK24: 离猎(拐) | AL24: =VLOOKUP($Q24,武学奇术!$A:$ZZ,25,FALSE) -> 陌刀 | AM24: =VLOOKUP($Q24,武学奇术!$A:$ZZ,26,FALSE) -> 5.733 | AN24: =VLOOKUP($Q24,武学奇术!$A:$ZZ,27,FALSE)*(1+IF(OR($AL24=$F$4,$AL24=$F$5),$B$22,0)) -> 2377.5 | AO24: =VLOOKUP($Q24,武学奇术!$A:$ZZ,28,FALSE) -> 8.5994 | AP24: =VLOOKUP($Q24,武学奇术!$A:$ZZ,29,FALSE)*(1+IF(OR($AL24=$F$4,$AL24=$F$5),$B$22,0)) -> 1294.5 | AQ24: {=$G$3+IFERROR(VLOOKUP($AL24,$F$4:$G$7,2,FALSE),0)+VLOOKUP($Q24,武学奇术!$A:$ZZ,2,FALSE)+SUM(_xlfn.XLOOKUP($R24:$AK24,增益!$A:$A,增益!$B:$B,0))} -> 0.6941 | AR24: {=VLOOKUP($Q24,武学奇术!$A:$ZZ,5,FALSE)+SUM(_xlfn.XLOOKUP($R24:$AK24,增益!$A:$A,增益!$E:$E,0))} -> 0 | AS24: {=$D$10*(1+$AR24)+VLOOKUP($Q24,武学奇术!$A:$ZZ,3,FALSE)+SUM(_xlfn.XLOOKUP($R24:$AK24,增益!$A:$A,增益!$C:$C,0))-$I$2} -> 3648.7 | AT24: {=$E$10*(1+$AR24)+VLOOKUP($Q24,武学奇术!$A:$ZZ,4,FALSE)+SUM(_xlfn.XLOOKUP($R24:$AK24,增益!$A:$A,增益!$D:$D,0))-$I$2} -> 3648.7 | AU24: {=IF($F$10-$I$3+VLOOKUP($Q24,武学奇术!$A:$ZZ,6,FALSE)+SUM(_xlfn.XLOOKUP($R24:$AK24,增益!$A:$A,增益!$F:$F,0))>0,($F$10-$I$3+VLOOKUP($Q24,武学奇术!$A:$ZZ,6,FALSE)+SUM(_xlfn.XLOOKUP($R24:$AK24,增益!$A:$A,增益!$F:$F,0)))/200,($F$10-$I$3+VLOOKUP($Q24,武学奇术!$A:$ZZ,6,FALSE)+SUM(_xlfn.XLOOKUP($R24:$AK24,增益!$A:$A,增益!$F:$F,0)))/100)} -> 0.452 | AV24: {=$G$10+VLOOKUP($Q24,武学奇术!$A:$ZZ,7,FALSE)+SUM(_xlfn.XLOOKUP($R24:$AK24,增益!$A:$A,增益!$G:$G,0))} -> 0 | AW24: {=VLOOKUP($Q24,武学奇术!$A:$ZZ,8,FALSE)+SUM(_xlfn.XLOOKUP($R24:$AK24,增益!$A:$A,增益!$H:$H,0))} -> 0 | AX24: =$D$11*(1+$AW24) -> 0 | AY24: =$E$11*(1+$AW24) -> 0 | AZ24: {=IF($F$11-$I$4+VLOOKUP($Q24,武学奇术!$A:$ZZ,9,FALSE)+SUM(_xlfn.XLOOKUP($R24:$AK24,增益!$A:$A,增益!$I:$I,0))>0,($F$11-$I$4+VLOOKUP($Q24,武学奇术!$A:$ZZ,9,FALSE)+SUM(_xlfn.XLOOKUP($R24:$AK24,增益!$A:$A,增益!$I:$I,0)))/200,($F$11-$I$4+VLOOKUP($Q24,武学奇术!$A:$ZZ,9,FALSE)+SUM(_xlfn.XLOOKUP($R24:$AK24,增益!$A:$A,增益!$I:$I,0)))/100)} -> -0.14 | BA24: {=$G$11+VLOOKUP($Q24,武学奇术!$A:$ZZ,10,FALSE)+SUM(_xlfn.XLOOKUP($R24:$AK24,增益!$A:$A,增益!$J:$J,0))} -> 0 | BB24: =$D$12*(1+$AW24) -> 594.1 | BC24: =$E$12*(1+$AW24) -> 1604.9 | BD24: {=IF($F$12-$I$4+VLOOKUP($Q24,武学奇术!$A:$ZZ,11,FALSE)+SUM(_xlfn.XLOOKUP($R24:$AK24,增益!$A:$A,增益!$K:$K,0))>0,($F$12-$I$4+VLOOKUP($Q24,武学奇术!$A:$ZZ,11,FALSE)+SUM(_xlfn.XLOOKUP($R24:$AK24,增益!$A:$A,增益!$K:$K,0)))/200,($F$12-$I$4+VLOOKUP($Q24,武学奇术!$A:$ZZ,11,FALSE)+SUM(_xlfn.XLOOKUP($R24:$AK24,增益!$A:$A,增益!$K:$K,0)))/100)} -> 0.17 | BE24: {=$G$12+VLOOKUP($Q24,武学奇术!$A:$ZZ,12,FALSE)+SUM(_xlfn.XLOOKUP($R24:$AK24,增益!$A:$A,增益!$L:$L,0))} -> 0.15 | BF24: =$D$13*(1+$AW24) -> 0 | BG24: =$E$13*(1+$AW24) -> 0 | BH24: {=IF($F$13-$I$4+VLOOKUP($Q24,武学奇术!$A:$ZZ,13,FALSE)+SUM(_xlfn.XLOOKUP($R24:$AK24,增益!$A:$A,增益!$M:$M,0))>0,($F$13-$I$4+VLOOKUP($Q24,武学奇术!$A:$ZZ,13,FALSE)+SUM(_xlfn.XLOOKUP($R24:$AK24,增益!$A:$A,增益!$K:$K,0)))/200,($F$13-$I$4+VLOOKUP($Q24,武学奇术!$A:$ZZ,13,FALSE)+SUM(_xlfn.XLOOKUP($R24:$AK24,增益!$A:$A,增益!$M:$M,0)))/100)} -> -0.14 | BI24: {=$G$13+VLOOKUP($Q24,武学奇术!$A:$ZZ,14,FALSE)+SUM(_xlfn.XLOOKUP($R24:$AK24,增益!$A:$A,增益!$N:$N,0))} -> 0 | BJ24: =$D$14*(1+$AW24) -> 0 | BK24: =$E$14*(1+$AW24) -> 0 | BL24: {=IF($F$14-$I$4+VLOOKUP($Q24,武学奇术!$A:$ZZ,15,FALSE)+SUM(_xlfn.XLOOKUP($R24:$AK24,增益!$A:$A,增益!$O:$O,0))>0,($F$14-$I$4+VLOOKUP($Q24,武学奇术!$A:$ZZ,15,FALSE)+SUM(_xlfn.XLOOKUP($R24:$AK24,增益!$A:$A,增益!$O:$O,0)))/200,($F$14-$I$4+VLOOKUP($Q24,武学奇术!$A:$ZZ,15,FALSE)+SUM(_xlfn.XLOOKUP($R24:$AK24,增益!$A:$A,增益!$O:$O,0)))/100)} -> -0.14 | BM24: {=$G$14+VLOOKUP($Q24,武学奇术!$A:$ZZ,16,FALSE)+SUM(_xlfn.XLOOKUP($R24:$AK24,增益!$A:$A,增益!$P:$P,0))} -> 0 | BN24: =MIN(IF(VLOOKUP($Q24,武学奇术!$A:$ZZ,23,FALSE)=1,100%,$B$8),100%) -> 0.9859 | BO24: {=IF(VLOOKUP($Q24,武学奇术!$A:$ZZ,23,FALSE)=1,100%,MIN(80%,$B$9+VLOOKUP($Q24,武学奇术!$A:$ZZ,17,FALSE)+SUM(_xlfn.XLOOKUP($R24:$AK24,增益!$A:$A,增益!$Q:$Q,0)))+$B$11+SUM(_xlfn.XLOOKUP($R24:$AK24,增益!$A:$A,增益!$U:$U,0)))*IF(VLOOKUP($Q24,武学奇术!$A:$ZZ,24,FALSE)=1,0,1)} -> 0.8912 | BP24: {=1+$B$13+VLOOKUP($Q24,武学奇术!$A:$ZZ,18,FALSE)+SUM(_xlfn.XLOOKUP($R24:$AK24,增益!$A:$A,增益!$R:$R,0))} -> 1.95 | BQ24: {=IF(VLOOKUP($Q24,武学奇术!$A:$ZZ,24,FALSE)=1,100%,MIN(40%,$B$10+VLOOKUP($Q24,武学奇术!$A:$ZZ,19,FALSE)+SUM(_xlfn.XLOOKUP($R24:$AK24,增益!$A:$A,增益!$S:$S,0)))+$B$12+SUM(_xlfn.XLOOKUP($R24:$AK24,增益!$A:$A,增益!$V:$V,0)))*IF(VLOOKUP($Q24,武学奇术!$A:$ZZ,23,FALSE)=1,0,1)} -> 0.0929 | BR24: {=1+$B$14+VLOOKUP($Q24,武学奇术!$A:$ZZ,20,FALSE)+SUM(_xlfn.XLOOKUP($R24:$AK24,增益!$A:$A,增益!$T:$T,0))} -> 1.35 | BS24: =MIN((1-BQ24)*BN24,BN24*BO24) -> 0.87863408 | BT24: =1-BQ24-BS24-BU24 -> 0.01567581 | BU24: =IF(VLOOKUP($Q24,武学奇术!$A:$ZZ,22,FALSE)=1,0,(1-$BN24))*(1-$BQ24) -> 0.01279011 | BV24: {=SUM(_xlfn.XLOOKUP($R24:$AK24,增益!$A:$A,增益!$W:$W,0))+$I$5} -> 0.11
K25: =($L25*$BS25+$M25*$BQ25+$N25*$BT25+$O25*$BU25) -> 53824.838 | L25: =((($AS25+$AT25)/2*$AM25+$AN25)*(1+$AU25)*(1+$AV25)+(($AX25+$AY25)/2*IF($G$1="鸣金",$AO25,$AM25)+IF($G$1="鸣金",$AP25*1.5,0))*(1+$AZ25)*(1+$BA25)+(($BB25+$BC25)/2*IF($G$1="裂石",$AO25,$AM25)+IF($G$1="裂石",$AP25*1.5,0))*(1+$BD25)*(1+$BE25)+(($BF25+$BG25)/2*IF($G$1="牵丝",$AO25,$AM25)+IF($G$1="牵丝",$AP25*1.5,0))*(1+$BH25)*(1+$BI25)+(($BJ25+$BK25)/2*IF($G$1="破竹",$AO25,$AM25)+IF($G$1="破竹",$AP25*1.5,0))*(1+$BL25)*(1+$BM25))*(1+$AQ25)*$BP25*$P25*(1+IF(VLOOKUP($Q25,武学奇术!$A:$ZZ,30,FALSE)="蓄力技",$B$21,0))*(1+$BV25) -> 55855.196 | M25: =(($AT25*$AM25+$AN25)*(1+$AU25)*(1+$AV25)+($AY25*IF($G$1="鸣金",$AO25,$AM25)+IF($G$1="鸣金",$AP25*1.5,0))*(1+$AZ25)*(1+$BA25)+($BC25*IF($G$1="裂石",$AO25,$AM25)+IF($G$1="裂石",$AP25*1.5,0))*(1+$BD25)*(1+$BE25)+($BG25*IF($G$1="牵丝",$AO25,$AM25)+IF($G$1="牵丝",$AP25*1.5,0))*(1+$BH25)*(1+$BI25)+($BK25*IF($G$1="破竹",$AO25,$AM25)+IF($G$1="破竹",$AP25*1.5,0))*(1+$BL25)*(1+$BM25))*(1+$AQ25)*$BR25*$P25*(1+IF(VLOOKUP($Q25,武学奇术!$A:$ZZ,30,FALSE)="蓄力技",$B$21,0))*(1+$BV25) -> 42826.824 | N25: =((($AS25+$AT25)/2*$AM25+$AN25)*(1+$AU25)*(1+$AV25)+(($AX25+$AY25)/2*IF($G$1="鸣金",$AO25,$AM25)+IF($G$1="鸣金",$AP25*1.5,0))*(1+$AZ25)*(1+$BA25)+(($BB25+$BC25)/2*IF($G$1="裂石",$AO25,$AM25)+IF($G$1="裂石",$AP25*1.5,0))*(1+$BD25)*(1+$BE25)+(($BF25+$BG25)/2*IF($G$1="牵丝",$AO25,$AM25)+IF($G$1="牵丝",$AP25*1.5,0))*(1+$BH25)*(1+$BI25)+(($BJ25+$BK25)/2*IF($G$1="破竹",$AO25,$AM25)+IF($G$1="破竹",$AP25*1.5,0))*(1+$BL25)*(1+$BM25))*(1+$AQ25)*$P25*(1+IF(VLOOKUP($Q25,武学奇术!$A:$ZZ,30,FALSE)="蓄力技",$B$21,0))*(1+$BV25) -> 28497.549 | O25: =((($AS25*$AM25+$AN25)*(1+$AU25)*(1+$AV25)+($AX25*IF($G$1="鸣金",$AO25,$AM25)+IF($G$1="鸣金",$AP25*1.5,0))*(1+$AZ25)*(1+$BA25)+($BB25*IF($G$1="裂石",$AO25,$AM25)+IF($G$1="裂石",$AP25*1.5,0))*(1+$BD25)*(1+$BE25)+($BF25*IF($G$1="牵丝",$AO25,$AM25)+IF($G$1="牵丝",$AP25*1.5,0))*(1+$BH25)*(1+$BI25)+($BJ25*IF($G$1="破竹",$AO25,$AM25)+IF($G$1="破竹",$AP25*1.5,0))*(1+$BL25)*(1+$BM25))*(1+$AQ25))*$P25*(1+IF(VLOOKUP($Q25,武学奇术!$A:$ZZ,30,FALSE)="蓄力技",$B$21,0))*(1+$BV25) -> 25271.525 | P25: 1 | Q25: 燃此魂秒放 | R25: 易水歌5层 | S25: N/a | T25: N/a | U25: 穿喉5 | V25: N/a | W25: N/a | X25: 沧海帖6层 | Y25: N/a | Z25: N/a | AA25: 断岳 | AB25: 扶风(拐) | AC25: N/a | AD25: 裁云(拐) | AE25: 无惧 | AF25: 铁衣 | AG25: N/a | AH25: N/a | AI25: N/a | AJ25: N/a | AK25: 离猎(拐) | AL25: =VLOOKUP($Q25,武学奇术!$A:$ZZ,25,FALSE) -> 陌刀 | AM25: =VLOOKUP($Q25,武学奇术!$A:$ZZ,26,FALSE) -> 1.8948 | AN25: =VLOOKUP($Q25,武学奇术!$A:$ZZ,27,FALSE)*(1+IF(OR($AL25=$F$4,$AL25=$F$5),$B$22,0)) -> 787.5 | AO25: =VLOOKUP($Q25,武学奇术!$A:$ZZ,28,FALSE) -> 2.8422 | AP25: =VLOOKUP($Q25,武学奇术!$A:$ZZ,29,FALSE)*(1+IF(OR($AL25=$F$4,$AL25=$F$5),$B$22,0)) -> 429 | AQ25: {=$G$3+IFERROR(VLOOKUP($AL25,$F$4:$G$7,2,FALSE),0)+VLOOKUP($Q25,武学奇术!$A:$ZZ,2,FALSE)+SUM(_xlfn.XLOOKUP($R25:$AK25,增益!$A:$A,增益!$B:$B,0))} -> 0.6141 | AR25: {=VLOOKUP($Q25,武学奇术!$A:$ZZ,5,FALSE)+SUM(_xlfn.XLOOKUP($R25:$AK25,增益!$A:$A,增益!$E:$E,0))} -> 0 | AS25: {=$D$10*(1+$AR25)+VLOOKUP($Q25,武学奇术!$A:$ZZ,3,FALSE)+SUM(_xlfn.XLOOKUP($R25:$AK25,增益!$A:$A,增益!$C:$C,0))-$I$2} -> 3648.7 | AT25: {=$E$10*(1+$AR25)+VLOOKUP($Q25,武学奇术!$A:$ZZ,4,FALSE)+SUM(_xlfn.XLOOKUP($R25:$AK25,增益!$A:$A,增益!$D:$D,0))-$I$2} -> 3648.7 | AU25: {=IF($F$10-$I$3+VLOOKUP($Q25,武学奇术!$A:$ZZ,6,FALSE)+SUM(_xlfn.XLOOKUP($R25:$AK25,增益!$A:$A,增益!$F:$F,0))>0,($F$10-$I$3+VLOOKUP($Q25,武学奇术!$A:$ZZ,6,FALSE)+SUM(_xlfn.XLOOKUP($R25:$AK25,增益!$A:$A,增益!$F:$F,0)))/200,($F$10-$I$3+VLOOKUP($Q25,武学奇术!$A:$ZZ,6,FALSE)+SUM(_xlfn.XLOOKUP($R25:$AK25,增益!$A:$A,增益!$F:$F,0)))/100)} -> 0.452 | AV25: {=$G$10+VLOOKUP($Q25,武学奇术!$A:$ZZ,7,FALSE)+SUM(_xlfn.XLOOKUP($R25:$AK25,增益!$A:$A,增益!$G:$G,0))} -> 0 | AW25: {=VLOOKUP($Q25,武学奇术!$A:$ZZ,8,FALSE)+SUM(_xlfn.XLOOKUP($R25:$AK25,增益!$A:$A,增益!$H:$H,0))} -> 0 | AX25: =$D$11*(1+$AW25) -> 0 | AY25: =$E$11*(1+$AW25) -> 0 | AZ25: {=IF($F$11-$I$4+VLOOKUP($Q25,武学奇术!$A:$ZZ,9,FALSE)+SUM(_xlfn.XLOOKUP($R25:$AK25,增益!$A:$A,增益!$I:$I,0))>0,($F$11-$I$4+VLOOKUP($Q25,武学奇术!$A:$ZZ,9,FALSE)+SUM(_xlfn.XLOOKUP($R25:$AK25,增益!$A:$A,增益!$I:$I,0)))/200,($F$11-$I$4+VLOOKUP($Q25,武学奇术!$A:$ZZ,9,FALSE)+SUM(_xlfn.XLOOKUP($R25:$AK25,增益!$A:$A,增益!$I:$I,0)))/100)} -> -0.3 | BA25: {=$G$11+VLOOKUP($Q25,武学奇术!$A:$ZZ,10,FALSE)+SUM(_xlfn.XLOOKUP($R25:$AK25,增益!$A:$A,增益!$J:$J,0))} -> 0 | BB25: =$D$12*(1+$AW25) -> 594.1 | BC25: =$E$12*(1+$AW25) -> 1604.9 | BD25: {=IF($F$12-$I$4+VLOOKUP($Q25,武学奇术!$A:$ZZ,11,FALSE)+SUM(_xlfn.XLOOKUP($R25:$AK25,增益!$A:$A,增益!$K:$K,0))>0,($F$12-$I$4+VLOOKUP($Q25,武学奇术!$A:$ZZ,11,FALSE)+SUM(_xlfn.XLOOKUP($R25:$AK25,增益!$A:$A,增益!$K:$K,0)))/200,($F$12-$I$4+VLOOKUP($Q25,武学奇术!$A:$ZZ,11,FALSE)+SUM(_xlfn.XLOOKUP($R25:$AK25,增益!$A:$A,增益!$K:$K,0)))/100)} -> 0.09 | BE25: {=$G$12+VLOOKUP($Q25,武学奇术!$A:$ZZ,12,FALSE)+SUM(_xlfn.XLOOKUP($R25:$AK25,增益!$A:$A,增益!$L:$L,0))} -> 0.15 | BF25: =$D$13*(1+$AW25) -> 0 | BG25: =$E$13*(1+$AW25) -> 0 | BH25: {=IF($F$13-$I$4+VLOOKUP($Q25,武学奇术!$A:$ZZ,13,FALSE)+SUM(_xlfn.XLOOKUP($R25:$AK25,增益!$A:$A,增益!$M:$M,0))>0,($F$13-$I$4+VLOOKUP($Q25,武学奇术!$A:$ZZ,13,FALSE)+SUM(_xlfn.XLOOKUP($R25:$AK25,增益!$A:$A,增益!$K:$K,0)))/200,($F$13-$I$4+VLOOKUP($Q25,武学奇术!$A:$ZZ,13,FALSE)+SUM(_xlfn.XLOOKUP($R25:$AK25,增益!$A:$A,增益!$M:$M,0)))/100)} -> -0.3 | BI25: {=$G$13+VLOOKUP($Q25,武学奇术!$A:$ZZ,14,FALSE)+SUM(_xlfn.XLOOKUP($R25:$AK25,增益!$A:$A,增益!$N:$N,0))} -> 0 | BJ25: =$D$14*(1+$AW25) -> 0 | BK25: =$E$14*(1+$AW25) -> 0 | BL25: {=IF($F$14-$I$4+VLOOKUP($Q25,武学奇术!$A:$ZZ,15,FALSE)+SUM(_xlfn.XLOOKUP($R25:$AK25,增益!$A:$A,增益!$O:$O,0))>0,($F$14-$I$4+VLOOKUP($Q25,武学奇术!$A:$ZZ,15,FALSE)+SUM(_xlfn.XLOOKUP($R25:$AK25,增益!$A:$A,增益!$O:$O,0)))/200,($F$14-$I$4+VLOOKUP($Q25,武学奇术!$A:$ZZ,15,FALSE)+SUM(_xlfn.XLOOKUP($R25:$AK25,增益!$A:$A,增益!$O:$O,0)))/100)} -> -0.3 | BM25: {=$G$14+VLOOKUP($Q25,武学奇术!$A:$ZZ,16,FALSE)+SUM(_xlfn.XLOOKUP($R25:$AK25,增益!$A:$A,增益!$P:$P,0))} -> 0 | BN25: =MIN(IF(VLOOKUP($Q25,武学奇术!$A:$ZZ,23,FALSE)=1,100%,$B$8),100%) -> 0.9859 | BO25: {=IF(VLOOKUP($Q25,武学奇术!$A:$ZZ,23,FALSE)=1,100%,MIN(80%,$B$9+VLOOKUP($Q25,武学奇术!$A:$ZZ,17,FALSE)+SUM(_xlfn.XLOOKUP($R25:$AK25,增益!$A:$A,增益!$Q:$Q,0)))+$B$11+SUM(_xlfn.XLOOKUP($R25:$AK25,增益!$A:$A,增益!$U:$U,0)))*IF(VLOOKUP($Q25,武学奇术!$A:$ZZ,24,FALSE)=1,0,1)} -> 0.8912 | BP25: {=1+$B$13+VLOOKUP($Q25,武学奇术!$A:$ZZ,18,FALSE)+SUM(_xlfn.XLOOKUP($R25:$AK25,增益!$A:$A,增益!$R:$R,0))} -> 1.96 | BQ25: {=IF(VLOOKUP($Q25,武学奇术!$A:$ZZ,24,FALSE)=1,100%,MIN(40%,$B$10+VLOOKUP($Q25,武学奇术!$A:$ZZ,19,FALSE)+SUM(_xlfn.XLOOKUP($R25:$AK25,增益!$A:$A,增益!$S:$S,0)))+$B$12+SUM(_xlfn.XLOOKUP($R25:$AK25,增益!$A:$A,增益!$V:$V,0)))*IF(VLOOKUP($Q25,武学奇术!$A:$ZZ,23,FALSE)=1,0,1)} -> 0.0929 | BR25: {=1+$B$14+VLOOKUP($Q25,武学奇术!$A:$ZZ,20,FALSE)+SUM(_xlfn.XLOOKUP($R25:$AK25,增益!$A:$A,增益!$T:$T,0))} -> 1.35 | BS25: =MIN((1-BQ25)*BN25,BN25*BO25) -> 0.87863408 | BT25: =1-BQ25-BS25-BU25 -> 0.01567581 | BU25: =IF(VLOOKUP($Q25,武学奇术!$A:$ZZ,22,FALSE)=1,0,(1-$BN25))*(1-$BQ25) -> 0.01279011 | BV25: {=SUM(_xlfn.XLOOKUP($R25:$AK25,增益!$A:$A,增益!$W:$W,0))+$I$5} -> 0.11
K26: =($L26*$BS26+$M26*$BQ26+$N26*$BT26+$O26*$BU26) -> 24947.408 | L26: =((($AS26+$AT26)/2*$AM26+$AN26)*(1+$AU26)*(1+$AV26)+(($AX26+$AY26)/2*IF($G$1="鸣金",$AO26,$AM26)+IF($G$1="鸣金",$AP26*1.5,0))*(1+$AZ26)*(1+$BA26)+(($BB26+$BC26)/2*IF($G$1="裂石",$AO26,$AM26)+IF($G$1="裂石",$AP26*1.5,0))*(1+$BD26)*(1+$BE26)+(($BF26+$BG26)/2*IF($G$1="牵丝",$AO26,$AM26)+IF($G$1="牵丝",$AP26*1.5,0))*(1+$BH26)*(1+$BI26)+(($BJ26+$BK26)/2*IF($G$1="破竹",$AO26,$AM26)+IF($G$1="破竹",$AP26*1.5,0))*(1+$BL26)*(1+$BM26))*(1+$AQ26)*$BP26*$P26*(1+IF(VLOOKUP($Q26,武学奇术!$A:$ZZ,30,FALSE)="蓄力技",$B$21,0))*(1+$BV26) -> 25864.067 | M26: =(($AT26*$AM26+$AN26)*(1+$AU26)*(1+$AV26)+($AY26*IF($G$1="鸣金",$AO26,$AM26)+IF($G$1="鸣金",$AP26*1.5,0))*(1+$AZ26)*(1+$BA26)+($BC26*IF($G$1="裂石",$AO26,$AM26)+IF($G$1="裂石",$AP26*1.5,0))*(1+$BD26)*(1+$BE26)+($BG26*IF($G$1="牵丝",$AO26,$AM26)+IF($G$1="牵丝",$AP26*1.5,0))*(1+$BH26)*(1+$BI26)+($BK26*IF($G$1="破竹",$AO26,$AM26)+IF($G$1="破竹",$AP26*1.5,0))*(1+$BL26)*(1+$BM26))*(1+$AQ26)*$BR26*$P26*(1+IF(VLOOKUP($Q26,武学奇术!$A:$ZZ,30,FALSE)="蓄力技",$B$21,0))*(1+$BV26) -> 20113.002 | N26: =((($AS26+$AT26)/2*$AM26+$AN26)*(1+$AU26)*(1+$AV26)+(($AX26+$AY26)/2*IF($G$1="鸣金",$AO26,$AM26)+IF($G$1="鸣金",$AP26*1.5,0))*(1+$AZ26)*(1+$BA26)+(($BB26+$BC26)/2*IF($G$1="裂石",$AO26,$AM26)+IF($G$1="裂石",$AP26*1.5,0))*(1+$BD26)*(1+$BE26)+(($BF26+$BG26)/2*IF($G$1="牵丝",$AO26,$AM26)+IF($G$1="牵丝",$AP26*1.5,0))*(1+$BH26)*(1+$BI26)+(($BJ26+$BK26)/2*IF($G$1="破竹",$AO26,$AM26)+IF($G$1="破竹",$AP26*1.5,0))*(1+$BL26)*(1+$BM26))*(1+$AQ26)*$P26*(1+IF(VLOOKUP($Q26,武学奇术!$A:$ZZ,30,FALSE)="蓄力技",$B$21,0))*(1+$BV26) -> 13195.953 | O26: =((($AS26*$AM26+$AN26)*(1+$AU26)*(1+$AV26)+($AX26*IF($G$1="鸣金",$AO26,$AM26)+IF($G$1="鸣金",$AP26*1.5,0))*(1+$AZ26)*(1+$BA26)+($BB26*IF($G$1="裂石",$AO26,$AM26)+IF($G$1="裂石",$AP26*1.5,0))*(1+$BD26)*(1+$BE26)+($BF26*IF($G$1="牵丝",$AO26,$AM26)+IF($G$1="牵丝",$AP26*1.5,0))*(1+$BH26)*(1+$BI26)+($BJ26*IF($G$1="破竹",$AO26,$AM26)+IF($G$1="破竹",$AP26*1.5,0))*(1+$BL26)*(1+$BM26))*(1+$AQ26))*$P26*(1+IF(VLOOKUP($Q26,武学奇术!$A:$ZZ,30,FALSE)="蓄力技",$B$21,0))*(1+$BV26) -> 11493.385 | P26: 1 | Q26: 陌刀安西军荡八荒 | R26: 易水歌5层 | S26: N/a | T26: N/a | U26: 穿喉5 | V26: N/a | W26: N/a | X26: 沧海帖6层 | Y26: N/a | Z26: N/a | AA26: 断岳 | AB26: 扶风(拐) | AC26: N/a | AD26: 裁云(拐) | AE26: 无惧 | AF26: 铁衣 | AG26: N/a | AH26: N/a | AI26: N/a | AJ26: N/a | AK26: 离猎(拐) | AL26: =VLOOKUP($Q26,武学奇术!$A:$ZZ,25,FALSE) -> 陌刀 | AM26: =VLOOKUP($Q26,武学奇术!$A:$ZZ,26,FALSE) -> 1 | AN26: =VLOOKUP($Q26,武学奇术!$A:$ZZ,27,FALSE)*(1+IF(OR($AL26=$F$4,$AL26=$F$5),$B$22,0)) -> 0 | AO26: =VLOOKUP($Q26,武学奇术!$A:$ZZ,28,FALSE) -> 1.5 | AP26: =VLOOKUP($Q26,武学奇术!$A:$ZZ,29,FALSE)*(1+IF(OR($AL26=$F$4,$AL26=$F$5),$B$22,0)) -> 0 | AQ26: {=$G$3+IFERROR(VLOOKUP($AL26,$F$4:$G$7,2,FALSE),0)+VLOOKUP($Q26,武学奇术!$A:$ZZ,2,FALSE)+SUM(_xlfn.XLOOKUP($R26:$AK26,增益!$A:$A,增益!$B:$B,0))} -> 0.6141 | AR26: {=VLOOKUP($Q26,武学奇术!$A:$ZZ,5,FALSE)+SUM(_xlfn.XLOOKUP($R26:$AK26,增益!$A:$A,增益!$E:$E,0))} -> 0 | AS26: {=$D$10*(1+$AR26)+VLOOKUP($Q26,武学奇术!$A:$ZZ,3,FALSE)+SUM(_xlfn.XLOOKUP($R26:$AK26,增益!$A:$A,增益!$C:$C,0))-$I$2} -> 3648.7 | AT26: {=$E$10*(1+$AR26)+VLOOKUP($Q26,武学奇术!$A:$ZZ,4,FALSE)+SUM(_xlfn.XLOOKUP($R26:$AK26,增益!$A:$A,增益!$D:$D,0))-$I$2} -> 3648.7 | AU26: {=IF($F$10-$I$3+VLOOKUP($Q26,武学奇术!$A:$ZZ,6,FALSE)+SUM(_xlfn.XLOOKUP($R26:$AK26,增益!$A:$A,增益!$F:$F,0))>0,($F$10-$I$3+VLOOKUP($Q26,武学奇术!$A:$ZZ,6,FALSE)+SUM(_xlfn.XLOOKUP($R26:$AK26,增益!$A:$A,增益!$F:$F,0)))/200,($F$10-$I$3+VLOOKUP($Q26,武学奇术!$A:$ZZ,6,FALSE)+SUM(_xlfn.XLOOKUP($R26:$AK26,增益!$A:$A,增益!$F:$F,0)))/100)} -> 0.452 | AV26: {=$G$10+VLOOKUP($Q26,武学奇术!$A:$ZZ,7,FALSE)+SUM(_xlfn.XLOOKUP($R26:$AK26,增益!$A:$A,增益!$G:$G,0))} -> 0 | AW26: {=VLOOKUP($Q26,武学奇术!$A:$ZZ,8,FALSE)+SUM(_xlfn.XLOOKUP($R26:$AK26,增益!$A:$A,增益!$H:$H,0))} -> 0 | AX26: =$D$11*(1+$AW26) -> 0 | AY26: =$E$11*(1+$AW26) -> 0 | AZ26: {=IF($F$11-$I$4+VLOOKUP($Q26,武学奇术!$A:$ZZ,9,FALSE)+SUM(_xlfn.XLOOKUP($R26:$AK26,增益!$A:$A,增益!$I:$I,0))>0,($F$11-$I$4+VLOOKUP($Q26,武学奇术!$A:$ZZ,9,FALSE)+SUM(_xlfn.XLOOKUP($R26:$AK26,增益!$A:$A,增益!$I:$I,0)))/200,($F$11-$I$4+VLOOKUP($Q26,武学奇术!$A:$ZZ,9,FALSE)+SUM(_xlfn.XLOOKUP($R26:$AK26,增益!$A:$A,增益!$I:$I,0)))/100)} -> -0.3 | BA26: {=$G$11+VLOOKUP($Q26,武学奇术!$A:$ZZ,10,FALSE)+SUM(_xlfn.XLOOKUP($R26:$AK26,增益!$A:$A,增益!$J:$J,0))} -> 0 | BB26: =$D$12*(1+$AW26) -> 594.1 | BC26: =$E$12*(1+$AW26) -> 1604.9 | BD26: {=IF($F$12-$I$4+VLOOKUP($Q26,武学奇术!$A:$ZZ,11,FALSE)+SUM(_xlfn.XLOOKUP($R26:$AK26,增益!$A:$A,增益!$K:$K,0))>0,($F$12-$I$4+VLOOKUP($Q26,武学奇术!$A:$ZZ,11,FALSE)+SUM(_xlfn.XLOOKUP($R26:$AK26,增益!$A:$A,增益!$K:$K,0)))/200,($F$12-$I$4+VLOOKUP($Q26,武学奇术!$A:$ZZ,11,FALSE)+SUM(_xlfn.XLOOKUP($R26:$AK26,增益!$A:$A,增益!$K:$K,0)))/100)} -> 0.09 | BE26: {=$G$12+VLOOKUP($Q26,武学奇术!$A:$ZZ,12,FALSE)+SUM(_xlfn.XLOOKUP($R26:$AK26,增益!$A:$A,增益!$L:$L,0))} -> 0.15 | BF26: =$D$13*(1+$AW26) -> 0 | BG26: =$E$13*(1+$AW26) -> 0 | BH26: {=IF($F$13-$I$4+VLOOKUP($Q26,武学奇术!$A:$ZZ,13,FALSE)+SUM(_xlfn.XLOOKUP($R26:$AK26,增益!$A:$A,增益!$M:$M,0))>0,($F$13-$I$4+VLOOKUP($Q26,武学奇术!$A:$ZZ,13,FALSE)+SUM(_xlfn.XLOOKUP($R26:$AK26,增益!$A:$A,增益!$K:$K,0)))/200,($F$13-$I$4+VLOOKUP($Q26,武学奇术!$A:$ZZ,13,FALSE)+SUM(_xlfn.XLOOKUP($R26:$AK26,增益!$A:$A,增益!$M:$M,0)))/100)} -> -0.3 | BI26: {=$G$13+VLOOKUP($Q26,武学奇术!$A:$ZZ,14,FALSE)+SUM(_xlfn.XLOOKUP($R26:$AK26,增益!$A:$A,增益!$N:$N,0))} -> 0 | BJ26: =$D$14*(1+$AW26) -> 0 | BK26: =$E$14*(1+$AW26) -> 0 | BL26: {=IF($F$14-$I$4+VLOOKUP($Q26,武学奇术!$A:$ZZ,15,FALSE)+SUM(_xlfn.XLOOKUP($R26:$AK26,增益!$A:$A,增益!$O:$O,0))>0,($F$14-$I$4+VLOOKUP($Q26,武学奇术!$A:$ZZ,15,FALSE)+SUM(_xlfn.XLOOKUP($R26:$AK26,增益!$A:$A,增益!$O:$O,0)))/200,($F$14-$I$4+VLOOKUP($Q26,武学奇术!$A:$ZZ,15,FALSE)+SUM(_xlfn.XLOOKUP($R26:$AK26,增益!$A:$A,增益!$O:$O,0)))/100)} -> -0.3 | BM26: {=$G$14+VLOOKUP($Q26,武学奇术!$A:$ZZ,16,FALSE)+SUM(_xlfn.XLOOKUP($R26:$AK26,增益!$A:$A,增益!$P:$P,0))} -> 0 | BN26: =MIN(IF(VLOOKUP($Q26,武学奇术!$A:$ZZ,23,FALSE)=1,100%,$B$8),100%) -> 0.9859 | BO26: {=IF(VLOOKUP($Q26,武学奇术!$A:$ZZ,23,FALSE)=1,100%,MIN(80%,$B$9+VLOOKUP($Q26,武学奇术!$A:$ZZ,17,FALSE)+SUM(_xlfn.XLOOKUP($R26:$AK26,增益!$A:$A,增益!$Q:$Q,0)))+$B$11+SUM(_xlfn.XLOOKUP($R26:$AK26,增益!$A:$A,增益!$U:$U,0)))*IF(VLOOKUP($Q26,武学奇术!$A:$ZZ,24,FALSE)=1,0,1)} -> 0.8912 | BP26: {=1+$B$13+VLOOKUP($Q26,武学奇术!$A:$ZZ,18,FALSE)+SUM(_xlfn.XLOOKUP($R26:$AK26,增益!$A:$A,增益!$R:$R,0))} -> 1.96 | BQ26: {=IF(VLOOKUP($Q26,武学奇术!$A:$ZZ,24,FALSE)=1,100%,MIN(40%,$B$10+VLOOKUP($Q26,武学奇术!$A:$ZZ,19,FALSE)+SUM(_xlfn.XLOOKUP($R26:$AK26,增益!$A:$A,增益!$S:$S,0)))+$B$12+SUM(_xlfn.XLOOKUP($R26:$AK26,增益!$A:$A,增益!$V:$V,0)))*IF(VLOOKUP($Q26,武学奇术!$A:$ZZ,23,FALSE)=1,0,1)} -> 0.0929 | BR26: {=1+$B$14+VLOOKUP($Q26,武学奇术!$A:$ZZ,20,FALSE)+SUM(_xlfn.XLOOKUP($R26:$AK26,增益!$A:$A,增益!$T:$T,0))} -> 1.35 | BS26: =MIN((1-BQ26)*BN26,BN26*BO26) -> 0.87863408 | BT26: =1-BQ26-BS26-BU26 -> 0.01567581 | BU26: =IF(VLOOKUP($Q26,武学奇术!$A:$ZZ,22,FALSE)=1,0,(1-$BN26))*(1-$BQ26) -> 0.01279011 | BV26: {=SUM(_xlfn.XLOOKUP($R26:$AK26,增益!$A:$A,增益!$W:$W,0))+$I$5} -> 0.11
A27: QQ | B27: 2 | C27: 前置 | K27: =($L27*$BS27+$M27*$BQ27+$N27*$BT27+$O27*$BU27) -> 30358.834 | L27: =((($AS27+$AT27)/2*$AM27+$AN27)*(1+$AU27)*(1+$AV27)+(($AX27+$AY27)/2*IF($G$1="鸣金",$AO27,$AM27)+IF($G$1="鸣金",$AP27*1.5,0))*(1+$AZ27)*(1+$BA27)+(($BB27+$BC27)/2*IF($G$1="裂石",$AO27,$AM27)+IF($G$1="裂石",$AP27*1.5,0))*(1+$BD27)*(1+$BE27)+(($BF27+$BG27)/2*IF($G$1="牵丝",$AO27,$AM27)+IF($G$1="牵丝",$AP27*1.5,0))*(1+$BH27)*(1+$BI27)+(($BJ27+$BK27)/2*IF($G$1="破竹",$AO27,$AM27)+IF($G$1="破竹",$AP27*1.5,0))*(1+$BL27)*(1+$BM27))*(1+$AQ27)*$BP27*$P27*(1+IF(VLOOKUP($Q27,武学奇术!$A:$ZZ,30,FALSE)="蓄力技",$B$21,0))*(1+$BV27) -> 31428.758 | M27: =(($AT27*$AM27+$AN27)*(1+$AU27)*(1+$AV27)+($AY27*IF($G$1="鸣金",$AO27,$AM27)+IF($G$1="鸣金",$AP27*1.5,0))*(1+$AZ27)*(1+$BA27)+($BC27*IF($G$1="裂石",$AO27,$AM27)+IF($G$1="裂石",$AP27*1.5,0))*(1+$BD27)*(1+$BE27)+($BG27*IF($G$1="牵丝",$AO27,$AM27)+IF($G$1="牵丝",$AP27*1.5,0))*(1+$BH27)*(1+$BI27)+($BK27*IF($G$1="破竹",$AO27,$AM27)+IF($G$1="破竹",$AP27*1.5,0))*(1+$BL27)*(1+$BM27))*(1+$AQ27)*$BR27*$P27*(1+IF(VLOOKUP($Q27,武学奇术!$A:$ZZ,30,FALSE)="蓄力技",$B$21,0))*(1+$BV27) -> 24759.647 | N27: =((($AS27+$AT27)/2*$AM27+$AN27)*(1+$AU27)*(1+$AV27)+(($AX27+$AY27)/2*IF($G$1="鸣金",$AO27,$AM27)+IF($G$1="鸣金",$AP27*1.5,0))*(1+$AZ27)*(1+$BA27)+(($BB27+$BC27)/2*IF($G$1="裂石",$AO27,$AM27)+IF($G$1="裂石",$AP27*1.5,0))*(1+$BD27)*(1+$BE27)+(($BF27+$BG27)/2*IF($G$1="牵丝",$AO27,$AM27)+IF($G$1="牵丝",$AP27*1.5,0))*(1+$BH27)*(1+$BI27)+(($BJ27+$BK27)/2*IF($G$1="破竹",$AO27,$AM27)+IF($G$1="破竹",$AP27*1.5,0))*(1+$BL27)*(1+$BM27))*(1+$AQ27)*$P27*(1+IF(VLOOKUP($Q27,武学奇术!$A:$ZZ,30,FALSE)="蓄力技",$B$21,0))*(1+$BV27) -> 16454.847 | O27: =((($AS27*$AM27+$AN27)*(1+$AU27)*(1+$AV27)+($AX27*IF($G$1="鸣金",$AO27,$AM27)+IF($G$1="鸣金",$AP27*1.5,0))*(1+$AZ27)*(1+$BA27)+($BB27*IF($G$1="裂石",$AO27,$AM27)+IF($G$1="裂石",$AP27*1.5,0))*(1+$BD27)*(1+$BE27)+($BF27*IF($G$1="牵丝",$AO27,$AM27)+IF($G$1="牵丝",$AP27*1.5,0))*(1+$BH27)*(1+$BI27)+($BJ27*IF($G$1="破竹",$AO27,$AM27)+IF($G$1="破竹",$AP27*1.5,0))*(1+$BL27)*(1+$BM27))*(1+$AQ27))*$P27*(1+IF(VLOOKUP($Q27,武学奇术!$A:$ZZ,30,FALSE)="蓄力技",$B$21,0))*(1+$BV27) -> 14569.215 | P27: 1 | Q27: 横刀Q1 | R27: 易水歌5层 | S27: N/a | T27: N/a | U27: 穿喉5(普) | V27: N/a | W27: N/a | X27: 沧海帖6层 | Y27: N/a | Z27: N/a | AA27: N/a | AB27: 扶风(拐) | AC27: N/a | AD27: 裁云(拐) | AE27: 无惧 | AF27: 铁衣 | AG27: N/a | AH27: N/a | AI27: N/a | AJ27: N/a | AK27: 离猎(拐) | AL27: =VLOOKUP($Q27,武学奇术!$A:$ZZ,25,FALSE) -> 横刀 | AM27: =VLOOKUP($Q27,武学奇术!$A:$ZZ,26,FALSE) -> 1.2338 | AN27: =VLOOKUP($Q27,武学奇术!$A:$ZZ,27,FALSE)*(1+IF(OR($AL27=$F$4,$AL27=$F$5),$B$22,0)) -> 513 | AO27: =VLOOKUP($Q27,武学奇术!$A:$ZZ,28,FALSE) -> 1.8507 | AP27: =VLOOKUP($Q27,武学奇术!$A:$ZZ,29,FALSE)*(1+IF(OR($AL27=$F$4,$AL27=$F$5),$B$22,0)) -> 279 | AQ27: {=$G$3+IFERROR(VLOOKUP($AL27,$F$4:$G$7,2,FALSE),0)+VLOOKUP($Q27,武学奇术!$A:$ZZ,2,FALSE)+SUM(_xlfn.XLOOKUP($R27:$AK27,增益!$A:$A,增益!$B:$B,0))} -> 0.4489 | AR27: {=VLOOKUP($Q27,武学奇术!$A:$ZZ,5,FALSE)+SUM(_xlfn.XLOOKUP($R27:$AK27,增益!$A:$A,增益!$E:$E,0))} -> 0 | AS27: {=$D$10*(1+$AR27)+VLOOKUP($Q27,武学奇术!$A:$ZZ,3,FALSE)+SUM(_xlfn.XLOOKUP($R27:$AK27,增益!$A:$A,增益!$C:$C,0))-$I$2} -> 3648.7 | AT27: {=$E$10*(1+$AR27)+VLOOKUP($Q27,武学奇术!$A:$ZZ,4,FALSE)+SUM(_xlfn.XLOOKUP($R27:$AK27,增益!$A:$A,增益!$D:$D,0))-$I$2} -> 3648.7 | AU27: {=IF($F$10-$I$3+VLOOKUP($Q27,武学奇术!$A:$ZZ,6,FALSE)+SUM(_xlfn.XLOOKUP($R27:$AK27,增益!$A:$A,增益!$F:$F,0))>0,($F$10-$I$3+VLOOKUP($Q27,武学奇术!$A:$ZZ,6,FALSE)+SUM(_xlfn.XLOOKUP($R27:$AK27,增益!$A:$A,增益!$F:$F,0)))/200,($F$10-$I$3+VLOOKUP($Q27,武学奇术!$A:$ZZ,6,FALSE)+SUM(_xlfn.XLOOKUP($R27:$AK27,增益!$A:$A,增益!$F:$F,0)))/100)} -> 0.427 | AV27: {=$G$10+VLOOKUP($Q27,武学奇术!$A:$ZZ,7,FALSE)+SUM(_xlfn.XLOOKUP($R27:$AK27,增益!$A:$A,增益!$G:$G,0))} -> 0 | AW27: {=VLOOKUP($Q27,武学奇术!$A:$ZZ,8,FALSE)+SUM(_xlfn.XLOOKUP($R27:$AK27,增益!$A:$A,增益!$H:$H,0))} -> 0 | AX27: =$D$11*(1+$AW27) -> 0 | AY27: =$E$11*(1+$AW27) -> 0 | AZ27: {=IF($F$11-$I$4+VLOOKUP($Q27,武学奇术!$A:$ZZ,9,FALSE)+SUM(_xlfn.XLOOKUP($R27:$AK27,增益!$A:$A,增益!$I:$I,0))>0,($F$11-$I$4+VLOOKUP($Q27,武学奇术!$A:$ZZ,9,FALSE)+SUM(_xlfn.XLOOKUP($R27:$AK27,增益!$A:$A,增益!$I:$I,0)))/200,($F$11-$I$4+VLOOKUP($Q27,武学奇术!$A:$ZZ,9,FALSE)+SUM(_xlfn.XLOOKUP($R27:$AK27,增益!$A:$A,增益!$I:$I,0)))/100)} -> -0.3 | BA27: {=$G$11+VLOOKUP($Q27,武学奇术!$A:$ZZ,10,FALSE)+SUM(_xlfn.XLOOKUP($R27:$AK27,增益!$A:$A,增益!$J:$J,0))} -> 0 | BB27: =$D$12*(1+$AW27) -> 594.1 | BC27: =$E$12*(1+$AW27) -> 1604.9 | BD27: {=IF($F$12-$I$4+VLOOKUP($Q27,武学奇术!$A:$ZZ,11,FALSE)+SUM(_xlfn.XLOOKUP($R27:$AK27,增益!$A:$A,增益!$K:$K,0))>0,($F$12-$I$4+VLOOKUP($Q27,武学奇术!$A:$ZZ,11,FALSE)+SUM(_xlfn.XLOOKUP($R27:$AK27,增益!$A:$A,增益!$K:$K,0)))/200,($F$12-$I$4+VLOOKUP($Q27,武学奇术!$A:$ZZ,11,FALSE)+SUM(_xlfn.XLOOKUP($R27:$AK27,增益!$A:$A,增益!$K:$K,0)))/100)} -> 0.09 | BE27: {=$G$12+VLOOKUP($Q27,武学奇术!$A:$ZZ,12,FALSE)+SUM(_xlfn.XLOOKUP($R27:$AK27,增益!$A:$A,增益!$L:$L,0))} -> 0.15 | BF27: =$D$13*(1+$AW27) -> 0 | BG27: =$E$13*(1+$AW27) -> 0 | BH27: {=IF($F$13-$I$4+VLOOKUP($Q27,武学奇术!$A:$ZZ,13,FALSE)+SUM(_xlfn.XLOOKUP($R27:$AK27,增益!$A:$A,增益!$M:$M,0))>0,($F$13-$I$4+VLOOKUP($Q27,武学奇术!$A:$ZZ,13,FALSE)+SUM(_xlfn.XLOOKUP($R27:$AK27,增益!$A:$A,增益!$K:$K,0)))/200,($F$13-$I$4+VLOOKUP($Q27,武学奇术!$A:$ZZ,13,FALSE)+SUM(_xlfn.XLOOKUP($R27:$AK27,增益!$A:$A,增益!$M:$M,0)))/100)} -> -0.3 | BI27: {=$G$13+VLOOKUP($Q27,武学奇术!$A:$ZZ,14,FALSE)+SUM(_xlfn.XLOOKUP($R27:$AK27,增益!$A:$A,增益!$N:$N,0))} -> 0 | BJ27: =$D$14*(1+$AW27) -> 0 | BK27: =$E$14*(1+$AW27) -> 0 | BL27: {=IF($F$14-$I$4+VLOOKUP($Q27,武学奇术!$A:$ZZ,15,FALSE)+SUM(_xlfn.XLOOKUP($R27:$AK27,增益!$A:$A,增益!$O:$O,0))>0,($F$14-$I$4+VLOOKUP($Q27,武学奇术!$A:$ZZ,15,FALSE)+SUM(_xlfn.XLOOKUP($R27:$AK27,增益!$A:$A,增益!$O:$O,0)))/200,($F$14-$I$4+VLOOKUP($Q27,武学奇术!$A:$ZZ,15,FALSE)+SUM(_xlfn.XLOOKUP($R27:$AK27,增益!$A:$A,增益!$O:$O,0)))/100)} -> -0.3 | BM27: {=$G$14+VLOOKUP($Q27,武学奇术!$A:$ZZ,16,FALSE)+SUM(_xlfn.XLOOKUP($R27:$AK27,增益!$A:$A,增益!$P:$P,0))} -> 0 | BN27: =MIN(IF(VLOOKUP($Q27,武学奇术!$A:$ZZ,23,FALSE)=1,100%,$B$8),100%) -> 0.9859 | BO27: {=IF(VLOOKUP($Q27,武学奇术!$A:$ZZ,23,FALSE)=1,100%,MIN(80%,$B$9+VLOOKUP($Q27,武学奇术!$A:$ZZ,17,FALSE)+SUM(_xlfn.XLOOKUP($R27:$AK27,增益!$A:$A,增益!$Q:$Q,0)))+$B$11+SUM(_xlfn.XLOOKUP($R27:$AK27,增益!$A:$A,增益!$U:$U,0)))*IF(VLOOKUP($Q27,武学奇术!$A:$ZZ,24,FALSE)=1,0,1)} -> 0.8912 | BP27: {=1+$B$13+VLOOKUP($Q27,武学奇术!$A:$ZZ,18,FALSE)+SUM(_xlfn.XLOOKUP($R27:$AK27,增益!$A:$A,增益!$R:$R,0))} -> 1.91 | BQ27: {=IF(VLOOKUP($Q27,武学奇术!$A:$ZZ,24,FALSE)=1,100%,MIN(40%,$B$10+VLOOKUP($Q27,武学奇术!$A:$ZZ,19,FALSE)+SUM(_xlfn.XLOOKUP($R27:$AK27,增益!$A:$A,增益!$S:$S,0)))+$B$12+SUM(_xlfn.XLOOKUP($R27:$AK27,增益!$A:$A,增益!$V:$V,0)))*IF(VLOOKUP($Q27,武学奇术!$A:$ZZ,23,FALSE)=1,0,1)} -> 0.0929 | BR27: {=1+$B$14+VLOOKUP($Q27,武学奇术!$A:$ZZ,20,FALSE)+SUM(_xlfn.XLOOKUP($R27:$AK27,增益!$A:$A,增益!$T:$T,0))} -> 1.35 | BS27: =MIN((1-BQ27)*BN27,BN27*BO27) -> 0.87863408 | BT27: =1-BQ27-BS27-BU27 -> 0.01567581 | BU27: =IF(VLOOKUP($Q27,武学奇术!$A:$ZZ,22,FALSE)=1,0,(1-$BN27))*(1-$BQ27) -> 0.01279011 | BV27: {=SUM(_xlfn.XLOOKUP($R27:$AK27,增益!$A:$A,增益!$W:$W,0))+$I$5} -> 0.11
A28: 笛 | B28: 1.3 | K28: =($L28*$BS28+$M28*$BQ28+$N28*$BT28+$O28*$BU28) -> 93430.767 | L28: =((($AS28+$AT28)/2*$AM28+$AN28)*(1+$AU28)*(1+$AV28)+(($AX28+$AY28)/2*IF($G$1="鸣金",$AO28,$AM28)+IF($G$1="鸣金",$AP28*1.5,0))*(1+$AZ28)*(1+$BA28)+(($BB28+$BC28)/2*IF($G$1="裂石",$AO28,$AM28)+IF($G$1="裂石",$AP28*1.5,0))*(1+$BD28)*(1+$BE28)+(($BF28+$BG28)/2*IF($G$1="牵丝",$AO28,$AM28)+IF($G$1="牵丝",$AP28*1.5,0))*(1+$BH28)*(1+$BI28)+(($BJ28+$BK28)/2*IF($G$1="破竹",$AO28,$AM28)+IF($G$1="破竹",$AP28*1.5,0))*(1+$BL28)*(1+$BM28))*(1+$AQ28)*$BP28*$P28*(1+IF(VLOOKUP($Q28,武学奇术!$A:$ZZ,30,FALSE)="蓄力技",$B$21,0))*(1+$BV28) -> 96768.955 | M28: =(($AT28*$AM28+$AN28)*(1+$AU28)*(1+$AV28)+($AY28*IF($G$1="鸣金",$AO28,$AM28)+IF($G$1="鸣金",$AP28*1.5,0))*(1+$AZ28)*(1+$BA28)+($BC28*IF($G$1="裂石",$AO28,$AM28)+IF($G$1="裂石",$AP28*1.5,0))*(1+$BD28)*(1+$BE28)+($BG28*IF($G$1="牵丝",$AO28,$AM28)+IF($G$1="牵丝",$AP28*1.5,0))*(1+$BH28)*(1+$BI28)+($BK28*IF($G$1="破竹",$AO28,$AM28)+IF($G$1="破竹",$AP28*1.5,0))*(1+$BL28)*(1+$BM28))*(1+$AQ28)*$BR28*$P28*(1+IF(VLOOKUP($Q28,武学奇术!$A:$ZZ,30,FALSE)="蓄力技",$B$21,0))*(1+$BV28) -> 75839.101 | N28: =((($AS28+$AT28)/2*$AM28+$AN28)*(1+$AU28)*(1+$AV28)+(($AX28+$AY28)/2*IF($G$1="鸣金",$AO28,$AM28)+IF($G$1="鸣金",$AP28*1.5,0))*(1+$AZ28)*(1+$BA28)+(($BB28+$BC28)/2*IF($G$1="裂石",$AO28,$AM28)+IF($G$1="裂石",$AP28*1.5,0))*(1+$BD28)*(1+$BE28)+(($BF28+$BG28)/2*IF($G$1="牵丝",$AO28,$AM28)+IF($G$1="牵丝",$AP28*1.5,0))*(1+$BH28)*(1+$BI28)+(($BJ28+$BK28)/2*IF($G$1="破竹",$AO28,$AM28)+IF($G$1="破竹",$AP28*1.5,0))*(1+$BL28)*(1+$BM28))*(1+$AQ28)*$P28*(1+IF(VLOOKUP($Q28,武学奇术!$A:$ZZ,30,FALSE)="蓄力技",$B$21,0))*(1+$BV28) -> 50400.497 | O28: =((($AS28*$AM28+$AN28)*(1+$AU28)*(1+$AV28)+($AX28*IF($G$1="鸣金",$AO28,$AM28)+IF($G$1="鸣金",$AP28*1.5,0))*(1+$AZ28)*(1+$BA28)+($BB28*IF($G$1="裂石",$AO28,$AM28)+IF($G$1="裂石",$AP28*1.5,0))*(1+$BD28)*(1+$BE28)+($BF28*IF($G$1="牵丝",$AO28,$AM28)+IF($G$1="牵丝",$AP28*1.5,0))*(1+$BH28)*(1+$BI28)+($BJ28*IF($G$1="破竹",$AO28,$AM28)+IF($G$1="破竹",$AP28*1.5,0))*(1+$BL28)*(1+$BM28))*(1+$AQ28))*$P28*(1+IF(VLOOKUP($Q28,武学奇术!$A:$ZZ,30,FALSE)="蓄力技",$B$21,0))*(1+$BV28) -> 44623.883 | P28: 1 | Q28: 横刀～ | R28: 易水歌5层 | S28: N/a | T28: N/a | U28: 穿喉5(普) | V28: N/a | W28: N/a | X28: 沧海帖7层 | Y28: N/a | Z28: N/a | AA28: N/a | AB28: 扶风(拐) | AC28: N/a | AD28: 裁云(拐) | AE28: 无惧 | AF28: 铁衣 | AG28: N/a | AH28: N/a | AI28: N/a | AJ28: N/a | AK28: 离猎(拐) | AL28: =VLOOKUP($Q28,武学奇术!$A:$ZZ,25,FALSE) -> 横刀 | AM28: =VLOOKUP($Q28,武学奇术!$A:$ZZ,26,FALSE) -> 3.7797 | AN28: =VLOOKUP($Q28,武学奇术!$A:$ZZ,27,FALSE)*(1+IF(OR($AL28=$F$4,$AL28=$F$5),$B$22,0)) -> 1567.5 | AO28: =VLOOKUP($Q28,武学奇术!$A:$ZZ,28,FALSE) -> 5.6696 | AP28: =VLOOKUP($Q28,武学奇术!$A:$ZZ,29,FALSE)*(1+IF(OR($AL28=$F$4,$AL28=$F$5),$B$22,0)) -> 855 | AQ28: {=$G$3+IFERROR(VLOOKUP($AL28,$F$4:$G$7,2,FALSE),0)+VLOOKUP($Q28,武学奇术!$A:$ZZ,2,FALSE)+SUM(_xlfn.XLOOKUP($R28:$AK28,增益!$A:$A,增益!$B:$B,0))} -> 0.4489 | AR28: {=VLOOKUP($Q28,武学奇术!$A:$ZZ,5,FALSE)+SUM(_xlfn.XLOOKUP($R28:$AK28,增益!$A:$A,增益!$E:$E,0))} -> 0 | AS28: {=$D$10*(1+$AR28)+VLOOKUP($Q28,武学奇术!$A:$ZZ,3,FALSE)+SUM(_xlfn.XLOOKUP($R28:$AK28,增益!$A:$A,增益!$C:$C,0))-$I$2} -> 3648.7 | AT28: {=$E$10*(1+$AR28)+VLOOKUP($Q28,武学奇术!$A:$ZZ,4,FALSE)+SUM(_xlfn.XLOOKUP($R28:$AK28,增益!$A:$A,增益!$D:$D,0))-$I$2} -> 3648.7 | AU28: {=IF($F$10-$I$3+VLOOKUP($Q28,武学奇术!$A:$ZZ,6,FALSE)+SUM(_xlfn.XLOOKUP($R28:$AK28,增益!$A:$A,增益!$F:$F,0))>0,($F$10-$I$3+VLOOKUP($Q28,武学奇术!$A:$ZZ,6,FALSE)+SUM(_xlfn.XLOOKUP($R28:$AK28,增益!$A:$A,增益!$F:$F,0)))/200,($F$10-$I$3+VLOOKUP($Q28,武学奇术!$A:$ZZ,6,FALSE)+SUM(_xlfn.XLOOKUP($R28:$AK28,增益!$A:$A,增益!$F:$F,0)))/100)} -> 0.427 | AV28: {=$G$10+VLOOKUP($Q28,武学奇术!$A:$ZZ,7,FALSE)+SUM(_xlfn.XLOOKUP($R28:$AK28,增益!$A:$A,增益!$G:$G,0))} -> 0 | AW28: {=VLOOKUP($Q28,武学奇术!$A:$ZZ,8,FALSE)+SUM(_xlfn.XLOOKUP($R28:$AK28,增益!$A:$A,增益!$H:$H,0))} -> 0 | AX28: =$D$11*(1+$AW28) -> 0 | AY28: =$E$11*(1+$AW28) -> 0 | AZ28: {=IF($F$11-$I$4+VLOOKUP($Q28,武学奇术!$A:$ZZ,9,FALSE)+SUM(_xlfn.XLOOKUP($R28:$AK28,增益!$A:$A,增益!$I:$I,0))>0,($F$11-$I$4+VLOOKUP($Q28,武学奇术!$A:$ZZ,9,FALSE)+SUM(_xlfn.XLOOKUP($R28:$AK28,增益!$A:$A,增益!$I:$I,0)))/200,($F$11-$I$4+VLOOKUP($Q28,武学奇术!$A:$ZZ,9,FALSE)+SUM(_xlfn.XLOOKUP($R28:$AK28,增益!$A:$A,增益!$I:$I,0)))/100)} -> -0.3 | BA28: {=$G$11+VLOOKUP($Q28,武学奇术!$A:$ZZ,10,FALSE)+SUM(_xlfn.XLOOKUP($R28:$AK28,增益!$A:$A,增益!$J:$J,0))} -> 0 | BB28: =$D$12*(1+$AW28) -> 594.1 | BC28: =$E$12*(1+$AW28) -> 1604.9 | BD28: {=IF($F$12-$I$4+VLOOKUP($Q28,武学奇术!$A:$ZZ,11,FALSE)+SUM(_xlfn.XLOOKUP($R28:$AK28,增益!$A:$A,增益!$K:$K,0))>0,($F$12-$I$4+VLOOKUP($Q28,武学奇术!$A:$ZZ,11,FALSE)+SUM(_xlfn.XLOOKUP($R28:$AK28,增益!$A:$A,增益!$K:$K,0)))/200,($F$12-$I$4+VLOOKUP($Q28,武学奇术!$A:$ZZ,11,FALSE)+SUM(_xlfn.XLOOKUP($R28:$AK28,增益!$A:$A,增益!$K:$K,0)))/100)} -> 0.09 | BE28: {=$G$12+VLOOKUP($Q28,武学奇术!$A:$ZZ,12,FALSE)+SUM(_xlfn.XLOOKUP($R28:$AK28,增益!$A:$A,增益!$L:$L,0))} -> 0.15 | BF28: =$D$13*(1+$AW28) -> 0 | BG28: =$E$13*(1+$AW28) -> 0 | BH28: {=IF($F$13-$I$4+VLOOKUP($Q28,武学奇术!$A:$ZZ,13,FALSE)+SUM(_xlfn.XLOOKUP($R28:$AK28,增益!$A:$A,增益!$M:$M,0))>0,($F$13-$I$4+VLOOKUP($Q28,武学奇术!$A:$ZZ,13,FALSE)+SUM(_xlfn.XLOOKUP($R28:$AK28,增益!$A:$A,增益!$K:$K,0)))/200,($F$13-$I$4+VLOOKUP($Q28,武学奇术!$A:$ZZ,13,FALSE)+SUM(_xlfn.XLOOKUP($R28:$AK28,增益!$A:$A,增益!$M:$M,0)))/100)} -> -0.3 | BI28: {=$G$13+VLOOKUP($Q28,武学奇术!$A:$ZZ,14,FALSE)+SUM(_xlfn.XLOOKUP($R28:$AK28,增益!$A:$A,增益!$N:$N,0))} -> 0 | BJ28: =$D$14*(1+$AW28) -> 0 | BK28: =$E$14*(1+$AW28) -> 0 | BL28: {=IF($F$14-$I$4+VLOOKUP($Q28,武学奇术!$A:$ZZ,15,FALSE)+SUM(_xlfn.XLOOKUP($R28:$AK28,增益!$A:$A,增益!$O:$O,0))>0,($F$14-$I$4+VLOOKUP($Q28,武学奇术!$A:$ZZ,15,FALSE)+SUM(_xlfn.XLOOKUP($R28:$AK28,增益!$A:$A,增益!$O:$O,0)))/200,($F$14-$I$4+VLOOKUP($Q28,武学奇术!$A:$ZZ,15,FALSE)+SUM(_xlfn.XLOOKUP($R28:$AK28,增益!$A:$A,增益!$O:$O,0)))/100)} -> -0.3 | BM28: {=$G$14+VLOOKUP($Q28,武学奇术!$A:$ZZ,16,FALSE)+SUM(_xlfn.XLOOKUP($R28:$AK28,增益!$A:$A,增益!$P:$P,0))} -> 0 | BN28: =MIN(IF(VLOOKUP($Q28,武学奇术!$A:$ZZ,23,FALSE)=1,100%,$B$8),100%) -> 0.9859 | BO28: {=IF(VLOOKUP($Q28,武学奇术!$A:$ZZ,23,FALSE)=1,100%,MIN(80%,$B$9+VLOOKUP($Q28,武学奇术!$A:$ZZ,17,FALSE)+SUM(_xlfn.XLOOKUP($R28:$AK28,增益!$A:$A,增益!$Q:$Q,0)))+$B$11+SUM(_xlfn.XLOOKUP($R28:$AK28,增益!$A:$A,增益!$U:$U,0)))*IF(VLOOKUP($Q28,武学奇术!$A:$ZZ,24,FALSE)=1,0,1)} -> 0.8912 | BP28: {=1+$B$13+VLOOKUP($Q28,武学奇术!$A:$ZZ,18,FALSE)+SUM(_xlfn.XLOOKUP($R28:$AK28,增益!$A:$A,增益!$R:$R,0))} -> 1.92 | BQ28: {=IF(VLOOKUP($Q28,武学奇术!$A:$ZZ,24,FALSE)=1,100%,MIN(40%,$B$10+VLOOKUP($Q28,武学奇术!$A:$ZZ,19,FALSE)+SUM(_xlfn.XLOOKUP($R28:$AK28,增益!$A:$A,增益!$S:$S,0)))+$B$12+SUM(_xlfn.XLOOKUP($R28:$AK28,增益!$A:$A,增益!$V:$V,0)))*IF(VLOOKUP($Q28,武学奇术!$A:$ZZ,23,FALSE)=1,0,1)} -> 0.0929 | BR28: {=1+$B$14+VLOOKUP($Q28,武学奇术!$A:$ZZ,20,FALSE)+SUM(_xlfn.XLOOKUP($R28:$AK28,增益!$A:$A,增益!$T:$T,0))} -> 1.35 | BS28: =MIN((1-BQ28)*BN28,BN28*BO28) -> 0.87863408 | BT28: =1-BQ28-BS28-BU28 -> 0.01567581 | BU28: =IF(VLOOKUP($Q28,武学奇术!$A:$ZZ,22,FALSE)=1,0,(1-$BN28))*(1-$BQ28) -> 0.01279011 | BV28: {=SUM(_xlfn.XLOOKUP($R28:$AK28,增益!$A:$A,增益!$W:$W,0))+$I$5} -> 0.11
A29: 横刀～ | B29: 2.3 | K29: =($L29*$BS29+$M29*$BQ29+$N29*$BT29+$O29*$BU29) -> 57639.192 | L29: =((($AS29+$AT29)/2*$AM29+$AN29)*(1+$AU29)*(1+$AV29)+(($AX29+$AY29)/2*IF($G$1="鸣金",$AO29,$AM29)+IF($G$1="鸣金",$AP29*1.5,0))*(1+$AZ29)*(1+$BA29)+(($BB29+$BC29)/2*IF($G$1="裂石",$AO29,$AM29)+IF($G$1="裂石",$AP29*1.5,0))*(1+$BD29)*(1+$BE29)+(($BF29+$BG29)/2*IF($G$1="牵丝",$AO29,$AM29)+IF($G$1="牵丝",$AP29*1.5,0))*(1+$BH29)*(1+$BI29)+(($BJ29+$BK29)/2*IF($G$1="破竹",$AO29,$AM29)+IF($G$1="破竹",$AP29*1.5,0))*(1+$BL29)*(1+$BM29))*(1+$AQ29)*$BP29*$P29*(1+IF(VLOOKUP($Q29,武学奇术!$A:$ZZ,30,FALSE)="蓄力技",$B$21,0))*(1+$BV29) -> 59840.199 | M29: =(($AT29*$AM29+$AN29)*(1+$AU29)*(1+$AV29)+($AY29*IF($G$1="鸣金",$AO29,$AM29)+IF($G$1="鸣金",$AP29*1.5,0))*(1+$AZ29)*(1+$BA29)+($BC29*IF($G$1="裂石",$AO29,$AM29)+IF($G$1="裂石",$AP29*1.5,0))*(1+$BD29)*(1+$BE29)+($BG29*IF($G$1="牵丝",$AO29,$AM29)+IF($G$1="牵丝",$AP29*1.5,0))*(1+$BH29)*(1+$BI29)+($BK29*IF($G$1="破竹",$AO29,$AM29)+IF($G$1="破竹",$AP29*1.5,0))*(1+$BL29)*(1+$BM29))*(1+$AQ29)*$BR29*$P29*(1+IF(VLOOKUP($Q29,武学奇术!$A:$ZZ,30,FALSE)="蓄力技",$B$21,0))*(1+$BV29) -> 45649.779 | N29: =((($AS29+$AT29)/2*$AM29+$AN29)*(1+$AU29)*(1+$AV29)+(($AX29+$AY29)/2*IF($G$1="鸣金",$AO29,$AM29)+IF($G$1="鸣金",$AP29*1.5,0))*(1+$AZ29)*(1+$BA29)+(($BB29+$BC29)/2*IF($G$1="裂石",$AO29,$AM29)+IF($G$1="裂石",$AP29*1.5,0))*(1+$BD29)*(1+$BE29)+(($BF29+$BG29)/2*IF($G$1="牵丝",$AO29,$AM29)+IF($G$1="牵丝",$AP29*1.5,0))*(1+$BH29)*(1+$BI29)+(($BJ29+$BK29)/2*IF($G$1="破竹",$AO29,$AM29)+IF($G$1="破竹",$AP29*1.5,0))*(1+$BL29)*(1+$BM29))*(1+$AQ29)*$P29*(1+IF(VLOOKUP($Q29,武学奇术!$A:$ZZ,30,FALSE)="蓄力技",$B$21,0))*(1+$BV29) -> 30375.735 | O29: =((($AS29*$AM29+$AN29)*(1+$AU29)*(1+$AV29)+($AX29*IF($G$1="鸣金",$AO29,$AM29)+IF($G$1="鸣金",$AP29*1.5,0))*(1+$AZ29)*(1+$BA29)+($BB29*IF($G$1="裂石",$AO29,$AM29)+IF($G$1="裂石",$AP29*1.5,0))*(1+$BD29)*(1+$BE29)+($BF29*IF($G$1="牵丝",$AO29,$AM29)+IF($G$1="牵丝",$AP29*1.5,0))*(1+$BH29)*(1+$BI29)+($BJ29*IF($G$1="破竹",$AO29,$AM29)+IF($G$1="破竹",$AP29*1.5,0))*(1+$BL29)*(1+$BM29))*(1+$AQ29))*$P29*(1+IF(VLOOKUP($Q29,武学奇术!$A:$ZZ,30,FALSE)="蓄力技",$B$21,0))*(1+$BV29) -> 26936.819 | P29: 1 | Q29: 白刃杀将刺 | R29: 易水歌5层 | S29: N/a | T29: N/a | U29: 穿喉5 | V29: N/a | W29: N/a | X29: 沧海帖7层 | Y29: N/a | Z29: N/a | AA29: 断岳 | AB29: 扶风(拐) | AC29: N/a | AD29: 裁云(拐) | AE29: 无惧 | AF29: 铁衣 | AG29: N/a | AH29: N/a | AI29: N/a | AJ29: N/a | AK29: 离猎(拐) | AL29: =VLOOKUP($Q29,武学奇术!$A:$ZZ,25,FALSE) -> 横刀 | AM29: =VLOOKUP($Q29,武学奇术!$A:$ZZ,26,FALSE) -> 2.1324 | AN29: =VLOOKUP($Q29,武学奇术!$A:$ZZ,27,FALSE)*(1+IF(OR($AL29=$F$4,$AL29=$F$5),$B$22,0)) -> 885 | AO29: =VLOOKUP($Q29,武学奇术!$A:$ZZ,28,FALSE) -> 3.1986 | AP29: =VLOOKUP($Q29,武学奇术!$A:$ZZ,29,FALSE)*(1+IF(OR($AL29=$F$4,$AL29=$F$5),$B$22,0)) -> 483 | AQ29: {=$G$3+IFERROR(VLOOKUP($AL29,$F$4:$G$7,2,FALSE),0)+VLOOKUP($Q29,武学奇术!$A:$ZZ,2,FALSE)+SUM(_xlfn.XLOOKUP($R29:$AK29,增益!$A:$A,增益!$B:$B,0))} -> 0.5289 | AR29: {=VLOOKUP($Q29,武学奇术!$A:$ZZ,5,FALSE)+SUM(_xlfn.XLOOKUP($R29:$AK29,增益!$A:$A,增益!$E:$E,0))} -> 0 | AS29: {=$D$10*(1+$AR29)+VLOOKUP($Q29,武学奇术!$A:$ZZ,3,FALSE)+SUM(_xlfn.XLOOKUP($R29:$AK29,增益!$A:$A,增益!$C:$C,0))-$I$2} -> 3648.7 | AT29: {=$E$10*(1+$AR29)+VLOOKUP($Q29,武学奇术!$A:$ZZ,4,FALSE)+SUM(_xlfn.XLOOKUP($R29:$AK29,增益!$A:$A,增益!$D:$D,0))-$I$2} -> 3648.7 | AU29: {=IF($F$10-$I$3+VLOOKUP($Q29,武学奇术!$A:$ZZ,6,FALSE)+SUM(_xlfn.XLOOKUP($R29:$AK29,增益!$A:$A,增益!$F:$F,0))>0,($F$10-$I$3+VLOOKUP($Q29,武学奇术!$A:$ZZ,6,FALSE)+SUM(_xlfn.XLOOKUP($R29:$AK29,增益!$A:$A,增益!$F:$F,0)))/200,($F$10-$I$3+VLOOKUP($Q29,武学奇术!$A:$ZZ,6,FALSE)+SUM(_xlfn.XLOOKUP($R29:$AK29,增益!$A:$A,增益!$F:$F,0)))/100)} -> 0.452 | AV29: {=$G$10+VLOOKUP($Q29,武学奇术!$A:$ZZ,7,FALSE)+SUM(_xlfn.XLOOKUP($R29:$AK29,增益!$A:$A,增益!$G:$G,0))} -> 0 | AW29: {=VLOOKUP($Q29,武学奇术!$A:$ZZ,8,FALSE)+SUM(_xlfn.XLOOKUP($R29:$AK29,增益!$A:$A,增益!$H:$H,0))} -> 0 | AX29: =$D$11*(1+$AW29) -> 0 | AY29: =$E$11*(1+$AW29) -> 0 | AZ29: {=IF($F$11-$I$4+VLOOKUP($Q29,武学奇术!$A:$ZZ,9,FALSE)+SUM(_xlfn.XLOOKUP($R29:$AK29,增益!$A:$A,增益!$I:$I,0))>0,($F$11-$I$4+VLOOKUP($Q29,武学奇术!$A:$ZZ,9,FALSE)+SUM(_xlfn.XLOOKUP($R29:$AK29,增益!$A:$A,增益!$I:$I,0)))/200,($F$11-$I$4+VLOOKUP($Q29,武学奇术!$A:$ZZ,9,FALSE)+SUM(_xlfn.XLOOKUP($R29:$AK29,增益!$A:$A,增益!$I:$I,0)))/100)} -> -0.3 | BA29: {=$G$11+VLOOKUP($Q29,武学奇术!$A:$ZZ,10,FALSE)+SUM(_xlfn.XLOOKUP($R29:$AK29,增益!$A:$A,增益!$J:$J,0))} -> 0 | BB29: =$D$12*(1+$AW29) -> 594.1 | BC29: =$E$12*(1+$AW29) -> 1604.9 | BD29: {=IF($F$12-$I$4+VLOOKUP($Q29,武学奇术!$A:$ZZ,11,FALSE)+SUM(_xlfn.XLOOKUP($R29:$AK29,增益!$A:$A,增益!$K:$K,0))>0,($F$12-$I$4+VLOOKUP($Q29,武学奇术!$A:$ZZ,11,FALSE)+SUM(_xlfn.XLOOKUP($R29:$AK29,增益!$A:$A,增益!$K:$K,0)))/200,($F$12-$I$4+VLOOKUP($Q29,武学奇术!$A:$ZZ,11,FALSE)+SUM(_xlfn.XLOOKUP($R29:$AK29,增益!$A:$A,增益!$K:$K,0)))/100)} -> 0.09 | BE29: {=$G$12+VLOOKUP($Q29,武学奇术!$A:$ZZ,12,FALSE)+SUM(_xlfn.XLOOKUP($R29:$AK29,增益!$A:$A,增益!$L:$L,0))} -> 0.15 | BF29: =$D$13*(1+$AW29) -> 0 | BG29: =$E$13*(1+$AW29) -> 0 | BH29: {=IF($F$13-$I$4+VLOOKUP($Q29,武学奇术!$A:$ZZ,13,FALSE)+SUM(_xlfn.XLOOKUP($R29:$AK29,增益!$A:$A,增益!$M:$M,0))>0,($F$13-$I$4+VLOOKUP($Q29,武学奇术!$A:$ZZ,13,FALSE)+SUM(_xlfn.XLOOKUP($R29:$AK29,增益!$A:$A,增益!$K:$K,0)))/200,($F$13-$I$4+VLOOKUP($Q29,武学奇术!$A:$ZZ,13,FALSE)+SUM(_xlfn.XLOOKUP($R29:$AK29,增益!$A:$A,增益!$M:$M,0)))/100)} -> -0.3 | BI29: {=$G$13+VLOOKUP($Q29,武学奇术!$A:$ZZ,14,FALSE)+SUM(_xlfn.XLOOKUP($R29:$AK29,增益!$A:$A,增益!$N:$N,0))} -> 0 | BJ29: =$D$14*(1+$AW29) -> 0 | BK29: =$E$14*(1+$AW29) -> 0 | BL29: {=IF($F$14-$I$4+VLOOKUP($Q29,武学奇术!$A:$ZZ,15,FALSE)+SUM(_xlfn.XLOOKUP($R29:$AK29,增益!$A:$A,增益!$O:$O,0))>0,($F$14-$I$4+VLOOKUP($Q29,武学奇术!$A:$ZZ,15,FALSE)+SUM(_xlfn.XLOOKUP($R29:$AK29,增益!$A:$A,增益!$O:$O,0)))/200,($F$14-$I$4+VLOOKUP($Q29,武学奇术!$A:$ZZ,15,FALSE)+SUM(_xlfn.XLOOKUP($R29:$AK29,增益!$A:$A,增益!$O:$O,0)))/100)} -> -0.3 | BM29: {=$G$14+VLOOKUP($Q29,武学奇术!$A:$ZZ,16,FALSE)+SUM(_xlfn.XLOOKUP($R29:$AK29,增益!$A:$A,增益!$P:$P,0))} -> 0 | BN29: =MIN(IF(VLOOKUP($Q29,武学奇术!$A:$ZZ,23,FALSE)=1,100%,$B$8),100%) -> 0.9859 | BO29: {=IF(VLOOKUP($Q29,武学奇术!$A:$ZZ,23,FALSE)=1,100%,MIN(80%,$B$9+VLOOKUP($Q29,武学奇术!$A:$ZZ,17,FALSE)+SUM(_xlfn.XLOOKUP($R29:$AK29,增益!$A:$A,增益!$Q:$Q,0)))+$B$11+SUM(_xlfn.XLOOKUP($R29:$AK29,增益!$A:$A,增益!$U:$U,0)))*IF(VLOOKUP($Q29,武学奇术!$A:$ZZ,24,FALSE)=1,0,1)} -> 0.8912 | BP29: {=1+$B$13+VLOOKUP($Q29,武学奇术!$A:$ZZ,18,FALSE)+SUM(_xlfn.XLOOKUP($R29:$AK29,增益!$A:$A,增益!$R:$R,0))} -> 1.97 | BQ29: {=IF(VLOOKUP($Q29,武学奇术!$A:$ZZ,24,FALSE)=1,100%,MIN(40%,$B$10+VLOOKUP($Q29,武学奇术!$A:$ZZ,19,FALSE)+SUM(_xlfn.XLOOKUP($R29:$AK29,增益!$A:$A,增益!$S:$S,0)))+$B$12+SUM(_xlfn.XLOOKUP($R29:$AK29,增益!$A:$A,增益!$V:$V,0)))*IF(VLOOKUP($Q29,武学奇术!$A:$ZZ,23,FALSE)=1,0,1)} -> 0.0929 | BR29: {=1+$B$14+VLOOKUP($Q29,武学奇术!$A:$ZZ,20,FALSE)+SUM(_xlfn.XLOOKUP($R29:$AK29,增益!$A:$A,增益!$T:$T,0))} -> 1.35 | BS29: =MIN((1-BQ29)*BN29,BN29*BO29) -> 0.87863408 | BT29: =1-BQ29-BS29-BU29 -> 0.01567581 | BU29: =IF(VLOOKUP($Q29,武学奇术!$A:$ZZ,22,FALSE)=1,0,(1-$BN29))*(1-$BQ29) -> 0.01279011 | BV29: {=SUM(_xlfn.XLOOKUP($R29:$AK29,增益!$A:$A,增益!$W:$W,0))+$I$5} -> 0.11
A30: 横刀Q2 | B30: 1 | C30: 笛 | K30: =($L30*$BS30+$M30*$BQ30+$N30*$BT30+$O30*$BU30) -> 35710.309 | L30: =((($AS30+$AT30)/2*$AM30+$AN30)*(1+$AU30)*(1+$AV30)+(($AX30+$AY30)/2*IF($G$1="鸣金",$AO30,$AM30)+IF($G$1="鸣金",$AP30*1.5,0))*(1+$AZ30)*(1+$BA30)+(($BB30+$BC30)/2*IF($G$1="裂石",$AO30,$AM30)+IF($G$1="裂石",$AP30*1.5,0))*(1+$BD30)*(1+$BE30)+(($BF30+$BG30)/2*IF($G$1="牵丝",$AO30,$AM30)+IF($G$1="牵丝",$AP30*1.5,0))*(1+$BH30)*(1+$BI30)+(($BJ30+$BK30)/2*IF($G$1="破竹",$AO30,$AM30)+IF($G$1="破竹",$AP30*1.5,0))*(1+$BL30)*(1+$BM30))*(1+$AQ30)*$BP30*$P30*(1+IF(VLOOKUP($Q30,武学奇术!$A:$ZZ,30,FALSE)="蓄力技",$B$21,0))*(1+$BV30) -> 37024.533 | M30: =(($AT30*$AM30+$AN30)*(1+$AU30)*(1+$AV30)+($AY30*IF($G$1="鸣金",$AO30,$AM30)+IF($G$1="鸣金",$AP30*1.5,0))*(1+$AZ30)*(1+$BA30)+($BC30*IF($G$1="裂石",$AO30,$AM30)+IF($G$1="裂石",$AP30*1.5,0))*(1+$BD30)*(1+$BE30)+($BG30*IF($G$1="牵丝",$AO30,$AM30)+IF($G$1="牵丝",$AP30*1.5,0))*(1+$BH30)*(1+$BI30)+($BK30*IF($G$1="破竹",$AO30,$AM30)+IF($G$1="破竹",$AP30*1.5,0))*(1+$BL30)*(1+$BM30))*(1+$AQ30)*$BR30*$P30*(1+IF(VLOOKUP($Q30,武学奇术!$A:$ZZ,30,FALSE)="蓄力技",$B$21,0))*(1+$BV30) -> 28815.039 | N30: =((($AS30+$AT30)/2*$AM30+$AN30)*(1+$AU30)*(1+$AV30)+(($AX30+$AY30)/2*IF($G$1="鸣金",$AO30,$AM30)+IF($G$1="鸣金",$AP30*1.5,0))*(1+$AZ30)*(1+$BA30)+(($BB30+$BC30)/2*IF($G$1="裂石",$AO30,$AM30)+IF($G$1="裂石",$AP30*1.5,0))*(1+$BD30)*(1+$BE30)+(($BF30+$BG30)/2*IF($G$1="牵丝",$AO30,$AM30)+IF($G$1="牵丝",$AP30*1.5,0))*(1+$BH30)*(1+$BI30)+(($BJ30+$BK30)/2*IF($G$1="破竹",$AO30,$AM30)+IF($G$1="破竹",$AP30*1.5,0))*(1+$BL30)*(1+$BM30))*(1+$AQ30)*$P30*(1+IF(VLOOKUP($Q30,武学奇术!$A:$ZZ,30,FALSE)="蓄力技",$B$21,0))*(1+$BV30) -> 18794.179 | O30: =((($AS30*$AM30+$AN30)*(1+$AU30)*(1+$AV30)+($AX30*IF($G$1="鸣金",$AO30,$AM30)+IF($G$1="鸣金",$AP30*1.5,0))*(1+$AZ30)*(1+$BA30)+($BB30*IF($G$1="裂石",$AO30,$AM30)+IF($G$1="裂石",$AP30*1.5,0))*(1+$BD30)*(1+$BE30)+($BF30*IF($G$1="牵丝",$AO30,$AM30)+IF($G$1="牵丝",$AP30*1.5,0))*(1+$BH30)*(1+$BI30)+($BJ30*IF($G$1="破竹",$AO30,$AM30)+IF($G$1="破竹",$AP30*1.5,0))*(1+$BL30)*(1+$BM30))*(1+$AQ30))*$P30*(1+IF(VLOOKUP($Q30,武学奇术!$A:$ZZ,30,FALSE)="蓄力技",$B$21,0))*(1+$BV30) -> 16243.885 | P30: 1 | Q30: 横刀安西军 | R30: 易水歌5层 | S30: N/a | T30: 惧刃 | U30: 穿喉5 | V30: N/a | W30: N/a | X30: 沧海帖7层 | Y30: N/a | Z30: N/a | AA30: 断岳 | AB30: 扶风(拐) | AC30: N/a | AD30: 裁云(拐) | AE30: 无惧 | AF30: 铁衣 | AG30: N/a | AH30: N/a | AI30: N/a | AJ30: N/a | AK30: 离猎(拐) | AL30: =VLOOKUP($Q30,武学奇术!$A:$ZZ,25,FALSE) -> 横刀 | AM30: =VLOOKUP($Q30,武学奇术!$A:$ZZ,26,FALSE) -> 1.4 | AN30: =VLOOKUP($Q30,武学奇术!$A:$ZZ,27,FALSE)*(1+IF(OR($AL30=$F$4,$AL30=$F$5),$B$22,0)) -> 0 | AO30: =VLOOKUP($Q30,武学奇术!$A:$ZZ,28,FALSE) -> 2.1 | AP30: =VLOOKUP($Q30,武学奇术!$A:$ZZ,29,FALSE)*(1+IF(OR($AL30=$F$4,$AL30=$F$5),$B$22,0)) -> 0 | AQ30: {=$G$3+IFERROR(VLOOKUP($AL30,$F$4:$G$7,2,FALSE),0)+VLOOKUP($Q30,武学奇术!$A:$ZZ,2,FALSE)+SUM(_xlfn.XLOOKUP($R30:$AK30,增益!$A:$A,增益!$B:$B,0))} -> 0.6089 | AR30: {=VLOOKUP($Q30,武学奇术!$A:$ZZ,5,FALSE)+SUM(_xlfn.XLOOKUP($R30:$AK30,增益!$A:$A,增益!$E:$E,0))} -> 0 | AS30: {=$D$10*(1+$AR30)+VLOOKUP($Q30,武学奇术!$A:$ZZ,3,FALSE)+SUM(_xlfn.XLOOKUP($R30:$AK30,增益!$A:$A,增益!$C:$C,0))-$I$2} -> 3648.7 | AT30: {=$E$10*(1+$AR30)+VLOOKUP($Q30,武学奇术!$A:$ZZ,4,FALSE)+SUM(_xlfn.XLOOKUP($R30:$AK30,增益!$A:$A,增益!$D:$D,0))-$I$2} -> 3648.7 | AU30: {=IF($F$10-$I$3+VLOOKUP($Q30,武学奇术!$A:$ZZ,6,FALSE)+SUM(_xlfn.XLOOKUP($R30:$AK30,增益!$A:$A,增益!$F:$F,0))>0,($F$10-$I$3+VLOOKUP($Q30,武学奇术!$A:$ZZ,6,FALSE)+SUM(_xlfn.XLOOKUP($R30:$AK30,增益!$A:$A,增益!$F:$F,0)))/200,($F$10-$I$3+VLOOKUP($Q30,武学奇术!$A:$ZZ,6,FALSE)+SUM(_xlfn.XLOOKUP($R30:$AK30,增益!$A:$A,增益!$F:$F,0)))/100)} -> 0.452 | AV30: {=$G$10+VLOOKUP($Q30,武学奇术!$A:$ZZ,7,FALSE)+SUM(_xlfn.XLOOKUP($R30:$AK30,增益!$A:$A,增益!$G:$G,0))} -> 0 | AW30: {=VLOOKUP($Q30,武学奇术!$A:$ZZ,8,FALSE)+SUM(_xlfn.XLOOKUP($R30:$AK30,增益!$A:$A,增益!$H:$H,0))} -> 0 | AX30: =$D$11*(1+$AW30) -> 0 | AY30: =$E$11*(1+$AW30) -> 0 | AZ30: {=IF($F$11-$I$4+VLOOKUP($Q30,武学奇术!$A:$ZZ,9,FALSE)+SUM(_xlfn.XLOOKUP($R30:$AK30,增益!$A:$A,增益!$I:$I,0))>0,($F$11-$I$4+VLOOKUP($Q30,武学奇术!$A:$ZZ,9,FALSE)+SUM(_xlfn.XLOOKUP($R30:$AK30,增益!$A:$A,增益!$I:$I,0)))/200,($F$11-$I$4+VLOOKUP($Q30,武学奇术!$A:$ZZ,9,FALSE)+SUM(_xlfn.XLOOKUP($R30:$AK30,增益!$A:$A,增益!$I:$I,0)))/100)} -> -0.14 | BA30: {=$G$11+VLOOKUP($Q30,武学奇术!$A:$ZZ,10,FALSE)+SUM(_xlfn.XLOOKUP($R30:$AK30,增益!$A:$A,增益!$J:$J,0))} -> 0 | BB30: =$D$12*(1+$AW30) -> 594.1 | BC30: =$E$12*(1+$AW30) -> 1604.9 | BD30: {=IF($F$12-$I$4+VLOOKUP($Q30,武学奇术!$A:$ZZ,11,FALSE)+SUM(_xlfn.XLOOKUP($R30:$AK30,增益!$A:$A,增益!$K:$K,0))>0,($F$12-$I$4+VLOOKUP($Q30,武学奇术!$A:$ZZ,11,FALSE)+SUM(_xlfn.XLOOKUP($R30:$AK30,增益!$A:$A,增益!$K:$K,0)))/200,($F$12-$I$4+VLOOKUP($Q30,武学奇术!$A:$ZZ,11,FALSE)+SUM(_xlfn.XLOOKUP($R30:$AK30,增益!$A:$A,增益!$K:$K,0)))/100)} -> 0.17 | BE30: {=$G$12+VLOOKUP($Q30,武学奇术!$A:$ZZ,12,FALSE)+SUM(_xlfn.XLOOKUP($R30:$AK30,增益!$A:$A,增益!$L:$L,0))} -> 0.15 | BF30: =$D$13*(1+$AW30) -> 0 | BG30: =$E$13*(1+$AW30) -> 0 | BH30: {=IF($F$13-$I$4+VLOOKUP($Q30,武学奇术!$A:$ZZ,13,FALSE)+SUM(_xlfn.XLOOKUP($R30:$AK30,增益!$A:$A,增益!$M:$M,0))>0,($F$13-$I$4+VLOOKUP($Q30,武学奇术!$A:$ZZ,13,FALSE)+SUM(_xlfn.XLOOKUP($R30:$AK30,增益!$A:$A,增益!$K:$K,0)))/200,($F$13-$I$4+VLOOKUP($Q30,武学奇术!$A:$ZZ,13,FALSE)+SUM(_xlfn.XLOOKUP($R30:$AK30,增益!$A:$A,增益!$M:$M,0)))/100)} -> -0.14 | BI30: {=$G$13+VLOOKUP($Q30,武学奇术!$A:$ZZ,14,FALSE)+SUM(_xlfn.XLOOKUP($R30:$AK30,增益!$A:$A,增益!$N:$N,0))} -> 0 | BJ30: =$D$14*(1+$AW30) -> 0 | BK30: =$E$14*(1+$AW30) -> 0 | BL30: {=IF($F$14-$I$4+VLOOKUP($Q30,武学奇术!$A:$ZZ,15,FALSE)+SUM(_xlfn.XLOOKUP($R30:$AK30,增益!$A:$A,增益!$O:$O,0))>0,($F$14-$I$4+VLOOKUP($Q30,武学奇术!$A:$ZZ,15,FALSE)+SUM(_xlfn.XLOOKUP($R30:$AK30,增益!$A:$A,增益!$O:$O,0)))/200,($F$14-$I$4+VLOOKUP($Q30,武学奇术!$A:$ZZ,15,FALSE)+SUM(_xlfn.XLOOKUP($R30:$AK30,增益!$A:$A,增益!$O:$O,0)))/100)} -> -0.14 | BM30: {=$G$14+VLOOKUP($Q30,武学奇术!$A:$ZZ,16,FALSE)+SUM(_xlfn.XLOOKUP($R30:$AK30,增益!$A:$A,增益!$P:$P,0))} -> 0 | BN30: =MIN(IF(VLOOKUP($Q30,武学奇术!$A:$ZZ,23,FALSE)=1,100%,$B$8),100%) -> 0.9859 | BO30: {=IF(VLOOKUP($Q30,武学奇术!$A:$ZZ,23,FALSE)=1,100%,MIN(80%,$B$9+VLOOKUP($Q30,武学奇术!$A:$ZZ,17,FALSE)+SUM(_xlfn.XLOOKUP($R30:$AK30,增益!$A:$A,增益!$Q:$Q,0)))+$B$11+SUM(_xlfn.XLOOKUP($R30:$AK30,增益!$A:$A,增益!$U:$U,0)))*IF(VLOOKUP($Q30,武学奇术!$A:$ZZ,24,FALSE)=1,0,1)} -> 0.8912 | BP30: {=1+$B$13+VLOOKUP($Q30,武学奇术!$A:$ZZ,18,FALSE)+SUM(_xlfn.XLOOKUP($R30:$AK30,增益!$A:$A,增益!$R:$R,0))} -> 1.97 | BQ30: {=IF(VLOOKUP($Q30,武学奇术!$A:$ZZ,24,FALSE)=1,100%,MIN(40%,$B$10+VLOOKUP($Q30,武学奇术!$A:$ZZ,19,FALSE)+SUM(_xlfn.XLOOKUP($R30:$AK30,增益!$A:$A,增益!$S:$S,0)))+$B$12+SUM(_xlfn.XLOOKUP($R30:$AK30,增益!$A:$A,增益!$V:$V,0)))*IF(VLOOKUP($Q30,武学奇术!$A:$ZZ,23,FALSE)=1,0,1)} -> 0.0929 | BR30: {=1+$B$14+VLOOKUP($Q30,武学奇术!$A:$ZZ,20,FALSE)+SUM(_xlfn.XLOOKUP($R30:$AK30,增益!$A:$A,增益!$T:$T,0))} -> 1.35 | BS30: =MIN((1-BQ30)*BN30,BN30*BO30) -> 0.87863408 | BT30: =1-BQ30-BS30-BU30 -> 0.01567581 | BU30: =IF(VLOOKUP($Q30,武学奇术!$A:$ZZ,22,FALSE)=1,0,(1-$BN30))*(1-$BQ30) -> 0.01279011 | BV30: {=SUM(_xlfn.XLOOKUP($R30:$AK30,增益!$A:$A,增益!$W:$W,0))+$I$5} -> 0.11
