Workbook

Sheet 期望
B1: 最小攻击 | C1: 最大攻击 | D1: 穿透 | E1: 伤害加成 | F1: 武学属性 | G1: 破竹 | H1: 怪物属性 | K1: 真气比列 | L1: 期望 | M1: 会心期望 | N1: 会意期望 | O1: 普通期望 | P1: 擦伤期望 | Q1: 次数 | R1: 技能 | S1: 增益1 | T1: 增益2 | U1: 增益3 | V1: 增益4 | W1: 增益5 | X1: 增益6 | Y1: 增益7 | Z1: 增益8 | AA1: 增益9 | AB1: 增益10 | AC1: 增益11 | AD1: 增益12 | AE1: 增益13 | AF1: 增益14 | AG1: 增益15 | AH1: 类型 | AI1: 外功倍率 | AJ1: 外攻固伤 | AK1: 属性倍率 | AL1: 属性固伤 | AM1: 通用增伤 | AN1: 外攻加成 | AO1: 即时小外 | AP1: 即时大外 | AQ1: 外穿加成 | AR1: 外伤加成 | AS1: 属攻加成 | AT1: 即时小鸣 | AU1: 即时大鸣 | AV1: 鸣金穿透 | AW1: 鸣金加成 | AX1: 即时小裂 | AY1: 即时大裂 | AZ1: 裂石穿透 | BA1: 裂石加成 | BB1: 即时小牵 | BC1: 即时大牵 | BD1: 牵丝穿透 | BE1: 牵丝加成 | BF1: 即时小破 | BG1: 即时大破 | BH1: 破竹穿透 | BI1: 破竹加成 | BJ1: 生效精准 | BK1: 生效会心 | BL1: 生效会心伤害 | BM1: 生效会意 | BN1: 生效会意伤害 | BO1: 会心占比 | BP1: 普攻占比 | BQ1: 擦伤占比 | BR1: 特殊增伤
A2: 外功 | B2: 3994.7 | C2: 3071.9 | D2: =58.4+IF($E$24="征人归",5.1,0) -> 58.4 | E2: =IF($E$22="三穷致知",2.5%,0) -> 0 | F2: 套装 | G2: 撼天 | H2: 防御 | I2: =620*(1-IF(F17="√",0.06,0)-IF(D20="√",0.04,0)) -> 558 | K2: =$L2*VLOOKUP($R2,武学奇术!$A:$ZZ,31,FALSE) -> 24625.317 | L2: =($M2*$BO2+$N2*$BM2+$O2*$BP2+$P2*$BQ2) -> 24625.317 | M2: =((($AO2+($AP2-$AO2)*IF(VLOOKUP($R2,武学奇术!$A:$ZZ,31,FALSE)=1,$F$18,0.5))*$AI2+$AJ2)*(1+$AQ2)*(1+$AR2)+(($AT2+($AU2-$AT2)*IF(VLOOKUP($R2,武学奇术!$A:$ZZ,31,FALSE)=1,$F$18,0.5))*IF($G$1="鸣金",$AK2,$AI2)+IF($G$1="鸣金",$AL2*1.5,0))*(1+$AV2)*(1+$AW2)+(($AX2+($AY2-$AX2)*IF(VLOOKUP($R2,武学奇术!$A:$ZZ,31,FALSE)=1,$F$18,0.5))*IF($G$1="裂石",$AK2,$AI2)+IF($G$1="裂石",$AL2*1.5,0))*(1+$AZ2)*(1+$BA2)+(($BB2+($BC2-$BB2)*IF(VLOOKUP($R2,武学奇术!$A:$ZZ,31,FALSE)=1,$F$18,0.5))*IF($G$1="牵丝",$AK2,$AI2)+IF($G$1="牵丝",$AL2*1.5,0))*(1+$BD2)*(1+$BE2)+(($BF2+($BG2-$BF2)*IF(VLOOKUP($R2,武学奇术!$A:$ZZ,31,FALSE)=1,$F$18,0.5))*IF($G$1="破竹",$AK2,$AI2)+IF($G$1="破竹",$AL2*1.5,0))*(1+$BH2)*(1+$BI2))*(1+$AM2)*$BL2*$Q2*(1+IF(VLOOKUP($R2,武学奇术!$A:$ZZ,30,FALSE)="蓄力技",$B$21,0))*(1+$BR2) -> 24689.645 | N2: =(($AP2*$AI2+$AJ2)*(1+$AQ2)*(1+$AR2)+($AU2*IF($G$1="鸣金",$AK2,$AI2)+IF($G$1="鸣金",$AL2*1.5,0))*(1+$AV2)*(1+$AW2)+($AY2*IF($G$1="裂石",$AK2,$AI2)+IF($G$1="裂石",$AL2*1.5,0))*(1+$AZ2)*(1+$BA2)+($BC2*IF($G$1="牵丝",$AK2,$AI2)+IF($G$1="牵丝",$AL2*1.5,0))*(1+$BD2)*(1+$BE2)+($BG2*IF($G$1="破竹",$AK2,$AI2)+IF($G$1="破竹",$AL2*1.5,0))*(1+$BH2)*(1+$BI2))*(1+$AM2)*$BN2*$Q2*(1+IF(VLOOKUP($R2,武学奇术!$A:$ZZ,30,FALSE)="蓄力技",$B$21,0))*(1+$BR2) -> 24327.271 | O2: =((($AO2+($AP2-$AO2)*IF(VLOOKUP($R2,武学奇术!$A:$ZZ,31,FALSE)=1,$F$18,0.5))*$AI2+$AJ2)*(1+$AQ2)*(1+$AR2)+(($AT2+($AU2-$AT2)*IF(VLOOKUP($R2,武学奇术!$A:$ZZ,31,FALSE)=1,$F$18,0.5))*IF($G$1="鸣金",$AK2,$AI2)+IF($G$1="鸣金",$AL2*1.5,0))*(1+$AV2)*(1+$AW2)+(($AX2+($AY2-$AX2)*IF(VLOOKUP($R2,武学奇术!$A:$ZZ,31,FALSE)=1,$F$18,0.5))*IF($G$1="裂石",$AK2,$AI2)+IF($G$1="裂石",$AL2*1.5,0))*(1+$AZ2)*(1+$BA2)+(($BB2+($BC2-$BB2)*IF(VLOOKUP($R2,武学奇术!$A:$ZZ,31,FALSE)=1,$F$18,0.5))*IF($G$1="牵丝",$AK2,$AI2)+IF($G$1="牵丝",$AL2*1.5,0))*(1+$BD2)*(1+$BE2)+(($BF2+($BG2-$BF2)*IF(VLOOKUP($R2,武学奇术!$A:$ZZ,31,FALSE)=1,$F$18,0.5))*IF($G$1="破竹",$AK2,$AI2)+IF($G$1="破竹",$AL2*1.5,0))*(1+$BH2)*(1+$BI2))*(1+$AM2)*$Q2*(1+IF(VLOOKUP($R2,武学奇术!$A:$ZZ,30,FALSE)="蓄力技",$B$21,0))*(1+$BR2) -> 15928.803 | P2: =((($AO2*$AI2+$AJ2)*(1+$AQ2)*(1+$AR2)+($AT2*IF($G$1="鸣金",$AK2,$AI2)+IF($G$1="鸣金",$AL2*1.5,0))*(1+$AV2)*(1+$AW2)+($AX2*IF($G$1="裂石",$AK2,$AI2)+IF($G$1="裂石",$AL2*1.5,0))*(1+$AZ2)*(1+$BA2)+($BB2*IF($G$1="牵丝",$AK2,$AI2)+IF($G$1="牵丝",$AL2*1.5,0))*(1+$BD2)*(1+$BE2)+($BF2*IF($G$1="破竹",$AK2,$AI2)+IF($G$1="破竹",$AL2*1.5,0))*(1+$BH2)*(1+$BI2))*(1+$AM2))*$Q2*(1+IF(VLOOKUP($R2,武学奇术!$A:$ZZ,30,FALSE)="蓄力技",$B$21,0))*(1+$BR2) -> 13837.405 | Q2: 1 | R2: 萧呤千浪流星 | S2: 易水歌1层 | T2: N/a | U2: N/a | V2: 近战笛 | W2: N/a | X2: N/a | Y2: 沧海帖1层 | Z2: N/a | AA2: N/a | AB2: N/a | AC2: N/a | AD2: N/a | AE2: 裁云(拐) | AF2: 无惧 | AG2: 天志增伤 | AH2: =VLOOKUP($R2,武学奇术!$A:$ZZ,25,FALSE) -> 群体奇术 | AI2: =VLOOKUP($R2,武学奇术!$A:$ZZ,26,FALSE) -> 1.4904 | AJ2: =VLOOKUP($R2,武学奇术!$A:$ZZ,27,FALSE)*(1+IF(OR($AH2=$F$4,$AH2=$F$5),$B$22,0)) -> 378 | AK2: =VLOOKUP($R2,武学奇术!$A:$ZZ,28,FALSE) -> 2.2356 | AL2: =VLOOKUP($R2,武学奇术!$A:$ZZ,29,FALSE)*(1+IF(OR($AH2=$F$4,$AH2=$F$5),$B$22,0)) -> 0 | AM2: {=$G$3+IFERROR(VLOOKUP($AH2,$F$4:$G$7,2,FALSE),0)+VLOOKUP($R2,武学奇术!$A:$ZZ,2,FALSE)+SUM(_xlfn.XLOOKUP($S2:$AG2,增益!$A:$A,增益!$B:$B,0))} -> 0.2137 | AN2: {=VLOOKUP($R2,武学奇术!$A:$ZZ,5,FALSE)+SUM(_xlfn.XLOOKUP($S2:$AG2,增益!$A:$A,增益!$E:$E,0))} -> 0 | AO2: {=$D$10*(1+$AN2)+VLOOKUP($R2,武学奇术!$A:$ZZ,3,FALSE)+SUM(_xlfn.XLOOKUP($S2:$AG2,增益!$A:$A,增益!$C:$C,0))-$I$2} -> 3888.382 | AP2: {=$E$10*(1+$AN2)+VLOOKUP($R2,武学奇术!$A:$ZZ,4,FALSE)+SUM(_xlfn.XLOOKUP($S2:$AG2,增益!$A:$A,增益!$D:$D,0))-$I$2} -> 3888.382 | AQ2: {=IF($F$10-$I$3+VLOOKUP($R2,武学奇术!$A:$ZZ,6,FALSE)+SUM(_xlfn.XLOOKUP(S2:AG2,增益!$A:$A,增益!$F:$F,0))>0,($F$10-$I$3+VLOOKUP($R2,武学奇术!$A:$ZZ,6,FALSE)+SUM(_xlfn.XLOOKUP(S2:AG2,增益!$A:$A,增益!$F:$F,0)))/200,($F$10-$I$3+VLOOKUP($R2,武学奇术!$A:$ZZ,6,FALSE)+SUM(_xlfn.XLOOKUP(S2:AG2,增益!$A:$A,增益!$F:$F,0)))/100)} -> 0.277 | AR2: {=$G$10+VLOOKUP($R2,武学奇术!$A:$ZZ,7,FALSE)+SUM(_xlfn.XLOOKUP(S2:AG2,增益!$A:$A,增益!$G:$G,0))} -> 0.09 | AS2: {=VLOOKUP($R2,武学奇术!$A:$ZZ,8,FALSE)+SUM(_xlfn.XLOOKUP(S2:AG2,增益!$A:$A,增益!$H:$H,0))} -> 0 | AT2: =$D$11*(1+$AS2) -> 0 | AU2: =$E$11*(1+$AS2) -> 0 | AV2: {=IF($F$11-$I$4+VLOOKUP($R2,武学奇术!$A:$ZZ,9,FALSE)+SUM(_xlfn.XLOOKUP(S2:AG2,增益!$A:$A,增益!$I:$I,0))>0,($F$11-$I$4+VLOOKUP($R2,武学奇术!$A:$ZZ,9,FALSE)+SUM(_xlfn.XLOOKUP(S2:AG2,增益!$A:$A,增益!$I:$I,0)))/200,($F$11-$I$4+VLOOKUP($R2,武学奇术!$A:$ZZ,9,FALSE)+SUM(_xlfn.XLOOKUP(S2:AG2,增益!$A:$A,增益!$I:$I,0)))/100)} -> -0.3 | AW2: {=$G$11+VLOOKUP($R2,武学奇术!$A:$ZZ,10,FALSE)+SUM(_xlfn.XLOOKUP(S2:AG2,增益!$A:$A,增益!$J:$J,0))} -> 0 | AX2: =$D$12*(1+$AS2) -> 0 | AY2: =$E$12*(1+$AS2) -> 0 | AZ2: {=IF($F$12-$I$4+VLOOKUP($R2,武学奇术!$A:$ZZ,11,FALSE)+SUM(_xlfn.XLOOKUP(S2:AG2,增益!$A:$A,增益!$K:$K,0))>0,($F$12-$I$4+VLOOKUP($R2,武学奇术!$A:$ZZ,11,FALSE)+SUM(_xlfn.XLOOKUP(S2:AG2,增益!$A:$A,增益!$K:$K,0)))/200,($F$12-$I$4+VLOOKUP($R2,武学奇术!$A:$ZZ,11,FALSE)+SUM(_xlfn.XLOOKUP(S2:AG2,增益!$A:$A,增益!$K:$K,0)))/100)} -> -0.3 | BA2: {=$G$12+VLOOKUP($R2,武学奇术!$A:$ZZ,12,FALSE)+SUM(_xlfn.XLOOKUP(S2:AG2,增益!$A:$A,增益!$L:$L,0))} -> 0 | BB2: =$D$13*(1+$AS2) -> 0 | BC2: =$E$13*(1+$AS2) -> 0 | BD2: {=IF($F$13-$I$4+VLOOKUP($R2,武学奇术!$A:$ZZ,13,FALSE)+SUM(_xlfn.XLOOKUP(S2:AG2,增益!$A:$A,增益!$M:$M,0))>0,($F$13-$I$4+VLOOKUP($R2,武学奇术!$A:$ZZ,13,FALSE)+SUM(_xlfn.XLOOKUP(S2:AG2,增益!$A:$A,增益!$K:$K,0)))/200,($F$13-$I$4+VLOOKUP($R2,武学奇术!$A:$ZZ,13,FALSE)+SUM(_xlfn.XLOOKUP(S2:AG2,增益!$A:$A,增益!$M:$M,0)))/100)} -> -0.3 | BE2: {=$G$13+VLOOKUP($R2,武学奇术!$A:$ZZ,14,FALSE)+SUM(_xlfn.XLOOKUP(S2:AG2,增益!$A:$A,增益!$N:$N,0))} -> 0 | BF2: =$D$14*(1+$AS2) -> 605.472 | BG2: =$E$14*(1+$AS2) -> 1725.468 | BH2: {=IF($F$14-$I$4+VLOOKUP($R2,武学奇术!$A:$ZZ,15,FALSE)+SUM(_xlfn.XLOOKUP(S2:AG2,增益!$A:$A,增益!$O:$O,0))>0,($F$14-$I$4+VLOOKUP($R2,武学奇术!$A:$ZZ,15,FALSE)+SUM(_xlfn.XLOOKUP(S2:AG2,增益!$A:$A,增益!$O:$O,0)))/200,($F$14-$I$4+VLOOKUP($R2,武学奇术!$A:$ZZ,15,FALSE)+SUM(_xlfn.XLOOKUP(S2:AG2,增益!$A:$A,增益!$O:$O,0)))/100)} -> 0 | BI2: {=$G$14+VLOOKUP($R2,武学奇术!$A:$ZZ,16,FALSE)+SUM(_xlfn.XLOOKUP(S2:AG2,增益!$A:$A,增益!$P:$P,0))} -> 0.24 | BJ2: =MIN(IF(VLOOKUP($R2,武学奇术!$A:$ZZ,23,FALSE)=1,100%,$B$8),100%) -> 1 | BK2: {=IF(VLOOKUP($R2,武学奇术!$A:$ZZ,23,FALSE)=1,100%,MIN(80%,$B$9+VLOOKUP($R2,武学奇术!$A:$ZZ,17,FALSE)+SUM(_xlfn.XLOOKUP(S2:AG2,增益!$A:$A,增益!$Q:$Q,0)))+$B$11+SUM(_xlfn.XLOOKUP(S2:AG2,增益!$A:$A,增益!$U:$U,0)))*IF(VLOOKUP($R2,武学奇术!$A:$ZZ,24,FALSE)=1,0,1)+MIN(IF(VLOOKUP($R2,武学奇术!$A:$ZZ,32,FALSE)=1,IF(VLOOKUP($R2,武学奇术!$A:$ZZ,24,FALSE)=1,100%,MIN(40%,$B$10+VLOOKUP($R2,武学奇术!$A:$ZZ,19,FALSE)+SUM(_xlfn.XLOOKUP(S2:AG2,增益!$A:$A,增益!$S:$S,0)))+$B$12+SUM(_xlfn.XLOOKUP(S2:AG2,增益!$A:$A,增益!$V:$V,0))),0),12%)} -> 0.9036 | BL2: {=1+$B$13+VLOOKUP($R2,武学奇术!$A:$ZZ,18,FALSE)+SUM(_xlfn.XLOOKUP(S2:AG2,增益!$A:$A,增益!$R:$R,0))} -> 1.55 | BM2: {=MAX(IF(VLOOKUP($R2,武学奇术!$A:$ZZ,24,FALSE)=1,100%,MIN(40%,$B$10+VLOOKUP($R2,武学奇术!$A:$ZZ,19,FALSE)+SUM(_xlfn.XLOOKUP(S2:AG2,增益!$A:$A,增益!$S:$S,0)))+$B$12+SUM(_xlfn.XLOOKUP(S2:AG2,增益!$A:$A,增益!$V:$V,0)))*IF(VLOOKUP($R2,武学奇术!$A:$ZZ,23,FALSE)=1,0,1)-IF(VLOOKUP($R2,武学奇术!$A:$ZZ,32,FALSE)=1,12%,0),0)} -> 0.0929 | BN2: {=1+$B$14+VLOOKUP($R2,武学奇术!$A:$ZZ,20,FALSE)+SUM(_xlfn.XLOOKUP(S2:AG2,增益!$A:$A,增益!$T:$T,0))} -> 1.35 | BO2: =MIN((1-BM2)*BJ2,BJ2*BK2) -> 0.9036 | BP2: =1-BM2-BO2-BQ2 -> 0.0035 | BQ2: =IF(VLOOKUP($R2,武学奇术!$A:$ZZ,22,FALSE)=1,0,(1-$BJ2))*(1-$BM2) -> 0 | BR2: {=SUM(_xlfn.XLOOKUP(S2:AG2,增益!$A:$A,增益!$W:$W,0))+$I$5} -> 0.11
A3: 鸣金 | F3: 通用增伤 | G3: =B16+1.5%+IF($D$16="√",8%,0)+IF($E$24="征人归",8%,0) -> 0.1837 | H3: 外抗 | I3: =25-IF(D17="√",10,0)-IF(F17="√",10,0) -> 5 | K3: =$L3*VLOOKUP($R3,武学奇术!$A:$ZZ,31,FALSE) -> 25675.251 | L3: =($M3*$BO3+$N3*$BM3+$O3*$BP3+$P3*$BQ3) -> 25675.251 | M3: =((($AO3+($AP3-$AO3)*IF(VLOOKUP($R3,武学奇术!$A:$ZZ,31,FALSE)=1,$F$18,0.5))*$AI3+$AJ3)*(1+$AQ3)*(1+$AR3)+(($AT3+($AU3-$AT3)*IF(VLOOKUP($R3,武学奇术!$A:$ZZ,31,FALSE)=1,$F$18,0.5))*IF($G$1="鸣金",$AK3,$AI3)+IF($G$1="鸣金",$AL3*1.5,0))*(1+$AV3)*(1+$AW3)+(($AX3+($AY3-$AX3)*IF(VLOOKUP($R3,武学奇术!$A:$ZZ,31,FALSE)=1,$F$18,0.5))*IF($G$1="裂石",$AK3,$AI3)+IF($G$1="裂石",$AL3*1.5,0))*(1+$AZ3)*(1+$BA3)+(($BB3+($BC3-$BB3)*IF(VLOOKUP($R3,武学奇术!$A:$ZZ,31,FALSE)=1,$F$18,0.5))*IF($G$1="牵丝",$AK3,$AI3)+IF($G$1="牵丝",$AL3*1.5,0))*(1+$BD3)*(1+$BE3)+(($BF3+($BG3-$BF3)*IF(VLOOKUP($R3,武学奇术!$A:$ZZ,31,FALSE)=1,$F$18,0.5))*IF($G$1="破竹",$AK3,$AI3)+IF($G$1="破竹",$AL3*1.5,0))*(1+$BH3)*(1+$BI3))*(1+$AM3)*$BL3*$Q3*(1+IF(VLOOKUP($R3,武学奇术!$A:$ZZ,30,FALSE)="蓄力技",$B$21,0))*(1+$BR3) -> 25743.934 | N3: =(($AP3*$AI3+$AJ3)*(1+$AQ3)*(1+$AR3)+($AU3*IF($G$1="鸣金",$AK3,$AI3)+IF($G$1="鸣金",$AL3*1.5,0))*(1+$AV3)*(1+$AW3)+($AY3*IF($G$1="裂石",$AK3,$AI3)+IF($G$1="裂石",$AL3*1.5,0))*(1+$AZ3)*(1+$BA3)+($BC3*IF($G$1="牵丝",$AK3,$AI3)+IF($G$1="牵丝",$AL3*1.5,0))*(1+$BD3)*(1+$BE3)+($BG3*IF($G$1="破竹",$AK3,$AI3)+IF($G$1="破竹",$AL3*1.5,0))*(1+$BH3)*(1+$BI3))*(1+$AM3)*$BN3*$Q3*(1+IF(VLOOKUP($R3,武学奇术!$A:$ZZ,30,FALSE)="蓄力技",$B$21,0))*(1+$BR3) -> 25352.786 | O3: =((($AO3+($AP3-$AO3)*IF(VLOOKUP($R3,武学奇术!$A:$ZZ,31,FALSE)=1,$F$18,0.5))*$AI3+$AJ3)*(1+$AQ3)*(1+$AR3)+(($AT3+($AU3-$AT3)*IF(VLOOKUP($R3,武学奇术!$A:$ZZ,31,FALSE)=1,$F$18,0.5))*IF($G$1="鸣金",$AK3,$AI3)+IF($G$1="鸣金",$AL3*1.5,0))*(1+$AV3)*(1+$AW3)+(($AX3+($AY3-$AX3)*IF(VLOOKUP($R3,武学奇术!$A:$ZZ,31,FALSE)=1,$F$18,0.5))*IF($G$1="裂石",$AK3,$AI3)+IF($G$1="裂石",$AL3*1.5,0))*(1+$AZ3)*(1+$BA3)+(($BB3+($BC3-$BB3)*IF(VLOOKUP($R3,武学奇术!$A:$ZZ,31,FALSE)=1,$F$18,0.5))*IF($G$1="牵丝",$AK3,$AI3)+IF($G$1="牵丝",$AL3*1.5,0))*(1+$BD3)*(1+$BE3)+(($BF3+($BG3-$BF3)*IF(VLOOKUP($R3,武学奇术!$A:$ZZ,31,FALSE)=1,$F$18,0.5))*IF($G$1="破竹",$AK3,$AI3)+IF($G$1="破竹",$AL3*1.5,0))*(1+$BH3)*(1+$BI3))*(1+$AM3)*$Q3*(1+IF(VLOOKUP($R3,武学奇术!$A:$ZZ,30,FALSE)="蓄力技",$B$21,0))*(1+$BR3) -> 16502.522 | P3: =((($AO3*$AI3+$AJ3)*(1+$AQ3)*(1+$AR3)+($AT3*IF($G$1="鸣金",$AK3,$AI3)+IF($G$1="鸣金",$AL3*1.5,0))*(1+$AV3)*(1+$AW3)+($AX3*IF($G$1="裂石",$AK3,$AI3)+IF($G$1="裂石",$AL3*1.5,0))*(1+$AZ3)*(1+$BA3)+($BB3*IF($G$1="牵丝",$AK3,$AI3)+IF($G$1="牵丝",$AL3*1.5,0))*(1+$BD3)*(1+$BE3)+($BF3*IF($G$1="破竹",$AK3,$AI3)+IF($G$1="破竹",$AL3*1.5,0))*(1+$BH3)*(1+$BI3))*(1+$AM3))*$Q3*(1+IF(VLOOKUP($R3,武学奇术!$A:$ZZ,30,FALSE)="蓄力技",$B$21,0))*(1+$BR3) -> 14225.202 | Q3: 1 | R3: 萧呤千浪流星 | S3: 易水歌2层 | T3: N/a | U3: N/a | V3: 近战笛 | W3: N/a | X3: N/a | Y3: 沧海帖2层 | Z3: 惧刃(拐) | AA3: N/a | AB3: 扶风(拐) | AC3: N/a | AD3: N/a | AE3: 裁云(拐) | AF3: 无惧 | AG3: 天志增伤 | AH3: =VLOOKUP($R3,武学奇术!$A:$ZZ,25,FALSE) -> 群体奇术 | AI3: =VLOOKUP($R3,武学奇术!$A:$ZZ,26,FALSE) -> 1.4904 | AJ3: =VLOOKUP($R3,武学奇术!$A:$ZZ,27,FALSE)*(1+IF(OR($AH3=$F$4,$AH3=$F$5),$B$22,0)) -> 378 | AK3: =VLOOKUP($R3,武学奇术!$A:$ZZ,28,FALSE) -> 2.2356 | AL3: =VLOOKUP($R3,武学奇术!$A:$ZZ,29,FALSE)*(1+IF(OR($AH3=$F$4,$AH3=$F$5),$B$22,0)) -> 0 | AM3: {=$G$3+IFERROR(VLOOKUP($AH3,$F$4:$G$7,2,FALSE),0)+VLOOKUP($R3,武学奇术!$A:$ZZ,2,FALSE)+SUM(_xlfn.XLOOKUP($S3:$AG3,增益!$A:$A,增益!$B:$B,0))} -> 0.2237 | AN3: {=VLOOKUP($R3,武学奇术!$A:$ZZ,5,FALSE)+SUM(_xlfn.XLOOKUP($S3:$AG3,增益!$A:$A,增益!$E:$E,0))} -> 0 | AO3: {=$D$10*(1+$AN3)+VLOOKUP($R3,武学奇术!$A:$ZZ,3,FALSE)+SUM(_xlfn.XLOOKUP($S3:$AG3,增益!$A:$A,增益!$C:$C,0))-$I$2} -> 3888.382 | AP3: {=$E$10*(1+$AN3)+VLOOKUP($R3,武学奇术!$A:$ZZ,4,FALSE)+SUM(_xlfn.XLOOKUP($S3:$AG3,增益!$A:$A,增益!$D:$D,0))-$I$2} -> 3888.382 | AQ3: {=IF($F$10-$I$3+VLOOKUP($R3,武学奇术!$A:$ZZ,6,FALSE)+SUM(_xlfn.XLOOKUP(S3:AG3,增益!$A:$A,增益!$F:$F,0))>0,($F$10-$I$3+VLOOKUP($R3,武学奇术!$A:$ZZ,6,FALSE)+SUM(_xlfn.XLOOKUP(S3:AG3,增益!$A:$A,增益!$F:$F,0)))/200,($F$10-$I$3+VLOOKUP($R3,武学奇术!$A:$ZZ,6,FALSE)+SUM(_xlfn.XLOOKUP(S3:AG3,增益!$A:$A,增益!$F:$F,0)))/100)} -> 0.287 | AR3: {=$G$10+VLOOKUP($R3,武学奇术!$A:$ZZ,7,FALSE)+SUM(_xlfn.XLOOKUP(S3:AG3,增益!$A:$A,增益!$G:$G,0))} -> 0.09 | AS3: {=VLOOKUP($R3,武学奇术!$A:$ZZ,8,FALSE)+SUM(_xlfn.XLOOKUP(S3:AG3,增益!$A:$A,增益!$H:$H,0))} -> 0 | AT3: =$D$11*(1+$AS3) -> 0 | AU3: =$E$11*(1+$AS3) -> 0 | AV3: {=IF($F$11-$I$4+VLOOKUP($R3,武学奇术!$A:$ZZ,9,FALSE)+SUM(_xlfn.XLOOKUP(S3:AG3,增益!$A:$A,增益!$I:$I,0))>0,($F$11-$I$4+VLOOKUP($R3,武学奇术!$A:$ZZ,9,FALSE)+SUM(_xlfn.XLOOKUP(S3:AG3,增益!$A:$A,增益!$I:$I,0)))/200,($F$11-$I$4+VLOOKUP($R3,武学奇术!$A:$ZZ,9,FALSE)+SUM(_xlfn.XLOOKUP(S3:AG3,增益!$A:$A,增益!$I:$I,0)))/100)} -> -0.14 | AW3: {=$G$11+VLOOKUP($R3,武学奇术!$A:$ZZ,10,FALSE)+SUM(_xlfn.XLOOKUP(S3:AG3,增益!$A:$A,增益!$J:$J,0))} -> 0 | AX3: =$D$12*(1+$AS3) -> 0 | AY3: =$E$12*(1+$AS3) -> 0 | AZ3: {=IF($F$12-$I$4+VLOOKUP($R3,武学奇术!$A:$ZZ,11,FALSE)+SUM(_xlfn.XLOOKUP(S3:AG3,增益!$A:$A,增益!$K:$K,0))>0,($F$12-$I$4+VLOOKUP($R3,武学奇术!$A:$ZZ,11,FALSE)+SUM(_xlfn.XLOOKUP(S3:AG3,增益!$A:$A,增益!$K:$K,0)))/200,($F$12-$I$4+VLOOKUP($R3,武学奇术!$A:$ZZ,11,FALSE)+SUM(_xlfn.XLOOKUP(S3:AG3,增益!$A:$A,增益!$K:$K,0)))/100)} -> -0.14 | BA3: {=$G$12+VLOOKUP($R3,武学奇术!$A:$ZZ,12,FALSE)+SUM(_xlfn.XLOOKUP(S3:AG3,增益!$A:$A,增益!$L:$L,0))} -> 0 | BB3: =$D$13*(1+$AS3) -> 0 | BC3: =$E$13*(1+$AS3) -> 0 | BD3: {=IF($F$13-$I$4+VLOOKUP($R3,武学奇术!$A:$ZZ,13,FALSE)+SUM(_xlfn.XLOOKUP(S3:AG3,增益!$A:$A,增益!$M:$M,0))>0,($F$13-$I$4+VLOOKUP($R3,武学奇术!$A:$ZZ,13,FALSE)+SUM(_xlfn.XLOOKUP(S3:AG3,增益!$A:$A,增益!$K:$K,0)))/200,($F$13-$I$4+VLOOKUP($R3,武学奇术!$A:$ZZ,13,FALSE)+SUM(_xlfn.XLOOKUP(S3:AG3,增益!$A:$A,增益!$M:$M,0)))/100)} -> -0.14 | BE3: {=$G$13+VLOOKUP($R3,武学奇术!$A:$ZZ,14,FALSE)+SUM(_xlfn.XLOOKUP(S3:AG3,增益!$A:$A,增益!$N:$N,0))} -> 0 | BF3: =$D$14*(1+$AS3) -> 605.472 | BG3: =$E$14*(1+$AS3) -> 1725.468 | BH3: {=IF($F$14-$I$4+VLOOKUP($R3,武学奇术!$A:$ZZ,15,FALSE)+SUM(_xlfn.XLOOKUP(S3:AG3,增益!$A:$A,增益!$O:$O,0))>0,($F$14-$I$4+VLOOKUP($R3,武学奇术!$A:$ZZ,15,FALSE)+SUM(_xlfn.XLOOKUP(S3:AG3,增益!$A:$A,增益!$O:$O,0)))/200,($F$14-$I$4+VLOOKUP($R3,武学奇术!$A:$ZZ,15,FALSE)+SUM(_xlfn.XLOOKUP(S3:AG3,增益!$A:$A,增益!$O:$O,0)))/100)} -> 0.08 | BI3: {=$G$14+VLOOKUP($R3,武学奇术!$A:$ZZ,16,FALSE)+SUM(_xlfn.XLOOKUP(S3:AG3,增益!$A:$A,增益!$P:$P,0))} -> 0.24 | BJ3: =MIN(IF(VLOOKUP($R3,武学奇术!$A:$ZZ,23,FALSE)=1,100%,$B$8),100%) -> 1 | BK3: {=IF(VLOOKUP($R3,武学奇术!$A:$ZZ,23,FALSE)=1,100%,MIN(80%,$B$9+VLOOKUP($R3,武学奇术!$A:$ZZ,17,FALSE)+SUM(_xlfn.XLOOKUP(S3:AG3,增益!$A:$A,增益!$Q:$Q,0)))+$B$11+SUM(_xlfn.XLOOKUP(S3:AG3,增益!$A:$A,增益!$U:$U,0)))*IF(VLOOKUP($R3,武学奇术!$A:$ZZ,24,FALSE)=1,0,1)+MIN(IF(VLOOKUP($R3,武学奇术!$A:$ZZ,32,FALSE)=1,IF(VLOOKUP($R3,武学奇术!$A:$ZZ,24,FALSE)=1,100%,MIN(40%,$B$10+VLOOKUP($R3,武学奇术!$A:$ZZ,19,FALSE)+SUM(_xlfn.XLOOKUP(S3:AG3,增益!$A:$A,增益!$S:$S,0)))+$B$12+SUM(_xlfn.XLOOKUP(S3:AG3,增益!$A:$A,增益!$V:$V,0))),0),12%)} -> 0.9036 | BL3: {=1+$B$13+VLOOKUP($R3,武学奇术!$A:$ZZ,18,FALSE)+SUM(_xlfn.XLOOKUP(S3:AG3,增益!$A:$A,增益!$R:$R,0))} -> 1.56 | BM3: {=MAX(IF(VLOOKUP($R3,武学奇术!$A:$ZZ,24,FALSE)=1,100%,MIN(40%,$B$10+VLOOKUP($R3,武学奇术!$A:$ZZ,19,FALSE)+SUM(_xlfn.XLOOKUP(S3:AG3,增益!$A:$A,增益!$S:$S,0)))+$B$12+SUM(_xlfn.XLOOKUP(S3:AG3,增益!$A:$A,增益!$V:$V,0)))*IF(VLOOKUP($R3,武学奇术!$A:$ZZ,23,FALSE)=1,0,1)-IF(VLOOKUP($R3,武学奇术!$A:$ZZ,32,FALSE)=1,12%,0),0)} -> 0.0929 | BN3: {=1+$B$14+VLOOKUP($R3,武学奇术!$A:$ZZ,20,FALSE)+SUM(_xlfn.XLOOKUP(S3:AG3,增益!$A:$A,增益!$T:$T,0))} -> 1.35 | BO3: =MIN((1-BM3)*BJ3,BJ3*BK3) -> 0.9036 | BP3: =1-BM3-BO3-BQ3 -> 0.0035 | BQ3: =IF(VLOOKUP($R3,武学奇术!$A:$ZZ,22,FALSE)=1,0,(1-$BJ3))*(1-$BM3) -> 0 | BR3: {=SUM(_xlfn.XLOOKUP(S3:AG3,增益!$A:$A,增益!$W:$W,0))+$I$5} -> 0.11
A4: 裂石 | F4: 拳甲 | G4: =B15+B17 -> 0.1704 | H4: 属抗 | I4: =30 -> 30 | K4: =$L4*VLOOKUP($R4,武学奇术!$A:$ZZ,31,FALSE) -> 26178.004 | L4: =($M4*$BO4+$N4*$BM4+$O4*$BP4+$P4*$BQ4) -> 26178.004 | M4: =((($AO4+($AP4-$AO4)*IF(VLOOKUP($R4,武学奇术!$A:$ZZ,31,FALSE)=1,$F$18,0.5))*$AI4+$AJ4)*(1+$AQ4)*(1+$AR4)+(($AT4+($AU4-$AT4)*IF(VLOOKUP($R4,武学奇术!$A:$ZZ,31,FALSE)=1,$F$18,0.5))*IF($G$1="鸣金",$AK4,$AI4)+IF($G$1="鸣金",$AL4*1.5,0))*(1+$AV4)*(1+$AW4)+(($AX4+($AY4-$AX4)*IF(VLOOKUP($R4,武学奇术!$A:$ZZ,31,FALSE)=1,$F$18,0.5))*IF($G$1="裂石",$AK4,$AI4)+IF($G$1="裂石",$AL4*1.5,0))*(1+$AZ4)*(1+$BA4)+(($BB4+($BC4-$BB4)*IF(VLOOKUP($R4,武学奇术!$A:$ZZ,31,FALSE)=1,$F$18,0.5))*IF($G$1="牵丝",$AK4,$AI4)+IF($G$1="牵丝",$AL4*1.5,0))*(1+$BD4)*(1+$BE4)+(($BF4+($BG4-$BF4)*IF(VLOOKUP($R4,武学奇术!$A:$ZZ,31,FALSE)=1,$F$18,0.5))*IF($G$1="破竹",$AK4,$AI4)+IF($G$1="破竹",$AL4*1.5,0))*(1+$BH4)*(1+$BI4))*(1+$AM4)*$BL4*$Q4*(1+IF(VLOOKUP($R4,武学奇术!$A:$ZZ,30,FALSE)="蓄力技",$B$21,0))*(1+$BR4) -> 26265.354 | N4: =(($AP4*$AI4+$AJ4)*(1+$AQ4)*(1+$AR4)+($AU4*IF($G$1="鸣金",$AK4,$AI4)+IF($G$1="鸣金",$AL4*1.5,0))*(1+$AV4)*(1+$AW4)+($AY4*IF($G$1="裂石",$AK4,$AI4)+IF($G$1="裂石",$AL4*1.5,0))*(1+$AZ4)*(1+$BA4)+($BC4*IF($G$1="牵丝",$AK4,$AI4)+IF($G$1="牵丝",$AL4*1.5,0))*(1+$BD4)*(1+$BE4)+($BG4*IF($G$1="破竹",$AK4,$AI4)+IF($G$1="破竹",$AL4*1.5,0))*(1+$BH4)*(1+$BI4))*(1+$AM4)*$BN4*$Q4*(1+IF(VLOOKUP($R4,武学奇术!$A:$ZZ,30,FALSE)="蓄力技",$B$21,0))*(1+$BR4) -> 25684.363 | O4: =((($AO4+($AP4-$AO4)*IF(VLOOKUP($R4,武学奇术!$A:$ZZ,31,FALSE)=1,$F$18,0.5))*$AI4+$AJ4)*(1+$AQ4)*(1+$AR4)+(($AT4+($AU4-$AT4)*IF(VLOOKUP($R4,武学奇术!$A:$ZZ,31,FALSE)=1,$F$18,0.5))*IF($G$1="鸣金",$AK4,$AI4)+IF($G$1="鸣金",$AL4*1.5,0))*(1+$AV4)*(1+$AW4)+(($AX4+($AY4-$AX4)*IF(VLOOKUP($R4,武学奇术!$A:$ZZ,31,FALSE)=1,$F$18,0.5))*IF($G$1="裂石",$AK4,$AI4)+IF($G$1="裂石",$AL4*1.5,0))*(1+$AZ4)*(1+$BA4)+(($BB4+($BC4-$BB4)*IF(VLOOKUP($R4,武学奇术!$A:$ZZ,31,FALSE)=1,$F$18,0.5))*IF($G$1="牵丝",$AK4,$AI4)+IF($G$1="牵丝",$AL4*1.5,0))*(1+$BD4)*(1+$BE4)+(($BF4+($BG4-$BF4)*IF(VLOOKUP($R4,武学奇术!$A:$ZZ,31,FALSE)=1,$F$18,0.5))*IF($G$1="破竹",$AK4,$AI4)+IF($G$1="破竹",$AL4*1.5,0))*(1+$BH4)*(1+$BI4))*(1+$AM4)*$Q4*(1+IF(VLOOKUP($R4,武学奇术!$A:$ZZ,30,FALSE)="蓄力技",$B$21,0))*(1+$BR4) -> 16729.525 | P4: =((($AO4*$AI4+$AJ4)*(1+$AQ4)*(1+$AR4)+($AT4*IF($G$1="鸣金",$AK4,$AI4)+IF($G$1="鸣金",$AL4*1.5,0))*(1+$AV4)*(1+$AW4)+($AX4*IF($G$1="裂石",$AK4,$AI4)+IF($G$1="裂石",$AL4*1.5,0))*(1+$AZ4)*(1+$BA4)+($BB4*IF($G$1="牵丝",$AK4,$AI4)+IF($G$1="牵丝",$AL4*1.5,0))*(1+$BD4)*(1+$BE4)+($BF4*IF($G$1="破竹",$AK4,$AI4)+IF($G$1="破竹",$AL4*1.5,0))*(1+$BH4)*(1+$BI4))*(1+$AM4))*$Q4*(1+IF(VLOOKUP($R4,武学奇术!$A:$ZZ,30,FALSE)="蓄力技",$B$21,0))*(1+$BR4) -> 14433.595 | Q4: 1 | R4: 萧呤千浪流星 | S4: 易水歌3层 | T4: N/a | U4: N/a | V4: 近战笛 | W4: N/a | X4: N/a | Y4: 沧海帖3层 | Z4: 惧刃(拐) | AA4: N/a | AB4: 烁鼓(拐) | AC4: N/a | AD4: N/a | AE4: 裁云(拐) | AF4: 无惧 | AG4: 天志增伤 | AH4: =VLOOKUP($R4,武学奇术!$A:$ZZ,25,FALSE) -> 群体奇术 | AI4: =VLOOKUP($R4,武学奇术!$A:$ZZ,26,FALSE) -> 1.4904 | AJ4: =VLOOKUP($R4,武学奇术!$A:$ZZ,27,FALSE)*(1+IF(OR($AH4=$F$4,$AH4=$F$5),$B$22,0)) -> 378 | AK4: =VLOOKUP($R4,武学奇术!$A:$ZZ,28,FALSE) -> 2.2356 | AL4: =VLOOKUP($R4,武学奇术!$A:$ZZ,29,FALSE)*(1+IF(OR($AH4=$F$4,$AH4=$F$5),$B$22,0)) -> 0 | AM4: {=$G$3+IFERROR(VLOOKUP($AH4,$F$4:$G$7,2,FALSE),0)+VLOOKUP($R4,武学奇术!$A:$ZZ,2,FALSE)+SUM(_xlfn.XLOOKUP($S4:$AG4,增益!$A:$A,增益!$B:$B,0))} -> 0.2337 | AN4: {=VLOOKUP($R4,武学奇术!$A:$ZZ,5,FALSE)+SUM(_xlfn.XLOOKUP($S4:$AG4,增益!$A:$A,增益!$E:$E,0))} -> 0 | AO4: {=$D$10*(1+$AN4)+VLOOKUP($R4,武学奇术!$A:$ZZ,3,FALSE)+SUM(_xlfn.XLOOKUP($S4:$AG4,增益!$A:$A,增益!$C:$C,0))-$I$2} -> 3888.382 | AP4: {=$E$10*(1+$AN4)+VLOOKUP($R4,武学奇术!$A:$ZZ,4,FALSE)+SUM(_xlfn.XLOOKUP($S4:$AG4,增益!$A:$A,增益!$D:$D,0))-$I$2} -> 3888.382 | AQ4: {=IF($F$10-$I$3+VLOOKUP($R4,武学奇术!$A:$ZZ,6,FALSE)+SUM(_xlfn.XLOOKUP(S4:AG4,增益!$A:$A,增益!$F:$F,0))>0,($F$10-$I$3+VLOOKUP($R4,武学奇术!$A:$ZZ,6,FALSE)+SUM(_xlfn.XLOOKUP(S4:AG4,增益!$A:$A,增益!$F:$F,0)))/200,($F$10-$I$3+VLOOKUP($R4,武学奇术!$A:$ZZ,6,FALSE)+SUM(_xlfn.XLOOKUP(S4:AG4,增益!$A:$A,增益!$F:$F,0)))/100)} -> 0.297 | AR4: {=$G$10+VLOOKUP($R4,武学奇术!$A:$ZZ,7,FALSE)+SUM(_xlfn.XLOOKUP(S4:AG4,增益!$A:$A,增益!$G:$G,0))} -> 0.09 | AS4: {=VLOOKUP($R4,武学奇术!$A:$ZZ,8,FALSE)+SUM(_xlfn.XLOOKUP(S4:AG4,增益!$A:$A,增益!$H:$H,0))} -> 0 | AT4: =$D$11*(1+$AS4) -> 0 | AU4: =$E$11*(1+$AS4) -> 0 | AV4: {=IF($F$11-$I$4+VLOOKUP($R4,武学奇术!$A:$ZZ,9,FALSE)+SUM(_xlfn.XLOOKUP(S4:AG4,增益!$A:$A,增益!$I:$I,0))>0,($F$11-$I$4+VLOOKUP($R4,武学奇术!$A:$ZZ,9,FALSE)+SUM(_xlfn.XLOOKUP(S4:AG4,增益!$A:$A,增益!$I:$I,0)))/200,($F$11-$I$4+VLOOKUP($R4,武学奇术!$A:$ZZ,9,FALSE)+SUM(_xlfn.XLOOKUP(S4:AG4,增益!$A:$A,增益!$I:$I,0)))/100)} -> -0.14 | AW4: {=$G$11+VLOOKUP($R4,武学奇术!$A:$ZZ,10,FALSE)+SUM(_xlfn.XLOOKUP(S4:AG4,增益!$A:$A,增益!$J:$J,0))} -> 0 | AX4: =$D$12*(1+$AS4) -> 0 | AY4: =$E$12*(1+$AS4) -> 0 | AZ4: {=IF($F$12-$I$4+VLOOKUP($R4,武学奇术!$A:$ZZ,11,FALSE)+SUM(_xlfn.XLOOKUP(S4:AG4,增益!$A:$A,增益!$K:$K,0))>0,($F$12-$I$4+VLOOKUP($R4,武学奇术!$A:$ZZ,11,FALSE)+SUM(_xlfn.XLOOKUP(S4:AG4,增益!$A:$A,增益!$K:$K,0)))/200,($F$12-$I$4+VLOOKUP($R4,武学奇术!$A:$ZZ,11,FALSE)+SUM(_xlfn.XLOOKUP(S4:AG4,增益!$A:$A,增益!$K:$K,0)))/100)} -> -0.14 | BA4: {=$G$12+VLOOKUP($R4,武学奇术!$A:$ZZ,12,FALSE)+SUM(_xlfn.XLOOKUP(S4:AG4,增益!$A:$A,增益!$L:$L,0))} -> 0 | BB4: =$D$13*(1+$AS4) -> 0 | BC4: =$E$13*(1+$AS4) -> 0 | BD4: {=IF($F$13-$I$4+VLOOKUP($R4,武学奇术!$A:$ZZ,13,FALSE)+SUM(_xlfn.XLOOKUP(S4:AG4,增益!$A:$A,增益!$M:$M,0))>0,($F$13-$I$4+VLOOKUP($R4,武学奇术!$A:$ZZ,13,FALSE)+SUM(_xlfn.XLOOKUP(S4:AG4,增益!$A:$A,增益!$K:$K,0)))/200,($F$13-$I$4+VLOOKUP($R4,武学奇术!$A:$ZZ,13,FALSE)+SUM(_xlfn.XLOOKUP(S4:AG4,增益!$A:$A,增益!$M:$M,0)))/100)} -> -0.14 | BE4: {=$G$13+VLOOKUP($R4,武学奇术!$A:$ZZ,14,FALSE)+SUM(_xlfn.XLOOKUP(S4:AG4,增益!$A:$A,增益!$N:$N,0))} -> 0 | BF4: =$D$14*(1+$AS4) -> 605.472 | BG4: =$E$14*(1+$AS4) -> 1725.468 | BH4: {=IF($F$14-$I$4+VLOOKUP($R4,武学奇术!$A:$ZZ,15,FALSE)+SUM(_xlfn.XLOOKUP(S4:AG4,增益!$A:$A,增益!$O:$O,0))>0,($F$14-$I$4+VLOOKUP($R4,武学奇术!$A:$ZZ,15,FALSE)+SUM(_xlfn.XLOOKUP(S4:AG4,增益!$A:$A,增益!$O:$O,0)))/200,($F$14-$I$4+VLOOKUP($R4,武学奇术!$A:$ZZ,15,FALSE)+SUM(_xlfn.XLOOKUP(S4:AG4,增益!$A:$A,增益!$O:$O,0)))/100)} -> 0.08 | BI4: {=$G$14+VLOOKUP($R4,武学奇术!$A:$ZZ,16,FALSE)+SUM(_xlfn.XLOOKUP(S4:AG4,增益!$A:$A,增益!$P:$P,0))} -> 0.24 | BJ4: =MIN(IF(VLOOKUP($R4,武学奇术!$A:$ZZ,23,FALSE)=1,100%,$B$8),100%) -> 1 | BK4: {=IF(VLOOKUP($R4,武学奇术!$A:$ZZ,23,FALSE)=1,100%,MIN(80%,$B$9+VLOOKUP($R4,武学奇术!$A:$ZZ,17,FALSE)+SUM(_xlfn.XLOOKUP(S4:AG4,增益!$A:$A,增益!$Q:$Q,0)))+$B$11+SUM(_xlfn.XLOOKUP(S4:AG4,增益!$A:$A,增益!$U:$U,0)))*IF(VLOOKUP($R4,武学奇术!$A:$ZZ,24,FALSE)=1,0,1)+MIN(IF(VLOOKUP($R4,武学奇术!$A:$ZZ,32,FALSE)=1,IF(VLOOKUP($R4,武学奇术!$A:$ZZ,24,FALSE)=1,100%,MIN(40%,$B$10+VLOOKUP($R4,武学奇术!$A:$ZZ,19,FALSE)+SUM(_xlfn.XLOOKUP(S4:AG4,增益!$A:$A,增益!$S:$S,0)))+$B$12+SUM(_xlfn.XLOOKUP(S4:AG4,增益!$A:$A,增益!$V:$V,0))),0),12%)} -> 0.9036 | BL4: {=1+$B$13+VLOOKUP($R4,武学奇术!$A:$ZZ,18,FALSE)+SUM(_xlfn.XLOOKUP(S4:AG4,增益!$A:$A,增益!$R:$R,0))} -> 1.57 | BM4: {=MAX(IF(VLOOKUP($R4,武学奇术!$A:$ZZ,24,FALSE)=1,100%,MIN(40%,$B$10+VLOOKUP($R4,武学奇术!$A:$ZZ,19,FALSE)+SUM(_xlfn.XLOOKUP(S4:AG4,增益!$A:$A,增益!$S:$S,0)))+$B$12+SUM(_xlfn.XLOOKUP(S4:AG4,增益!$A:$A,增益!$V:$V,0)))*IF(VLOOKUP($R4,武学奇术!$A:$ZZ,23,FALSE)=1,0,1)-IF(VLOOKUP($R4,武学奇术!$A:$ZZ,32,FALSE)=1,12%,0),0)} -> 0.0929 | BN4: {=1+$B$14+VLOOKUP($R4,武学奇术!$A:$ZZ,20,FALSE)+SUM(_xlfn.XLOOKUP(S4:AG4,增益!$A:$A,增益!$T:$T,0))} -> 1.35 | BO4: =MIN((1-BM4)*BJ4,BJ4*BK4) -> 0.9036 | BP4: =1-BM4-BO4-BQ4 -> 0.0035 | BQ4: =IF(VLOOKUP($R4,武学奇术!$A:$ZZ,22,FALSE)=1,0,(1-$BJ4))*(1-$BM4) -> 0 | BR4: {=SUM(_xlfn.XLOOKUP(S4:AG4,增益!$A:$A,增益!$W:$W,0))+$I$5} -> 0.11
A5: 牵丝 | F5: 绳镖 | G5: =B15+B18 -> 0.0852 | H5: 副本天赋 | I5: 0.06 | K5: =$L5*VLOOKUP($R5,武学奇术!$A:$ZZ,31,FALSE) -> 26687.184 | L5: =($M5*$BO5+$N5*$BM5+$O5*$BP5+$P5*$BQ5) -> 26687.184 | M5: =((($AO5+($AP5-$AO5)*IF(VLOOKUP($R5,武学奇术!$A:$ZZ,31,FALSE)=1,$F$18,0.5))*$AI5+$AJ5)*(1+$AQ5)*(1+$AR5)+(($AT5+($AU5-$AT5)*IF(VLOOKUP($R5,武学奇术!$A:$ZZ,31,FALSE)=1,$F$18,0.5))*IF($G$1="鸣金",$AK5,$AI5)+IF($G$1="鸣金",$AL5*1.5,0))*(1+$AV5)*(1+$AW5)+(($AX5+($AY5-$AX5)*IF(VLOOKUP($R5,武学奇术!$A:$ZZ,31,FALSE)=1,$F$18,0.5))*IF($G$1="裂石",$AK5,$AI5)+IF($G$1="裂石",$AL5*1.5,0))*(1+$AZ5)*(1+$BA5)+(($BB5+($BC5-$BB5)*IF(VLOOKUP($R5,武学奇术!$A:$ZZ,31,FALSE)=1,$F$18,0.5))*IF($G$1="牵丝",$AK5,$AI5)+IF($G$1="牵丝",$AL5*1.5,0))*(1+$BD5)*(1+$BE5)+(($BF5+($BG5-$BF5)*IF(VLOOKUP($R5,武学奇术!$A:$ZZ,31,FALSE)=1,$F$18,0.5))*IF($G$1="破竹",$AK5,$AI5)+IF($G$1="破竹",$AL5*1.5,0))*(1+$BH5)*(1+$BI5))*(1+$AM5)*$BL5*$Q5*(1+IF(VLOOKUP($R5,武学奇术!$A:$ZZ,30,FALSE)="蓄力技",$B$21,0))*(1+$BR5) -> 26793.673 | N5: =(($AP5*$AI5+$AJ5)*(1+$AQ5)*(1+$AR5)+($AU5*IF($G$1="鸣金",$AK5,$AI5)+IF($G$1="鸣金",$AL5*1.5,0))*(1+$AV5)*(1+$AW5)+($AY5*IF($G$1="裂石",$AK5,$AI5)+IF($G$1="裂石",$AL5*1.5,0))*(1+$AZ5)*(1+$BA5)+($BC5*IF($G$1="牵丝",$AK5,$AI5)+IF($G$1="牵丝",$AL5*1.5,0))*(1+$BD5)*(1+$BE5)+($BG5*IF($G$1="破竹",$AK5,$AI5)+IF($G$1="破竹",$AL5*1.5,0))*(1+$BH5)*(1+$BI5))*(1+$AM5)*$BN5*$Q5*(1+IF(VLOOKUP($R5,武学奇术!$A:$ZZ,30,FALSE)="蓄力技",$B$21,0))*(1+$BR5) -> 26017.957 | O5: =((($AO5+($AP5-$AO5)*IF(VLOOKUP($R5,武学奇术!$A:$ZZ,31,FALSE)=1,$F$18,0.5))*$AI5+$AJ5)*(1+$AQ5)*(1+$AR5)+(($AT5+($AU5-$AT5)*IF(VLOOKUP($R5,武学奇术!$A:$ZZ,31,FALSE)=1,$F$18,0.5))*IF($G$1="鸣金",$AK5,$AI5)+IF($G$1="鸣金",$AL5*1.5,0))*(1+$AV5)*(1+$AW5)+(($AX5+($AY5-$AX5)*IF(VLOOKUP($R5,武学奇术!$A:$ZZ,31,FALSE)=1,$F$18,0.5))*IF($G$1="裂石",$AK5,$AI5)+IF($G$1="裂石",$AL5*1.5,0))*(1+$AZ5)*(1+$BA5)+(($BB5+($BC5-$BB5)*IF(VLOOKUP($R5,武学奇术!$A:$ZZ,31,FALSE)=1,$F$18,0.5))*IF($G$1="牵丝",$AK5,$AI5)+IF($G$1="牵丝",$AL5*1.5,0))*(1+$BD5)*(1+$BE5)+(($BF5+($BG5-$BF5)*IF(VLOOKUP($R5,武学奇术!$A:$ZZ,31,FALSE)=1,$F$18,0.5))*IF($G$1="破竹",$AK5,$AI5)+IF($G$1="破竹",$AL5*1.5,0))*(1+$BH5)*(1+$BI5))*(1+$AM5)*$Q5*(1+IF(VLOOKUP($R5,武学奇术!$A:$ZZ,30,FALSE)="蓄力技",$B$21,0))*(1+$BR5) -> 16958.021 | P5: =((($AO5*$AI5+$AJ5)*(1+$AQ5)*(1+$AR5)+($AT5*IF($G$1="鸣金",$AK5,$AI5)+IF($G$1="鸣金",$AL5*1.5,0))*(1+$AV5)*(1+$AW5)+($AX5*IF($G$1="裂石",$AK5,$AI5)+IF($G$1="裂石",$AL5*1.5,0))*(1+$AZ5)*(1+$BA5)+($BB5*IF($G$1="牵丝",$AK5,$AI5)+IF($G$1="牵丝",$AL5*1.5,0))*(1+$BD5)*(1+$BE5)+($BF5*IF($G$1="破竹",$AK5,$AI5)+IF($G$1="破竹",$AL5*1.5,0))*(1+$BH5)*(1+$BI5))*(1+$AM5))*$Q5*(1+IF(VLOOKUP($R5,武学奇术!$A:$ZZ,30,FALSE)="蓄力技",$B$21,0))*(1+$BR5) -> 14643.481 | Q5: 1 | R5: 萧呤千浪流星 | S5: 易水歌4层 | T5: N/a | U5: N/a | V5: 近战笛 | W5: N/a | X5: N/a | Y5: 沧海帖4层 | Z5: 惧刃(拐) | AA5: N/a | AB5: 烁鼓(拐) | AC5: N/a | AD5: N/a | AE5: 裁云(拐) | AF5: 无惧 | AG5: 天志增伤 | AH5: =VLOOKUP($R5,武学奇术!$A:$ZZ,25,FALSE) -> 群体奇术 | AI5: =VLOOKUP($R5,武学奇术!$A:$ZZ,26,FALSE) -> 1.4904 | AJ5: =VLOOKUP($R5,武学奇术!$A:$ZZ,27,FALSE)*(1+IF(OR($AH5=$F$4,$AH5=$F$5),$B$22,0)) -> 378 | AK5: =VLOOKUP($R5,武学奇术!$A:$ZZ,28,FALSE) -> 2.2356 | AL5: =VLOOKUP($R5,武学奇术!$A:$ZZ,29,FALSE)*(1+IF(OR($AH5=$F$4,$AH5=$F$5),$B$22,0)) -> 0 | AM5: {=$G$3+IFERROR(VLOOKUP($AH5,$F$4:$G$7,2,FALSE),0)+VLOOKUP($R5,武学奇术!$A:$ZZ,2,FALSE)+SUM(_xlfn.XLOOKUP($S5:$AG5,增益!$A:$A,增益!$B:$B,0))} -> 0.2437 | AN5: {=VLOOKUP($R5,武学奇术!$A:$ZZ,5,FALSE)+SUM(_xlfn.XLOOKUP($S5:$AG5,增益!$A:$A,增益!$E:$E,0))} -> 0 | AO5: {=$D$10*(1+$AN5)+VLOOKUP($R5,武学奇术!$A:$ZZ,3,FALSE)+SUM(_xlfn.XLOOKUP($S5:$AG5,增益!$A:$A,增益!$C:$C,0))-$I$2} -> 3888.382 | AP5: {=$E$10*(1+$AN5)+VLOOKUP($R5,武学奇术!$A:$ZZ,4,FALSE)+SUM(_xlfn.XLOOKUP($S5:$AG5,增益!$A:$A,增益!$D:$D,0))-$I$2} -> 3888.382 | AQ5: {=IF($F$10-$I$3+VLOOKUP($R5,武学奇术!$A:$ZZ,6,FALSE)+SUM(_xlfn.XLOOKUP(S5:AG5,增益!$A:$A,增益!$F:$F,0))>0,($F$10-$I$3+VLOOKUP($R5,武学奇术!$A:$ZZ,6,FALSE)+SUM(_xlfn.XLOOKUP(S5:AG5,增益!$A:$A,增益!$F:$F,0)))/200,($F$10-$I$3+VLOOKUP($R5,武学奇术!$A:$ZZ,6,FALSE)+SUM(_xlfn.XLOOKUP(S5:AG5,增益!$A:$A,增益!$F:$F,0)))/100)} -> 0.307 | AR5: {=$G$10+VLOOKUP($R5,武学奇术!$A:$ZZ,7,FALSE)+SUM(_xlfn.XLOOKUP(S5:AG5,增益!$A:$A,增益!$G:$G,0))} -> 0.09 | AS5: {=VLOOKUP($R5,武学奇术!$A:$ZZ,8,FALSE)+SUM(_xlfn.XLOOKUP(S5:AG5,增益!$A:$A,增益!$H:$H,0))} -> 0 | AT5: =$D$11*(1+$AS5) -> 0 | AU5: =$E$11*(1+$AS5) -> 0 | AV5: {=IF($F$11-$I$4+VLOOKUP($R5,武学奇术!$A:$ZZ,9,FALSE)+SUM(_xlfn.XLOOKUP(S5:AG5,增益!$A:$A,增益!$I:$I,0))>0,($F$11-$I$4+VLOOKUP($R5,武学奇术!$A:$ZZ,9,FALSE)+SUM(_xlfn.XLOOKUP(S5:AG5,增益!$A:$A,增益!$I:$I,0)))/200,($F$11-$I$4+VLOOKUP($R5,武学奇术!$A:$ZZ,9,FALSE)+SUM(_xlfn.XLOOKUP(S5:AG5,增益!$A:$A,增益!$I:$I,0)))/100)} -> -0.14 | AW5: {=$G$11+VLOOKUP($R5,武学奇术!$A:$ZZ,10,FALSE)+SUM(_xlfn.XLOOKUP(S5:AG5,增益!$A:$A,增益!$J:$J,0))} -> 0 | AX5: =$D$12*(1+$AS5) -> 0 | AY5: =$E$12*(1+$AS5) -> 0 | AZ5: {=IF($F$12-$I$4+VLOOKUP($R5,武学奇术!$A:$ZZ,11,FALSE)+SUM(_xlfn.XLOOKUP(S5:AG5,增益!$A:$A,增益!$K:$K,0))>0,($F$12-$I$4+VLOOKUP($R5,武学奇术!$A:$ZZ,11,FALSE)+SUM(_xlfn.XLOOKUP(S5:AG5,增益!$A:$A,增益!$K:$K,0)))/200,($F$12-$I$4+VLOOKUP($R5,武学奇术!$A:$ZZ,11,FALSE)+SUM(_xlfn.XLOOKUP(S5:AG5,增益!$A:$A,增益!$K:$K,0)))/100)} -> -0.14 | BA5: {=$G$12+VLOOKUP($R5,武学奇术!$A:$ZZ,12,FALSE)+SUM(_xlfn.XLOOKUP(S5:AG5,增益!$A:$A,增益!$L:$L,0))} -> 0 | BB5: =$D$13*(1+$AS5) -> 0 | BC5: =$E$13*(1+$AS5) -> 0 | BD5: {=IF($F$13-$I$4+VLOOKUP($R5,武学奇术!$A:$ZZ,13,FALSE)+SUM(_xlfn.XLOOKUP(S5:AG5,增益!$A:$A,增益!$M:$M,0))>0,($F$13-$I$4+VLOOKUP($R5,武学奇术!$A:$ZZ,13,FALSE)+SUM(_xlfn.XLOOKUP(S5:AG5,增益!$A:$A,增益!$K:$K,0)))/200,($F$13-$I$4+VLOOKUP($R5,武学奇术!$A:$ZZ,13,FALSE)+SUM(_xlfn.XLOOKUP(S5:AG5,增益!$A:$A,增益!$M:$M,0)))/100)} -> -0.14 | BE5: {=$G$13+VLOOKUP($R5,武学奇术!$A:$ZZ,14,FALSE)+SUM(_xlfn.XLOOKUP(S5:AG5,增益!$A:$A,增益!$N:$N,0))} -> 0 | BF5: =$D$14*(1+$AS5) -> 605.472 | BG5: =$E$14*(1+$AS5) -> 1725.468 | BH5: {=IF($F$14-$I$4+VLOOKUP($R5,武学奇术!$A:$ZZ,15,FALSE)+SUM(_xlfn.XLOOKUP(S5:AG5,增益!$A:$A,增益!$O:$O,0))>0,($F$14-$I$4+VLOOKUP($R5,武学奇术!$A:$ZZ,15,FALSE)+SUM(_xlfn.XLOOKUP(S5:AG5,增益!$A:$A,增益!$O:$O,0)))/200,($F$14-$I$4+VLOOKUP($R5,武学奇术!$A:$ZZ,15,FALSE)+SUM(_xlfn.XLOOKUP(S5:AG5,增益!$A:$A,增益!$O:$O,0)))/100)} -> 0.08 | BI5: {=$G$14+VLOOKUP($R5,武学奇术!$A:$ZZ,16,FALSE)+SUM(_xlfn.XLOOKUP(S5:AG5,增益!$A:$A,增益!$P:$P,0))} -> 0.24 | BJ5: =MIN(IF(VLOOKUP($R5,武学奇术!$A:$ZZ,23,FALSE)=1,100%,$B$8),100%) -> 1 | BK5: {=IF(VLOOKUP($R5,武学奇术!$A:$ZZ,23,FALSE)=1,100%,MIN(80%,$B$9+VLOOKUP($R5,武学奇术!$A:$ZZ,17,FALSE)+SUM(_xlfn.XLOOKUP(S5:AG5,增益!$A:$A,增益!$Q:$Q,0)))+$B$11+SUM(_xlfn.XLOOKUP(S5:AG5,增益!$A:$A,增益!$U:$U,0)))*IF(VLOOKUP($R5,武学奇术!$A:$ZZ,24,FALSE)=1,0,1)+MIN(IF(VLOOKUP($R5,武学奇术!$A:$ZZ,32,FALSE)=1,IF(VLOOKUP($R5,武学奇术!$A:$ZZ,24,FALSE)=1,100%,MIN(40%,$B$10+VLOOKUP($R5,武学奇术!$A:$ZZ,19,FALSE)+SUM(_xlfn.XLOOKUP(S5:AG5,增益!$A:$A,增益!$S:$S,0)))+$B$12+SUM(_xlfn.XLOOKUP(S5:AG5,增益!$A:$A,增益!$V:$V,0))),0),12%)} -> 0.9036 | BL5: {=1+$B$13+VLOOKUP($R5,武学奇术!$A:$ZZ,18,FALSE)+SUM(_xlfn.XLOOKUP(S5:AG5,增益!$A:$A,增益!$R:$R,0))} -> 1.58 | BM5: {=MAX(IF(VLOOKUP($R5,武学奇术!$A:$ZZ,24,FALSE)=1,100%,MIN(40%,$B$10+VLOOKUP($R5,武学奇术!$A:$ZZ,19,FALSE)+SUM(_xlfn.XLOOKUP(S5:AG5,增益!$A:$A,增益!$S:$S,0)))+$B$12+SUM(_xlfn.XLOOKUP(S5:AG5,增益!$A:$A,增益!$V:$V,0)))*IF(VLOOKUP($R5,武学奇术!$A:$ZZ,23,FALSE)=1,0,1)-IF(VLOOKUP($R5,武学奇术!$A:$ZZ,32,FALSE)=1,12%,0),0)} -> 0.0929 | BN5: {=1+$B$14+VLOOKUP($R5,武学奇术!$A:$ZZ,20,FALSE)+SUM(_xlfn.XLOOKUP(S5:AG5,增益!$A:$A,增益!$T:$T,0))} -> 1.35 | BO5: =MIN((1-BM5)*BJ5,BJ5*BK5) -> 0.9036 | BP5: =1-BM5-BO5-BQ5 -> 0.0035 | BQ5: =IF(VLOOKUP($R5,武学奇术!$A:$ZZ,22,FALSE)=1,0,(1-$BJ5))*(1-$BM5) -> 0 | BR5: {=SUM(_xlfn.XLOOKUP(S5:AG5,增益!$A:$A,增益!$W:$W,0))+$I$5} -> 0.11
A6: 破竹 | B6: 492 | C6: 1397.8 | D6: 30 | E6: 0.15 | F6: 单体奇术 | G6: =B19 -> 0 | K6: =$L6*VLOOKUP($R6,武学奇术!$A:$ZZ,31,FALSE) -> 27047.522 | L6: =($M6*$BO6+$N6*$BM6+$O6*$BP6+$P6*$BQ6) -> 27047.522 | M6: =((($AO6+($AP6-$AO6)*IF(VLOOKUP($R6,武学奇术!$A:$ZZ,31,FALSE)=1,$F$18,0.5))*$AI6+$AJ6)*(1+$AQ6)*(1+$AR6)+(($AT6+($AU6-$AT6)*IF(VLOOKUP($R6,武学奇术!$A:$ZZ,31,FALSE)=1,$F$18,0.5))*IF($G$1="鸣金",$AK6,$AI6)+IF($G$1="鸣金",$AL6*1.5,0))*(1+$AV6)*(1+$AW6)+(($AX6+($AY6-$AX6)*IF(VLOOKUP($R6,武学奇术!$A:$ZZ,31,FALSE)=1,$F$18,0.5))*IF($G$1="裂石",$AK6,$AI6)+IF($G$1="裂石",$AL6*1.5,0))*(1+$AZ6)*(1+$BA6)+(($BB6+($BC6-$BB6)*IF(VLOOKUP($R6,武学奇术!$A:$ZZ,31,FALSE)=1,$F$18,0.5))*IF($G$1="牵丝",$AK6,$AI6)+IF($G$1="牵丝",$AL6*1.5,0))*(1+$BD6)*(1+$BE6)+(($BF6+($BG6-$BF6)*IF(VLOOKUP($R6,武学奇术!$A:$ZZ,31,FALSE)=1,$F$18,0.5))*IF($G$1="破竹",$AK6,$AI6)+IF($G$1="破竹",$AL6*1.5,0))*(1+$BH6)*(1+$BI6))*(1+$AM6)*$BL6*$Q6*(1+IF(VLOOKUP($R6,武学奇术!$A:$ZZ,30,FALSE)="蓄力技",$B$21,0))*(1+$BR6) -> 27157.058 | N6: =(($AP6*$AI6+$AJ6)*(1+$AQ6)*(1+$AR6)+($AU6*IF($G$1="鸣金",$AK6,$AI6)+IF($G$1="鸣金",$AL6*1.5,0))*(1+$AV6)*(1+$AW6)+($AY6*IF($G$1="裂石",$AK6,$AI6)+IF($G$1="裂石",$AL6*1.5,0))*(1+$AZ6)*(1+$BA6)+($BC6*IF($G$1="牵丝",$AK6,$AI6)+IF($G$1="牵丝",$AL6*1.5,0))*(1+$BD6)*(1+$BE6)+($BG6*IF($G$1="破竹",$AK6,$AI6)+IF($G$1="破竹",$AL6*1.5,0))*(1+$BH6)*(1+$BI6))*(1+$AM6)*$BN6*$Q6*(1+IF(VLOOKUP($R6,武学奇术!$A:$ZZ,30,FALSE)="蓄力技",$B$21,0))*(1+$BR6) -> 26353.568 | O6: =((($AO6+($AP6-$AO6)*IF(VLOOKUP($R6,武学奇术!$A:$ZZ,31,FALSE)=1,$F$18,0.5))*$AI6+$AJ6)*(1+$AQ6)*(1+$AR6)+(($AT6+($AU6-$AT6)*IF(VLOOKUP($R6,武学奇术!$A:$ZZ,31,FALSE)=1,$F$18,0.5))*IF($G$1="鸣金",$AK6,$AI6)+IF($G$1="鸣金",$AL6*1.5,0))*(1+$AV6)*(1+$AW6)+(($AX6+($AY6-$AX6)*IF(VLOOKUP($R6,武学奇术!$A:$ZZ,31,FALSE)=1,$F$18,0.5))*IF($G$1="裂石",$AK6,$AI6)+IF($G$1="裂石",$AL6*1.5,0))*(1+$AZ6)*(1+$BA6)+(($BB6+($BC6-$BB6)*IF(VLOOKUP($R6,武学奇术!$A:$ZZ,31,FALSE)=1,$F$18,0.5))*IF($G$1="牵丝",$AK6,$AI6)+IF($G$1="牵丝",$AL6*1.5,0))*(1+$BD6)*(1+$BE6)+(($BF6+($BG6-$BF6)*IF(VLOOKUP($R6,武学奇术!$A:$ZZ,31,FALSE)=1,$F$18,0.5))*IF($G$1="破竹",$AK6,$AI6)+IF($G$1="破竹",$AL6*1.5,0))*(1+$BH6)*(1+$BI6))*(1+$AM6)*$Q6*(1+IF(VLOOKUP($R6,武学奇术!$A:$ZZ,30,FALSE)="蓄力技",$B$21,0))*(1+$BR6) -> 17188.011 | P6: =((($AO6*$AI6+$AJ6)*(1+$AQ6)*(1+$AR6)+($AT6*IF($G$1="鸣金",$AK6,$AI6)+IF($G$1="鸣金",$AL6*1.5,0))*(1+$AV6)*(1+$AW6)+($AX6*IF($G$1="裂石",$AK6,$AI6)+IF($G$1="裂石",$AL6*1.5,0))*(1+$AZ6)*(1+$BA6)+($BB6*IF($G$1="牵丝",$AK6,$AI6)+IF($G$1="牵丝",$AL6*1.5,0))*(1+$BD6)*(1+$BE6)+($BF6*IF($G$1="破竹",$AK6,$AI6)+IF($G$1="破竹",$AL6*1.5,0))*(1+$BH6)*(1+$BI6))*(1+$AM6))*$Q6*(1+IF(VLOOKUP($R6,武学奇术!$A:$ZZ,30,FALSE)="蓄力技",$B$21,0))*(1+$BR6) -> 14854.862 | Q6: 1 | R6: 萧呤千浪流星 | S6: 易水歌5层 | T6: N/a | U6: N/a | V6: 近战笛 | W6: N/a | X6: N/a | Y6: 沧海帖4层 | Z6: 惧刃(拐) | AA6: N/a | AB6: 扶风(拐) | AC6: N/a | AD6: N/a | AE6: 裁云(拐) | AF6: 无惧 | AG6: 天志增伤 | AH6: =VLOOKUP($R6,武学奇术!$A:$ZZ,25,FALSE) -> 群体奇术 | AI6: =VLOOKUP($R6,武学奇术!$A:$ZZ,26,FALSE) -> 1.4904 | AJ6: =VLOOKUP($R6,武学奇术!$A:$ZZ,27,FALSE)*(1+IF(OR($AH6=$F$4,$AH6=$F$5),$B$22,0)) -> 378 | AK6: =VLOOKUP($R6,武学奇术!$A:$ZZ,28,FALSE) -> 2.2356 | AL6: =VLOOKUP($R6,武学奇术!$A:$ZZ,29,FALSE)*(1+IF(OR($AH6=$F$4,$AH6=$F$5),$B$22,0)) -> 0 | AM6: {=$G$3+IFERROR(VLOOKUP($AH6,$F$4:$G$7,2,FALSE),0)+VLOOKUP($R6,武学奇术!$A:$ZZ,2,FALSE)+SUM(_xlfn.XLOOKUP($S6:$AG6,增益!$A:$A,增益!$B:$B,0))} -> 0.2537 | AN6: {=VLOOKUP($R6,武学奇术!$A:$ZZ,5,FALSE)+SUM(_xlfn.XLOOKUP($S6:$AG6,增益!$A:$A,增益!$E:$E,0))} -> 0 | AO6: {=$D$10*(1+$AN6)+VLOOKUP($R6,武学奇术!$A:$ZZ,3,FALSE)+SUM(_xlfn.XLOOKUP($S6:$AG6,增益!$A:$A,增益!$C:$C,0))-$I$2} -> 3888.382 | AP6: {=$E$10*(1+$AN6)+VLOOKUP($R6,武学奇术!$A:$ZZ,4,FALSE)+SUM(_xlfn.XLOOKUP($S6:$AG6,增益!$A:$A,增益!$D:$D,0))-$I$2} -> 3888.382 | AQ6: {=IF($F$10-$I$3+VLOOKUP($R6,武学奇术!$A:$ZZ,6,FALSE)+SUM(_xlfn.XLOOKUP(S6:AG6,增益!$A:$A,增益!$F:$F,0))>0,($F$10-$I$3+VLOOKUP($R6,武学奇术!$A:$ZZ,6,FALSE)+SUM(_xlfn.XLOOKUP(S6:AG6,增益!$A:$A,增益!$F:$F,0)))/200,($F$10-$I$3+VLOOKUP($R6,武学奇术!$A:$ZZ,6,FALSE)+SUM(_xlfn.XLOOKUP(S6:AG6,增益!$A:$A,增益!$F:$F,0)))/100)} -> 0.317 | AR6: {=$G$10+VLOOKUP($R6,武学奇术!$A:$ZZ,7,FALSE)+SUM(_xlfn.XLOOKUP(S6:AG6,增益!$A:$A,增益!$G:$G,0))} -> 0.09 | AS6: {=VLOOKUP($R6,武学奇术!$A:$ZZ,8,FALSE)+SUM(_xlfn.XLOOKUP(S6:AG6,增益!$A:$A,增益!$H:$H,0))} -> 0 | AT6: =$D$11*(1+$AS6) -> 0 | AU6: =$E$11*(1+$AS6) -> 0 | AV6: {=IF($F$11-$I$4+VLOOKUP($R6,武学奇术!$A:$ZZ,9,FALSE)+SUM(_xlfn.XLOOKUP(S6:AG6,增益!$A:$A,增益!$I:$I,0))>0,($F$11-$I$4+VLOOKUP($R6,武学奇术!$A:$ZZ,9,FALSE)+SUM(_xlfn.XLOOKUP(S6:AG6,增益!$A:$A,增益!$I:$I,0)))/200,($F$11-$I$4+VLOOKUP($R6,武学奇术!$A:$ZZ,9,FALSE)+SUM(_xlfn.XLOOKUP(S6:AG6,增益!$A:$A,增益!$I:$I,0)))/100)} -> -0.14 | AW6: {=$G$11+VLOOKUP($R6,武学奇术!$A:$ZZ,10,FALSE)+SUM(_xlfn.XLOOKUP(S6:AG6,增益!$A:$A,增益!$J:$J,0))} -> 0 | AX6: =$D$12*(1+$AS6) -> 0 | AY6: =$E$12*(1+$AS6) -> 0 | AZ6: {=IF($F$12-$I$4+VLOOKUP($R6,武学奇术!$A:$ZZ,11,FALSE)+SUM(_xlfn.XLOOKUP(S6:AG6,增益!$A:$A,增益!$K:$K,0))>0,($F$12-$I$4+VLOOKUP($R6,武学奇术!$A:$ZZ,11,FALSE)+SUM(_xlfn.XLOOKUP(S6:AG6,增益!$A:$A,增益!$K:$K,0)))/200,($F$12-$I$4+VLOOKUP($R6,武学奇术!$A:$ZZ,11,FALSE)+SUM(_xlfn.XLOOKUP(S6:AG6,增益!$A:$A,增益!$K:$K,0)))/100)} -> -0.14 | BA6: {=$G$12+VLOOKUP($R6,武学奇术!$A:$ZZ,12,FALSE)+SUM(_xlfn.XLOOKUP(S6:AG6,增益!$A:$A,增益!$L:$L,0))} -> 0 | BB6: =$D$13*(1+$AS6) -> 0 | BC6: =$E$13*(1+$AS6) -> 0 | BD6: {=IF($F$13-$I$4+VLOOKUP($R6,武学奇术!$A:$ZZ,13,FALSE)+SUM(_xlfn.XLOOKUP(S6:AG6,增益!$A:$A,增益!$M:$M,0))>0,($F$13-$I$4+VLOOKUP($R6,武学奇术!$A:$ZZ,13,FALSE)+SUM(_xlfn.XLOOKUP(S6:AG6,增益!$A:$A,增益!$K:$K,0)))/200,($F$13-$I$4+VLOOKUP($R6,武学奇术!$A:$ZZ,13,FALSE)+SUM(_xlfn.XLOOKUP(S6:AG6,增益!$A:$A,增益!$M:$M,0)))/100)} -> -0.14 | BE6: {=$G$13+VLOOKUP($R6,武学奇术!$A:$ZZ,14,FALSE)+SUM(_xlfn.XLOOKUP(S6:AG6,增益!$A:$A,增益!$N:$N,0))} -> 0 | BF6: =$D$14*(1+$AS6) -> 605.472 | BG6: =$E$14*(1+$AS6) -> 1725.468 | BH6: {=IF($F$14-$I$4+VLOOKUP($R6,武学奇术!$A:$ZZ,15,FALSE)+SUM(_xlfn.XLOOKUP(S6:AG6,增益!$A:$A,增益!$O:$O,0))>0,($F$14-$I$4+VLOOKUP($R6,武学奇术!$A:$ZZ,15,FALSE)+SUM(_xlfn.XLOOKUP(S6:AG6,增益!$A:$A,增益!$O:$O,0)))/200,($F$14-$I$4+VLOOKUP($R6,武学奇术!$A:$ZZ,15,FALSE)+SUM(_xlfn.XLOOKUP(S6:AG6,增益!$A:$A,增益!$O:$O,0)))/100)} -> 0.08 | BI6: {=$G$14+VLOOKUP($R6,武学奇术!$A:$ZZ,16,FALSE)+SUM(_xlfn.XLOOKUP(S6:AG6,增益!$A:$A,增益!$P:$P,0))} -> 0.24 | BJ6: =MIN(IF(VLOOKUP($R6,武学奇术!$A:$ZZ,23,FALSE)=1,100%,$B$8),100%) -> 1 | BK6: {=IF(VLOOKUP($R6,武学奇术!$A:$ZZ,23,FALSE)=1,100%,MIN(80%,$B$9+VLOOKUP($R6,武学奇术!$A:$ZZ,17,FALSE)+SUM(_xlfn.XLOOKUP(S6:AG6,增益!$A:$A,增益!$Q:$Q,0)))+$B$11+SUM(_xlfn.XLOOKUP(S6:AG6,增益!$A:$A,增益!$U:$U,0)))*IF(VLOOKUP($R6,武学奇术!$A:$ZZ,24,FALSE)=1,0,1)+MIN(IF(VLOOKUP($R6,武学奇术!$A:$ZZ,32,FALSE)=1,IF(VLOOKUP($R6,武学奇术!$A:$ZZ,24,FALSE)=1,100%,MIN(40%,$B$10+VLOOKUP($R6,武学奇术!$A:$ZZ,19,FALSE)+SUM(_xlfn.XLOOKUP(S6:AG6,增益!$A:$A,增益!$S:$S,0)))+$B$12+SUM(_xlfn.XLOOKUP(S6:AG6,增益!$A:$A,增益!$V:$V,0))),0),12%)} -> 0.9036 | BL6: {=1+$B$13+VLOOKUP($R6,武学奇术!$A:$ZZ,18,FALSE)+SUM(_xlfn.XLOOKUP(S6:AG6,增益!$A:$A,增益!$R:$R,0))} -> 1.58 | BM6: {=MAX(IF(VLOOKUP($R6,武学奇术!$A:$ZZ,24,FALSE)=1,100%,MIN(40%,$B$10+VLOOKUP($R6,武学奇术!$A:$ZZ,19,FALSE)+SUM(_xlfn.XLOOKUP(S6:AG6,增益!$A:$A,增益!$S:$S,0)))+$B$12+SUM(_xlfn.XLOOKUP(S6:AG6,增益!$A:$A,增益!$V:$V,0)))*IF(VLOOKUP($R6,武学奇术!$A:$ZZ,23,FALSE)=1,0,1)-IF(VLOOKUP($R6,武学奇术!$A:$ZZ,32,FALSE)=1,12%,0),0)} -> 0.0929 | BN6: {=1+$B$14+VLOOKUP($R6,武学奇术!$A:$ZZ,20,FALSE)+SUM(_xlfn.XLOOKUP(S6:AG6,增益!$A:$A,增益!$T:$T,0))} -> 1.35 | BO6: =MIN((1-BM6)*BJ6,BJ6*BK6) -> 0.9036 | BP6: =1-BM6-BO6-BQ6 -> 0.0035 | BQ6: =IF(VLOOKUP($R6,武学奇术!$A:$ZZ,22,FALSE)=1,0,(1-$BJ6))*(1-$BM6) -> 0 | BR6: {=SUM(_xlfn.XLOOKUP(S6:AG6,增益!$A:$A,增益!$W:$W,0))+$I$5} -> 0.11
A7: 无相 | B7: 79.2 | C7: =92.4+68.8*2 -> 230 | F7: 群体奇术 | G7: =B20 -> 0 | K7: =$L7*VLOOKUP($R7,武学奇术!$A:$ZZ,31,FALSE) -> 23081.623 | L7: =($M7*$BO7+$N7*$BM7+$O7*$BP7+$P7*$BQ7) -> 23081.623 | M7: =((($AO7+($AP7-$AO7)*IF(VLOOKUP($R7,武学奇术!$A:$ZZ,31,FALSE)=1,$F$18,0.5))*$AI7+$AJ7)*(1+$AQ7)*(1+$AR7)+(($AT7+($AU7-$AT7)*IF(VLOOKUP($R7,武学奇术!$A:$ZZ,31,FALSE)=1,$F$18,0.5))*IF($G$1="鸣金",$AK7,$AI7)+IF($G$1="鸣金",$AL7*1.5,0))*(1+$AV7)*(1+$AW7)+(($AX7+($AY7-$AX7)*IF(VLOOKUP($R7,武学奇术!$A:$ZZ,31,FALSE)=1,$F$18,0.5))*IF($G$1="裂石",$AK7,$AI7)+IF($G$1="裂石",$AL7*1.5,0))*(1+$AZ7)*(1+$BA7)+(($BB7+($BC7-$BB7)*IF(VLOOKUP($R7,武学奇术!$A:$ZZ,31,FALSE)=1,$F$18,0.5))*IF($G$1="牵丝",$AK7,$AI7)+IF($G$1="牵丝",$AL7*1.5,0))*(1+$BD7)*(1+$BE7)+(($BF7+($BG7-$BF7)*IF(VLOOKUP($R7,武学奇术!$A:$ZZ,31,FALSE)=1,$F$18,0.5))*IF($G$1="破竹",$AK7,$AI7)+IF($G$1="破竹",$AL7*1.5,0))*(1+$BH7)*(1+$BI7))*(1+$AM7)*$BL7*$Q7*(1+IF(VLOOKUP($R7,武学奇术!$A:$ZZ,30,FALSE)="蓄力技",$B$21,0))*(1+$BR7) -> 23145.261 | N7: =(($AP7*$AI7+$AJ7)*(1+$AQ7)*(1+$AR7)+($AU7*IF($G$1="鸣金",$AK7,$AI7)+IF($G$1="鸣金",$AL7*1.5,0))*(1+$AV7)*(1+$AW7)+($AY7*IF($G$1="裂石",$AK7,$AI7)+IF($G$1="裂石",$AL7*1.5,0))*(1+$AZ7)*(1+$BA7)+($BC7*IF($G$1="牵丝",$AK7,$AI7)+IF($G$1="牵丝",$AL7*1.5,0))*(1+$BD7)*(1+$BE7)+($BG7*IF($G$1="破竹",$AK7,$AI7)+IF($G$1="破竹",$AL7*1.5,0))*(1+$BH7)*(1+$BI7))*(1+$AM7)*$BN7*$Q7*(1+IF(VLOOKUP($R7,武学奇术!$A:$ZZ,30,FALSE)="蓄力技",$B$21,0))*(1+$BR7) -> 22766.012 | O7: =((($AO7+($AP7-$AO7)*IF(VLOOKUP($R7,武学奇术!$A:$ZZ,31,FALSE)=1,$F$18,0.5))*$AI7+$AJ7)*(1+$AQ7)*(1+$AR7)+(($AT7+($AU7-$AT7)*IF(VLOOKUP($R7,武学奇术!$A:$ZZ,31,FALSE)=1,$F$18,0.5))*IF($G$1="鸣金",$AK7,$AI7)+IF($G$1="鸣金",$AL7*1.5,0))*(1+$AV7)*(1+$AW7)+(($AX7+($AY7-$AX7)*IF(VLOOKUP($R7,武学奇术!$A:$ZZ,31,FALSE)=1,$F$18,0.5))*IF($G$1="裂石",$AK7,$AI7)+IF($G$1="裂石",$AL7*1.5,0))*(1+$AZ7)*(1+$BA7)+(($BB7+($BC7-$BB7)*IF(VLOOKUP($R7,武学奇术!$A:$ZZ,31,FALSE)=1,$F$18,0.5))*IF($G$1="牵丝",$AK7,$AI7)+IF($G$1="牵丝",$AL7*1.5,0))*(1+$BD7)*(1+$BE7)+(($BF7+($BG7-$BF7)*IF(VLOOKUP($R7,武学奇术!$A:$ZZ,31,FALSE)=1,$F$18,0.5))*IF($G$1="破竹",$AK7,$AI7)+IF($G$1="破竹",$AL7*1.5,0))*(1+$BH7)*(1+$BI7))*(1+$AM7)*$Q7*(1+IF(VLOOKUP($R7,武学奇术!$A:$ZZ,30,FALSE)="蓄力技",$B$21,0))*(1+$BR7) -> 15029.39 | P7: =((($AO7*$AI7+$AJ7)*(1+$AQ7)*(1+$AR7)+($AT7*IF($G$1="鸣金",$AK7,$AI7)+IF($G$1="鸣金",$AL7*1.5,0))*(1+$AV7)*(1+$AW7)+($AX7*IF($G$1="裂石",$AK7,$AI7)+IF($G$1="裂石",$AL7*1.5,0))*(1+$AZ7)*(1+$BA7)+($BB7*IF($G$1="牵丝",$AK7,$AI7)+IF($G$1="牵丝",$AL7*1.5,0))*(1+$BD7)*(1+$BE7)+($BF7*IF($G$1="破竹",$AK7,$AI7)+IF($G$1="破竹",$AL7*1.5,0))*(1+$BH7)*(1+$BI7))*(1+$AM7))*$Q7*(1+IF(VLOOKUP($R7,武学奇术!$A:$ZZ,30,FALSE)="蓄力技",$B$21,0))*(1+$BR7) -> 13195.068 | Q7: 1 | R7: 绳标～ | S7: N/a | T7: N/a | U7: N/a | V7: N/a | W7: N/a | X7: N/a | Y7: N/a | Z7: N/a | AA7: N/a | AB7: N/a | AC7: N/a | AD7: N/a | AE7: 裁云(拐) | AF7: 无惧 | AG7: 天志增伤 | AH7: =VLOOKUP($R7,武学奇术!$A:$ZZ,25,FALSE) -> 绳镖 | AI7: =VLOOKUP($R7,武学奇术!$A:$ZZ,26,FALSE) -> 1.2503 | AJ7: =VLOOKUP($R7,武学奇术!$A:$ZZ,27,FALSE)*(1+IF(OR($AH7=$F$4,$AH7=$F$5),$B$22,0)) -> 520.5 | AK7: =VLOOKUP($R7,武学奇术!$A:$ZZ,28,FALSE) -> 1.8755 | AL7: =VLOOKUP($R7,武学奇术!$A:$ZZ,29,FALSE)*(1+IF(OR($AH7=$F$4,$AH7=$F$5),$B$22,0)) -> 283.5 | AM7: {=$G$3+IFERROR(VLOOKUP($AH7,$F$4:$G$7,2,FALSE),0)+VLOOKUP($R7,武学奇术!$A:$ZZ,2,FALSE)+SUM(_xlfn.XLOOKUP($S7:$AG7,增益!$A:$A,增益!$B:$B,0))} -> 0.2689 | AN7: {=VLOOKUP($R7,武学奇术!$A:$ZZ,5,FALSE)+SUM(_xlfn.XLOOKUP($S7:$AG7,增益!$A:$A,增益!$E:$E,0))} -> 0 | AO7: {=$D$10*(1+$AN7)+VLOOKUP($R7,武学奇术!$A:$ZZ,3,FALSE)+SUM(_xlfn.XLOOKUP($S7:$AG7,增益!$A:$A,增益!$C:$C,0))-$I$2} -> 3888.382 | AP7: {=$E$10*(1+$AN7)+VLOOKUP($R7,武学奇术!$A:$ZZ,4,FALSE)+SUM(_xlfn.XLOOKUP($S7:$AG7,增益!$A:$A,增益!$D:$D,0))-$I$2} -> 3888.382 | AQ7: {=IF($F$10-$I$3+VLOOKUP($R7,武学奇术!$A:$ZZ,6,FALSE)+SUM(_xlfn.XLOOKUP(S7:AG7,增益!$A:$A,增益!$F:$F,0))>0,($F$10-$I$3+VLOOKUP($R7,武学奇术!$A:$ZZ,6,FALSE)+SUM(_xlfn.XLOOKUP(S7:AG7,增益!$A:$A,增益!$F:$F,0)))/200,($F$10-$I$3+VLOOKUP($R7,武学奇术!$A:$ZZ,6,FALSE)+SUM(_xlfn.XLOOKUP(S7:AG7,增益!$A:$A,增益!$F:$F,0)))/100)} -> 0.267 | AR7: {=$G$10+VLOOKUP($R7,武学奇术!$A:$ZZ,7,FALSE)+SUM(_xlfn.XLOOKUP(S7:AG7,增益!$A:$A,增益!$G:$G,0))} -> 0.09 | AS7: {=VLOOKUP($R7,武学奇术!$A:$ZZ,8,FALSE)+SUM(_xlfn.XLOOKUP(S7:AG7,增益!$A:$A,增益!$H:$H,0))} -> 0 | AT7: =$D$11*(1+$AS7) -> 0 | AU7: =$E$11*(1+$AS7) -> 0 | AV7: {=IF($F$11-$I$4+VLOOKUP($R7,武学奇术!$A:$ZZ,9,FALSE)+SUM(_xlfn.XLOOKUP(S7:AG7,增益!$A:$A,增益!$I:$I,0))>0,($F$11-$I$4+VLOOKUP($R7,武学奇术!$A:$ZZ,9,FALSE)+SUM(_xlfn.XLOOKUP(S7:AG7,增益!$A:$A,增益!$I:$I,0)))/200,($F$11-$I$4+VLOOKUP($R7,武学奇术!$A:$ZZ,9,FALSE)+SUM(_xlfn.XLOOKUP(S7:AG7,增益!$A:$A,增益!$I:$I,0)))/100)} -> -0.3 | AW7: {=$G$11+VLOOKUP($R7,武学奇术!$A:$ZZ,10,FALSE)+SUM(_xlfn.XLOOKUP(S7:AG7,增益!$A:$A,增益!$J:$J,0))} -> 0 | AX7: =$D$12*(1+$AS7) -> 0 | AY7: =$E$12*(1+$AS7) -> 0 | AZ7: {=IF($F$12-$I$4+VLOOKUP($R7,武学奇术!$A:$ZZ,11,FALSE)+SUM(_xlfn.XLOOKUP(S7:AG7,增益!$A:$A,增益!$K:$K,0))>0,($F$12-$I$4+VLOOKUP($R7,武学奇术!$A:$ZZ,11,FALSE)+SUM(_xlfn.XLOOKUP(S7:AG7,增益!$A:$A,增益!$K:$K,0)))/200,($F$12-$I$4+VLOOKUP($R7,武学奇术!$A:$ZZ,11,FALSE)+SUM(_xlfn.XLOOKUP(S7:AG7,增益!$A:$A,增益!$K:$K,0)))/100)} -> -0.3 | BA7: {=$G$12+VLOOKUP($R7,武学奇术!$A:$ZZ,12,FALSE)+SUM(_xlfn.XLOOKUP(S7:AG7,增益!$A:$A,增益!$L:$L,0))} -> 0 | BB7: =$D$13*(1+$AS7) -> 0 | BC7: =$E$13*(1+$AS7) -> 0 | BD7: {=IF($F$13-$I$4+VLOOKUP($R7,武学奇术!$A:$ZZ,13,FALSE)+SUM(_xlfn.XLOOKUP(S7:AG7,增益!$A:$A,增益!$M:$M,0))>0,($F$13-$I$4+VLOOKUP($R7,武学奇术!$A:$ZZ,13,FALSE)+SUM(_xlfn.XLOOKUP(S7:AG7,增益!$A:$A,增益!$K:$K,0)))/200,($F$13-$I$4+VLOOKUP($R7,武学奇术!$A:$ZZ,13,FALSE)+SUM(_xlfn.XLOOKUP(S7:AG7,增益!$A:$A,增益!$M:$M,0)))/100)} -> -0.3 | BE7: {=$G$13+VLOOKUP($R7,武学奇术!$A:$ZZ,14,FALSE)+SUM(_xlfn.XLOOKUP(S7:AG7,增益!$A:$A,增益!$N:$N,0))} -> 0 | BF7: =$D$14*(1+$AS7) -> 605.472 | BG7: =$E$14*(1+$AS7) -> 1725.468 | BH7: {=IF($F$14-$I$4+VLOOKUP($R7,武学奇术!$A:$ZZ,15,FALSE)+SUM(_xlfn.XLOOKUP(S7:AG7,增益!$A:$A,增益!$O:$O,0))>0,($F$14-$I$4+VLOOKUP($R7,武学奇术!$A:$ZZ,15,FALSE)+SUM(_xlfn.XLOOKUP(S7:AG7,增益!$A:$A,增益!$O:$O,0)))/200,($F$14-$I$4+VLOOKUP($R7,武学奇术!$A:$ZZ,15,FALSE)+SUM(_xlfn.XLOOKUP(S7:AG7,增益!$A:$A,增益!$O:$O,0)))/100)} -> 0 | BI7: {=$G$14+VLOOKUP($R7,武学奇术!$A:$ZZ,16,FALSE)+SUM(_xlfn.XLOOKUP(S7:AG7,增益!$A:$A,增益!$P:$P,0))} -> 0.24 | BJ7: =MIN(IF(VLOOKUP($R7,武学奇术!$A:$ZZ,23,FALSE)=1,100%,$B$8),100%) -> 1 | BK7: {=IF(VLOOKUP($R7,武学奇术!$A:$ZZ,23,FALSE)=1,100%,MIN(80%,$B$9+VLOOKUP($R7,武学奇术!$A:$ZZ,17,FALSE)+SUM(_xlfn.XLOOKUP(S7:AG7,增益!$A:$A,增益!$Q:$Q,0)))+$B$11+SUM(_xlfn.XLOOKUP(S7:AG7,增益!$A:$A,增益!$U:$U,0)))*IF(VLOOKUP($R7,武学奇术!$A:$ZZ,24,FALSE)=1,0,1)+MIN(IF(VLOOKUP($R7,武学奇术!$A:$ZZ,32,FALSE)=1,IF(VLOOKUP($R7,武学奇术!$A:$ZZ,24,FALSE)=1,100%,MIN(40%,$B$10+VLOOKUP($R7,武学奇术!$A:$ZZ,19,FALSE)+SUM(_xlfn.XLOOKUP(S7:AG7,增益!$A:$A,增益!$S:$S,0)))+$B$12+SUM(_xlfn.XLOOKUP(S7:AG7,增益!$A:$A,增益!$V:$V,0))),0),12%)} -> 0.9036 | BL7: {=1+$B$13+VLOOKUP($R7,武学奇术!$A:$ZZ,18,FALSE)+SUM(_xlfn.XLOOKUP(S7:AG7,增益!$A:$A,增益!$R:$R,0))} -> 1.54 | BM7: {=MAX(IF(VLOOKUP($R7,武学奇术!$A:$ZZ,24,FALSE)=1,100%,MIN(40%,$B$10+VLOOKUP($R7,武学奇术!$A:$ZZ,19,FALSE)+SUM(_xlfn.XLOOKUP(S7:AG7,增益!$A:$A,增益!$S:$S,0)))+$B$12+SUM(_xlfn.XLOOKUP(S7:AG7,增益!$A:$A,增益!$V:$V,0)))*IF(VLOOKUP($R7,武学奇术!$A:$ZZ,23,FALSE)=1,0,1)-IF(VLOOKUP($R7,武学奇术!$A:$ZZ,32,FALSE)=1,12%,0),0)} -> 0.0929 | BN7: {=1+$B$14+VLOOKUP($R7,武学奇术!$A:$ZZ,20,FALSE)+SUM(_xlfn.XLOOKUP(S7:AG7,增益!$A:$A,增益!$T:$T,0))} -> 1.35 | BO7: =MIN((1-BM7)*BJ7,BJ7*BK7) -> 0.9036 | BP7: =1-BM7-BO7-BQ7 -> 0.0035 | BQ7: =IF(VLOOKUP($R7,武学奇术!$A:$ZZ,22,FALSE)=1,0,(1-$BJ7))*(1-$BM7) -> 0 | BR7: {=SUM(_xlfn.XLOOKUP(S7:AG7,增益!$A:$A,增益!$W:$W,0))+$I$5} -> 0.11
A8: 精准率 | B8: 1.0063 | C8: 实际属性 | H8: 战斗时间 | I8: 100.8 | K8: =$L8*VLOOKUP($R8,武学奇术!$A:$ZZ,31,FALSE) -> 70792.45 | L8: =($M8*$BO8+$N8*$BM8+$O8*$BP8+$P8*$BQ8) -> 54455.731 | M8: =((($AO8+($AP8-$AO8)*IF(VLOOKUP($R8,武学奇术!$A:$ZZ,31,FALSE)=1,$F$18,0.5))*$AI8+$AJ8)*(1+$AQ8)*(1+$AR8)+(($AT8+($AU8-$AT8)*IF(VLOOKUP($R8,武学奇术!$A:$ZZ,31,FALSE)=1,$F$18,0.5))*IF($G$1="鸣金",$AK8,$AI8)+IF($G$1="鸣金",$AL8*1.5,0))*(1+$AV8)*(1+$AW8)+(($AX8+($AY8-$AX8)*IF(VLOOKUP($R8,武学奇术!$A:$ZZ,31,FALSE)=1,$F$18,0.5))*IF($G$1="裂石",$AK8,$AI8)+IF($G$1="裂石",$AL8*1.5,0))*(1+$AZ8)*(1+$BA8)+(($BB8+($BC8-$BB8)*IF(VLOOKUP($R8,武学奇术!$A:$ZZ,31,FALSE)=1,$F$18,0.5))*IF($G$1="牵丝",$AK8,$AI8)+IF($G$1="牵丝",$AL8*1.5,0))*(1+$BD8)*(1+$BE8)+(($BF8+($BG8-$BF8)*IF(VLOOKUP($R8,武学奇术!$A:$ZZ,31,FALSE)=1,$F$18,0.5))*IF($G$1="破竹",$AK8,$AI8)+IF($G$1="破竹",$AL8*1.5,0))*(1+$BH8)*(1+$BI8))*(1+$AM8)*$BL8*$Q8*(1+IF(VLOOKUP($R8,武学奇术!$A:$ZZ,30,FALSE)="蓄力技",$B$21,0))*(1+$BR8) -> 55417.706 | N8: =(($AP8*$AI8+$AJ8)*(1+$AQ8)*(1+$AR8)+($AU8*IF($G$1="鸣金",$AK8,$AI8)+IF($G$1="鸣金",$AL8*1.5,0))*(1+$AV8)*(1+$AW8)+($AY8*IF($G$1="裂石",$AK8,$AI8)+IF($G$1="裂石",$AL8*1.5,0))*(1+$AZ8)*(1+$BA8)+($BC8*IF($G$1="牵丝",$AK8,$AI8)+IF($G$1="牵丝",$AL8*1.5,0))*(1+$BD8)*(1+$BE8)+($BG8*IF($G$1="破竹",$AK8,$AI8)+IF($G$1="破竹",$AL8*1.5,0))*(1+$BH8)*(1+$BI8))*(1+$AM8)*$BN8*$Q8*(1+IF(VLOOKUP($R8,武学奇术!$A:$ZZ,30,FALSE)="蓄力技",$B$21,0))*(1+$BR8) -> 46022.039 | O8: =((($AO8+($AP8-$AO8)*IF(VLOOKUP($R8,武学奇术!$A:$ZZ,31,FALSE)=1,$F$18,0.5))*$AI8+$AJ8)*(1+$AQ8)*(1+$AR8)+(($AT8+($AU8-$AT8)*IF(VLOOKUP($R8,武学奇术!$A:$ZZ,31,FALSE)=1,$F$18,0.5))*IF($G$1="鸣金",$AK8,$AI8)+IF($G$1="鸣金",$AL8*1.5,0))*(1+$AV8)*(1+$AW8)+(($AX8+($AY8-$AX8)*IF(VLOOKUP($R8,武学奇术!$A:$ZZ,31,FALSE)=1,$F$18,0.5))*IF($G$1="裂石",$AK8,$AI8)+IF($G$1="裂石",$AL8*1.5,0))*(1+$AZ8)*(1+$BA8)+(($BB8+($BC8-$BB8)*IF(VLOOKUP($R8,武学奇术!$A:$ZZ,31,FALSE)=1,$F$18,0.5))*IF($G$1="牵丝",$AK8,$AI8)+IF($G$1="牵丝",$AL8*1.5,0))*(1+$BD8)*(1+$BE8)+(($BF8+($BG8-$BF8)*IF(VLOOKUP($R8,武学奇术!$A:$ZZ,31,FALSE)=1,$F$18,0.5))*IF($G$1="破竹",$AK8,$AI8)+IF($G$1="破竹",$AL8*1.5,0))*(1+$BH8)*(1+$BI8))*(1+$AM8)*$Q8*(1+IF(VLOOKUP($R8,武学奇术!$A:$ZZ,30,FALSE)="蓄力技",$B$21,0))*(1+$BR8) -> 29955.517 | P8: =((($AO8*$AI8+$AJ8)*(1+$AQ8)*(1+$AR8)+($AT8*IF($G$1="鸣金",$AK8,$AI8)+IF($G$1="鸣金",$AL8*1.5,0))*(1+$AV8)*(1+$AW8)+($AX8*IF($G$1="裂石",$AK8,$AI8)+IF($G$1="裂石",$AL8*1.5,0))*(1+$AZ8)*(1+$BA8)+($BB8*IF($G$1="牵丝",$AK8,$AI8)+IF($G$1="牵丝",$AL8*1.5,0))*(1+$BD8)*(1+$BE8)+($BF8*IF($G$1="破竹",$AK8,$AI8)+IF($G$1="破竹",$AL8*1.5,0))*(1+$BH8)*(1+$BI8))*(1+$AM8))*$Q8*(1+IF(VLOOKUP($R8,武学奇术!$A:$ZZ,30,FALSE)="蓄力技",$B$21,0))*(1+$BR8) -> 25820.634 | Q8: 1 | R8: 鹰隼追击(绳特殊技) | S8: 易水歌1层 | T8: N/a | U8: N/a | V8: N/a | W8: N/a | X8: N/a | Y8: 沧海帖1层 | Z8: N/a | AA8: 三穷 | AB8: 扶风(拐) | AC8: N/a | AD8: N/a | AE8: 裁云(拐) | AF8: 无惧 | AG8: 天志增伤 | AH8: =VLOOKUP($R8,武学奇术!$A:$ZZ,25,FALSE) -> 绳镖 | AI8: =VLOOKUP($R8,武学奇术!$A:$ZZ,26,FALSE) -> 2.19912 | AJ8: =VLOOKUP($R8,武学奇术!$A:$ZZ,27,FALSE)*(1+IF(OR($AH8=$F$4,$AH8=$F$5),$B$22,0)) -> 0 | AK8: =VLOOKUP($R8,武学奇术!$A:$ZZ,28,FALSE) -> 3.29868 | AL8: =VLOOKUP($R8,武学奇术!$A:$ZZ,29,FALSE)*(1+IF(OR($AH8=$F$4,$AH8=$F$5),$B$22,0)) -> 0 | AM8: {=$G$3+IFERROR(VLOOKUP($AH8,$F$4:$G$7,2,FALSE),0)+VLOOKUP($R8,武学奇术!$A:$ZZ,2,FALSE)+SUM(_xlfn.XLOOKUP($S8:$AG8,增益!$A:$A,增益!$B:$B,0))} -> 0.5789 | AN8: {=VLOOKUP($R8,武学奇术!$A:$ZZ,5,FALSE)+SUM(_xlfn.XLOOKUP($S8:$AG8,增益!$A:$A,增益!$E:$E,0))} -> 0 | AO8: {=$D$10*(1+$AN8)+VLOOKUP($R8,武学奇术!$A:$ZZ,3,FALSE)+SUM(_xlfn.XLOOKUP($S8:$AG8,增益!$A:$A,增益!$C:$C,0))-$I$2} -> 3888.382 | AP8: {=$E$10*(1+$AN8)+VLOOKUP($R8,武学奇术!$A:$ZZ,4,FALSE)+SUM(_xlfn.XLOOKUP($S8:$AG8,增益!$A:$A,增益!$D:$D,0))-$I$2} -> 3888.382 | AQ8: {=IF($F$10-$I$3+VLOOKUP($R8,武学奇术!$A:$ZZ,6,FALSE)+SUM(_xlfn.XLOOKUP(S8:AG8,增益!$A:$A,增益!$F:$F,0))>0,($F$10-$I$3+VLOOKUP($R8,武学奇术!$A:$ZZ,6,FALSE)+SUM(_xlfn.XLOOKUP(S8:AG8,增益!$A:$A,增益!$F:$F,0)))/200,($F$10-$I$3+VLOOKUP($R8,武学奇术!$A:$ZZ,6,FALSE)+SUM(_xlfn.XLOOKUP(S8:AG8,增益!$A:$A,增益!$F:$F,0)))/100)} -> 0.307 | AR8: {=$G$10+VLOOKUP($R8,武学奇术!$A:$ZZ,7,FALSE)+SUM(_xlfn.XLOOKUP(S8:AG8,增益!$A:$A,增益!$G:$G,0))} -> 0.09 | AS8: {=VLOOKUP($R8,武学奇术!$A:$ZZ,8,FALSE)+SUM(_xlfn.XLOOKUP(S8:AG8,增益!$A:$A,增益!$H:$H,0))} -> 0 | AT8: =$D$11*(1+$AS8) -> 0 | AU8: =$E$11*(1+$AS8) -> 0 | AV8: {=IF($F$11-$I$4+VLOOKUP($R8,武学奇术!$A:$ZZ,9,FALSE)+SUM(_xlfn.XLOOKUP(S8:AG8,增益!$A:$A,增益!$I:$I,0))>0,($F$11-$I$4+VLOOKUP($R8,武学奇术!$A:$ZZ,9,FALSE)+SUM(_xlfn.XLOOKUP(S8:AG8,增益!$A:$A,增益!$I:$I,0)))/200,($F$11-$I$4+VLOOKUP($R8,武学奇术!$A:$ZZ,9,FALSE)+SUM(_xlfn.XLOOKUP(S8:AG8,增益!$A:$A,增益!$I:$I,0)))/100)} -> -0.24 | AW8: {=$G$11+VLOOKUP($R8,武学奇术!$A:$ZZ,10,FALSE)+SUM(_xlfn.XLOOKUP(S8:AG8,增益!$A:$A,增益!$J:$J,0))} -> 0 | AX8: =$D$12*(1+$AS8) -> 0 | AY8: =$E$12*(1+$AS8) -> 0 | AZ8: {=IF($F$12-$I$4+VLOOKUP($R8,武学奇术!$A:$ZZ,11,FALSE)+SUM(_xlfn.XLOOKUP(S8:AG8,增益!$A:$A,增益!$K:$K,0))>0,($F$12-$I$4+VLOOKUP($R8,武学奇术!$A:$ZZ,11,FALSE)+SUM(_xlfn.XLOOKUP(S8:AG8,增益!$A:$A,增益!$K:$K,0)))/200,($F$12-$I$4+VLOOKUP($R8,武学奇术!$A:$ZZ,11,FALSE)+SUM(_xlfn.XLOOKUP(S8:AG8,增益!$A:$A,增益!$K:$K,0)))/100)} -> -0.24 | BA8: {=$G$12+VLOOKUP($R8,武学奇术!$A:$ZZ,12,FALSE)+SUM(_xlfn.XLOOKUP(S8:AG8,增益!$A:$A,增益!$L:$L,0))} -> 0 | BB8: =$D$13*(1+$AS8) -> 0 | BC8: =$E$13*(1+$AS8) -> 0 | BD8: {=IF($F$13-$I$4+VLOOKUP($R8,武学奇术!$A:$ZZ,13,FALSE)+SUM(_xlfn.XLOOKUP(S8:AG8,增益!$A:$A,增益!$M:$M,0))>0,($F$13-$I$4+VLOOKUP($R8,武学奇术!$A:$ZZ,13,FALSE)+SUM(_xlfn.XLOOKUP(S8:AG8,增益!$A:$A,增益!$K:$K,0)))/200,($F$13-$I$4+VLOOKUP($R8,武学奇术!$A:$ZZ,13,FALSE)+SUM(_xlfn.XLOOKUP(S8:AG8,增益!$A:$A,增益!$M:$M,0)))/100)} -> -0.24 | BE8: {=$G$13+VLOOKUP($R8,武学奇术!$A:$ZZ,14,FALSE)+SUM(_xlfn.XLOOKUP(S8:AG8,增益!$A:$A,增益!$N:$N,0))} -> 0 | BF8: =$D$14*(1+$AS8) -> 605.472 | BG8: =$E$14*(1+$AS8) -> 1725.468 | BH8: {=IF($F$14-$I$4+VLOOKUP($R8,武学奇术!$A:$ZZ,15,FALSE)+SUM(_xlfn.XLOOKUP(S8:AG8,增益!$A:$A,增益!$O:$O,0))>0,($F$14-$I$4+VLOOKUP($R8,武学奇术!$A:$ZZ,15,FALSE)+SUM(_xlfn.XLOOKUP(S8:AG8,增益!$A:$A,增益!$O:$O,0)))/200,($F$14-$I$4+VLOOKUP($R8,武学奇术!$A:$ZZ,15,FALSE)+SUM(_xlfn.XLOOKUP(S8:AG8,增益!$A:$A,增益!$O:$O,0)))/100)} -> 0.03 | BI8: {=$G$14+VLOOKUP($R8,武学奇术!$A:$ZZ,16,FALSE)+SUM(_xlfn.XLOOKUP(S8:AG8,增益!$A:$A,增益!$P:$P,0))} -> 0.24 | BJ8: =MIN(IF(VLOOKUP($R8,武学奇术!$A:$ZZ,23,FALSE)=1,100%,$B$8),100%) -> 1 | BK8: {=IF(VLOOKUP($R8,武学奇术!$A:$ZZ,23,FALSE)=1,100%,MIN(80%,$B$9+VLOOKUP($R8,武学奇术!$A:$ZZ,17,FALSE)+SUM(_xlfn.XLOOKUP(S8:AG8,增益!$A:$A,增益!$Q:$Q,0)))+$B$11+SUM(_xlfn.XLOOKUP(S8:AG8,增益!$A:$A,增益!$U:$U,0)))*IF(VLOOKUP($R8,武学奇术!$A:$ZZ,24,FALSE)=1,0,1)+MIN(IF(VLOOKUP($R8,武学奇术!$A:$ZZ,32,FALSE)=1,IF(VLOOKUP($R8,武学奇术!$A:$ZZ,24,FALSE)=1,100%,MIN(40%,$B$10+VLOOKUP($R8,武学奇术!$A:$ZZ,19,FALSE)+SUM(_xlfn.XLOOKUP(S8:AG8,增益!$A:$A,增益!$S:$S,0)))+$B$12+SUM(_xlfn.XLOOKUP(S8:AG8,增益!$A:$A,增益!$V:$V,0))),0),12%)} -> 0.9036 | BL8: {=1+$B$13+VLOOKUP($R8,武学奇术!$A:$ZZ,18,FALSE)+SUM(_xlfn.XLOOKUP(S8:AG8,增益!$A:$A,增益!$R:$R,0))} -> 1.85 | BM8: {=MAX(IF(VLOOKUP($R8,武学奇术!$A:$ZZ,24,FALSE)=1,100%,MIN(40%,$B$10+VLOOKUP($R8,武学奇术!$A:$ZZ,19,FALSE)+SUM(_xlfn.XLOOKUP(S8:AG8,增益!$A:$A,增益!$S:$S,0)))+$B$12+SUM(_xlfn.XLOOKUP(S8:AG8,增益!$A:$A,增益!$V:$V,0)))*IF(VLOOKUP($R8,武学奇术!$A:$ZZ,23,FALSE)=1,0,1)-IF(VLOOKUP($R8,武学奇术!$A:$ZZ,32,FALSE)=1,12%,0),0)} -> 0.0929 | BN8: {=1+$B$14+VLOOKUP($R8,武学奇术!$A:$ZZ,20,FALSE)+SUM(_xlfn.XLOOKUP(S8:AG8,增益!$A:$A,增益!$T:$T,0))} -> 1.35 | BO8: =MIN((1-BM8)*BJ8,BJ8*BK8) -> 0.9036 | BP8: =1-BM8-BO8-BQ8 -> 0.0035 | BQ8: =IF(VLOOKUP($R8,武学奇术!$A:$ZZ,22,FALSE)=1,0,(1-$BJ8))*(1-$BM8) -> 0 | BR8: {=SUM(_xlfn.XLOOKUP(S8:AG8,增益!$A:$A,增益!$W:$W,0))+$I$5} -> 0.11
A9: 会心率 | B9: 0.7706 | D9: 最小攻击 | E9: 最大攻击 | F9: 穿透 | G9: 伤害加成 | K9: =$L9*VLOOKUP($R9,武学奇术!$A:$ZZ,31,FALSE) -> 9586.877 | L9: =($M9*$BO9+$N9*$BM9+$O9*$BP9+$P9*$BQ9) -> 9586.877 | M9: =((($AO9+($AP9-$AO9)*IF(VLOOKUP($R9,武学奇术!$A:$ZZ,31,FALSE)=1,$F$18,0.5))*$AI9+$AJ9)*(1+$AQ9)*(1+$AR9)+(($AT9+($AU9-$AT9)*IF(VLOOKUP($R9,武学奇术!$A:$ZZ,31,FALSE)=1,$F$18,0.5))*IF($G$1="鸣金",$AK9,$AI9)+IF($G$1="鸣金",$AL9*1.5,0))*(1+$AV9)*(1+$AW9)+(($AX9+($AY9-$AX9)*IF(VLOOKUP($R9,武学奇术!$A:$ZZ,31,FALSE)=1,$F$18,0.5))*IF($G$1="裂石",$AK9,$AI9)+IF($G$1="裂石",$AL9*1.5,0))*(1+$AZ9)*(1+$BA9)+(($BB9+($BC9-$BB9)*IF(VLOOKUP($R9,武学奇术!$A:$ZZ,31,FALSE)=1,$F$18,0.5))*IF($G$1="牵丝",$AK9,$AI9)+IF($G$1="牵丝",$AL9*1.5,0))*(1+$BD9)*(1+$BE9)+(($BF9+($BG9-$BF9)*IF(VLOOKUP($R9,武学奇术!$A:$ZZ,31,FALSE)=1,$F$18,0.5))*IF($G$1="破竹",$AK9,$AI9)+IF($G$1="破竹",$AL9*1.5,0))*(1+$BH9)*(1+$BI9))*(1+$AM9)*$BL9*$Q9*(1+IF(VLOOKUP($R9,武学奇术!$A:$ZZ,30,FALSE)="蓄力技",$B$21,0))*(1+$BR9) -> 9614.4218 | N9: =(($AP9*$AI9+$AJ9)*(1+$AQ9)*(1+$AR9)+($AU9*IF($G$1="鸣金",$AK9,$AI9)+IF($G$1="鸣金",$AL9*1.5,0))*(1+$AV9)*(1+$AW9)+($AY9*IF($G$1="裂石",$AK9,$AI9)+IF($G$1="裂石",$AL9*1.5,0))*(1+$AZ9)*(1+$BA9)+($BC9*IF($G$1="牵丝",$AK9,$AI9)+IF($G$1="牵丝",$AL9*1.5,0))*(1+$BD9)*(1+$BE9)+($BG9*IF($G$1="破竹",$AK9,$AI9)+IF($G$1="破竹",$AL9*1.5,0))*(1+$BH9)*(1+$BI9))*(1+$AM9)*$BN9*$Q9*(1+IF(VLOOKUP($R9,武学奇术!$A:$ZZ,30,FALSE)="蓄力技",$B$21,0))*(1+$BR9) -> 9446.4534 | O9: =((($AO9+($AP9-$AO9)*IF(VLOOKUP($R9,武学奇术!$A:$ZZ,31,FALSE)=1,$F$18,0.5))*$AI9+$AJ9)*(1+$AQ9)*(1+$AR9)+(($AT9+($AU9-$AT9)*IF(VLOOKUP($R9,武学奇术!$A:$ZZ,31,FALSE)=1,$F$18,0.5))*IF($G$1="鸣金",$AK9,$AI9)+IF($G$1="鸣金",$AL9*1.5,0))*(1+$AV9)*(1+$AW9)+(($AX9+($AY9-$AX9)*IF(VLOOKUP($R9,武学奇术!$A:$ZZ,31,FALSE)=1,$F$18,0.5))*IF($G$1="裂石",$AK9,$AI9)+IF($G$1="裂石",$AL9*1.5,0))*(1+$AZ9)*(1+$BA9)+(($BB9+($BC9-$BB9)*IF(VLOOKUP($R9,武学奇术!$A:$ZZ,31,FALSE)=1,$F$18,0.5))*IF($G$1="牵丝",$AK9,$AI9)+IF($G$1="牵丝",$AL9*1.5,0))*(1+$BD9)*(1+$BE9)+(($BF9+($BG9-$BF9)*IF(VLOOKUP($R9,武学奇术!$A:$ZZ,31,FALSE)=1,$F$18,0.5))*IF($G$1="破竹",$AK9,$AI9)+IF($G$1="破竹",$AL9*1.5,0))*(1+$BH9)*(1+$BI9))*(1+$AM9)*$Q9*(1+IF(VLOOKUP($R9,武学奇术!$A:$ZZ,30,FALSE)="蓄力技",$B$21,0))*(1+$BR9) -> 6202.8527 | P9: =((($AO9*$AI9+$AJ9)*(1+$AQ9)*(1+$AR9)+($AT9*IF($G$1="鸣金",$AK9,$AI9)+IF($G$1="鸣金",$AL9*1.5,0))*(1+$AV9)*(1+$AW9)+($AX9*IF($G$1="裂石",$AK9,$AI9)+IF($G$1="裂石",$AL9*1.5,0))*(1+$AZ9)*(1+$BA9)+($BB9*IF($G$1="牵丝",$AK9,$AI9)+IF($G$1="牵丝",$AL9*1.5,0))*(1+$BD9)*(1+$BE9)+($BF9*IF($G$1="破竹",$AK9,$AI9)+IF($G$1="破竹",$AL9*1.5,0))*(1+$BH9)*(1+$BI9))*(1+$AM9))*$Q9*(1+IF(VLOOKUP($R9,武学奇术!$A:$ZZ,30,FALSE)="蓄力技",$B$21,0))*(1+$BR9) -> 5408.3326 | Q9: 1 | R9: 绳标Q卸 | S9: 易水歌1层 | T9: N/a | U9: N/a | V9: N/a | W9: N/a | X9: N/a | Y9: 沧海帖1层 | Z9: 惧刃(拐) | AA9: N/a | AB9: 扶风(拐) | AC9: N/a | AD9: N/a | AE9: 裁云(拐) | AF9: 无惧 | AG9: 天志增伤 | AH9: =VLOOKUP($R9,武学奇术!$A:$ZZ,25,FALSE) -> 绳镖 | AI9: =VLOOKUP($R9,武学奇术!$A:$ZZ,26,FALSE) -> 0.4975 | AJ9: =VLOOKUP($R9,武学奇术!$A:$ZZ,27,FALSE)*(1+IF(OR($AH9=$F$4,$AH9=$F$5),$B$22,0)) -> 205.5 | AK9: =VLOOKUP($R9,武学奇术!$A:$ZZ,28,FALSE) -> 0.7463 | AL9: =VLOOKUP($R9,武学奇术!$A:$ZZ,29,FALSE)*(1+IF(OR($AH9=$F$4,$AH9=$F$5),$B$22,0)) -> 112.5 | AM9: {=$G$3+IFERROR(VLOOKUP($AH9,$F$4:$G$7,2,FALSE),0)+VLOOKUP($R9,武学奇术!$A:$ZZ,2,FALSE)+SUM(_xlfn.XLOOKUP($S9:$AG9,增益!$A:$A,增益!$B:$B,0))} -> 0.2789 | AN9: {=VLOOKUP($R9,武学奇术!$A:$ZZ,5,FALSE)+SUM(_xlfn.XLOOKUP($S9:$AG9,增益!$A:$A,增益!$E:$E,0))} -> 0 | AO9: {=$D$10*(1+$AN9)+VLOOKUP($R9,武学奇术!$A:$ZZ,3,FALSE)+SUM(_xlfn.XLOOKUP($S9:$AG9,增益!$A:$A,增益!$C:$C,0))-$I$2} -> 3888.382 | AP9: {=$E$10*(1+$AN9)+VLOOKUP($R9,武学奇术!$A:$ZZ,4,FALSE)+SUM(_xlfn.XLOOKUP($S9:$AG9,增益!$A:$A,增益!$D:$D,0))-$I$2} -> 3888.382 | AQ9: {=IF($F$10-$I$3+VLOOKUP($R9,武学奇术!$A:$ZZ,6,FALSE)+SUM(_xlfn.XLOOKUP(S9:AG9,增益!$A:$A,增益!$F:$F,0))>0,($F$10-$I$3+VLOOKUP($R9,武学奇术!$A:$ZZ,6,FALSE)+SUM(_xlfn.XLOOKUP(S9:AG9,增益!$A:$A,增益!$F:$F,0)))/200,($F$10-$I$3+VLOOKUP($R9,武学奇术!$A:$ZZ,6,FALSE)+SUM(_xlfn.XLOOKUP(S9:AG9,增益!$A:$A,增益!$F:$F,0)))/100)} -> 0.277 | AR9: {=$G$10+VLOOKUP($R9,武学奇术!$A:$ZZ,7,FALSE)+SUM(_xlfn.XLOOKUP(S9:AG9,增益!$A:$A,增益!$G:$G,0))} -> 0.09 | AS9: {=VLOOKUP($R9,武学奇术!$A:$ZZ,8,FALSE)+SUM(_xlfn.XLOOKUP(S9:AG9,增益!$A:$A,增益!$H:$H,0))} -> 0 | AT9: =$D$11*(1+$AS9) -> 0 | AU9: =$E$11*(1+$AS9) -> 0 | AV9: {=IF($F$11-$I$4+VLOOKUP($R9,武学奇术!$A:$ZZ,9,FALSE)+SUM(_xlfn.XLOOKUP(S9:AG9,增益!$A:$A,增益!$I:$I,0))>0,($F$11-$I$4+VLOOKUP($R9,武学奇术!$A:$ZZ,9,FALSE)+SUM(_xlfn.XLOOKUP(S9:AG9,增益!$A:$A,增益!$I:$I,0)))/200,($F$11-$I$4+VLOOKUP($R9,武学奇术!$A:$ZZ,9,FALSE)+SUM(_xlfn.XLOOKUP(S9:AG9,增益!$A:$A,增益!$I:$I,0)))/100)} -> -0.14 | AW9: {=$G$11+VLOOKUP($R9,武学奇术!$A:$ZZ,10,FALSE)+SUM(_xlfn.XLOOKUP(S9:AG9,增益!$A:$A,增益!$J:$J,0))} -> 0 | AX9: =$D$12*(1+$AS9) -> 0 | AY9: =$E$12*(1+$AS9) -> 0 | AZ9: {=IF($F$12-$I$4+VLOOKUP($R9,武学奇术!$A:$ZZ,11,FALSE)+SUM(_xlfn.XLOOKUP(S9:AG9,增益!$A:$A,增益!$K:$K,0))>0,($F$12-$I$4+VLOOKUP($R9,武学奇术!$A:$ZZ,11,FALSE)+SUM(_xlfn.XLOOKUP(S9:AG9,增益!$A:$A,增益!$K:$K,0)))/200,($F$12-$I$4+VLOOKUP($R9,武学奇术!$A:$ZZ,11,FALSE)+SUM(_xlfn.XLOOKUP(S9:AG9,增益!$A:$A,增益!$K:$K,0)))/100)} -> -0.14 | BA9: {=$G$12+VLOOKUP($R9,武学奇术!$A:$ZZ,12,FALSE)+SUM(_xlfn.XLOOKUP(S9:AG9,增益!$A:$A,增益!$L:$L,0))} -> 0 | BB9: =$D$13*(1+$AS9) -> 0 | BC9: =$E$13*(1+$AS9) -> 0 | BD9: {=IF($F$13-$I$4+VLOOKUP($R9,武学奇术!$A:$ZZ,13,FALSE)+SUM(_xlfn.XLOOKUP(S9:AG9,增益!$A:$A,增益!$M:$M,0))>0,($F$13-$I$4+VLOOKUP($R9,武学奇术!$A:$ZZ,13,FALSE)+SUM(_xlfn.XLOOKUP(S9:AG9,增益!$A:$A,增益!$K:$K,0)))/200,($F$13-$I$4+VLOOKUP($R9,武学奇术!$A:$ZZ,13,FALSE)+SUM(_xlfn.XLOOKUP(S9:AG9,增益!$A:$A,增益!$M:$M,0)))/100)} -> -0.14 | BE9: {=$G$13+VLOOKUP($R9,武学奇术!$A:$ZZ,14,FALSE)+SUM(_xlfn.XLOOKUP(S9:AG9,增益!$A:$A,增益!$N:$N,0))} -> 0 | BF9: =$D$14*(1+$AS9) -> 605.472 | BG9: =$E$14*(1+$AS9) -> 1725.468 | BH9: {=IF($F$14-$I$4+VLOOKUP($R9,武学奇术!$A:$ZZ,15,FALSE)+SUM(_xlfn.XLOOKUP(S9:AG9,增益!$A:$A,增益!$O:$O,0))>0,($F$14-$I$4+VLOOKUP($R9,武学奇术!$A:$ZZ,15,FALSE)+SUM(_xlfn.XLOOKUP(S9:AG9,增益!$A:$A,增益!$O:$O,0)))/200,($F$14-$I$4+VLOOKUP($R9,武学奇术!$A:$ZZ,15,FALSE)+SUM(_xlfn.XLOOKUP(S9:AG9,增益!$A:$A,增益!$O:$O,0)))/100)} -> 0.08 | BI9: {=$G$14+VLOOKUP($R9,武学奇术!$A:$ZZ,16,FALSE)+SUM(_xlfn.XLOOKUP(S9:AG9,增益!$A:$A,增益!$P:$P,0))} -> 0.24 | BJ9: =MIN(IF(VLOOKUP($R9,武学奇术!$A:$ZZ,23,FALSE)=1,100%,$B$8),100%) -> 1 | BK9: {=IF(VLOOKUP($R9,武学奇术!$A:$ZZ,23,FALSE)=1,100%,MIN(80%,$B$9+VLOOKUP($R9,武学奇术!$A:$ZZ,17,FALSE)+SUM(_xlfn.XLOOKUP(S9:AG9,增益!$A:$A,增益!$Q:$Q,0)))+$B$11+SUM(_xlfn.XLOOKUP(S9:AG9,增益!$A:$A,增益!$U:$U,0)))*IF(VLOOKUP($R9,武学奇术!$A:$ZZ,24,FALSE)=1,0,1)+MIN(IF(VLOOKUP($R9,武学奇术!$A:$ZZ,32,FALSE)=1,IF(VLOOKUP($R9,武学奇术!$A:$ZZ,24,FALSE)=1,100%,MIN(40%,$B$10+VLOOKUP($R9,武学奇术!$A:$ZZ,19,FALSE)+SUM(_xlfn.XLOOKUP(S9:AG9,增益!$A:$A,增益!$S:$S,0)))+$B$12+SUM(_xlfn.XLOOKUP(S9:AG9,增益!$A:$A,增益!$V:$V,0))),0),12%)} -> 0.9036 | BL9: {=1+$B$13+VLOOKUP($R9,武学奇术!$A:$ZZ,18,FALSE)+SUM(_xlfn.XLOOKUP(S9:AG9,增益!$A:$A,增益!$R:$R,0))} -> 1.55 | BM9: {=MAX(IF(VLOOKUP($R9,武学奇术!$A:$ZZ,24,FALSE)=1,100%,MIN(40%,$B$10+VLOOKUP($R9,武学奇术!$A:$ZZ,19,FALSE)+SUM(_xlfn.XLOOKUP(S9:AG9,增益!$A:$A,增益!$S:$S,0)))+$B$12+SUM(_xlfn.XLOOKUP(S9:AG9,增益!$A:$A,增益!$V:$V,0)))*IF(VLOOKUP($R9,武学奇术!$A:$ZZ,23,FALSE)=1,0,1)-IF(VLOOKUP($R9,武学奇术!$A:$ZZ,32,FALSE)=1,12%,0),0)} -> 0.0929 | BN9: {=1+$B$14+VLOOKUP($R9,武学奇术!$A:$ZZ,20,FALSE)+SUM(_xlfn.XLOOKUP(S9:AG9,增益!$A:$A,增益!$T:$T,0))} -> 1.35 | BO9: =MIN((1-BM9)*BJ9,BJ9*BK9) -> 0.9036 | BP9: =1-BM9-BO9-BQ9 -> 0.0035 | BQ9: =IF(VLOOKUP($R9,武学奇术!$A:$ZZ,22,FALSE)=1,0,(1-$BJ9))*(1-$BM9) -> 0 | BR9: {=SUM(_xlfn.XLOOKUP(S9:AG9,增益!$A:$A,增益!$W:$W,0))+$I$5} -> 0.11
A10: 会意率 | B10: 0.0929 | C10: 外功 | D10: =(B2+B23)*IF($G$2="撼天",1.06,1) -> 4446.382 | E10: =MAX(B2+B23,C2+B24)*IF($G$2="撼天",1.06,1) -> 4446.382 | F10: =D2 -> 58.4 | G10: =E2 -> 0 | H10: 总伤 | I10: =SUM(L:L) -> 14393823 | K10: =$L10*VLOOKUP($R10,武学奇术!$A:$ZZ,31,FALSE) -> 86891.215 | L10: =($M10*$BO10+$N10*$BM10+$O10*$BP10+$P10*$BQ10) -> 66839.396 | M10: =((($AO10+($AP10-$AO10)*IF(VLOOKUP($R10,武学奇术!$A:$ZZ,31,FALSE)=1,$F$18,0.5))*$AI10+$AJ10)*(1+$AQ10)*(1+$AR10)+(($AT10+($AU10-$AT10)*IF(VLOOKUP($R10,武学奇术!$A:$ZZ,31,FALSE)=1,$F$18,0.5))*IF($G$1="鸣金",$AK10,$AI10)+IF($G$1="鸣金",$AL10*1.5,0))*(1+$AV10)*(1+$AW10)+(($AX10+($AY10-$AX10)*IF(VLOOKUP($R10,武学奇术!$A:$ZZ,31,FALSE)=1,$F$18,0.5))*IF($G$1="裂石",$AK10,$AI10)+IF($G$1="裂石",$AL10*1.5,0))*(1+$AZ10)*(1+$BA10)+(($BB10+($BC10-$BB10)*IF(VLOOKUP($R10,武学奇术!$A:$ZZ,31,FALSE)=1,$F$18,0.5))*IF($G$1="牵丝",$AK10,$AI10)+IF($G$1="牵丝",$AL10*1.5,0))*(1+$BD10)*(1+$BE10)+(($BF10+($BG10-$BF10)*IF(VLOOKUP($R10,武学奇术!$A:$ZZ,31,FALSE)=1,$F$18,0.5))*IF($G$1="破竹",$AK10,$AI10)+IF($G$1="破竹",$AL10*1.5,0))*(1+$BH10)*(1+$BI10))*(1+$AM10)*$BL10*$Q10*(1+IF(VLOOKUP($R10,武学奇术!$A:$ZZ,30,FALSE)="蓄力技",$B$21,0))*(1+$BR10) -> 67985.075 | N10: =(($AP10*$AI10+$AJ10)*(1+$AQ10)*(1+$AR10)+($AU10*IF($G$1="鸣金",$AK10,$AI10)+IF($G$1="鸣金",$AL10*1.5,0))*(1+$AV10)*(1+$AW10)+($AY10*IF($G$1="裂石",$AK10,$AI10)+IF($G$1="裂石",$AL10*1.5,0))*(1+$AZ10)*(1+$BA10)+($BC10*IF($G$1="牵丝",$AK10,$AI10)+IF($G$1="牵丝",$AL10*1.5,0))*(1+$BD10)*(1+$BE10)+($BG10*IF($G$1="破竹",$AK10,$AI10)+IF($G$1="破竹",$AL10*1.5,0))*(1+$BH10)*(1+$BI10))*(1+$AM10)*$BN10*$Q10*(1+IF(VLOOKUP($R10,武学奇术!$A:$ZZ,30,FALSE)="蓄力技",$B$21,0))*(1+$BR10) -> 56829.513 | O10: =((($AO10+($AP10-$AO10)*IF(VLOOKUP($R10,武学奇术!$A:$ZZ,31,FALSE)=1,$F$18,0.5))*$AI10+$AJ10)*(1+$AQ10)*(1+$AR10)+(($AT10+($AU10-$AT10)*IF(VLOOKUP($R10,武学奇术!$A:$ZZ,31,FALSE)=1,$F$18,0.5))*IF($G$1="鸣金",$AK10,$AI10)+IF($G$1="鸣金",$AL10*1.5,0))*(1+$AV10)*(1+$AW10)+(($AX10+($AY10-$AX10)*IF(VLOOKUP($R10,武学奇术!$A:$ZZ,31,FALSE)=1,$F$18,0.5))*IF($G$1="裂石",$AK10,$AI10)+IF($G$1="裂石",$AL10*1.5,0))*(1+$AZ10)*(1+$BA10)+(($BB10+($BC10-$BB10)*IF(VLOOKUP($R10,武学奇术!$A:$ZZ,31,FALSE)=1,$F$18,0.5))*IF($G$1="牵丝",$AK10,$AI10)+IF($G$1="牵丝",$AL10*1.5,0))*(1+$BD10)*(1+$BE10)+(($BF10+($BG10-$BF10)*IF(VLOOKUP($R10,武学奇术!$A:$ZZ,31,FALSE)=1,$F$18,0.5))*IF($G$1="破竹",$AK10,$AI10)+IF($G$1="破竹",$AL10*1.5,0))*(1+$BH10)*(1+$BI10))*(1+$AM10)*$Q10*(1+IF(VLOOKUP($R10,武学奇术!$A:$ZZ,30,FALSE)="蓄力技",$B$21,0))*(1+$BR10) -> 36748.689 | P10: =((($AO10*$AI10+$AJ10)*(1+$AQ10)*(1+$AR10)+($AT10*IF($G$1="鸣金",$AK10,$AI10)+IF($G$1="鸣金",$AL10*1.5,0))*(1+$AV10)*(1+$AW10)+($AX10*IF($G$1="裂石",$AK10,$AI10)+IF($G$1="裂石",$AL10*1.5,0))*(1+$AZ10)*(1+$BA10)+($BB10*IF($G$1="牵丝",$AK10,$AI10)+IF($G$1="牵丝",$AL10*1.5,0))*(1+$BD10)*(1+$BE10)+($BF10*IF($G$1="破竹",$AK10,$AI10)+IF($G$1="破竹",$AL10*1.5,0))*(1+$BH10)*(1+$BI10))*(1+$AM10))*$Q10*(1+IF(VLOOKUP($R10,武学奇术!$A:$ZZ,30,FALSE)="蓄力技",$B$21,0))*(1+$BR10) -> 31401.443 | Q10: 1 | R10: 鹰隼追击(绳标) | S10: 易水歌1层 | T10: N/a | U10: N/a | V10: N/a | W10: N/a | X10: N/a | Y10: 沧海帖1层 | Z10: 惧刃(拐) | AA10: 三穷 | AB10: 扶风(拐) | AC10: N/a | AD10: N/a | AE10: 裁云(拐) | AF10: 无惧 | AG10: 天志增伤 | AH10: =VLOOKUP($R10,武学奇术!$A:$ZZ,25,FALSE) -> 绳镖 | AI10: =VLOOKUP($R10,武学奇术!$A:$ZZ,26,FALSE) -> 2.638944 | AJ10: =VLOOKUP($R10,武学奇术!$A:$ZZ,27,FALSE)*(1+IF(OR($AH10=$F$4,$AH10=$F$5),$B$22,0)) -> 0 | AK10: =VLOOKUP($R10,武学奇术!$A:$ZZ,28,FALSE) -> 3.958416 | AL10: =VLOOKUP($R10,武学奇术!$A:$ZZ,29,FALSE)*(1+IF(OR($AH10=$F$4,$AH10=$F$5),$B$22,0)) -> 0 | AM10: {=$G$3+IFERROR(VLOOKUP($AH10,$F$4:$G$7,2,FALSE),0)+VLOOKUP($R10,武学奇术!$A:$ZZ,2,FALSE)+SUM(_xlfn.XLOOKUP($S10:$AG10,增益!$A:$A,增益!$B:$B,0))} -> 0.5789 | AN10: {=VLOOKUP($R10,武学奇术!$A:$ZZ,5,FALSE)+SUM(_xlfn.XLOOKUP($S10:$AG10,增益!$A:$A,增益!$E:$E,0))} -> 0 | AO10: {=$D$10*(1+$AN10)+VLOOKUP($R10,武学奇术!$A:$ZZ,3,FALSE)+SUM(_xlfn.XLOOKUP($S10:$AG10,增益!$A:$A,增益!$C:$C,0))-$I$2} -> 3888.382 | AP10: {=$E$10*(1+$AN10)+VLOOKUP($R10,武学奇术!$A:$ZZ,4,FALSE)+SUM(_xlfn.XLOOKUP($S10:$AG10,增益!$A:$A,增益!$D:$D,0))-$I$2} -> 3888.382 | AQ10: {=IF($F$10-$I$3+VLOOKUP($R10,武学奇术!$A:$ZZ,6,FALSE)+SUM(_xlfn.XLOOKUP(S10:AG10,增益!$A:$A,增益!$F:$F,0))>0,($F$10-$I$3+VLOOKUP($R10,武学奇术!$A:$ZZ,6,FALSE)+SUM(_xlfn.XLOOKUP(S10:AG10,增益!$A:$A,增益!$F:$F,0)))/200,($F$10-$I$3+VLOOKUP($R10,武学奇术!$A:$ZZ,6,FALSE)+SUM(_xlfn.XLOOKUP(S10:AG10,增益!$A:$A,增益!$F:$F,0)))/100)} -> 0.307 | AR10: {=$G$10+VLOOKUP($R10,武学奇术!$A:$ZZ,7,FALSE)+SUM(_xlfn.XLOOKUP(S10:AG10,增益!$A:$A,增益!$G:$G,0))} -> 0.09 | AS10: {=VLOOKUP($R10,武学奇术!$A:$ZZ,8,FALSE)+SUM(_xlfn.XLOOKUP(S10:AG10,增益!$A:$A,增益!$H:$H,0))} -> 0 | AT10: =$D$11*(1+$AS10) -> 0 | AU10: =$E$11*(1+$AS10) -> 0 | AV10: {=IF($F$11-$I$4+VLOOKUP($R10,武学奇术!$A:$ZZ,9,FALSE)+SUM(_xlfn.XLOOKUP(S10:AG10,增益!$A:$A,增益!$I:$I,0))>0,($F$11-$I$4+VLOOKUP($R10,武学奇术!$A:$ZZ,9,FALSE)+SUM(_xlfn.XLOOKUP(S10:AG10,增益!$A:$A,增益!$I:$I,0)))/200,($F$11-$I$4+VLOOKUP($R10,武学奇术!$A:$ZZ,9,FALSE)+SUM(_xlfn.XLOOKUP(S10:AG10,增益!$A:$A,增益!$I:$I,0)))/100)} -> -0.08 | AW10: {=$G$11+VLOOKUP($R10,武学奇术!$A:$ZZ,10,FALSE)+SUM(_xlfn.XLOOKUP(S10:AG10,增益!$A:$A,增益!$J:$J,0))} -> 0 | AX10: =$D$12*(1+$AS10) -> 0 | AY10: =$E$12*(1+$AS10) -> 0 | AZ10: {=IF($F$12-$I$4+VLOOKUP($R10,武学奇术!$A:$ZZ,11,FALSE)+SUM(_xlfn.XLOOKUP(S10:AG10,增益!$A:$A,增益!$K:$K,0))>0,($F$12-$I$4+VLOOKUP($R10,武学奇术!$A:$ZZ,11,FALSE)+SUM(_xlfn.XLOOKUP(S10:AG10,增益!$A:$A,增益!$K:$K,0)))/200,($F$12-$I$4+VLOOKUP($R10,武学奇术!$A:$ZZ,11,FALSE)+SUM(_xlfn.XLOOKUP(S10:AG10,增益!$A:$A,增益!$K:$K,0)))/100)} -> -0.08 | BA10: {=$G$12+VLOOKUP($R10,武学奇术!$A:$ZZ,12,FALSE)+SUM(_xlfn.XLOOKUP(S10:AG10,增益!$A:$A,增益!$L:$L,0))} -> 0 | BB10: =$D$13*(1+$AS10) -> 0 | BC10: =$E$13*(1+$AS10) -> 0 | BD10: {=IF($F$13-$I$4+VLOOKUP($R10,武学奇术!$A:$ZZ,13,FALSE)+SUM(_xlfn.XLOOKUP(S10:AG10,增益!$A:$A,增益!$M:$M,0))>0,($F$13-$I$4+VLOOKUP($R10,武学奇术!$A:$ZZ,13,FALSE)+SUM(_xlfn.XLOOKUP(S10:AG10,增益!$A:$A,增益!$K:$K,0)))/200,($F$13-$I$4+VLOOKUP($R10,武学奇术!$A:$ZZ,13,FALSE)+SUM(_xlfn.XLOOKUP(S10:AG10,增益!$A:$A,增益!$M:$M,0)))/100)} -> -0.08 | BE10: {=$G$13+VLOOKUP($R10,武学奇术!$A:$ZZ,14,FALSE)+SUM(_xlfn.XLOOKUP(S10:AG10,增益!$A:$A,增益!$N:$N,0))} -> 0 | BF10: =$D$14*(1+$AS10) -> 605.472 | BG10: =$E$14*(1+$AS10) -> 1725.468 | BH10: {=IF($F$14-$I$4+VLOOKUP($R10,武学奇术!$A:$ZZ,15,FALSE)+SUM(_xlfn.XLOOKUP(S10:AG10,增益!$A:$A,增益!$O:$O,0))>0,($F$14-$I$4+VLOOKUP($R10,武学奇术!$A:$ZZ,15,FALSE)+SUM(_xlfn.XLOOKUP(S10:AG10,增益!$A:$A,增益!$O:$O,0)))/200,($F$14-$I$4+VLOOKUP($R10,武学奇术!$A:$ZZ,15,FALSE)+SUM(_xlfn.XLOOKUP(S10:AG10,增益!$A:$A,增益!$O:$O,0)))/100)} -> 0.11 | BI10: {=$G$14+VLOOKUP($R10,武学奇术!$A:$ZZ,16,FALSE)+SUM(_xlfn.XLOOKUP(S10:AG10,增益!$A:$A,增益!$P:$P,0))} -> 0.24 | BJ10: =MIN(IF(VLOOKUP($R10,武学奇术!$A:$ZZ,23,FALSE)=1,100%,$B$8),100%) -> 1 | BK10: {=IF(VLOOKUP($R10,武学奇术!$A:$ZZ,23,FALSE)=1,100%,MIN(80%,$B$9+VLOOKUP($R10,武学奇术!$A:$ZZ,17,FALSE)+SUM(_xlfn.XLOOKUP(S10:AG10,增益!$A:$A,增益!$Q:$Q,0)))+$B$11+SUM(_xlfn.XLOOKUP(S10:AG10,增益!$A:$A,增益!$U:$U,0)))*IF(VLOOKUP($R10,武学奇术!$A:$ZZ,24,FALSE)=1,0,1)+MIN(IF(VLOOKUP($R10,武学奇术!$A:$ZZ,32,FALSE)=1,IF(VLOOKUP($R10,武学奇术!$A:$ZZ,24,FALSE)=1,100%,MIN(40%,$B$10+VLOOKUP($R10,武学奇术!$A:$ZZ,19,FALSE)+SUM(_xlfn.XLOOKUP(S10:AG10,增益!$A:$A,增益!$S:$S,0)))+$B$12+SUM(_xlfn.XLOOKUP(S10:AG10,增益!$A:$A,增益!$V:$V,0))),0),12%)} -> 0.9036 | BL10: {=1+$B$13+VLOOKUP($R10,武学奇术!$A:$ZZ,18,FALSE)+SUM(_xlfn.XLOOKUP(S10:AG10,增益!$A:$A,增益!$R:$R,0))} -> 1.85 | BM10: {=MAX(IF(VLOOKUP($R10,武学奇术!$A:$ZZ,24,FALSE)=1,100%,MIN(40%,$B$10+VLOOKUP($R10,武学奇术!$A:$ZZ,19,FALSE)+SUM(_xlfn.XLOOKUP(S10:AG10,增益!$A:$A,增益!$S:$S,0)))+$B$12+SUM(_xlfn.XLOOKUP(S10:AG10,增益!$A:$A,增益!$V:$V,0)))*IF(VLOOKUP($R10,武学奇术!$A:$ZZ,23,FALSE)=1,0,1)-IF(VLOOKUP($R10,武学奇术!$A:$ZZ,32,FALSE)=1,12%,0),0)} -> 0.0929 | BN10: {=1+$B$14+VLOOKUP($R10,武学奇术!$A:$ZZ,20,FALSE)+SUM(_xlfn.XLOOKUP(S10:AG10,增益!$A:$A,增益!$T:$T,0))} -> 1.35 | BO10: =MIN((1-BM10)*BJ10,BJ10*BK10) -> 0.9036 | BP10: =1-BM10-BO10-BQ10 -> 0.0035 | BQ10: =IF(VLOOKUP($R10,武学奇术!$A:$ZZ,22,FALSE)=1,0,(1-$BJ10))*(1-$BM10) -> 0 | BR10: {=SUM(_xlfn.XLOOKUP(S10:AG10,增益!$A:$A,增益!$W:$W,0))+$I$5} -> 0.11
A11: 直接会心率 | B11: =4.6%+IF($E$24="易水歌",4.6%,0)+IF($E$22="断石之构",4.1%,0) -> 0.133 | C11: 鸣金 | D11: =(B3+IF($G$1=$C11,$B$7,0))*IF($G$2="撼天",1.06,1) -> 0 | E11: =(MAX(B3,C3)+IF($G$1=$C11,$C$7,0))*IF($G$2="撼天",1.06,1) -> 0 | F11: =D3 -> 0 | G11: =E3 -> 0 | K11: =$L11*VLOOKUP($R11,武学奇术!$A:$ZZ,31,FALSE) -> 113535.31 | L11: =($M11*$BO11+$N11*$BM11+$O11*$BP11+$P11*$BQ11) -> 87334.852 | M11: =((($AO11+($AP11-$AO11)*IF(VLOOKUP($R11,武学奇术!$A:$ZZ,31,FALSE)=1,$F$18,0.5))*$AI11+$AJ11)*(1+$AQ11)*(1+$AR11)+(($AT11+($AU11-$AT11)*IF(VLOOKUP($R11,武学奇术!$A:$ZZ,31,FALSE)=1,$F$18,0.5))*IF($G$1="鸣金",$AK11,$AI11)+IF($G$1="鸣金",$AL11*1.5,0))*(1+$AV11)*(1+$AW11)+(($AX11+($AY11-$AX11)*IF(VLOOKUP($R11,武学奇术!$A:$ZZ,31,FALSE)=1,$F$18,0.5))*IF($G$1="裂石",$AK11,$AI11)+IF($G$1="裂石",$AL11*1.5,0))*(1+$AZ11)*(1+$BA11)+(($BB11+($BC11-$BB11)*IF(VLOOKUP($R11,武学奇术!$A:$ZZ,31,FALSE)=1,$F$18,0.5))*IF($G$1="牵丝",$AK11,$AI11)+IF($G$1="牵丝",$AL11*1.5,0))*(1+$BD11)*(1+$BE11)+(($BF11+($BG11-$BF11)*IF(VLOOKUP($R11,武学奇术!$A:$ZZ,31,FALSE)=1,$F$18,0.5))*IF($G$1="破竹",$AK11,$AI11)+IF($G$1="破竹",$AL11*1.5,0))*(1+$BH11)*(1+$BI11))*(1+$AM11)*$BL11*$Q11*(1+IF(VLOOKUP($R11,武学奇术!$A:$ZZ,30,FALSE)="蓄力技",$B$21,0))*(1+$BR11) -> 89004.051 | N11: =(($AP11*$AI11+$AJ11)*(1+$AQ11)*(1+$AR11)+($AU11*IF($G$1="鸣金",$AK11,$AI11)+IF($G$1="鸣金",$AL11*1.5,0))*(1+$AV11)*(1+$AW11)+($AY11*IF($G$1="裂石",$AK11,$AI11)+IF($G$1="裂石",$AL11*1.5,0))*(1+$AZ11)*(1+$BA11)+($BC11*IF($G$1="牵丝",$AK11,$AI11)+IF($G$1="牵丝",$AL11*1.5,0))*(1+$BD11)*(1+$BE11)+($BG11*IF($G$1="破竹",$AK11,$AI11)+IF($G$1="破竹",$AL11*1.5,0))*(1+$BH11)*(1+$BI11))*(1+$AM11)*$BN11*$Q11*(1+IF(VLOOKUP($R11,武学奇术!$A:$ZZ,30,FALSE)="蓄力技",$B$21,0))*(1+$BR11) -> 72577.026 | O11: =((($AO11+($AP11-$AO11)*IF(VLOOKUP($R11,武学奇术!$A:$ZZ,31,FALSE)=1,$F$18,0.5))*$AI11+$AJ11)*(1+$AQ11)*(1+$AR11)+(($AT11+($AU11-$AT11)*IF(VLOOKUP($R11,武学奇术!$A:$ZZ,31,FALSE)=1,$F$18,0.5))*IF($G$1="鸣金",$AK11,$AI11)+IF($G$1="鸣金",$AL11*1.5,0))*(1+$AV11)*(1+$AW11)+(($AX11+($AY11-$AX11)*IF(VLOOKUP($R11,武学奇术!$A:$ZZ,31,FALSE)=1,$F$18,0.5))*IF($G$1="裂石",$AK11,$AI11)+IF($G$1="裂石",$AL11*1.5,0))*(1+$AZ11)*(1+$BA11)+(($BB11+($BC11-$BB11)*IF(VLOOKUP($R11,武学奇术!$A:$ZZ,31,FALSE)=1,$F$18,0.5))*IF($G$1="牵丝",$AK11,$AI11)+IF($G$1="牵丝",$AL11*1.5,0))*(1+$BD11)*(1+$BE11)+(($BF11+($BG11-$BF11)*IF(VLOOKUP($R11,武学奇术!$A:$ZZ,31,FALSE)=1,$F$18,0.5))*IF($G$1="破竹",$AK11,$AI11)+IF($G$1="破竹",$AL11*1.5,0))*(1+$BH11)*(1+$BI11))*(1+$AM11)*$Q11*(1+IF(VLOOKUP($R11,武学奇术!$A:$ZZ,30,FALSE)="蓄力技",$B$21,0))*(1+$BR11) -> 48110.298 | P11: =((($AO11*$AI11+$AJ11)*(1+$AQ11)*(1+$AR11)+($AT11*IF($G$1="鸣金",$AK11,$AI11)+IF($G$1="鸣金",$AL11*1.5,0))*(1+$AV11)*(1+$AW11)+($AX11*IF($G$1="裂石",$AK11,$AI11)+IF($G$1="裂石",$AL11*1.5,0))*(1+$AZ11)*(1+$BA11)+($BB11*IF($G$1="牵丝",$AK11,$AI11)+IF($G$1="牵丝",$AL11*1.5,0))*(1+$BD11)*(1+$BE11)+($BF11*IF($G$1="破竹",$AK11,$AI11)+IF($G$1="破竹",$AL11*1.5,0))*(1+$BH11)*(1+$BI11))*(1+$AM11))*$Q11*(1+IF(VLOOKUP($R11,武学奇术!$A:$ZZ,30,FALSE)="蓄力技",$B$21,0))*(1+$BR11) -> 42459.835 | Q11: 1 | R11: 拳甲Q2 | S11: 易水歌2层 | T11: N/a | U11: N/a | V11: 近战笛 | W11: N/a | X11: N/a | Y11: 沧海帖1层 | Z11: 惧刃(拐) | AA11: 三穷 | AB11: 扶风(拐) | AC11: N/a | AD11: N/a | AE11: 裁云(拐) | AF11: 无惧 | AG11: 天志增伤 | AH11: =VLOOKUP($R11,武学奇术!$A:$ZZ,25,FALSE) -> 拳甲 | AI11: =VLOOKUP($R11,武学奇术!$A:$ZZ,26,FALSE) -> 2.91176 | AJ11: =VLOOKUP($R11,武学奇术!$A:$ZZ,27,FALSE)*(1+IF(OR($AH11=$F$4,$AH11=$F$5),$B$22,0)) -> 1208.7 | AK11: =VLOOKUP($R11,武学奇术!$A:$ZZ,28,FALSE) -> 3.89844 | AL11: =VLOOKUP($R11,武学奇术!$A:$ZZ,29,FALSE)*(1+IF(OR($AH11=$F$4,$AH11=$F$5),$B$22,0)) -> 650.25 | AM11: {=$G$3+IFERROR(VLOOKUP($AH11,$F$4:$G$7,2,FALSE),0)+VLOOKUP($R11,武学奇术!$A:$ZZ,2,FALSE)+SUM(_xlfn.XLOOKUP($S11:$AG11,增益!$A:$A,增益!$B:$B,0))} -> 0.6941 | AN11: {=VLOOKUP($R11,武学奇术!$A:$ZZ,5,FALSE)+SUM(_xlfn.XLOOKUP($S11:$AG11,增益!$A:$A,增益!$E:$E,0))} -> 0 | AO11: {=$D$10*(1+$AN11)+VLOOKUP($R11,武学奇术!$A:$ZZ,3,FALSE)+SUM(_xlfn.XLOOKUP($S11:$AG11,增益!$A:$A,增益!$C:$C,0))-$I$2} -> 3888.382 | AP11: {=$E$10*(1+$AN11)+VLOOKUP($R11,武学奇术!$A:$ZZ,4,FALSE)+SUM(_xlfn.XLOOKUP($S11:$AG11,增益!$A:$A,增益!$D:$D,0))-$I$2} -> 3888.382 | AQ11: {=IF($F$10-$I$3+VLOOKUP($R11,武学奇术!$A:$ZZ,6,FALSE)+SUM(_xlfn.XLOOKUP(S11:AG11,增益!$A:$A,增益!$F:$F,0))>0,($F$10-$I$3+VLOOKUP($R11,武学奇术!$A:$ZZ,6,FALSE)+SUM(_xlfn.XLOOKUP(S11:AG11,增益!$A:$A,增益!$F:$F,0)))/200,($F$10-$I$3+VLOOKUP($R11,武学奇术!$A:$ZZ,6,FALSE)+SUM(_xlfn.XLOOKUP(S11:AG11,增益!$A:$A,增益!$F:$F,0)))/100)} -> 0.317 | AR11: {=$G$10+VLOOKUP($R11,武学奇术!$A:$ZZ,7,FALSE)+SUM(_xlfn.XLOOKUP(S11:AG11,增益!$A:$A,增益!$G:$G,0))} -> 0.09 | AS11: {=VLOOKUP($R11,武学奇术!$A:$ZZ,8,FALSE)+SUM(_xlfn.XLOOKUP(S11:AG11,增益!$A:$A,增益!$H:$H,0))} -> 0 | AT11: =$D$11*(1+$AS11) -> 0 | AU11: =$E$11*(1+$AS11) -> 0 | AV11: {=IF($F$11-$I$4+VLOOKUP($R11,武学奇术!$A:$ZZ,9,FALSE)+SUM(_xlfn.XLOOKUP(S11:AG11,增益!$A:$A,增益!$I:$I,0))>0,($F$11-$I$4+VLOOKUP($R11,武学奇术!$A:$ZZ,9,FALSE)+SUM(_xlfn.XLOOKUP(S11:AG11,增益!$A:$A,增益!$I:$I,0)))/200,($F$11-$I$4+VLOOKUP($R11,武学奇术!$A:$ZZ,9,FALSE)+SUM(_xlfn.XLOOKUP(S11:AG11,增益!$A:$A,增益!$I:$I,0)))/100)} -> -0.08 | AW11: {=$G$11+VLOOKUP($R11,武学奇术!$A:$ZZ,10,FALSE)+SUM(_xlfn.XLOOKUP(S11:AG11,增益!$A:$A,增益!$J:$J,0))} -> 0 | AX11: =$D$12*(1+$AS11) -> 0 | AY11: =$E$12*(1+$AS11) -> 0 | AZ11: {=IF($F$12-$I$4+VLOOKUP($R11,武学奇术!$A:$ZZ,11,FALSE)+SUM(_xlfn.XLOOKUP(S11:AG11,增益!$A:$A,增益!$K:$K,0))>0,($F$12-$I$4+VLOOKUP($R11,武学奇术!$A:$ZZ,11,FALSE)+SUM(_xlfn.XLOOKUP(S11:AG11,增益!$A:$A,增益!$K:$K,0)))/200,($F$12-$I$4+VLOOKUP($R11,武学奇术!$A:$ZZ,11,FALSE)+SUM(_xlfn.XLOOKUP(S11:AG11,增益!$A:$A,增益!$K:$K,0)))/100)} -> -0.08 | BA11: {=$G$12+VLOOKUP($R11,武学奇术!$A:$ZZ,12,FALSE)+SUM(_xlfn.XLOOKUP(S11:AG11,增益!$A:$A,增益!$L:$L,0))} -> 0 | BB11: =$D$13*(1+$AS11) -> 0 | BC11: =$E$13*(1+$AS11) -> 0 | BD11: {=IF($F$13-$I$4+VLOOKUP($R11,武学奇术!$A:$ZZ,13,FALSE)+SUM(_xlfn.XLOOKUP(S11:AG11,增益!$A:$A,增益!$M:$M,0))>0,($F$13-$I$4+VLOOKUP($R11,武学奇术!$A:$ZZ,13,FALSE)+SUM(_xlfn.XLOOKUP(S11:AG11,增益!$A:$A,增益!$K:$K,0)))/200,($F$13-$I$4+VLOOKUP($R11,武学奇术!$A:$ZZ,13,FALSE)+SUM(_xlfn.XLOOKUP(S11:AG11,增益!$A:$A,增益!$M:$M,0)))/100)} -> -0.08 | BE11: {=$G$13+VLOOKUP($R11,武学奇术!$A:$ZZ,14,FALSE)+SUM(_xlfn.XLOOKUP(S11:AG11,增益!$A:$A,增益!$N:$N,0))} -> 0 | BF11: =$D$14*(1+$AS11) -> 605.472 | BG11: =$E$14*(1+$AS11) -> 1725.468 | BH11: {=IF($F$14-$I$4+VLOOKUP($R11,武学奇术!$A:$ZZ,15,FALSE)+SUM(_xlfn.XLOOKUP(S11:AG11,增益!$A:$A,增益!$O:$O,0))>0,($F$14-$I$4+VLOOKUP($R11,武学奇术!$A:$ZZ,15,FALSE)+SUM(_xlfn.XLOOKUP(S11:AG11,增益!$A:$A,增益!$O:$O,0)))/200,($F$14-$I$4+VLOOKUP($R11,武学奇术!$A:$ZZ,15,FALSE)+SUM(_xlfn.XLOOKUP(S11:AG11,增益!$A:$A,增益!$O:$O,0)))/100)} -> 0.11 | BI11: {=$G$14+VLOOKUP($R11,武学奇术!$A:$ZZ,16,FALSE)+SUM(_xlfn.XLOOKUP(S11:AG11,增益!$A:$A,增益!$P:$P,0))} -> 0.24 | BJ11: =MIN(IF(VLOOKUP($R11,武学奇术!$A:$ZZ,23,FALSE)=1,100%,$B$8),100%) -> 1 | BK11: {=IF(VLOOKUP($R11,武学奇术!$A:$ZZ,23,FALSE)=1,100%,MIN(80%,$B$9+VLOOKUP($R11,武学奇术!$A:$ZZ,17,FALSE)+SUM(_xlfn.XLOOKUP(S11:AG11,增益!$A:$A,增益!$Q:$Q,0)))+$B$11+SUM(_xlfn.XLOOKUP(S11:AG11,增益!$A:$A,增益!$U:$U,0)))*IF(VLOOKUP($R11,武学奇术!$A:$ZZ,24,FALSE)=1,0,1)+MIN(IF(VLOOKUP($R11,武学奇术!$A:$ZZ,32,FALSE)=1,IF(VLOOKUP($R11,武学奇术!$A:$ZZ,24,FALSE)=1,100%,MIN(40%,$B$10+VLOOKUP($R11,武学奇术!$A:$ZZ,19,FALSE)+SUM(_xlfn.XLOOKUP(S11:AG11,增益!$A:$A,增益!$S:$S,0)))+$B$12+SUM(_xlfn.XLOOKUP(S11:AG11,增益!$A:$A,增益!$V:$V,0))),0),12%)} -> 0.9036 | BL11: {=1+$B$13+VLOOKUP($R11,武学奇术!$A:$ZZ,18,FALSE)+SUM(_xlfn.XLOOKUP(S11:AG11,增益!$A:$A,增益!$R:$R,0))} -> 1.85 | BM11: {=MAX(IF(VLOOKUP($R11,武学奇术!$A:$ZZ,24,FALSE)=1,100%,MIN(40%,$B$10+VLOOKUP($R11,武学奇术!$A:$ZZ,19,FALSE)+SUM(_xlfn.XLOOKUP(S11:AG11,增益!$A:$A,增益!$S:$S,0)))+$B$12+SUM(_xlfn.XLOOKUP(S11:AG11,增益!$A:$A,增益!$V:$V,0)))*IF(VLOOKUP($R11,武学奇术!$A:$ZZ,23,FALSE)=1,0,1)-IF(VLOOKUP($R11,武学奇术!$A:$ZZ,32,FALSE)=1,12%,0),0)} -> 0.0929 | BN11: {=1+$B$14+VLOOKUP($R11,武学奇术!$A:$ZZ,20,FALSE)+SUM(_xlfn.XLOOKUP(S11:AG11,增益!$A:$A,增益!$T:$T,0))} -> 1.35 | BO11: =MIN((1-BM11)*BJ11,BJ11*BK11) -> 0.9036 | BP11: =1-BM11-BO11-BQ11 -> 0.0035 | BQ11: =IF(VLOOKUP($R11,武学奇术!$A:$ZZ,22,FALSE)=1,0,(1-$BJ11))*(1-$BM11) -> 0 | BR11: {=SUM(_xlfn.XLOOKUP(S11:AG11,增益!$A:$A,增益!$W:$W,0))+$I$5} -> 0.11
A12: 直接会意率 | B12: 0 | C12: 裂石 | D12: =(B4+IF($G$1=$C12,$B$7,0))*IF($G$2="撼天",1.06,1) -> 0 | E12: =(MAX(B4,C4)+IF($G$1=$C12,$C$7,0))*IF($G$2="撼天",1.06,1) -> 0 | F12: =D4 -> 0 | G12: =E4 -> 0 | H12: ADPS | I12: =I10/I8 -> 142795.87 | K12: =$L12*VLOOKUP($R12,武学奇术!$A:$ZZ,31,FALSE) -> 27212.608 | L12: =($M12*$BO12+$N12*$BM12+$O12*$BP12+$P12*$BQ12) -> 27212.608 | M12: =((($AO12+($AP12-$AO12)*IF(VLOOKUP($R12,武学奇术!$A:$ZZ,31,FALSE)=1,$F$18,0.5))*$AI12+$AJ12)*(1+$AQ12)*(1+$AR12)+(($AT12+($AU12-$AT12)*IF(VLOOKUP($R12,武学奇术!$A:$ZZ,31,FALSE)=1,$F$18,0.5))*IF($G$1="鸣金",$AK12,$AI12)+IF($G$1="鸣金",$AL12*1.5,0))*(1+$AV12)*(1+$AW12)+(($AX12+($AY12-$AX12)*IF(VLOOKUP($R12,武学奇术!$A:$ZZ,31,FALSE)=1,$F$18,0.5))*IF($G$1="裂石",$AK12,$AI12)+IF($G$1="裂石",$AL12*1.5,0))*(1+$AZ12)*(1+$BA12)+(($BB12+($BC12-$BB12)*IF(VLOOKUP($R12,武学奇术!$A:$ZZ,31,FALSE)=1,$F$18,0.5))*IF($G$1="牵丝",$AK12,$AI12)+IF($G$1="牵丝",$AL12*1.5,0))*(1+$BD12)*(1+$BE12)+(($BF12+($BG12-$BF12)*IF(VLOOKUP($R12,武学奇术!$A:$ZZ,31,FALSE)=1,$F$18,0.5))*IF($G$1="破竹",$AK12,$AI12)+IF($G$1="破竹",$AL12*1.5,0))*(1+$BH12)*(1+$BI12))*(1+$AM12)*$BL12*$Q12*(1+IF(VLOOKUP($R12,武学奇术!$A:$ZZ,30,FALSE)="蓄力技",$B$21,0))*(1+$BR12) -> 27292.571 | N12: =(($AP12*$AI12+$AJ12)*(1+$AQ12)*(1+$AR12)+($AU12*IF($G$1="鸣金",$AK12,$AI12)+IF($G$1="鸣金",$AL12*1.5,0))*(1+$AV12)*(1+$AW12)+($AY12*IF($G$1="裂石",$AK12,$AI12)+IF($G$1="裂石",$AL12*1.5,0))*(1+$AZ12)*(1+$BA12)+($BC12*IF($G$1="牵丝",$AK12,$AI12)+IF($G$1="牵丝",$AL12*1.5,0))*(1+$BD12)*(1+$BE12)+($BG12*IF($G$1="破竹",$AK12,$AI12)+IF($G$1="破竹",$AL12*1.5,0))*(1+$BH12)*(1+$BI12))*(1+$AM12)*$BN12*$Q12*(1+IF(VLOOKUP($R12,武学奇术!$A:$ZZ,30,FALSE)="蓄力技",$B$21,0))*(1+$BR12) -> 26796.694 | O12: =((($AO12+($AP12-$AO12)*IF(VLOOKUP($R12,武学奇术!$A:$ZZ,31,FALSE)=1,$F$18,0.5))*$AI12+$AJ12)*(1+$AQ12)*(1+$AR12)+(($AT12+($AU12-$AT12)*IF(VLOOKUP($R12,武学奇术!$A:$ZZ,31,FALSE)=1,$F$18,0.5))*IF($G$1="鸣金",$AK12,$AI12)+IF($G$1="鸣金",$AL12*1.5,0))*(1+$AV12)*(1+$AW12)+(($AX12+($AY12-$AX12)*IF(VLOOKUP($R12,武学奇术!$A:$ZZ,31,FALSE)=1,$F$18,0.5))*IF($G$1="裂石",$AK12,$AI12)+IF($G$1="裂石",$AL12*1.5,0))*(1+$AZ12)*(1+$BA12)+(($BB12+($BC12-$BB12)*IF(VLOOKUP($R12,武学奇术!$A:$ZZ,31,FALSE)=1,$F$18,0.5))*IF($G$1="牵丝",$AK12,$AI12)+IF($G$1="牵丝",$AL12*1.5,0))*(1+$BD12)*(1+$BE12)+(($BF12+($BG12-$BF12)*IF(VLOOKUP($R12,武学奇术!$A:$ZZ,31,FALSE)=1,$F$18,0.5))*IF($G$1="破竹",$AK12,$AI12)+IF($G$1="破竹",$AL12*1.5,0))*(1+$BH12)*(1+$BI12))*(1+$AM12)*$Q12*(1+IF(VLOOKUP($R12,武学奇术!$A:$ZZ,30,FALSE)="蓄力技",$B$21,0))*(1+$BR12) -> 17608.11 | P12: =((($AO12*$AI12+$AJ12)*(1+$AQ12)*(1+$AR12)+($AT12*IF($G$1="鸣金",$AK12,$AI12)+IF($G$1="鸣金",$AL12*1.5,0))*(1+$AV12)*(1+$AW12)+($AX12*IF($G$1="裂石",$AK12,$AI12)+IF($G$1="裂石",$AL12*1.5,0))*(1+$AZ12)*(1+$BA12)+($BB12*IF($G$1="牵丝",$AK12,$AI12)+IF($G$1="牵丝",$AL12*1.5,0))*(1+$BD12)*(1+$BE12)+($BF12*IF($G$1="破竹",$AK12,$AI12)+IF($G$1="破竹",$AL12*1.5,0))*(1+$BH12)*(1+$BI12))*(1+$AM12))*$Q12*(1+IF(VLOOKUP($R12,武学奇术!$A:$ZZ,30,FALSE)="蓄力技",$B$21,0))*(1+$BR12) -> 15366.817 | Q12: 1 | R12: 拳甲轻击56 | S12: 易水歌2层 | T12: N/a | U12: N/a | V12: 近战笛 | W12: N/a | X12: N/a | Y12: 沧海帖1层 | Z12: 惧刃(拐) | AA12: N/a | AB12: 烁鼓(拐) | AC12: N/a | AD12: N/a | AE12: 裁云(拐) | AF12: 无惧 | AG12: 天志增伤 | AH12: =VLOOKUP($R12,武学奇术!$A:$ZZ,25,FALSE) -> 拳甲 | AI12: =VLOOKUP($R12,武学奇术!$A:$ZZ,26,FALSE) -> 1.2876 | AJ12: =VLOOKUP($R12,武学奇术!$A:$ZZ,27,FALSE)*(1+IF(OR($AH12=$F$4,$AH12=$F$5),$B$22,0)) -> 537 | AK12: =VLOOKUP($R12,武学奇术!$A:$ZZ,28,FALSE) -> 1.9313 | AL12: =VLOOKUP($R12,武学奇术!$A:$ZZ,29,FALSE)*(1+IF(OR($AH12=$F$4,$AH12=$F$5),$B$22,0)) -> 292.5 | AM12: {=$G$3+IFERROR(VLOOKUP($AH12,$F$4:$G$7,2,FALSE),0)+VLOOKUP($R12,武学奇术!$A:$ZZ,2,FALSE)+SUM(_xlfn.XLOOKUP($S12:$AG12,增益!$A:$A,增益!$B:$B,0))} -> 0.3941 | AN12: {=VLOOKUP($R12,武学奇术!$A:$ZZ,5,FALSE)+SUM(_xlfn.XLOOKUP($S12:$AG12,增益!$A:$A,增益!$E:$E,0))} -> 0 | AO12: {=$D$10*(1+$AN12)+VLOOKUP($R12,武学奇术!$A:$ZZ,3,FALSE)+SUM(_xlfn.XLOOKUP($S12:$AG12,增益!$A:$A,增益!$C:$C,0))-$I$2} -> 3888.382 | AP12: {=$E$10*(1+$AN12)+VLOOKUP($R12,武学奇术!$A:$ZZ,4,FALSE)+SUM(_xlfn.XLOOKUP($S12:$AG12,增益!$A:$A,增益!$D:$D,0))-$I$2} -> 3888.382 | AQ12: {=IF($F$10-$I$3+VLOOKUP($R12,武学奇术!$A:$ZZ,6,FALSE)+SUM(_xlfn.XLOOKUP(S12:AG12,增益!$A:$A,增益!$F:$F,0))>0,($F$10-$I$3+VLOOKUP($R12,武学奇术!$A:$ZZ,6,FALSE)+SUM(_xlfn.XLOOKUP(S12:AG12,增益!$A:$A,增益!$F:$F,0)))/200,($F$10-$I$3+VLOOKUP($R12,武学奇术!$A:$ZZ,6,FALSE)+SUM(_xlfn.XLOOKUP(S12:AG12,增益!$A:$A,增益!$F:$F,0)))/100)} -> 0.287 | AR12: {=$G$10+VLOOKUP($R12,武学奇术!$A:$ZZ,7,FALSE)+SUM(_xlfn.XLOOKUP(S12:AG12,增益!$A:$A,增益!$G:$G,0))} -> 0.09 | AS12: {=VLOOKUP($R12,武学奇术!$A:$ZZ,8,FALSE)+SUM(_xlfn.XLOOKUP(S12:AG12,增益!$A:$A,增益!$H:$H,0))} -> 0 | AT12: =$D$11*(1+$AS12) -> 0 | AU12: =$E$11*(1+$AS12) -> 0 | AV12: {=IF($F$11-$I$4+VLOOKUP($R12,武学奇术!$A:$ZZ,9,FALSE)+SUM(_xlfn.XLOOKUP(S12:AG12,增益!$A:$A,增益!$I:$I,0))>0,($F$11-$I$4+VLOOKUP($R12,武学奇术!$A:$ZZ,9,FALSE)+SUM(_xlfn.XLOOKUP(S12:AG12,增益!$A:$A,增益!$I:$I,0)))/200,($F$11-$I$4+VLOOKUP($R12,武学奇术!$A:$ZZ,9,FALSE)+SUM(_xlfn.XLOOKUP(S12:AG12,增益!$A:$A,增益!$I:$I,0)))/100)} -> -0.14 | AW12: {=$G$11+VLOOKUP($R12,武学奇术!$A:$ZZ,10,FALSE)+SUM(_xlfn.XLOOKUP(S12:AG12,增益!$A:$A,增益!$J:$J,0))} -> 0 | AX12: =$D$12*(1+$AS12) -> 0 | AY12: =$E$12*(1+$AS12) -> 0 | AZ12: {=IF($F$12-$I$4+VLOOKUP($R12,武学奇术!$A:$ZZ,11,FALSE)+SUM(_xlfn.XLOOKUP(S12:AG12,增益!$A:$A,增益!$K:$K,0))>0,($F$12-$I$4+VLOOKUP($R12,武学奇术!$A:$ZZ,11,FALSE)+SUM(_xlfn.XLOOKUP(S12:AG12,增益!$A:$A,增益!$K:$K,0)))/200,($F$12-$I$4+VLOOKUP($R12,武学奇术!$A:$ZZ,11,FALSE)+SUM(_xlfn.XLOOKUP(S12:AG12,增益!$A:$A,增益!$K:$K,0)))/100)} -> -0.14 | BA12: {=$G$12+VLOOKUP($R12,武学奇术!$A:$ZZ,12,FALSE)+SUM(_xlfn.XLOOKUP(S12:AG12,增益!$A:$A,增益!$L:$L,0))} -> 0 | BB12: =$D$13*(1+$AS12) -> 0 | BC12: =$E$13*(1+$AS12) -> 0 | BD12: {=IF($F$13-$I$4+VLOOKUP($R12,武学奇术!$A:$ZZ,13,FALSE)+SUM(_xlfn.XLOOKUP(S12:AG12,增益!$A:$A,增益!$M:$M,0))>0,($F$13-$I$4+VLOOKUP($R12,武学奇术!$A:$ZZ,13,FALSE)+SUM(_xlfn.XLOOKUP(S12:AG12,增益!$A:$A,增益!$K:$K,0)))/200,($F$13-$I$4+VLOOKUP($R12,武学奇术!$A:$ZZ,13,FALSE)+SUM(_xlfn.XLOOKUP(S12:AG12,增益!$A:$A,增益!$M:$M,0)))/100)} -> -0.14 | BE12: {=$G$13+VLOOKUP($R12,武学奇术!$A:$ZZ,14,FALSE)+SUM(_xlfn.XLOOKUP(S12:AG12,增益!$A:$A,增益!$N:$N,0))} -> 0 | BF12: =$D$14*(1+$AS12) -> 605.472 | BG12: =$E$14*(1+$AS12) -> 1725.468 | BH12: {=IF($F$14-$I$4+VLOOKUP($R12,武学奇术!$A:$ZZ,15,FALSE)+SUM(_xlfn.XLOOKUP(S12:AG12,增益!$A:$A,增益!$O:$O,0))>0,($F$14-$I$4+VLOOKUP($R12,武学奇术!$A:$ZZ,15,FALSE)+SUM(_xlfn.XLOOKUP(S12:AG12,增益!$A:$A,增益!$O:$O,0)))/200,($F$14-$I$4+VLOOKUP($R12,武学奇术!$A:$ZZ,15,FALSE)+SUM(_xlfn.XLOOKUP(S12:AG12,增益!$A:$A,增益!$O:$O,0)))/100)} -> 0.08 | BI12: {=$G$14+VLOOKUP($R12,武学奇术!$A:$ZZ,16,FALSE)+SUM(_xlfn.XLOOKUP(S12:AG12,增益!$A:$A,增益!$P:$P,0))} -> 0.24 | BJ12: =MIN(IF(VLOOKUP($R12,武学奇术!$A:$ZZ,23,FALSE)=1,100%,$B$8),100%) -> 1 | BK12: {=IF(VLOOKUP($R12,武学奇术!$A:$ZZ,23,FALSE)=1,100%,MIN(80%,$B$9+VLOOKUP($R12,武学奇术!$A:$ZZ,17,FALSE)+SUM(_xlfn.XLOOKUP(S12:AG12,增益!$A:$A,增益!$Q:$Q,0)))+$B$11+SUM(_xlfn.XLOOKUP(S12:AG12,增益!$A:$A,增益!$U:$U,0)))*IF(VLOOKUP($R12,武学奇术!$A:$ZZ,24,FALSE)=1,0,1)+MIN(IF(VLOOKUP($R12,武学奇术!$A:$ZZ,32,FALSE)=1,IF(VLOOKUP($R12,武学奇术!$A:$ZZ,24,FALSE)=1,100%,MIN(40%,$B$10+VLOOKUP($R12,武学奇术!$A:$ZZ,19,FALSE)+SUM(_xlfn.XLOOKUP(S12:AG12,增益!$A:$A,增益!$S:$S,0)))+$B$12+SUM(_xlfn.XLOOKUP(S12:AG12,增益!$A:$A,增益!$V:$V,0))),0),12%)} -> 0.9036 | BL12: {=1+$B$13+VLOOKUP($R12,武学奇术!$A:$ZZ,18,FALSE)+SUM(_xlfn.XLOOKUP(S12:AG12,增益!$A:$A,增益!$R:$R,0))} -> 1.55 | BM12: {=MAX(IF(VLOOKUP($R12,武学奇术!$A:$ZZ,24,FALSE)=1,100%,MIN(40%,$B$10+VLOOKUP($R12,武学奇术!$A:$ZZ,19,FALSE)+SUM(_xlfn.XLOOKUP(S12:AG12,增益!$A:$A,增益!$S:$S,0)))+$B$12+SUM(_xlfn.XLOOKUP(S12:AG12,增益!$A:$A,增益!$V:$V,0)))*IF(VLOOKUP($R12,武学奇术!$A:$ZZ,23,FALSE)=1,0,1)-IF(VLOOKUP($R12,武学奇术!$A:$ZZ,32,FALSE)=1,12%,0),0)} -> 0.0929 | BN12: {=1+$B$14+VLOOKUP($R12,武学奇术!$A:$ZZ,20,FALSE)+SUM(_xlfn.XLOOKUP(S12:AG12,增益!$A:$A,增益!$T:$T,0))} -> 1.35 | BO12: =MIN((1-BM12)*BJ12,BJ12*BK12) -> 0.9036 | BP12: =1-BM12-BO12-BQ12 -> 0.0035 | BQ12: =IF(VLOOKUP($R12,武学奇术!$A:$ZZ,22,FALSE)=1,0,(1-$BJ12))*(1-$BM12) -> 0 | BR12: {=SUM(_xlfn.XLOOKUP(S12:AG12,增益!$A:$A,增益!$W:$W,0))+$I$5} -> 0.11
A13: 会心伤害加成 | B13: 0.54 | C13: 牵丝 | D13: =(B5+IF($G$1=$C13,$B$7,0))*IF($G$2="撼天",1.06,1) -> 0 | E13: =(MAX(B5,C5)+IF($G$1=$C13,$C$7,0))*IF($G$2="撼天",1.06,1) -> 0 | F13: =D5 -> 0 | G13: =E5 -> 0 | K13: =$L13*VLOOKUP($R13,武学奇术!$A:$ZZ,31,FALSE) -> 94188.949 | L13: =($M13*$BO13+$N13*$BM13+$O13*$BP13+$P13*$BQ13) -> 72453.038 | M13: =((($AO13+($AP13-$AO13)*IF(VLOOKUP($R13,武学奇术!$A:$ZZ,31,FALSE)=1,$F$18,0.5))*$AI13+$AJ13)*(1+$AQ13)*(1+$AR13)+(($AT13+($AU13-$AT13)*IF(VLOOKUP($R13,武学奇术!$A:$ZZ,31,FALSE)=1,$F$18,0.5))*IF($G$1="鸣金",$AK13,$AI13)+IF($G$1="鸣金",$AL13*1.5,0))*(1+$AV13)*(1+$AW13)+(($AX13+($AY13-$AX13)*IF(VLOOKUP($R13,武学奇术!$A:$ZZ,31,FALSE)=1,$F$18,0.5))*IF($G$1="裂石",$AK13,$AI13)+IF($G$1="裂石",$AL13*1.5,0))*(1+$AZ13)*(1+$BA13)+(($BB13+($BC13-$BB13)*IF(VLOOKUP($R13,武学奇术!$A:$ZZ,31,FALSE)=1,$F$18,0.5))*IF($G$1="牵丝",$AK13,$AI13)+IF($G$1="牵丝",$AL13*1.5,0))*(1+$BD13)*(1+$BE13)+(($BF13+($BG13-$BF13)*IF(VLOOKUP($R13,武学奇术!$A:$ZZ,31,FALSE)=1,$F$18,0.5))*IF($G$1="破竹",$AK13,$AI13)+IF($G$1="破竹",$AL13*1.5,0))*(1+$BH13)*(1+$BI13))*(1+$AM13)*$BL13*$Q13*(1+IF(VLOOKUP($R13,武学奇术!$A:$ZZ,30,FALSE)="蓄力技",$B$21,0))*(1+$BR13) -> 73730.916 | N13: =(($AP13*$AI13+$AJ13)*(1+$AQ13)*(1+$AR13)+($AU13*IF($G$1="鸣金",$AK13,$AI13)+IF($G$1="鸣金",$AL13*1.5,0))*(1+$AV13)*(1+$AW13)+($AY13*IF($G$1="裂石",$AK13,$AI13)+IF($G$1="裂石",$AL13*1.5,0))*(1+$AZ13)*(1+$BA13)+($BC13*IF($G$1="牵丝",$AK13,$AI13)+IF($G$1="牵丝",$AL13*1.5,0))*(1+$BD13)*(1+$BE13)+($BG13*IF($G$1="破竹",$AK13,$AI13)+IF($G$1="破竹",$AL13*1.5,0))*(1+$BH13)*(1+$BI13))*(1+$AM13)*$BN13*$Q13*(1+IF(VLOOKUP($R13,武学奇术!$A:$ZZ,30,FALSE)="蓄力技",$B$21,0))*(1+$BR13) -> 61259.855 | O13: =((($AO13+($AP13-$AO13)*IF(VLOOKUP($R13,武学奇术!$A:$ZZ,31,FALSE)=1,$F$18,0.5))*$AI13+$AJ13)*(1+$AQ13)*(1+$AR13)+(($AT13+($AU13-$AT13)*IF(VLOOKUP($R13,武学奇术!$A:$ZZ,31,FALSE)=1,$F$18,0.5))*IF($G$1="鸣金",$AK13,$AI13)+IF($G$1="鸣金",$AL13*1.5,0))*(1+$AV13)*(1+$AW13)+(($AX13+($AY13-$AX13)*IF(VLOOKUP($R13,武学奇术!$A:$ZZ,31,FALSE)=1,$F$18,0.5))*IF($G$1="裂石",$AK13,$AI13)+IF($G$1="裂石",$AL13*1.5,0))*(1+$AZ13)*(1+$BA13)+(($BB13+($BC13-$BB13)*IF(VLOOKUP($R13,武学奇术!$A:$ZZ,31,FALSE)=1,$F$18,0.5))*IF($G$1="牵丝",$AK13,$AI13)+IF($G$1="牵丝",$AL13*1.5,0))*(1+$BD13)*(1+$BE13)+(($BF13+($BG13-$BF13)*IF(VLOOKUP($R13,武学奇术!$A:$ZZ,31,FALSE)=1,$F$18,0.5))*IF($G$1="破竹",$AK13,$AI13)+IF($G$1="破竹",$AL13*1.5,0))*(1+$BH13)*(1+$BI13))*(1+$AM13)*$Q13*(1+IF(VLOOKUP($R13,武学奇术!$A:$ZZ,30,FALSE)="蓄力技",$B$21,0))*(1+$BR13) -> 39640.278 | P13: =((($AO13*$AI13+$AJ13)*(1+$AQ13)*(1+$AR13)+($AT13*IF($G$1="鸣金",$AK13,$AI13)+IF($G$1="鸣金",$AL13*1.5,0))*(1+$AV13)*(1+$AW13)+($AX13*IF($G$1="裂石",$AK13,$AI13)+IF($G$1="裂石",$AL13*1.5,0))*(1+$AZ13)*(1+$BA13)+($BB13*IF($G$1="牵丝",$AK13,$AI13)+IF($G$1="牵丝",$AL13*1.5,0))*(1+$BD13)*(1+$BE13)+($BF13*IF($G$1="破竹",$AK13,$AI13)+IF($G$1="破竹",$AL13*1.5,0))*(1+$BH13)*(1+$BI13))*(1+$AM13))*$Q13*(1+IF(VLOOKUP($R13,武学奇术!$A:$ZZ,30,FALSE)="蓄力技",$B$21,0))*(1+$BR13) -> 33902.885 | Q13: 1 | R13: 鹰隼追击(拳甲) | S13: 易水歌2层 | T13: N/a | U13: N/a | V13: 近战笛 | W13: N/a | X13: N/a | Y13: 沧海帖2层 | Z13: 惧刃(拐) | AA13: 三穷 | AB13: 烁鼓(拐) | AC13: N/a | AD13: N/a | AE13: 裁云(拐) | AF13: 无惧 | AG13: 天志增伤 | AH13: =VLOOKUP($R13,武学奇术!$A:$ZZ,25,FALSE) -> 拳甲 | AI13: =VLOOKUP($R13,武学奇术!$A:$ZZ,26,FALSE) -> 2.638944 | AJ13: =VLOOKUP($R13,武学奇术!$A:$ZZ,27,FALSE)*(1+IF(OR($AH13=$F$4,$AH13=$F$5),$B$22,0)) -> 0 | AK13: =VLOOKUP($R13,武学奇术!$A:$ZZ,28,FALSE) -> 3.958416 | AL13: =VLOOKUP($R13,武学奇术!$A:$ZZ,29,FALSE)*(1+IF(OR($AH13=$F$4,$AH13=$F$5),$B$22,0)) -> 0 | AM13: {=$G$3+IFERROR(VLOOKUP($AH13,$F$4:$G$7,2,FALSE),0)+VLOOKUP($R13,武学奇术!$A:$ZZ,2,FALSE)+SUM(_xlfn.XLOOKUP($S13:$AG13,增益!$A:$A,增益!$B:$B,0))} -> 0.6941 | AN13: {=VLOOKUP($R13,武学奇术!$A:$ZZ,5,FALSE)+SUM(_xlfn.XLOOKUP($S13:$AG13,增益!$A:$A,增益!$E:$E,0))} -> 0 | AO13: {=$D$10*(1+$AN13)+VLOOKUP($R13,武学奇术!$A:$ZZ,3,FALSE)+SUM(_xlfn.XLOOKUP($S13:$AG13,增益!$A:$A,增益!$C:$C,0))-$I$2} -> 3888.382 | AP13: {=$E$10*(1+$AN13)+VLOOKUP($R13,武学奇术!$A:$ZZ,4,FALSE)+SUM(_xlfn.XLOOKUP($S13:$AG13,增益!$A:$A,增益!$D:$D,0))-$I$2} -> 3888.382 | AQ13: {=IF($F$10-$I$3+VLOOKUP($R13,武学奇术!$A:$ZZ,6,FALSE)+SUM(_xlfn.XLOOKUP(S13:AG13,增益!$A:$A,增益!$F:$F,0))>0,($F$10-$I$3+VLOOKUP($R13,武学奇术!$A:$ZZ,6,FALSE)+SUM(_xlfn.XLOOKUP(S13:AG13,增益!$A:$A,增益!$F:$F,0)))/200,($F$10-$I$3+VLOOKUP($R13,武学奇术!$A:$ZZ,6,FALSE)+SUM(_xlfn.XLOOKUP(S13:AG13,增益!$A:$A,增益!$F:$F,0)))/100)} -> 0.317 | AR13: {=$G$10+VLOOKUP($R13,武学奇术!$A:$ZZ,7,FALSE)+SUM(_xlfn.XLOOKUP(S13:AG13,增益!$A:$A,增益!$G:$G,0))} -> 0.09 | AS13: {=VLOOKUP($R13,武学奇术!$A:$ZZ,8,FALSE)+SUM(_xlfn.XLOOKUP(S13:AG13,增益!$A:$A,增益!$H:$H,0))} -> 0 | AT13: =$D$11*(1+$AS13) -> 0 | AU13: =$E$11*(1+$AS13) -> 0 | AV13: {=IF($F$11-$I$4+VLOOKUP($R13,武学奇术!$A:$ZZ,9,FALSE)+SUM(_xlfn.XLOOKUP(S13:AG13,增益!$A:$A,增益!$I:$I,0))>0,($F$11-$I$4+VLOOKUP($R13,武学奇术!$A:$ZZ,9,FALSE)+SUM(_xlfn.XLOOKUP(S13:AG13,增益!$A:$A,增益!$I:$I,0)))/200,($F$11-$I$4+VLOOKUP($R13,武学奇术!$A:$ZZ,9,FALSE)+SUM(_xlfn.XLOOKUP(S13:AG13,增益!$A:$A,增益!$I:$I,0)))/100)} -> -0.08 | AW13: {=$G$11+VLOOKUP($R13,武学奇术!$A:$ZZ,10,FALSE)+SUM(_xlfn.XLOOKUP(S13:AG13,增益!$A:$A,增益!$J:$J,0))} -> 0 | AX13: =$D$12*(1+$AS13) -> 0 | AY13: =$E$12*(1+$AS13) -> 0 | AZ13: {=IF($F$12-$I$4+VLOOKUP($R13,武学奇术!$A:$ZZ,11,FALSE)+SUM(_xlfn.XLOOKUP(S13:AG13,增益!$A:$A,增益!$K:$K,0))>0,($F$12-$I$4+VLOOKUP($R13,武学奇术!$A:$ZZ,11,FALSE)+SUM(_xlfn.XLOOKUP(S13:AG13,增益!$A:$A,增益!$K:$K,0)))/200,($F$12-$I$4+VLOOKUP($R13,武学奇术!$A:$ZZ,11,FALSE)+SUM(_xlfn.XLOOKUP(S13:AG13,增益!$A:$A,增益!$K:$K,0)))/100)} -> -0.08 | BA13: {=$G$12+VLOOKUP($R13,武学奇术!$A:$ZZ,12,FALSE)+SUM(_xlfn.XLOOKUP(S13:AG13,增益!$A:$A,增益!$L:$L,0))} -> 0 | BB13: =$D$13*(1+$AS13) -> 0 | BC13: =$E$13*(1+$AS13) -> 0 | BD13: {=IF($F$13-$I$4+VLOOKUP($R13,武学奇术!$A:$ZZ,13,FALSE)+SUM(_xlfn.XLOOKUP(S13:AG13,增益!$A:$A,增益!$M:$M,0))>0,($F$13-$I$4+VLOOKUP($R13,武学奇术!$A:$ZZ,13,FALSE)+SUM(_xlfn.XLOOKUP(S13:AG13,增益!$A:$A,增益!$K:$K,0)))/200,($F$13-$I$4+VLOOKUP($R13,武学奇术!$A:$ZZ,13,FALSE)+SUM(_xlfn.XLOOKUP(S13:AG13,增益!$A:$A,增益!$M:$M,0)))/100)} -> -0.08 | BE13: {=$G$13+VLOOKUP($R13,武学奇术!$A:$ZZ,14,FALSE)+SUM(_xlfn.XLOOKUP(S13:AG13,增益!$A:$A,增益!$N:$N,0))} -> 0 | BF13: =$D$14*(1+$AS13) -> 605.472 | BG13: =$E$14*(1+$AS13) -> 1725.468 | BH13: {=IF($F$14-$I$4+VLOOKUP($R13,武学奇术!$A:$ZZ,15,FALSE)+SUM(_xlfn.XLOOKUP(S13:AG13,增益!$A:$A,增益!$O:$O,0))>0,($F$14-$I$4+VLOOKUP($R13,武学奇术!$A:$ZZ,15,FALSE)+SUM(_xlfn.XLOOKUP(S13:AG13,增益!$A:$A,增益!$O:$O,0)))/200,($F$14-$I$4+VLOOKUP($R13,武学奇术!$A:$ZZ,15,FALSE)+SUM(_xlfn.XLOOKUP(S13:AG13,增益!$A:$A,增益!$O:$O,0)))/100)} -> 0.11 | BI13: {=$G$14+VLOOKUP($R13,武学奇术!$A:$ZZ,16,FALSE)+SUM(_xlfn.XLOOKUP(S13:AG13,增益!$A:$A,增益!$P:$P,0))} -> 0.24 | BJ13: =MIN(IF(VLOOKUP($R13,武学奇术!$A:$ZZ,23,FALSE)=1,100%,$B$8),100%) -> 1 | BK13: {=IF(VLOOKUP($R13,武学奇术!$A:$ZZ,23,FALSE)=1,100%,MIN(80%,$B$9+VLOOKUP($R13,武学奇术!$A:$ZZ,17,FALSE)+SUM(_xlfn.XLOOKUP(S13:AG13,增益!$A:$A,增益!$Q:$Q,0)))+$B$11+SUM(_xlfn.XLOOKUP(S13:AG13,增益!$A:$A,增益!$U:$U,0)))*IF(VLOOKUP($R13,武学奇术!$A:$ZZ,24,FALSE)=1,0,1)+MIN(IF(VLOOKUP($R13,武学奇术!$A:$ZZ,32,FALSE)=1,IF(VLOOKUP($R13,武学奇术!$A:$ZZ,24,FALSE)=1,100%,MIN(40%,$B$10+VLOOKUP($R13,武学奇术!$A:$ZZ,19,FALSE)+SUM(_xlfn.XLOOKUP(S13:AG13,增益!$A:$A,增益!$S:$S,0)))+$B$12+SUM(_xlfn.XLOOKUP(S13:AG13,增益!$A:$A,增益!$V:$V,0))),0),12%)} -> 0.9036 | BL13: {=1+$B$13+VLOOKUP($R13,武学奇术!$A:$ZZ,18,FALSE)+SUM(_xlfn.XLOOKUP(S13:AG13,增益!$A:$A,增益!$R:$R,0))} -> 1.86 | BM13: {=MAX(IF(VLOOKUP($R13,武学奇术!$A:$ZZ,24,FALSE)=1,100%,MIN(40%,$B$10+VLOOKUP($R13,武学奇术!$A:$ZZ,19,FALSE)+SUM(_xlfn.XLOOKUP(S13:AG13,增益!$A:$A,增益!$S:$S,0)))+$B$12+SUM(_xlfn.XLOOKUP(S13:AG13,增益!$A:$A,增益!$V:$V,0)))*IF(VLOOKUP($R13,武学奇术!$A:$ZZ,23,FALSE)=1,0,1)-IF(VLOOKUP($R13,武学奇术!$A:$ZZ,32,FALSE)=1,12%,0),0)} -> 0.0929 | BN13: {=1+$B$14+VLOOKUP($R13,武学奇术!$A:$ZZ,20,FALSE)+SUM(_xlfn.XLOOKUP(S13:AG13,增益!$A:$A,增益!$T:$T,0))} -> 1.35 | BO13: =MIN((1-BM13)*BJ13,BJ13*BK13) -> 0.9036 | BP13: =1-BM13-BO13-BQ13 -> 0.0035 | BQ13: =IF(VLOOKUP($R13,武学奇术!$A:$ZZ,22,FALSE)=1,0,(1-$BJ13))*(1-$BM13) -> 0 | BR13: {=SUM(_xlfn.XLOOKUP(S13:AG13,增益!$A:$A,增益!$W:$W,0))+$I$5} -> 0.11
A14: 会意伤害加成 | B14: 0.35 | C14: 破竹 | D14: =(B6+IF($G$1=$C14,B7,0))*IF($G$2="撼天",1.06,1) -> 605.472 | E14: =(MAX(B6,C6)+IF($G$1=$C14,$C$7,0))*IF($G$2="撼天",1.06,1) -> 1725.468 | F14: =D6 -> 30 | G14: =E6 -> 0.15 | H14: RDPS | I14: =RD!I14 -> 122977.2 | K14: =$L14*VLOOKUP($R14,武学奇术!$A:$ZZ,31,FALSE) -> 52514.833 | L14: =($M14*$BO14+$N14*$BM14+$O14*$BP14+$P14*$BQ14) -> 52514.833 | M14: =((($AO14+($AP14-$AO14)*IF(VLOOKUP($R14,武学奇术!$A:$ZZ,31,FALSE)=1,$F$18,0.5))*$AI14+$AJ14)*(1+$AQ14)*(1+$AR14)+(($AT14+($AU14-$AT14)*IF(VLOOKUP($R14,武学奇术!$A:$ZZ,31,FALSE)=1,$F$18,0.5))*IF($G$1="鸣金",$AK14,$AI14)+IF($G$1="鸣金",$AL14*1.5,0))*(1+$AV14)*(1+$AW14)+(($AX14+($AY14-$AX14)*IF(VLOOKUP($R14,武学奇术!$A:$ZZ,31,FALSE)=1,$F$18,0.5))*IF($G$1="裂石",$AK14,$AI14)+IF($G$1="裂石",$AL14*1.5,0))*(1+$AZ14)*(1+$BA14)+(($BB14+($BC14-$BB14)*IF(VLOOKUP($R14,武学奇术!$A:$ZZ,31,FALSE)=1,$F$18,0.5))*IF($G$1="牵丝",$AK14,$AI14)+IF($G$1="牵丝",$AL14*1.5,0))*(1+$BD14)*(1+$BE14)+(($BF14+($BG14-$BF14)*IF(VLOOKUP($R14,武学奇术!$A:$ZZ,31,FALSE)=1,$F$18,0.5))*IF($G$1="破竹",$AK14,$AI14)+IF($G$1="破竹",$AL14*1.5,0))*(1+$BH14)*(1+$BI14))*(1+$AM14)*$BL14*$Q14*(1+IF(VLOOKUP($R14,武学奇术!$A:$ZZ,30,FALSE)="蓄力技",$B$21,0))*(1+$BR14) -> 52703.128 | N14: =(($AP14*$AI14+$AJ14)*(1+$AQ14)*(1+$AR14)+($AU14*IF($G$1="鸣金",$AK14,$AI14)+IF($G$1="鸣金",$AL14*1.5,0))*(1+$AV14)*(1+$AW14)+($AY14*IF($G$1="裂石",$AK14,$AI14)+IF($G$1="裂石",$AL14*1.5,0))*(1+$AZ14)*(1+$BA14)+($BC14*IF($G$1="牵丝",$AK14,$AI14)+IF($G$1="牵丝",$AL14*1.5,0))*(1+$BD14)*(1+$BE14)+($BG14*IF($G$1="破竹",$AK14,$AI14)+IF($G$1="破竹",$AL14*1.5,0))*(1+$BH14)*(1+$BI14))*(1+$AM14)*$BN14*$Q14*(1+IF(VLOOKUP($R14,武学奇术!$A:$ZZ,30,FALSE)="蓄力技",$B$21,0))*(1+$BR14) -> 51389.051 | O14: =((($AO14+($AP14-$AO14)*IF(VLOOKUP($R14,武学奇术!$A:$ZZ,31,FALSE)=1,$F$18,0.5))*$AI14+$AJ14)*(1+$AQ14)*(1+$AR14)+(($AT14+($AU14-$AT14)*IF(VLOOKUP($R14,武学奇术!$A:$ZZ,31,FALSE)=1,$F$18,0.5))*IF($G$1="鸣金",$AK14,$AI14)+IF($G$1="鸣金",$AL14*1.5,0))*(1+$AV14)*(1+$AW14)+(($AX14+($AY14-$AX14)*IF(VLOOKUP($R14,武学奇术!$A:$ZZ,31,FALSE)=1,$F$18,0.5))*IF($G$1="裂石",$AK14,$AI14)+IF($G$1="裂石",$AL14*1.5,0))*(1+$AZ14)*(1+$BA14)+(($BB14+($BC14-$BB14)*IF(VLOOKUP($R14,武学奇术!$A:$ZZ,31,FALSE)=1,$F$18,0.5))*IF($G$1="牵丝",$AK14,$AI14)+IF($G$1="牵丝",$AL14*1.5,0))*(1+$BD14)*(1+$BE14)+(($BF14+($BG14-$BF14)*IF(VLOOKUP($R14,武学奇术!$A:$ZZ,31,FALSE)=1,$F$18,0.5))*IF($G$1="破竹",$AK14,$AI14)+IF($G$1="破竹",$AL14*1.5,0))*(1+$BH14)*(1+$BI14))*(1+$AM14)*$Q14*(1+IF(VLOOKUP($R14,武学奇术!$A:$ZZ,30,FALSE)="蓄力技",$B$21,0))*(1+$BR14) -> 33784.056 | P14: =((($AO14*$AI14+$AJ14)*(1+$AQ14)*(1+$AR14)+($AT14*IF($G$1="鸣金",$AK14,$AI14)+IF($G$1="鸣金",$AL14*1.5,0))*(1+$AV14)*(1+$AW14)+($AX14*IF($G$1="裂石",$AK14,$AI14)+IF($G$1="裂石",$AL14*1.5,0))*(1+$AZ14)*(1+$BA14)+($BB14*IF($G$1="牵丝",$AK14,$AI14)+IF($G$1="牵丝",$AL14*1.5,0))*(1+$BD14)*(1+$BE14)+($BF14*IF($G$1="破竹",$AK14,$AI14)+IF($G$1="破竹",$AL14*1.5,0))*(1+$BH14)*(1+$BI14))*(1+$AM14))*$Q14*(1+IF(VLOOKUP($R14,武学奇术!$A:$ZZ,30,FALSE)="蓄力技",$B$21,0))*(1+$BR14) -> 29502.149 | Q14: 1 | R14: 拳甲～ | S14: 易水歌3层 | T14: N/a | U14: N/a | V14: 近战笛 | W14: N/a | X14: N/a | Y14: 沧海帖2层 | Z14: 惧刃(拐) | AA14: N/a | AB14: 烁鼓(拐) | AC14: N/a | AD14: N/a | AE14: 裁云(拐) | AF14: 无惧 | AG14: 天志增伤 | AH14: =VLOOKUP($R14,武学奇术!$A:$ZZ,25,FALSE) -> 拳甲 | AI14: =VLOOKUP($R14,武学奇术!$A:$ZZ,26,FALSE) -> 2.4421 | AJ14: =VLOOKUP($R14,武学奇术!$A:$ZZ,27,FALSE)*(1+IF(OR($AH14=$F$4,$AH14=$F$5),$B$22,0)) -> 1012.5 | AK14: =VLOOKUP($R14,武学奇术!$A:$ZZ,28,FALSE) -> 3.6634 | AL14: =VLOOKUP($R14,武学奇术!$A:$ZZ,29,FALSE)*(1+IF(OR($AH14=$F$4,$AH14=$F$5),$B$22,0)) -> 549 | AM14: {=$G$3+IFERROR(VLOOKUP($AH14,$F$4:$G$7,2,FALSE),0)+VLOOKUP($R14,武学奇术!$A:$ZZ,2,FALSE)+SUM(_xlfn.XLOOKUP($S14:$AG14,增益!$A:$A,增益!$B:$B,0))} -> 0.4041 | AN14: {=VLOOKUP($R14,武学奇术!$A:$ZZ,5,FALSE)+SUM(_xlfn.XLOOKUP($S14:$AG14,增益!$A:$A,增益!$E:$E,0))} -> 0 | AO14: {=$D$10*(1+$AN14)+VLOOKUP($R14,武学奇术!$A:$ZZ,3,FALSE)+SUM(_xlfn.XLOOKUP($S14:$AG14,增益!$A:$A,增益!$C:$C,0))-$I$2} -> 3888.382 | AP14: {=$E$10*(1+$AN14)+VLOOKUP($R14,武学奇术!$A:$ZZ,4,FALSE)+SUM(_xlfn.XLOOKUP($S14:$AG14,增益!$A:$A,增益!$D:$D,0))-$I$2} -> 3888.382 | AQ14: {=IF($F$10-$I$3+VLOOKUP($R14,武学奇术!$A:$ZZ,6,FALSE)+SUM(_xlfn.XLOOKUP(S14:AG14,增益!$A:$A,增益!$F:$F,0))>0,($F$10-$I$3+VLOOKUP($R14,武学奇术!$A:$ZZ,6,FALSE)+SUM(_xlfn.XLOOKUP(S14:AG14,增益!$A:$A,增益!$F:$F,0)))/200,($F$10-$I$3+VLOOKUP($R14,武学奇术!$A:$ZZ,6,FALSE)+SUM(_xlfn.XLOOKUP(S14:AG14,增益!$A:$A,增益!$F:$F,0)))/100)} -> 0.297 | AR14: {=$G$10+VLOOKUP($R14,武学奇术!$A:$ZZ,7,FALSE)+SUM(_xlfn.XLOOKUP(S14:AG14,增益!$A:$A,增益!$G:$G,0))} -> 0.09 | AS14: {=VLOOKUP($R14,武学奇术!$A:$ZZ,8,FALSE)+SUM(_xlfn.XLOOKUP(S14:AG14,增益!$A:$A,增益!$H:$H,0))} -> 0 | AT14: =$D$11*(1+$AS14) -> 0 | AU14: =$E$11*(1+$AS14) -> 0 | AV14: {=IF($F$11-$I$4+VLOOKUP($R14,武学奇术!$A:$ZZ,9,FALSE)+SUM(_xlfn.XLOOKUP(S14:AG14,增益!$A:$A,增益!$I:$I,0))>0,($F$11-$I$4+VLOOKUP($R14,武学奇术!$A:$ZZ,9,FALSE)+SUM(_xlfn.XLOOKUP(S14:AG14,增益!$A:$A,增益!$I:$I,0)))/200,($F$11-$I$4+VLOOKUP($R14,武学奇术!$A:$ZZ,9,FALSE)+SUM(_xlfn.XLOOKUP(S14:AG14,增益!$A:$A,增益!$I:$I,0)))/100)} -> -0.14 | AW14: {=$G$11+VLOOKUP($R14,武学奇术!$A:$ZZ,10,FALSE)+SUM(_xlfn.XLOOKUP(S14:AG14,增益!$A:$A,增益!$J:$J,0))} -> 0 | AX14: =$D$12*(1+$AS14) -> 0 | AY14: =$E$12*(1+$AS14) -> 0 | AZ14: {=IF($F$12-$I$4+VLOOKUP($R14,武学奇术!$A:$ZZ,11,FALSE)+SUM(_xlfn.XLOOKUP(S14:AG14,增益!$A:$A,增益!$K:$K,0))>0,($F$12-$I$4+VLOOKUP($R14,武学奇术!$A:$ZZ,11,FALSE)+SUM(_xlfn.XLOOKUP(S14:AG14,增益!$A:$A,增益!$K:$K,0)))/200,($F$12-$I$4+VLOOKUP($R14,武学奇术!$A:$ZZ,11,FALSE)+SUM(_xlfn.XLOOKUP(S14:AG14,增益!$A:$A,增益!$K:$K,0)))/100)} -> -0.14 | BA14: {=$G$12+VLOOKUP($R14,武学奇术!$A:$ZZ,12,FALSE)+SUM(_xlfn.XLOOKUP(S14:AG14,增益!$A:$A,增益!$L:$L,0))} -> 0 | BB14: =$D$13*(1+$AS14) -> 0 | BC14: =$E$13*(1+$AS14) -> 0 | BD14: {=IF($F$13-$I$4+VLOOKUP($R14,武学奇术!$A:$ZZ,13,FALSE)+SUM(_xlfn.XLOOKUP(S14:AG14,增益!$A:$A,增益!$M:$M,0))>0,($F$13-$I$4+VLOOKUP($R14,武学奇术!$A:$ZZ,13,FALSE)+SUM(_xlfn.XLOOKUP(S14:AG14,增益!$A:$A,增益!$K:$K,0)))/200,($F$13-$I$4+VLOOKUP($R14,武学奇术!$A:$ZZ,13,FALSE)+SUM(_xlfn.XLOOKUP(S14:AG14,增益!$A:$A,增益!$M:$M,0)))/100)} -> -0.14 | BE14: {=$G$13+VLOOKUP($R14,武学奇术!$A:$ZZ,14,FALSE)+SUM(_xlfn.XLOOKUP(S14:AG14,增益!$A:$A,增益!$N:$N,0))} -> 0 | BF14: =$D$14*(1+$AS14) -> 605.472 | BG14: =$E$14*(1+$AS14) -> 1725.468 | BH14: {=IF($F$14-$I$4+VLOOKUP($R14,武学奇术!$A:$ZZ,15,FALSE)+SUM(_xlfn.XLOOKUP(S14:AG14,增益!$A:$A,增益!$O:$O,0))>0,($F$14-$I$4+VLOOKUP($R14,武学奇术!$A:$ZZ,15,FALSE)+SUM(_xlfn.XLOOKUP(S14:AG14,增益!$A:$A,增益!$O:$O,0)))/200,($F$14-$I$4+VLOOKUP($R14,武学奇术!$A:$ZZ,15,FALSE)+SUM(_xlfn.XLOOKUP(S14:AG14,增益!$A:$A,增益!$O:$O,0)))/100)} -> 0.08 | BI14: {=$G$14+VLOOKUP($R14,武学奇术!$A:$ZZ,16,FALSE)+SUM(_xlfn.XLOOKUP(S14:AG14,增益!$A:$A,增益!$P:$P,0))} -> 0.24 | BJ14: =MIN(IF(VLOOKUP($R14,武学奇术!$A:$ZZ,23,FALSE)=1,100%,$B$8),100%) -> 1 | BK14: {=IF(VLOOKUP($R14,武学奇术!$A:$ZZ,23,FALSE)=1,100%,MIN(80%,$B$9+VLOOKUP($R14,武学奇术!$A:$ZZ,17,FALSE)+SUM(_xlfn.XLOOKUP(S14:AG14,增益!$A:$A,增益!$Q:$Q,0)))+$B$11+SUM(_xlfn.XLOOKUP(S14:AG14,增益!$A:$A,增益!$U:$U,0)))*IF(VLOOKUP($R14,武学奇术!$A:$ZZ,24,FALSE)=1,0,1)+MIN(IF(VLOOKUP($R14,武学奇术!$A:$ZZ,32,FALSE)=1,IF(VLOOKUP($R14,武学奇术!$A:$ZZ,24,FALSE)=1,100%,MIN(40%,$B$10+VLOOKUP($R14,武学奇术!$A:$ZZ,19,FALSE)+SUM(_xlfn.XLOOKUP(S14:AG14,增益!$A:$A,增益!$S:$S,0)))+$B$12+SUM(_xlfn.XLOOKUP(S14:AG14,增益!$A:$A,增益!$V:$V,0))),0),12%)} -> 0.9036 | BL14: {=1+$B$13+VLOOKUP($R14,武学奇术!$A:$ZZ,18,FALSE)+SUM(_xlfn.XLOOKUP(S14:AG14,增益!$A:$A,增益!$R:$R,0))} -> 1.56 | BM14: {=MAX(IF(VLOOKUP($R14,武学奇术!$A:$ZZ,24,FALSE)=1,100%,MIN(40%,$B$10+VLOOKUP($R14,武学奇术!$A:$ZZ,19,FALSE)+SUM(_xlfn.XLOOKUP(S14:AG14,增益!$A:$A,增益!$S:$S,0)))+$B$12+SUM(_xlfn.XLOOKUP(S14:AG14,增益!$A:$A,增益!$V:$V,0)))*IF(VLOOKUP($R14,武学奇术!$A:$ZZ,23,FALSE)=1,0,1)-IF(VLOOKUP($R14,武学奇术!$A:$ZZ,32,FALSE)=1,12%,0),0)} -> 0.0929 | BN14: {=1+$B$14+VLOOKUP($R14,武学奇术!$A:$ZZ,20,FALSE)+SUM(_xlfn.XLOOKUP(S14:AG14,增益!$A:$A,增益!$T:$T,0))} -> 1.35 | BO14: =MIN((1-BM14)*BJ14,BJ14*BK14) -> 0.9036 | BP14: =1-BM14-BO14-BQ14 -> 0.0035 | BQ14: =IF(VLOOKUP($R14,武学奇术!$A:$ZZ,22,FALSE)=1,0,(1-$BJ14))*(1-$BM14) -> 0 | BR14: {=SUM(_xlfn.XLOOKUP(S14:AG14,增益!$A:$A,增益!$W:$W,0))+$I$5} -> 0.11
A15: 全武增 | B15: 0.0852 | C15: 团队增益 | K15: =$L15*VLOOKUP($R15,武学奇术!$A:$ZZ,31,FALSE) -> 27712.949 | L15: =($M15*$BO15+$N15*$BM15+$O15*$BP15+$P15*$BQ15) -> 27712.949 | M15: =((($AO15+($AP15-$AO15)*IF(VLOOKUP($R15,武学奇术!$A:$ZZ,31,FALSE)=1,$F$18,0.5))*$AI15+$AJ15)*(1+$AQ15)*(1+$AR15)+(($AT15+($AU15-$AT15)*IF(VLOOKUP($R15,武学奇术!$A:$ZZ,31,FALSE)=1,$F$18,0.5))*IF($G$1="鸣金",$AK15,$AI15)+IF($G$1="鸣金",$AL15*1.5,0))*(1+$AV15)*(1+$AW15)+(($AX15+($AY15-$AX15)*IF(VLOOKUP($R15,武学奇术!$A:$ZZ,31,FALSE)=1,$F$18,0.5))*IF($G$1="裂石",$AK15,$AI15)+IF($G$1="裂石",$AL15*1.5,0))*(1+$AZ15)*(1+$BA15)+(($BB15+($BC15-$BB15)*IF(VLOOKUP($R15,武学奇术!$A:$ZZ,31,FALSE)=1,$F$18,0.5))*IF($G$1="牵丝",$AK15,$AI15)+IF($G$1="牵丝",$AL15*1.5,0))*(1+$BD15)*(1+$BE15)+(($BF15+($BG15-$BF15)*IF(VLOOKUP($R15,武学奇术!$A:$ZZ,31,FALSE)=1,$F$18,0.5))*IF($G$1="破竹",$AK15,$AI15)+IF($G$1="破竹",$AL15*1.5,0))*(1+$BH15)*(1+$BI15))*(1+$AM15)*$BL15*$Q15*(1+IF(VLOOKUP($R15,武学奇术!$A:$ZZ,30,FALSE)="蓄力技",$B$21,0))*(1+$BR15) -> 27812.603 | N15: =(($AP15*$AI15+$AJ15)*(1+$AQ15)*(1+$AR15)+($AU15*IF($G$1="鸣金",$AK15,$AI15)+IF($G$1="鸣金",$AL15*1.5,0))*(1+$AV15)*(1+$AW15)+($AY15*IF($G$1="裂石",$AK15,$AI15)+IF($G$1="裂石",$AL15*1.5,0))*(1+$AZ15)*(1+$BA15)+($BC15*IF($G$1="牵丝",$AK15,$AI15)+IF($G$1="牵丝",$AL15*1.5,0))*(1+$BD15)*(1+$BE15)+($BG15*IF($G$1="破竹",$AK15,$AI15)+IF($G$1="破竹",$AL15*1.5,0))*(1+$BH15)*(1+$BI15))*(1+$AM15)*$BN15*$Q15*(1+IF(VLOOKUP($R15,武学奇术!$A:$ZZ,30,FALSE)="蓄力技",$B$21,0))*(1+$BR15) -> 27116.048 | O15: =((($AO15+($AP15-$AO15)*IF(VLOOKUP($R15,武学奇术!$A:$ZZ,31,FALSE)=1,$F$18,0.5))*$AI15+$AJ15)*(1+$AQ15)*(1+$AR15)+(($AT15+($AU15-$AT15)*IF(VLOOKUP($R15,武学奇术!$A:$ZZ,31,FALSE)=1,$F$18,0.5))*IF($G$1="鸣金",$AK15,$AI15)+IF($G$1="鸣金",$AL15*1.5,0))*(1+$AV15)*(1+$AW15)+(($AX15+($AY15-$AX15)*IF(VLOOKUP($R15,武学奇术!$A:$ZZ,31,FALSE)=1,$F$18,0.5))*IF($G$1="裂石",$AK15,$AI15)+IF($G$1="裂石",$AL15*1.5,0))*(1+$AZ15)*(1+$BA15)+(($BB15+($BC15-$BB15)*IF(VLOOKUP($R15,武学奇术!$A:$ZZ,31,FALSE)=1,$F$18,0.5))*IF($G$1="牵丝",$AK15,$AI15)+IF($G$1="牵丝",$AL15*1.5,0))*(1+$BD15)*(1+$BE15)+(($BF15+($BG15-$BF15)*IF(VLOOKUP($R15,武学奇术!$A:$ZZ,31,FALSE)=1,$F$18,0.5))*IF($G$1="破竹",$AK15,$AI15)+IF($G$1="破竹",$AL15*1.5,0))*(1+$BH15)*(1+$BI15))*(1+$AM15)*$Q15*(1+IF(VLOOKUP($R15,武学奇术!$A:$ZZ,30,FALSE)="蓄力技",$B$21,0))*(1+$BR15) -> 17828.592 | P15: =((($AO15*$AI15+$AJ15)*(1+$AQ15)*(1+$AR15)+($AT15*IF($G$1="鸣金",$AK15,$AI15)+IF($G$1="鸣金",$AL15*1.5,0))*(1+$AV15)*(1+$AW15)+($AX15*IF($G$1="裂石",$AK15,$AI15)+IF($G$1="裂石",$AL15*1.5,0))*(1+$AZ15)*(1+$BA15)+($BB15*IF($G$1="牵丝",$AK15,$AI15)+IF($G$1="牵丝",$AL15*1.5,0))*(1+$BD15)*(1+$BE15)+($BF15*IF($G$1="破竹",$AK15,$AI15)+IF($G$1="破竹",$AL15*1.5,0))*(1+$BH15)*(1+$BI15))*(1+$AM15))*$Q15*(1+IF(VLOOKUP($R15,武学奇术!$A:$ZZ,30,FALSE)="蓄力技",$B$21,0))*(1+$BR15) -> 15571.222 | Q15: 1 | R15: 拳甲轻击56 | S15: 易水歌3层 | T15: N/a | U15: N/a | V15: 近战笛 | W15: N/a | X15: N/a | Y15: 沧海帖2层 | Z15: 惧刃(拐) | AA15: N/a | AB15: 烁鼓(拐) | AC15: N/a | AD15: N/a | AE15: 裁云(拐) | AF15: 无惧 | AG15: 天志增伤 | AH15: =VLOOKUP($R15,武学奇术!$A:$ZZ,25,FALSE) -> 拳甲 | AI15: =VLOOKUP($R15,武学奇术!$A:$ZZ,26,FALSE) -> 1.2876 | AJ15: =VLOOKUP($R15,武学奇术!$A:$ZZ,27,FALSE)*(1+IF(OR($AH15=$F$4,$AH15=$F$5),$B$22,0)) -> 537 | AK15: =VLOOKUP($R15,武学奇术!$A:$ZZ,28,FALSE) -> 1.9313 | AL15: =VLOOKUP($R15,武学奇术!$A:$ZZ,29,FALSE)*(1+IF(OR($AH15=$F$4,$AH15=$F$5),$B$22,0)) -> 292.5 | AM15: {=$G$3+IFERROR(VLOOKUP($AH15,$F$4:$G$7,2,FALSE),0)+VLOOKUP($R15,武学奇术!$A:$ZZ,2,FALSE)+SUM(_xlfn.XLOOKUP($S15:$AG15,增益!$A:$A,增益!$B:$B,0))} -> 0.4041 | AN15: {=VLOOKUP($R15,武学奇术!$A:$ZZ,5,FALSE)+SUM(_xlfn.XLOOKUP($S15:$AG15,增益!$A:$A,增益!$E:$E,0))} -> 0 | AO15: {=$D$10*(1+$AN15)+VLOOKUP($R15,武学奇术!$A:$ZZ,3,FALSE)+SUM(_xlfn.XLOOKUP($S15:$AG15,增益!$A:$A,增益!$C:$C,0))-$I$2} -> 3888.382 | AP15: {=$E$10*(1+$AN15)+VLOOKUP($R15,武学奇术!$A:$ZZ,4,FALSE)+SUM(_xlfn.XLOOKUP($S15:$AG15,增益!$A:$A,增益!$D:$D,0))-$I$2} -> 3888.382 | AQ15: {=IF($F$10-$I$3+VLOOKUP($R15,武学奇术!$A:$ZZ,6,FALSE)+SUM(_xlfn.XLOOKUP(S15:AG15,增益!$A:$A,增益!$F:$F,0))>0,($F$10-$I$3+VLOOKUP($R15,武学奇术!$A:$ZZ,6,FALSE)+SUM(_xlfn.XLOOKUP(S15:AG15,增益!$A:$A,增益!$F:$F,0)))/200,($F$10-$I$3+VLOOKUP($R15,武学奇术!$A:$ZZ,6,FALSE)+SUM(_xlfn.XLOOKUP(S15:AG15,增益!$A:$A,增益!$F:$F,0)))/100)} -> 0.297 | AR15: {=$G$10+VLOOKUP($R15,武学奇术!$A:$ZZ,7,FALSE)+SUM(_xlfn.XLOOKUP(S15:AG15,增益!$A:$A,增益!$G:$G,0))} -> 0.09 | AS15: {=VLOOKUP($R15,武学奇术!$A:$ZZ,8,FALSE)+SUM(_xlfn.XLOOKUP(S15:AG15,增益!$A:$A,增益!$H:$H,0))} -> 0 | AT15: =$D$11*(1+$AS15) -> 0 | AU15: =$E$11*(1+$AS15) -> 0 | AV15: {=IF($F$11-$I$4+VLOOKUP($R15,武学奇术!$A:$ZZ,9,FALSE)+SUM(_xlfn.XLOOKUP(S15:AG15,增益!$A:$A,增益!$I:$I,0))>0,($F$11-$I$4+VLOOKUP($R15,武学奇术!$A:$ZZ,9,FALSE)+SUM(_xlfn.XLOOKUP(S15:AG15,增益!$A:$A,增益!$I:$I,0)))/200,($F$11-$I$4+VLOOKUP($R15,武学奇术!$A:$ZZ,9,FALSE)+SUM(_xlfn.XLOOKUP(S15:AG15,增益!$A:$A,增益!$I:$I,0)))/100)} -> -0.14 | AW15: {=$G$11+VLOOKUP($R15,武学奇术!$A:$ZZ,10,FALSE)+SUM(_xlfn.XLOOKUP(S15:AG15,增益!$A:$A,增益!$J:$J,0))} -> 0 | AX15: =$D$12*(1+$AS15) -> 0 | AY15: =$E$12*(1+$AS15) -> 0 | AZ15: {=IF($F$12-$I$4+VLOOKUP($R15,武学奇术!$A:$ZZ,11,FALSE)+SUM(_xlfn.XLOOKUP(S15:AG15,增益!$A:$A,增益!$K:$K,0))>0,($F$12-$I$4+VLOOKUP($R15,武学奇术!$A:$ZZ,11,FALSE)+SUM(_xlfn.XLOOKUP(S15:AG15,增益!$A:$A,增益!$K:$K,0)))/200,($F$12-$I$4+VLOOKUP($R15,武学奇术!$A:$ZZ,11,FALSE)+SUM(_xlfn.XLOOKUP(S15:AG15,增益!$A:$A,增益!$K:$K,0)))/100)} -> -0.14 | BA15: {=$G$12+VLOOKUP($R15,武学奇术!$A:$ZZ,12,FALSE)+SUM(_xlfn.XLOOKUP(S15:AG15,增益!$A:$A,增益!$L:$L,0))} -> 0 | BB15: =$D$13*(1+$AS15) -> 0 | BC15: =$E$13*(1+$AS15) -> 0 | BD15: {=IF($F$13-$I$4+VLOOKUP($R15,武学奇术!$A:$ZZ,13,FALSE)+SUM(_xlfn.XLOOKUP(S15:AG15,增益!$A:$A,增益!$M:$M,0))>0,($F$13-$I$4+VLOOKUP($R15,武学奇术!$A:$ZZ,13,FALSE)+SUM(_xlfn.XLOOKUP(S15:AG15,增益!$A:$A,增益!$K:$K,0)))/200,($F$13-$I$4+VLOOKUP($R15,武学奇术!$A:$ZZ,13,FALSE)+SUM(_xlfn.XLOOKUP(S15:AG15,增益!$A:$A,增益!$M:$M,0)))/100)} -> -0.14 | BE15: {=$G$13+VLOOKUP($R15,武学奇术!$A:$ZZ,14,FALSE)+SUM(_xlfn.XLOOKUP(S15:AG15,增益!$A:$A,增益!$N:$N,0))} -> 0 | BF15: =$D$14*(1+$AS15) -> 605.472 | BG15: =$E$14*(1+$AS15) -> 1725.468 | BH15: {=IF($F$14-$I$4+VLOOKUP($R15,武学奇术!$A:$ZZ,15,FALSE)+SUM(_xlfn.XLOOKUP(S15:AG15,增益!$A:$A,增益!$O:$O,0))>0,($F$14-$I$4+VLOOKUP($R15,武学奇术!$A:$ZZ,15,FALSE)+SUM(_xlfn.XLOOKUP(S15:AG15,增益!$A:$A,增益!$O:$O,0)))/200,($F$14-$I$4+VLOOKUP($R15,武学奇术!$A:$ZZ,15,FALSE)+SUM(_xlfn.XLOOKUP(S15:AG15,增益!$A:$A,增益!$O:$O,0)))/100)} -> 0.08 | BI15: {=$G$14+VLOOKUP($R15,武学奇术!$A:$ZZ,16,FALSE)+SUM(_xlfn.XLOOKUP(S15:AG15,增益!$A:$A,增益!$P:$P,0))} -> 0.24 | BJ15: =MIN(IF(VLOOKUP($R15,武学奇术!$A:$ZZ,23,FALSE)=1,100%,$B$8),100%) -> 1 | BK15: {=IF(VLOOKUP($R15,武学奇术!$A:$ZZ,23,FALSE)=1,100%,MIN(80%,$B$9+VLOOKUP($R15,武学奇术!$A:$ZZ,17,FALSE)+SUM(_xlfn.XLOOKUP(S15:AG15,增益!$A:$A,增益!$Q:$Q,0)))+$B$11+SUM(_xlfn.XLOOKUP(S15:AG15,增益!$A:$A,增益!$U:$U,0)))*IF(VLOOKUP($R15,武学奇术!$A:$ZZ,24,FALSE)=1,0,1)+MIN(IF(VLOOKUP($R15,武学奇术!$A:$ZZ,32,FALSE)=1,IF(VLOOKUP($R15,武学奇术!$A:$ZZ,24,FALSE)=1,100%,MIN(40%,$B$10+VLOOKUP($R15,武学奇术!$A:$ZZ,19,FALSE)+SUM(_xlfn.XLOOKUP(S15:AG15,增益!$A:$A,增益!$S:$S,0)))+$B$12+SUM(_xlfn.XLOOKUP(S15:AG15,增益!$A:$A,增益!$V:$V,0))),0),12%)} -> 0.9036 | BL15: {=1+$B$13+VLOOKUP($R15,武学奇术!$A:$ZZ,18,FALSE)+SUM(_xlfn.XLOOKUP(S15:AG15,增益!$A:$A,增益!$R:$R,0))} -> 1.56 | BM15: {=MAX(IF(VLOOKUP($R15,武学奇术!$A:$ZZ,24,FALSE)=1,100%,MIN(40%,$B$10+VLOOKUP($R15,武学奇术!$A:$ZZ,19,FALSE)+SUM(_xlfn.XLOOKUP(S15:AG15,增益!$A:$A,增益!$S:$S,0)))+$B$12+SUM(_xlfn.XLOOKUP(S15:AG15,增益!$A:$A,增益!$V:$V,0)))*IF(VLOOKUP($R15,武学奇术!$A:$ZZ,23,FALSE)=1,0,1)-IF(VLOOKUP($R15,武学奇术!$A:$ZZ,32,FALSE)=1,12%,0),0)} -> 0.0929 | BN15: {=1+$B$14+VLOOKUP($R15,武学奇术!$A:$ZZ,20,FALSE)+SUM(_xlfn.XLOOKUP(S15:AG15,增益!$A:$A,增益!$T:$T,0))} -> 1.35 | BO15: =MIN((1-BM15)*BJ15,BJ15*BK15) -> 0.9036 | BP15: =1-BM15-BO15-BQ15 -> 0.0035 | BQ15: =IF(VLOOKUP($R15,武学奇术!$A:$ZZ,22,FALSE)=1,0,(1-$BJ15))*(1-$BM15) -> 0 | BR15: {=SUM(_xlfn.XLOOKUP(S15:AG15,增益!$A:$A,增益!$W:$W,0))+$I$5} -> 0.11
A16: 首领增 | B16: 0.0887 | C16: 威 | D16: √ | E16: 沧海帖 | F16: √ | H16: 毕业率 | I16: =I12/142795.87 -> 0.99999998 | K16: =$L16*VLOOKUP($R16,武学奇术!$A:$ZZ,31,FALSE) -> 96302.165 | L16: =($M16*$BO16+$N16*$BM16+$O16*$BP16+$P16*$BQ16) -> 74078.589 | M16: =((($AO16+($AP16-$AO16)*IF(VLOOKUP($R16,武学奇术!$A:$ZZ,31,FALSE)=1,$F$18,0.5))*$AI16+$AJ16)*(1+$AQ16)*(1+$AR16)+(($AT16+($AU16-$AT16)*IF(VLOOKUP($R16,武学奇术!$A:$ZZ,31,FALSE)=1,$F$18,0.5))*IF($G$1="鸣金",$AK16,$AI16)+IF($G$1="鸣金",$AL16*1.5,0))*(1+$AV16)*(1+$AW16)+(($AX16+($AY16-$AX16)*IF(VLOOKUP($R16,武学奇术!$A:$ZZ,31,FALSE)=1,$F$18,0.5))*IF($G$1="裂石",$AK16,$AI16)+IF($G$1="裂石",$AL16*1.5,0))*(1+$AZ16)*(1+$BA16)+(($BB16+($BC16-$BB16)*IF(VLOOKUP($R16,武学奇术!$A:$ZZ,31,FALSE)=1,$F$18,0.5))*IF($G$1="牵丝",$AK16,$AI16)+IF($G$1="牵丝",$AL16*1.5,0))*(1+$BD16)*(1+$BE16)+(($BF16+($BG16-$BF16)*IF(VLOOKUP($R16,武学奇术!$A:$ZZ,31,FALSE)=1,$F$18,0.5))*IF($G$1="破竹",$AK16,$AI16)+IF($G$1="破竹",$AL16*1.5,0))*(1+$BH16)*(1+$BI16))*(1+$AM16)*$BL16*$Q16*(1+IF(VLOOKUP($R16,武学奇术!$A:$ZZ,30,FALSE)="蓄力技",$B$21,0))*(1+$BR16) -> 75393 | N16: =(($AP16*$AI16+$AJ16)*(1+$AQ16)*(1+$AR16)+($AU16*IF($G$1="鸣金",$AK16,$AI16)+IF($G$1="鸣金",$AL16*1.5,0))*(1+$AV16)*(1+$AW16)+($AY16*IF($G$1="裂石",$AK16,$AI16)+IF($G$1="裂石",$AL16*1.5,0))*(1+$AZ16)*(1+$BA16)+($BC16*IF($G$1="牵丝",$AK16,$AI16)+IF($G$1="牵丝",$AL16*1.5,0))*(1+$BD16)*(1+$BE16)+($BG16*IF($G$1="破竹",$AK16,$AI16)+IF($G$1="破竹",$AL16*1.5,0))*(1+$BH16)*(1+$BI16))*(1+$AM16)*$BN16*$Q16*(1+IF(VLOOKUP($R16,武学奇术!$A:$ZZ,30,FALSE)="蓄力技",$B$21,0))*(1+$BR16) -> 62557.647 | O16: =((($AO16+($AP16-$AO16)*IF(VLOOKUP($R16,武学奇术!$A:$ZZ,31,FALSE)=1,$F$18,0.5))*$AI16+$AJ16)*(1+$AQ16)*(1+$AR16)+(($AT16+($AU16-$AT16)*IF(VLOOKUP($R16,武学奇术!$A:$ZZ,31,FALSE)=1,$F$18,0.5))*IF($G$1="鸣金",$AK16,$AI16)+IF($G$1="鸣金",$AL16*1.5,0))*(1+$AV16)*(1+$AW16)+(($AX16+($AY16-$AX16)*IF(VLOOKUP($R16,武学奇术!$A:$ZZ,31,FALSE)=1,$F$18,0.5))*IF($G$1="裂石",$AK16,$AI16)+IF($G$1="裂石",$AL16*1.5,0))*(1+$AZ16)*(1+$BA16)+(($BB16+($BC16-$BB16)*IF(VLOOKUP($R16,武学奇术!$A:$ZZ,31,FALSE)=1,$F$18,0.5))*IF($G$1="牵丝",$AK16,$AI16)+IF($G$1="牵丝",$AL16*1.5,0))*(1+$BD16)*(1+$BE16)+(($BF16+($BG16-$BF16)*IF(VLOOKUP($R16,武学奇术!$A:$ZZ,31,FALSE)=1,$F$18,0.5))*IF($G$1="破竹",$AK16,$AI16)+IF($G$1="破竹",$AL16*1.5,0))*(1+$BH16)*(1+$BI16))*(1+$AM16)*$Q16*(1+IF(VLOOKUP($R16,武学奇术!$A:$ZZ,30,FALSE)="蓄力技",$B$21,0))*(1+$BR16) -> 40533.871 | P16: =((($AO16*$AI16+$AJ16)*(1+$AQ16)*(1+$AR16)+($AT16*IF($G$1="鸣金",$AK16,$AI16)+IF($G$1="鸣金",$AL16*1.5,0))*(1+$AV16)*(1+$AW16)+($AX16*IF($G$1="裂石",$AK16,$AI16)+IF($G$1="裂石",$AL16*1.5,0))*(1+$AZ16)*(1+$BA16)+($BB16*IF($G$1="牵丝",$AK16,$AI16)+IF($G$1="牵丝",$AL16*1.5,0))*(1+$BD16)*(1+$BE16)+($BF16*IF($G$1="破竹",$AK16,$AI16)+IF($G$1="破竹",$AL16*1.5,0))*(1+$BH16)*(1+$BI16))*(1+$AM16))*$Q16*(1+IF(VLOOKUP($R16,武学奇术!$A:$ZZ,30,FALSE)="蓄力技",$B$21,0))*(1+$BR16) -> 34728.744 | Q16: 1 | R16: 鹰隼追击(拳甲) | S16: 易水歌4层 | T16: N/a | U16: N/a | V16: 近战笛 | W16: N/a | X16: N/a | Y16: 沧海帖2层 | Z16: 惧刃(拐) | AA16: 三穷 | AB16: 烁鼓(拐) | AC16: N/a | AD16: N/a | AE16: 裁云(拐) | AF16: 无惧 | AG16: 天志增伤 | AH16: =VLOOKUP($R16,武学奇术!$A:$ZZ,25,FALSE) -> 拳甲 | AI16: =VLOOKUP($R16,武学奇术!$A:$ZZ,26,FALSE) -> 2.638944 | AJ16: =VLOOKUP($R16,武学奇术!$A:$ZZ,27,FALSE)*(1+IF(OR($AH16=$F$4,$AH16=$F$5),$B$22,0)) -> 0 | AK16: =VLOOKUP($R16,武学奇术!$A:$ZZ,28,FALSE) -> 3.958416 | AL16: =VLOOKUP($R16,武学奇术!$A:$ZZ,29,FALSE)*(1+IF(OR($AH16=$F$4,$AH16=$F$5),$B$22,0)) -> 0 | AM16: {=$G$3+IFERROR(VLOOKUP($AH16,$F$4:$G$7,2,FALSE),0)+VLOOKUP($R16,武学奇术!$A:$ZZ,2,FALSE)+SUM(_xlfn.XLOOKUP($S16:$AG16,增益!$A:$A,增益!$B:$B,0))} -> 0.7141 | AN16: {=VLOOKUP($R16,武学奇术!$A:$ZZ,5,FALSE)+SUM(_xlfn.XLOOKUP($S16:$AG16,增益!$A:$A,增益!$E:$E,0))} -> 0 | AO16: {=$D$10*(1+$AN16)+VLOOKUP($R16,武学奇术!$A:$ZZ,3,FALSE)+SUM(_xlfn.XLOOKUP($S16:$AG16,增益!$A:$A,增益!$C:$C,0))-$I$2} -> 3888.382 | AP16: {=$E$10*(1+$AN16)+VLOOKUP($R16,武学奇术!$A:$ZZ,4,FALSE)+SUM(_xlfn.XLOOKUP($S16:$AG16,增益!$A:$A,增益!$D:$D,0))-$I$2} -> 3888.382 | AQ16: {=IF($F$10-$I$3+VLOOKUP($R16,武学奇术!$A:$ZZ,6,FALSE)+SUM(_xlfn.XLOOKUP(S16:AG16,增益!$A:$A,增益!$F:$F,0))>0,($F$10-$I$3+VLOOKUP($R16,武学奇术!$A:$ZZ,6,FALSE)+SUM(_xlfn.XLOOKUP(S16:AG16,增益!$A:$A,增益!$F:$F,0)))/200,($F$10-$I$3+VLOOKUP($R16,武学奇术!$A:$ZZ,6,FALSE)+SUM(_xlfn.XLOOKUP(S16:AG16,增益!$A:$A,增益!$F:$F,0)))/100)} -> 0.337 | AR16: {=$G$10+VLOOKUP($R16,武学奇术!$A:$ZZ,7,FALSE)+SUM(_xlfn.XLOOKUP(S16:AG16,增益!$A:$A,增益!$G:$G,0))} -> 0.09 | AS16: {=VLOOKUP($R16,武学奇术!$A:$ZZ,8,FALSE)+SUM(_xlfn.XLOOKUP(S16:AG16,增益!$A:$A,增益!$H:$H,0))} -> 0 | AT16: =$D$11*(1+$AS16) -> 0 | AU16: =$E$11*(1+$AS16) -> 0 | AV16: {=IF($F$11-$I$4+VLOOKUP($R16,武学奇术!$A:$ZZ,9,FALSE)+SUM(_xlfn.XLOOKUP(S16:AG16,增益!$A:$A,增益!$I:$I,0))>0,($F$11-$I$4+VLOOKUP($R16,武学奇术!$A:$ZZ,9,FALSE)+SUM(_xlfn.XLOOKUP(S16:AG16,增益!$A:$A,增益!$I:$I,0)))/200,($F$11-$I$4+VLOOKUP($R16,武学奇术!$A:$ZZ,9,FALSE)+SUM(_xlfn.XLOOKUP(S16:AG16,增益!$A:$A,增益!$I:$I,0)))/100)} -> -0.08 | AW16: {=$G$11+VLOOKUP($R16,武学奇术!$A:$ZZ,10,FALSE)+SUM(_xlfn.XLOOKUP(S16:AG16,增益!$A:$A,增益!$J:$J,0))} -> 0 | AX16: =$D$12*(1+$AS16) -> 0 | AY16: =$E$12*(1+$AS16) -> 0 | AZ16: {=IF($F$12-$I$4+VLOOKUP($R16,武学奇术!$A:$ZZ,11,FALSE)+SUM(_xlfn.XLOOKUP(S16:AG16,增益!$A:$A,增益!$K:$K,0))>0,($F$12-$I$4+VLOOKUP($R16,武学奇术!$A:$ZZ,11,FALSE)+SUM(_xlfn.XLOOKUP(S16:AG16,增益!$A:$A,增益!$K:$K,0)))/200,($F$12-$I$4+VLOOKUP($R16,武学奇术!$A:$ZZ,11,FALSE)+SUM(_xlfn.XLOOKUP(S16:AG16,增益!$A:$A,增益!$K:$K,0)))/100)} -> -0.08 | BA16: {=$G$12+VLOOKUP($R16,武学奇术!$A:$ZZ,12,FALSE)+SUM(_xlfn.XLOOKUP(S16:AG16,增益!$A:$A,增益!$L:$L,0))} -> 0 | BB16: =$D$13*(1+$AS16) -> 0 | BC16: =$E$13*(1+$AS16) -> 0 | BD16: {=IF($F$13-$I$4+VLOOKUP($R16,武学奇术!$A:$ZZ,13,FALSE)+SUM(_xlfn.XLOOKUP(S16:AG16,增益!$A:$A,增益!$M:$M,0))>0,($F$13-$I$4+VLOOKUP($R16,武学奇术!$A:$ZZ,13,FALSE)+SUM(_xlfn.XLOOKUP(S16:AG16,增益!$A:$A,增益!$K:$K,0)))/200,($F$13-$I$4+VLOOKUP($R16,武学奇术!$A:$ZZ,13,FALSE)+SUM(_xlfn.XLOOKUP(S16:AG16,增益!$A:$A,增益!$M:$M,0)))/100)} -> -0.08 | BE16: {=$G$13+VLOOKUP($R16,武学奇术!$A:$ZZ,14,FALSE)+SUM(_xlfn.XLOOKUP(S16:AG16,增益!$A:$A,增益!$N:$N,0))} -> 0 | BF16: =$D$14*(1+$AS16) -> 605.472 | BG16: =$E$14*(1+$AS16) -> 1725.468 | BH16: {=IF($F$14-$I$4+VLOOKUP($R16,武学奇术!$A:$ZZ,15,FALSE)+SUM(_xlfn.XLOOKUP(S16:AG16,增益!$A:$A,增益!$O:$O,0))>0,($F$14-$I$4+VLOOKUP($R16,武学奇术!$A:$ZZ,15,FALSE)+SUM(_xlfn.XLOOKUP(S16:AG16,增益!$A:$A,增益!$O:$O,0)))/200,($F$14-$I$4+VLOOKUP($R16,武学奇术!$A:$ZZ,15,FALSE)+SUM(_xlfn.XLOOKUP(S16:AG16,增益!$A:$A,增益!$O:$O,0)))/100)} -> 0.11 | BI16: {=$G$14+VLOOKUP($R16,武学奇术!$A:$ZZ,16,FALSE)+SUM(_xlfn.XLOOKUP(S16:AG16,增益!$A:$A,增益!$P:$P,0))} -> 0.24 | BJ16: =MIN(IF(VLOOKUP($R16,武学奇术!$A:$ZZ,23,FALSE)=1,100%,$B$8),100%) -> 1 | BK16: {=IF(VLOOKUP($R16,武学奇术!$A:$ZZ,23,FALSE)=1,100%,MIN(80%,$B$9+VLOOKUP($R16,武学奇术!$A:$ZZ,17,FALSE)+SUM(_xlfn.XLOOKUP(S16:AG16,增益!$A:$A,增益!$Q:$Q,0)))+$B$11+SUM(_xlfn.XLOOKUP(S16:AG16,增益!$A:$A,增益!$U:$U,0)))*IF(VLOOKUP($R16,武学奇术!$A:$ZZ,24,FALSE)=1,0,1)+MIN(IF(VLOOKUP($R16,武学奇术!$A:$ZZ,32,FALSE)=1,IF(VLOOKUP($R16,武学奇术!$A:$ZZ,24,FALSE)=1,100%,MIN(40%,$B$10+VLOOKUP($R16,武学奇术!$A:$ZZ,19,FALSE)+SUM(_xlfn.XLOOKUP(S16:AG16,增益!$A:$A,增益!$S:$S,0)))+$B$12+SUM(_xlfn.XLOOKUP(S16:AG16,增益!$A:$A,增益!$V:$V,0))),0),12%)} -> 0.9036 | BL16: {=1+$B$13+VLOOKUP($R16,武学奇术!$A:$ZZ,18,FALSE)+SUM(_xlfn.XLOOKUP(S16:AG16,增益!$A:$A,增益!$R:$R,0))} -> 1.86 | BM16: {=MAX(IF(VLOOKUP($R16,武学奇术!$A:$ZZ,24,FALSE)=1,100%,MIN(40%,$B$10+VLOOKUP($R16,武学奇术!$A:$ZZ,19,FALSE)+SUM(_xlfn.XLOOKUP(S16:AG16,增益!$A:$A,增益!$S:$S,0)))+$B$12+SUM(_xlfn.XLOOKUP(S16:AG16,增益!$A:$A,增益!$V:$V,0)))*IF(VLOOKUP($R16,武学奇术!$A:$ZZ,23,FALSE)=1,0,1)-IF(VLOOKUP($R16,武学奇术!$A:$ZZ,32,FALSE)=1,12%,0),0)} -> 0.0929 | BN16: {=1+$B$14+VLOOKUP($R16,武学奇术!$A:$ZZ,20,FALSE)+SUM(_xlfn.XLOOKUP(S16:AG16,增益!$A:$A,增益!$T:$T,0))} -> 1.35 | BO16: =MIN((1-BM16)*BJ16,BJ16*BK16) -> 0.9036 | BP16: =1-BM16-BO16-BQ16 -> 0.0035 | BQ16: =IF(VLOOKUP($R16,武学奇术!$A:$ZZ,22,FALSE)=1,0,(1-$BJ16))*(1-$BM16) -> 0 | BR16: {=SUM(_xlfn.XLOOKUP(S16:AG16,增益!$A:$A,增益!$W:$W,0))+$I$5} -> 0.11
A17: 拳甲增 | B17: 0.0852 | C17: 尘 | D17: √ | E17: 所恨年年 | F17: √ | K17: =$L17*VLOOKUP($R17,武学奇术!$A:$ZZ,31,FALSE) -> 882997.96 | L17: =($M17*$BO17+$N17*$BM17+$O17*$BP17+$P17*$BQ17) -> 1044968 | M17: =((($AO17+($AP17-$AO17)*IF(VLOOKUP($R17,武学奇术!$A:$ZZ,31,FALSE)=1,$F$18,0.5))*$AI17+$AJ17)*(1+$AQ17)*(1+$AR17)+(($AT17+($AU17-$AT17)*IF(VLOOKUP($R17,武学奇术!$A:$ZZ,31,FALSE)=1,$F$18,0.5))*IF($G$1="鸣金",$AK17,$AI17)+IF($G$1="鸣金",$AL17*1.5,0))*(1+$AV17)*(1+$AW17)+(($AX17+($AY17-$AX17)*IF(VLOOKUP($R17,武学奇术!$A:$ZZ,31,FALSE)=1,$F$18,0.5))*IF($G$1="裂石",$AK17,$AI17)+IF($G$1="裂石",$AL17*1.5,0))*(1+$AZ17)*(1+$BA17)+(($BB17+($BC17-$BB17)*IF(VLOOKUP($R17,武学奇术!$A:$ZZ,31,FALSE)=1,$F$18,0.5))*IF($G$1="牵丝",$AK17,$AI17)+IF($G$1="牵丝",$AL17*1.5,0))*(1+$BD17)*(1+$BE17)+(($BF17+($BG17-$BF17)*IF(VLOOKUP($R17,武学奇术!$A:$ZZ,31,FALSE)=1,$F$18,0.5))*IF($G$1="破竹",$AK17,$AI17)+IF($G$1="破竹",$AL17*1.5,0))*(1+$BH17)*(1+$BI17))*(1+$AM17)*$BL17*$Q17*(1+IF(VLOOKUP($R17,武学奇术!$A:$ZZ,30,FALSE)="蓄力技",$B$21,0))*(1+$BR17) -> 1047053.1 | N17: =(($AP17*$AI17+$AJ17)*(1+$AQ17)*(1+$AR17)+($AU17*IF($G$1="鸣金",$AK17,$AI17)+IF($G$1="鸣金",$AL17*1.5,0))*(1+$AV17)*(1+$AW17)+($AY17*IF($G$1="裂石",$AK17,$AI17)+IF($G$1="裂石",$AL17*1.5,0))*(1+$AZ17)*(1+$BA17)+($BC17*IF($G$1="牵丝",$AK17,$AI17)+IF($G$1="牵丝",$AL17*1.5,0))*(1+$BD17)*(1+$BE17)+($BG17*IF($G$1="破竹",$AK17,$AI17)+IF($G$1="破竹",$AL17*1.5,0))*(1+$BH17)*(1+$BI17))*(1+$AM17)*$BN17*$Q17*(1+IF(VLOOKUP($R17,武学奇术!$A:$ZZ,30,FALSE)="蓄力技",$B$21,0))*(1+$BR17) -> 681326.33 | O17: =((($AO17+($AP17-$AO17)*IF(VLOOKUP($R17,武学奇术!$A:$ZZ,31,FALSE)=1,$F$18,0.5))*$AI17+$AJ17)*(1+$AQ17)*(1+$AR17)+(($AT17+($AU17-$AT17)*IF(VLOOKUP($R17,武学奇术!$A:$ZZ,31,FALSE)=1,$F$18,0.5))*IF($G$1="鸣金",$AK17,$AI17)+IF($G$1="鸣金",$AL17*1.5,0))*(1+$AV17)*(1+$AW17)+(($AX17+($AY17-$AX17)*IF(VLOOKUP($R17,武学奇术!$A:$ZZ,31,FALSE)=1,$F$18,0.5))*IF($G$1="裂石",$AK17,$AI17)+IF($G$1="裂石",$AL17*1.5,0))*(1+$AZ17)*(1+$BA17)+(($BB17+($BC17-$BB17)*IF(VLOOKUP($R17,武学奇术!$A:$ZZ,31,FALSE)=1,$F$18,0.5))*IF($G$1="牵丝",$AK17,$AI17)+IF($G$1="牵丝",$AL17*1.5,0))*(1+$BD17)*(1+$BE17)+(($BF17+($BG17-$BF17)*IF(VLOOKUP($R17,武学奇术!$A:$ZZ,31,FALSE)=1,$F$18,0.5))*IF($G$1="破竹",$AK17,$AI17)+IF($G$1="破竹",$AL17*1.5,0))*(1+$BH17)*(1+$BI17))*(1+$AM17)*$Q17*(1+IF(VLOOKUP($R17,武学奇术!$A:$ZZ,30,FALSE)="蓄力技",$B$21,0))*(1+$BR17) -> 451315.98 | P17: =((($AO17*$AI17+$AJ17)*(1+$AQ17)*(1+$AR17)+($AT17*IF($G$1="鸣金",$AK17,$AI17)+IF($G$1="鸣金",$AL17*1.5,0))*(1+$AV17)*(1+$AW17)+($AX17*IF($G$1="裂石",$AK17,$AI17)+IF($G$1="裂石",$AL17*1.5,0))*(1+$AZ17)*(1+$BA17)+($BB17*IF($G$1="牵丝",$AK17,$AI17)+IF($G$1="牵丝",$AL17*1.5,0))*(1+$BD17)*(1+$BE17)+($BF17*IF($G$1="破竹",$AK17,$AI17)+IF($G$1="破竹",$AL17*1.5,0))*(1+$BH17)*(1+$BI17))*(1+$AM17))*$Q17*(1+IF(VLOOKUP($R17,武学奇术!$A:$ZZ,30,FALSE)="蓄力技",$B$21,0))*(1+$BR17) -> 397945.8 | Q17: 1 | R17: 拳甲R蓄4直伤 | S17: 易水歌5层 | T17: 断石5层 | U17: 阴阳 | V17: 近战笛 | W17: N/a | X17: N/a | Y17: 沧海帖3层 | Z17: 惧刃(拐) | AA17: 三穷 | AB17: 烁鼓(拐) | AC17: N/a | AD17: N/a | AE17: 裁云(拐) | AF17: 无惧 | AG17: 天志增伤 | AH17: =VLOOKUP($R17,武学奇术!$A:$ZZ,25,FALSE) -> 拳甲 | AI17: =VLOOKUP($R17,武学奇术!$A:$ZZ,26,FALSE) -> 16.8107 | AJ17: =VLOOKUP($R17,武学奇术!$A:$ZZ,27,FALSE)*(1+IF(OR($AH17=$F$4,$AH17=$F$5),$B$22,0)) -> 6970.5 | AK17: =VLOOKUP($R17,武学奇术!$A:$ZZ,28,FALSE) -> 25.2161 | AL17: =VLOOKUP($R17,武学奇术!$A:$ZZ,29,FALSE)*(1+IF(OR($AH17=$F$4,$AH17=$F$5),$B$22,0)) -> 3799.5 | AM17: {=$G$3+IFERROR(VLOOKUP($AH17,$F$4:$G$7,2,FALSE),0)+VLOOKUP($R17,武学奇术!$A:$ZZ,2,FALSE)+SUM(_xlfn.XLOOKUP($S17:$AG17,增益!$A:$A,增益!$B:$B,0))} -> 0.8741 | AN17: {=VLOOKUP($R17,武学奇术!$A:$ZZ,5,FALSE)+SUM(_xlfn.XLOOKUP($S17:$AG17,增益!$A:$A,增益!$E:$E,0))} -> 0 | AO17: {=$D$10*(1+$AN17)+VLOOKUP($R17,武学奇术!$A:$ZZ,3,FALSE)+SUM(_xlfn.XLOOKUP($S17:$AG17,增益!$A:$A,增益!$C:$C,0))-$I$2} -> 3888.382 | AP17: {=$E$10*(1+$AN17)+VLOOKUP($R17,武学奇术!$A:$ZZ,4,FALSE)+SUM(_xlfn.XLOOKUP($S17:$AG17,增益!$A:$A,增益!$D:$D,0))-$I$2} -> 3888.382 | AQ17: {=IF($F$10-$I$3+VLOOKUP($R17,武学奇术!$A:$ZZ,6,FALSE)+SUM(_xlfn.XLOOKUP(S17:AG17,增益!$A:$A,增益!$F:$F,0))>0,($F$10-$I$3+VLOOKUP($R17,武学奇术!$A:$ZZ,6,FALSE)+SUM(_xlfn.XLOOKUP(S17:AG17,增益!$A:$A,增益!$F:$F,0)))/200,($F$10-$I$3+VLOOKUP($R17,武学奇术!$A:$ZZ,6,FALSE)+SUM(_xlfn.XLOOKUP(S17:AG17,增益!$A:$A,增益!$F:$F,0)))/100)} -> 0.472 | AR17: {=$G$10+VLOOKUP($R17,武学奇术!$A:$ZZ,7,FALSE)+SUM(_xlfn.XLOOKUP(S17:AG17,增益!$A:$A,增益!$G:$G,0))} -> 0.09 | AS17: {=VLOOKUP($R17,武学奇术!$A:$ZZ,8,FALSE)+SUM(_xlfn.XLOOKUP(S17:AG17,增益!$A:$A,增益!$H:$H,0))} -> 0 | AT17: =$D$11*(1+$AS17) -> 0 | AU17: =$E$11*(1+$AS17) -> 0 | AV17: {=IF($F$11-$I$4+VLOOKUP($R17,武学奇术!$A:$ZZ,9,FALSE)+SUM(_xlfn.XLOOKUP(S17:AG17,增益!$A:$A,增益!$I:$I,0))>0,($F$11-$I$4+VLOOKUP($R17,武学奇术!$A:$ZZ,9,FALSE)+SUM(_xlfn.XLOOKUP(S17:AG17,增益!$A:$A,增益!$I:$I,0)))/200,($F$11-$I$4+VLOOKUP($R17,武学奇术!$A:$ZZ,9,FALSE)+SUM(_xlfn.XLOOKUP(S17:AG17,增益!$A:$A,增益!$I:$I,0)))/100)} -> -0.08 | AW17: {=$G$11+VLOOKUP($R17,武学奇术!$A:$ZZ,10,FALSE)+SUM(_xlfn.XLOOKUP(S17:AG17,增益!$A:$A,增益!$J:$J,0))} -> 0 | AX17: =$D$12*(1+$AS17) -> 0 | AY17: =$E$12*(1+$AS17) -> 0 | AZ17: {=IF($F$12-$I$4+VLOOKUP($R17,武学奇术!$A:$ZZ,11,FALSE)+SUM(_xlfn.XLOOKUP(S17:AG17,增益!$A:$A,增益!$K:$K,0))>0,($F$12-$I$4+VLOOKUP($R17,武学奇术!$A:$ZZ,11,FALSE)+SUM(_xlfn.XLOOKUP(S17:AG17,增益!$A:$A,增益!$K:$K,0)))/200,($F$12-$I$4+VLOOKUP($R17,武学奇术!$A:$ZZ,11,FALSE)+SUM(_xlfn.XLOOKUP(S17:AG17,增益!$A:$A,增益!$K:$K,0)))/100)} -> -0.08 | BA17: {=$G$12+VLOOKUP($R17,武学奇术!$A:$ZZ,12,FALSE)+SUM(_xlfn.XLOOKUP(S17:AG17,增益!$A:$A,增益!$L:$L,0))} -> 0 | BB17: =$D$13*(1+$AS17) -> 0 | BC17: =$E$13*(1+$AS17) -> 0 | BD17: {=IF($F$13-$I$4+VLOOKUP($R17,武学奇术!$A:$ZZ,13,FALSE)+SUM(_xlfn.XLOOKUP(S17:AG17,增益!$A:$A,增益!$M:$M,0))>0,($F$13-$I$4+VLOOKUP($R17,武学奇术!$A:$ZZ,13,FALSE)+SUM(_xlfn.XLOOKUP(S17:AG17,增益!$A:$A,增益!$K:$K,0)))/200,($F$13-$I$4+VLOOKUP($R17,武学奇术!$A:$ZZ,13,FALSE)+SUM(_xlfn.XLOOKUP(S17:AG17,增益!$A:$A,增益!$M:$M,0)))/100)} -> -0.08 | BE17: {=$G$13+VLOOKUP($R17,武学奇术!$A:$ZZ,14,FALSE)+SUM(_xlfn.XLOOKUP(S17:AG17,增益!$A:$A,增益!$N:$N,0))} -> 0 | BF17: =$D$14*(1+$AS17) -> 605.472 | BG17: =$E$14*(1+$AS17) -> 1725.468 | BH17: {=IF($F$14-$I$4+VLOOKUP($R17,武学奇术!$A:$ZZ,15,FALSE)+SUM(_xlfn.XLOOKUP(S17:AG17,增益!$A:$A,增益!$O:$O,0))>0,($F$14-$I$4+VLOOKUP($R17,武学奇术!$A:$ZZ,15,FALSE)+SUM(_xlfn.XLOOKUP(S17:AG17,增益!$A:$A,增益!$O:$O,0)))/200,($F$14-$I$4+VLOOKUP($R17,武学奇术!$A:$ZZ,15,FALSE)+SUM(_xlfn.XLOOKUP(S17:AG17,增益!$A:$A,增益!$O:$O,0)))/100)} -> 0.11 | BI17: {=$G$14+VLOOKUP($R17,武学奇术!$A:$ZZ,16,FALSE)+SUM(_xlfn.XLOOKUP(S17:AG17,增益!$A:$A,增益!$P:$P,0))} -> 0.24 | BJ17: =MIN(IF(VLOOKUP($R17,武学奇术!$A:$ZZ,23,FALSE)=1,100%,$B$8),100%) -> 1 | BK17: {=IF(VLOOKUP($R17,武学奇术!$A:$ZZ,23,FALSE)=1,100%,MIN(80%,$B$9+VLOOKUP($R17,武学奇术!$A:$ZZ,17,FALSE)+SUM(_xlfn.XLOOKUP(S17:AG17,增益!$A:$A,增益!$Q:$Q,0)))+$B$11+SUM(_xlfn.XLOOKUP(S17:AG17,增益!$A:$A,增益!$U:$U,0)))*IF(VLOOKUP($R17,武学奇术!$A:$ZZ,24,FALSE)=1,0,1)+MIN(IF(VLOOKUP($R17,武学奇术!$A:$ZZ,32,FALSE)=1,IF(VLOOKUP($R17,武学奇术!$A:$ZZ,24,FALSE)=1,100%,MIN(40%,$B$10+VLOOKUP($R17,武学奇术!$A:$ZZ,19,FALSE)+SUM(_xlfn.XLOOKUP(S17:AG17,增益!$A:$A,增益!$S:$S,0)))+$B$12+SUM(_xlfn.XLOOKUP(S17:AG17,增益!$A:$A,增益!$V:$V,0))),0),12%)} -> 0.9965 | BL17: {=1+$B$13+VLOOKUP($R17,武学奇术!$A:$ZZ,18,FALSE)+SUM(_xlfn.XLOOKUP(S17:AG17,增益!$A:$A,增益!$R:$R,0))} -> 2.32 | BM17: {=MAX(IF(VLOOKUP($R17,武学奇术!$A:$ZZ,24,FALSE)=1,100%,MIN(40%,$B$10+VLOOKUP($R17,武学奇术!$A:$ZZ,19,FALSE)+SUM(_xlfn.XLOOKUP(S17:AG17,增益!$A:$A,增益!$S:$S,0)))+$B$12+SUM(_xlfn.XLOOKUP(S17:AG17,增益!$A:$A,增益!$V:$V,0)))*IF(VLOOKUP($R17,武学奇术!$A:$ZZ,23,FALSE)=1,0,1)-IF(VLOOKUP($R17,武学奇术!$A:$ZZ,32,FALSE)=1,12%,0),0)} -> 0 | BN17: {=1+$B$14+VLOOKUP($R17,武学奇术!$A:$ZZ,20,FALSE)+SUM(_xlfn.XLOOKUP(S17:AG17,增益!$A:$A,增益!$T:$T,0))} -> 1.35 | BO17: =MIN((1-BM17)*BJ17,BJ17*BK17) -> 0.9965 | BP17: =1-BM17-BO17-BQ17 -> 0.0035 | BQ17: =IF(VLOOKUP($R17,武学奇术!$A:$ZZ,22,FALSE)=1,0,(1-$BJ17))*(1-$BM17) -> 0 | BR17: {=SUM(_xlfn.XLOOKUP(S17:AG17,增益!$A:$A,增益!$W:$W,0))+$I$5} -> 0.11
A18: 绳镖增 | B18: 0 | C18: 虹 | D18: √ | E18: 高伤取值 | F18: 0.5 | H18: 机制时间 | I18: 50 | K18: =$L18*VLOOKUP($R18,武学奇术!$A:$ZZ,31,FALSE) -> 201163.05 | L18: =($M18*$BO18+$N18*$BM18+$O18*$BP18+$P18*$BQ18) -> 402326.09 | M18: =((($AO18+($AP18-$AO18)*IF(VLOOKUP($R18,武学奇术!$A:$ZZ,31,FALSE)=1,$F$18,0.5))*$AI18+$AJ18)*(1+$AQ18)*(1+$AR18)+(($AT18+($AU18-$AT18)*IF(VLOOKUP($R18,武学奇术!$A:$ZZ,31,FALSE)=1,$F$18,0.5))*IF($G$1="鸣金",$AK18,$AI18)+IF($G$1="鸣金",$AL18*1.5,0))*(1+$AV18)*(1+$AW18)+(($AX18+($AY18-$AX18)*IF(VLOOKUP($R18,武学奇术!$A:$ZZ,31,FALSE)=1,$F$18,0.5))*IF($G$1="裂石",$AK18,$AI18)+IF($G$1="裂石",$AL18*1.5,0))*(1+$AZ18)*(1+$BA18)+(($BB18+($BC18-$BB18)*IF(VLOOKUP($R18,武学奇术!$A:$ZZ,31,FALSE)=1,$F$18,0.5))*IF($G$1="牵丝",$AK18,$AI18)+IF($G$1="牵丝",$AL18*1.5,0))*(1+$BD18)*(1+$BE18)+(($BF18+($BG18-$BF18)*IF(VLOOKUP($R18,武学奇术!$A:$ZZ,31,FALSE)=1,$F$18,0.5))*IF($G$1="破竹",$AK18,$AI18)+IF($G$1="破竹",$AL18*1.5,0))*(1+$BH18)*(1+$BI18))*(1+$AM18)*$BL18*$Q18*(1+IF(VLOOKUP($R18,武学奇术!$A:$ZZ,30,FALSE)="蓄力技",$B$21,0))*(1+$BR18) -> 403128.87 | N18: =(($AP18*$AI18+$AJ18)*(1+$AQ18)*(1+$AR18)+($AU18*IF($G$1="鸣金",$AK18,$AI18)+IF($G$1="鸣金",$AL18*1.5,0))*(1+$AV18)*(1+$AW18)+($AY18*IF($G$1="裂石",$AK18,$AI18)+IF($G$1="裂石",$AL18*1.5,0))*(1+$AZ18)*(1+$BA18)+($BC18*IF($G$1="牵丝",$AK18,$AI18)+IF($G$1="牵丝",$AL18*1.5,0))*(1+$BD18)*(1+$BE18)+($BG18*IF($G$1="破竹",$AK18,$AI18)+IF($G$1="破竹",$AL18*1.5,0))*(1+$BH18)*(1+$BI18))*(1+$AM18)*$BN18*$Q18*(1+IF(VLOOKUP($R18,武学奇术!$A:$ZZ,30,FALSE)="蓄力技",$B$21,0))*(1+$BR18) -> 262318.69 | O18: =((($AO18+($AP18-$AO18)*IF(VLOOKUP($R18,武学奇术!$A:$ZZ,31,FALSE)=1,$F$18,0.5))*$AI18+$AJ18)*(1+$AQ18)*(1+$AR18)+(($AT18+($AU18-$AT18)*IF(VLOOKUP($R18,武学奇术!$A:$ZZ,31,FALSE)=1,$F$18,0.5))*IF($G$1="鸣金",$AK18,$AI18)+IF($G$1="鸣金",$AL18*1.5,0))*(1+$AV18)*(1+$AW18)+(($AX18+($AY18-$AX18)*IF(VLOOKUP($R18,武学奇术!$A:$ZZ,31,FALSE)=1,$F$18,0.5))*IF($G$1="裂石",$AK18,$AI18)+IF($G$1="裂石",$AL18*1.5,0))*(1+$AZ18)*(1+$BA18)+(($BB18+($BC18-$BB18)*IF(VLOOKUP($R18,武学奇术!$A:$ZZ,31,FALSE)=1,$F$18,0.5))*IF($G$1="牵丝",$AK18,$AI18)+IF($G$1="牵丝",$AL18*1.5,0))*(1+$BD18)*(1+$BE18)+(($BF18+($BG18-$BF18)*IF(VLOOKUP($R18,武学奇术!$A:$ZZ,31,FALSE)=1,$F$18,0.5))*IF($G$1="破竹",$AK18,$AI18)+IF($G$1="破竹",$AL18*1.5,0))*(1+$BH18)*(1+$BI18))*(1+$AM18)*$Q18*(1+IF(VLOOKUP($R18,武学奇术!$A:$ZZ,30,FALSE)="蓄力技",$B$21,0))*(1+$BR18) -> 173762.45 | P18: =((($AO18*$AI18+$AJ18)*(1+$AQ18)*(1+$AR18)+($AT18*IF($G$1="鸣金",$AK18,$AI18)+IF($G$1="鸣金",$AL18*1.5,0))*(1+$AV18)*(1+$AW18)+($AX18*IF($G$1="裂石",$AK18,$AI18)+IF($G$1="裂石",$AL18*1.5,0))*(1+$AZ18)*(1+$BA18)+($BB18*IF($G$1="牵丝",$AK18,$AI18)+IF($G$1="牵丝",$AL18*1.5,0))*(1+$BD18)*(1+$BE18)+($BF18*IF($G$1="破竹",$AK18,$AI18)+IF($G$1="破竹",$AL18*1.5,0))*(1+$BH18)*(1+$BI18))*(1+$AM18))*$Q18*(1+IF(VLOOKUP($R18,武学奇术!$A:$ZZ,30,FALSE)="蓄力技",$B$21,0))*(1+$BR18) -> 153214.75 | Q18: 1 | R18: 拳甲R蓄4天志 | S18: 易水歌5层 | T18: 断石5层 | U18: 阴阳 | V18: 近战笛 | W18: N/a | X18: N/a | Y18: 沧海帖3层 | Z18: 惧刃(拐) | AA18: 三穷 | AB18: 烁鼓(拐) | AC18: N/a | AD18: N/a | AE18: 裁云(拐) | AF18: 无惧 | AG18: 天志增伤 | AH18: =VLOOKUP($R18,武学奇术!$A:$ZZ,25,FALSE) -> 拳甲 | AI18: =VLOOKUP($R18,武学奇术!$A:$ZZ,26,FALSE) -> 6.4722 | AJ18: =VLOOKUP($R18,武学奇术!$A:$ZZ,27,FALSE)*(1+IF(OR($AH18=$F$4,$AH18=$F$5),$B$22,0)) -> 2683.8 | AK18: =VLOOKUP($R18,武学奇术!$A:$ZZ,28,FALSE) -> 9.70828 | AL18: =VLOOKUP($R18,武学奇术!$A:$ZZ,29,FALSE)*(1+IF(OR($AH18=$F$4,$AH18=$F$5),$B$22,0)) -> 1463.4 | AM18: {=$G$3+IFERROR(VLOOKUP($AH18,$F$4:$G$7,2,FALSE),0)+VLOOKUP($R18,武学奇术!$A:$ZZ,2,FALSE)+SUM(_xlfn.XLOOKUP($S18:$AG18,增益!$A:$A,增益!$B:$B,0))} -> 0.8741 | AN18: {=VLOOKUP($R18,武学奇术!$A:$ZZ,5,FALSE)+SUM(_xlfn.XLOOKUP($S18:$AG18,增益!$A:$A,增益!$E:$E,0))} -> 0 | AO18: {=$D$10*(1+$AN18)+VLOOKUP($R18,武学奇术!$A:$ZZ,3,FALSE)+SUM(_xlfn.XLOOKUP($S18:$AG18,增益!$A:$A,增益!$C:$C,0))-$I$2} -> 3888.382 | AP18: {=$E$10*(1+$AN18)+VLOOKUP($R18,武学奇术!$A:$ZZ,4,FALSE)+SUM(_xlfn.XLOOKUP($S18:$AG18,增益!$A:$A,增益!$D:$D,0))-$I$2} -> 3888.382 | AQ18: {=IF($F$10-$I$3+VLOOKUP($R18,武学奇术!$A:$ZZ,6,FALSE)+SUM(_xlfn.XLOOKUP(S18:AG18,增益!$A:$A,增益!$F:$F,0))>0,($F$10-$I$3+VLOOKUP($R18,武学奇术!$A:$ZZ,6,FALSE)+SUM(_xlfn.XLOOKUP(S18:AG18,增益!$A:$A,增益!$F:$F,0)))/200,($F$10-$I$3+VLOOKUP($R18,武学奇术!$A:$ZZ,6,FALSE)+SUM(_xlfn.XLOOKUP(S18:AG18,增益!$A:$A,增益!$F:$F,0)))/100)} -> 0.472 | AR18: {=$G$10+VLOOKUP($R18,武学奇术!$A:$ZZ,7,FALSE)+SUM(_xlfn.XLOOKUP(S18:AG18,增益!$A:$A,增益!$G:$G,0))} -> 0.09 | AS18: {=VLOOKUP($R18,武学奇术!$A:$ZZ,8,FALSE)+SUM(_xlfn.XLOOKUP(S18:AG18,增益!$A:$A,增益!$H:$H,0))} -> 0 | AT18: =$D$11*(1+$AS18) -> 0 | AU18: =$E$11*(1+$AS18) -> 0 | AV18: {=IF($F$11-$I$4+VLOOKUP($R18,武学奇术!$A:$ZZ,9,FALSE)+SUM(_xlfn.XLOOKUP(S18:AG18,增益!$A:$A,增益!$I:$I,0))>0,($F$11-$I$4+VLOOKUP($R18,武学奇术!$A:$ZZ,9,FALSE)+SUM(_xlfn.XLOOKUP(S18:AG18,增益!$A:$A,增益!$I:$I,0)))/200,($F$11-$I$4+VLOOKUP($R18,武学奇术!$A:$ZZ,9,FALSE)+SUM(_xlfn.XLOOKUP(S18:AG18,增益!$A:$A,增益!$I:$I,0)))/100)} -> -0.08 | AW18: {=$G$11+VLOOKUP($R18,武学奇术!$A:$ZZ,10,FALSE)+SUM(_xlfn.XLOOKUP(S18:AG18,增益!$A:$A,增益!$J:$J,0))} -> 0 | AX18: =$D$12*(1+$AS18) -> 0 | AY18: =$E$12*(1+$AS18) -> 0 | AZ18: {=IF($F$12-$I$4+VLOOKUP($R18,武学奇术!$A:$ZZ,11,FALSE)+SUM(_xlfn.XLOOKUP(S18:AG18,增益!$A:$A,增益!$K:$K,0))>0,($F$12-$I$4+VLOOKUP($R18,武学奇术!$A:$ZZ,11,FALSE)+SUM(_xlfn.XLOOKUP(S18:AG18,增益!$A:$A,增益!$K:$K,0)))/200,($F$12-$I$4+VLOOKUP($R18,武学奇术!$A:$ZZ,11,FALSE)+SUM(_xlfn.XLOOKUP(S18:AG18,增益!$A:$A,增益!$K:$K,0)))/100)} -> -0.08 | BA18: {=$G$12+VLOOKUP($R18,武学奇术!$A:$ZZ,12,FALSE)+SUM(_xlfn.XLOOKUP(S18:AG18,增益!$A:$A,增益!$L:$L,0))} -> 0 | BB18: =$D$13*(1+$AS18) -> 0 | BC18: =$E$13*(1+$AS18) -> 0 | BD18: {=IF($F$13-$I$4+VLOOKUP($R18,武学奇术!$A:$ZZ,13,FALSE)+SUM(_xlfn.XLOOKUP(S18:AG18,增益!$A:$A,增益!$M:$M,0))>0,($F$13-$I$4+VLOOKUP($R18,武学奇术!$A:$ZZ,13,FALSE)+SUM(_xlfn.XLOOKUP(S18:AG18,增益!$A:$A,增益!$K:$K,0)))/200,($F$13-$I$4+VLOOKUP($R18,武学奇术!$A:$ZZ,13,FALSE)+SUM(_xlfn.XLOOKUP(S18:AG18,增益!$A:$A,增益!$M:$M,0)))/100)} -> -0.08 | BE18: {=$G$13+VLOOKUP($R18,武学奇术!$A:$ZZ,14,FALSE)+SUM(_xlfn.XLOOKUP(S18:AG18,增益!$A:$A,增益!$N:$N,0))} -> 0 | BF18: =$D$14*(1+$AS18) -> 605.472 | BG18: =$E$14*(1+$AS18) -> 1725.468 | BH18: {=IF($F$14-$I$4+VLOOKUP($R18,武学奇术!$A:$ZZ,15,FALSE)+SUM(_xlfn.XLOOKUP(S18:AG18,增益!$A:$A,增益!$O:$O,0))>0,($F$14-$I$4+VLOOKUP($R18,武学奇术!$A:$ZZ,15,FALSE)+SUM(_xlfn.XLOOKUP(S18:AG18,增益!$A:$A,增益!$O:$O,0)))/200,($F$14-$I$4+VLOOKUP($R18,武学奇术!$A:$ZZ,15,FALSE)+SUM(_xlfn.XLOOKUP(S18:AG18,增益!$A:$A,增益!$O:$O,0)))/100)} -> 0.11 | BI18: {=$G$14+VLOOKUP($R18,武学奇术!$A:$ZZ,16,FALSE)+SUM(_xlfn.XLOOKUP(S18:AG18,增益!$A:$A,增益!$P:$P,0))} -> 0.24 | BJ18: =MIN(IF(VLOOKUP($R18,武学奇术!$A:$ZZ,23,FALSE)=1,100%,$B$8),100%) -> 1 | BK18: {=IF(VLOOKUP($R18,武学奇术!$A:$ZZ,23,FALSE)=1,100%,MIN(80%,$B$9+VLOOKUP($R18,武学奇术!$A:$ZZ,17,FALSE)+SUM(_xlfn.XLOOKUP(S18:AG18,增益!$A:$A,增益!$Q:$Q,0)))+$B$11+SUM(_xlfn.XLOOKUP(S18:AG18,增益!$A:$A,增益!$U:$U,0)))*IF(VLOOKUP($R18,武学奇术!$A:$ZZ,24,FALSE)=1,0,1)+MIN(IF(VLOOKUP($R18,武学奇术!$A:$ZZ,32,FALSE)=1,IF(VLOOKUP($R18,武学奇术!$A:$ZZ,24,FALSE)=1,100%,MIN(40%,$B$10+VLOOKUP($R18,武学奇术!$A:$ZZ,19,FALSE)+SUM(_xlfn.XLOOKUP(S18:AG18,增益!$A:$A,增益!$S:$S,0)))+$B$12+SUM(_xlfn.XLOOKUP(S18:AG18,增益!$A:$A,增益!$V:$V,0))),0),12%)} -> 0.9965 | BL18: {=1+$B$13+VLOOKUP($R18,武学奇术!$A:$ZZ,18,FALSE)+SUM(_xlfn.XLOOKUP(S18:AG18,增益!$A:$A,增益!$R:$R,0))} -> 2.32 | BM18: {=MAX(IF(VLOOKUP($R18,武学奇术!$A:$ZZ,24,FALSE)=1,100%,MIN(40%,$B$10+VLOOKUP($R18,武学奇术!$A:$ZZ,19,FALSE)+SUM(_xlfn.XLOOKUP(S18:AG18,增益!$A:$A,增益!$S:$S,0)))+$B$12+SUM(_xlfn.XLOOKUP(S18:AG18,增益!$A:$A,增益!$V:$V,0)))*IF(VLOOKUP($R18,武学奇术!$A:$ZZ,23,FALSE)=1,0,1)-IF(VLOOKUP($R18,武学奇术!$A:$ZZ,32,FALSE)=1,12%,0),0)} -> 0 | BN18: {=1+$B$14+VLOOKUP($R18,武学奇术!$A:$ZZ,20,FALSE)+SUM(_xlfn.XLOOKUP(S18:AG18,增益!$A:$A,增益!$T:$T,0))} -> 1.35 | BO18: =MIN((1-BM18)*BJ18,BJ18*BK18) -> 0.9965 | BP18: =1-BM18-BO18-BQ18 -> 0.0035 | BQ18: =IF(VLOOKUP($R18,武学奇术!$A:$ZZ,22,FALSE)=1,0,(1-$BJ18))*(1-$BM18) -> 0 | BR18: {=SUM(_xlfn.XLOOKUP(S18:AG18,增益!$A:$A,增益!$W:$W,0))+$I$5} -> 0.11
A19: 单体奇术增 | B19: 0 | C19: 钧 | D19: √ | K19: =$L19*VLOOKUP($R19,武学奇术!$A:$ZZ,31,FALSE) -> 73285.966 | L19: =($M19*$BO19+$N19*$BM19+$O19*$BP19+$P19*$BQ19) -> 73285.966 | M19: =((($AO19+($AP19-$AO19)*IF(VLOOKUP($R19,武学奇术!$A:$ZZ,31,FALSE)=1,$F$18,0.5))*$AI19+$AJ19)*(1+$AQ19)*(1+$AR19)+(($AT19+($AU19-$AT19)*IF(VLOOKUP($R19,武学奇术!$A:$ZZ,31,FALSE)=1,$F$18,0.5))*IF($G$1="鸣金",$AK19,$AI19)+IF($G$1="鸣金",$AL19*1.5,0))*(1+$AV19)*(1+$AW19)+(($AX19+($AY19-$AX19)*IF(VLOOKUP($R19,武学奇术!$A:$ZZ,31,FALSE)=1,$F$18,0.5))*IF($G$1="裂石",$AK19,$AI19)+IF($G$1="裂石",$AL19*1.5,0))*(1+$AZ19)*(1+$BA19)+(($BB19+($BC19-$BB19)*IF(VLOOKUP($R19,武学奇术!$A:$ZZ,31,FALSE)=1,$F$18,0.5))*IF($G$1="牵丝",$AK19,$AI19)+IF($G$1="牵丝",$AL19*1.5,0))*(1+$BD19)*(1+$BE19)+(($BF19+($BG19-$BF19)*IF(VLOOKUP($R19,武学奇术!$A:$ZZ,31,FALSE)=1,$F$18,0.5))*IF($G$1="破竹",$AK19,$AI19)+IF($G$1="破竹",$AL19*1.5,0))*(1+$BH19)*(1+$BI19))*(1+$AM19)*$BL19*$Q19*(1+IF(VLOOKUP($R19,武学奇术!$A:$ZZ,30,FALSE)="蓄力技",$B$21,0))*(1+$BR19) -> 74620.685 | N19: =(($AP19*$AI19+$AJ19)*(1+$AQ19)*(1+$AR19)+($AU19*IF($G$1="鸣金",$AK19,$AI19)+IF($G$1="鸣金",$AL19*1.5,0))*(1+$AV19)*(1+$AW19)+($AY19*IF($G$1="裂石",$AK19,$AI19)+IF($G$1="裂石",$AL19*1.5,0))*(1+$AZ19)*(1+$BA19)+($BC19*IF($G$1="牵丝",$AK19,$AI19)+IF($G$1="牵丝",$AL19*1.5,0))*(1+$BD19)*(1+$BE19)+($BG19*IF($G$1="破竹",$AK19,$AI19)+IF($G$1="破竹",$AL19*1.5,0))*(1+$BH19)*(1+$BI19))*(1+$AM19)*$BN19*$Q19*(1+IF(VLOOKUP($R19,武学奇术!$A:$ZZ,30,FALSE)="蓄力技",$B$21,0))*(1+$BR19) -> 61528.499 | O19: =((($AO19+($AP19-$AO19)*IF(VLOOKUP($R19,武学奇术!$A:$ZZ,31,FALSE)=1,$F$18,0.5))*$AI19+$AJ19)*(1+$AQ19)*(1+$AR19)+(($AT19+($AU19-$AT19)*IF(VLOOKUP($R19,武学奇术!$A:$ZZ,31,FALSE)=1,$F$18,0.5))*IF($G$1="鸣金",$AK19,$AI19)+IF($G$1="鸣金",$AL19*1.5,0))*(1+$AV19)*(1+$AW19)+(($AX19+($AY19-$AX19)*IF(VLOOKUP($R19,武学奇术!$A:$ZZ,31,FALSE)=1,$F$18,0.5))*IF($G$1="裂石",$AK19,$AI19)+IF($G$1="裂石",$AL19*1.5,0))*(1+$AZ19)*(1+$BA19)+(($BB19+($BC19-$BB19)*IF(VLOOKUP($R19,武学奇术!$A:$ZZ,31,FALSE)=1,$F$18,0.5))*IF($G$1="牵丝",$AK19,$AI19)+IF($G$1="牵丝",$AL19*1.5,0))*(1+$BD19)*(1+$BE19)+(($BF19+($BG19-$BF19)*IF(VLOOKUP($R19,武学奇术!$A:$ZZ,31,FALSE)=1,$F$18,0.5))*IF($G$1="破竹",$AK19,$AI19)+IF($G$1="破竹",$AL19*1.5,0))*(1+$BH19)*(1+$BI19))*(1+$AM19)*$Q19*(1+IF(VLOOKUP($R19,武学奇术!$A:$ZZ,30,FALSE)="蓄力技",$B$21,0))*(1+$BR19) -> 40776.331 | P19: =((($AO19*$AI19+$AJ19)*(1+$AQ19)*(1+$AR19)+($AT19*IF($G$1="鸣金",$AK19,$AI19)+IF($G$1="鸣金",$AL19*1.5,0))*(1+$AV19)*(1+$AW19)+($AX19*IF($G$1="裂石",$AK19,$AI19)+IF($G$1="裂石",$AL19*1.5,0))*(1+$AZ19)*(1+$BA19)+($BB19*IF($G$1="牵丝",$AK19,$AI19)+IF($G$1="牵丝",$AL19*1.5,0))*(1+$BD19)*(1+$BE19)+($BF19*IF($G$1="破竹",$AK19,$AI19)+IF($G$1="破竹",$AL19*1.5,0))*(1+$BH19)*(1+$BI19))*(1+$AM19))*$Q19*(1+IF(VLOOKUP($R19,武学奇术!$A:$ZZ,30,FALSE)="蓄力技",$B$21,0))*(1+$BR19) -> 35975.995 | Q19: 1 | R19: 拳甲～ | S19: 易水歌5层 | T19: 断石5层 | U19: 阴阳 | V19: 近战笛 | W19: N/a | X19: N/a | Y19: 沧海帖4层 | Z19: 惧刃(拐) | AA19: N/a | AB19: 扶风(拐) | AC19: N/a | AD19: N/a | AE19: 裁云(拐) | AF19: 无惧 | AG19: 天志增伤 | AH19: =VLOOKUP($R19,武学奇术!$A:$ZZ,25,FALSE) -> 拳甲 | AI19: =VLOOKUP($R19,武学奇术!$A:$ZZ,26,FALSE) -> 2.4421 | AJ19: =VLOOKUP($R19,武学奇术!$A:$ZZ,27,FALSE)*(1+IF(OR($AH19=$F$4,$AH19=$F$5),$B$22,0)) -> 1012.5 | AK19: =VLOOKUP($R19,武学奇术!$A:$ZZ,28,FALSE) -> 3.6634 | AL19: =VLOOKUP($R19,武学奇术!$A:$ZZ,29,FALSE)*(1+IF(OR($AH19=$F$4,$AH19=$F$5),$B$22,0)) -> 549 | AM19: {=$G$3+IFERROR(VLOOKUP($AH19,$F$4:$G$7,2,FALSE),0)+VLOOKUP($R19,武学奇术!$A:$ZZ,2,FALSE)+SUM(_xlfn.XLOOKUP($S19:$AG19,增益!$A:$A,增益!$B:$B,0))} -> 0.5741 | AN19: {=VLOOKUP($R19,武学奇术!$A:$ZZ,5,FALSE)+SUM(_xlfn.XLOOKUP($S19:$AG19,增益!$A:$A,增益!$E:$E,0))} -> 0 | AO19: {=$D$10*(1+$AN19)+VLOOKUP($R19,武学奇术!$A:$ZZ,3,FALSE)+SUM(_xlfn.XLOOKUP($S19:$AG19,增益!$A:$A,增益!$C:$C,0))-$I$2} -> 3888.382 | AP19: {=$E$10*(1+$AN19)+VLOOKUP($R19,武学奇术!$A:$ZZ,4,FALSE)+SUM(_xlfn.XLOOKUP($S19:$AG19,增益!$A:$A,增益!$D:$D,0))-$I$2} -> 3888.382 | AQ19: {=IF($F$10-$I$3+VLOOKUP($R19,武学奇术!$A:$ZZ,6,FALSE)+SUM(_xlfn.XLOOKUP(S19:AG19,增益!$A:$A,增益!$F:$F,0))>0,($F$10-$I$3+VLOOKUP($R19,武学奇术!$A:$ZZ,6,FALSE)+SUM(_xlfn.XLOOKUP(S19:AG19,增益!$A:$A,增益!$F:$F,0)))/200,($F$10-$I$3+VLOOKUP($R19,武学奇术!$A:$ZZ,6,FALSE)+SUM(_xlfn.XLOOKUP(S19:AG19,增益!$A:$A,增益!$F:$F,0)))/100)} -> 0.442 | AR19: {=$G$10+VLOOKUP($R19,武学奇术!$A:$ZZ,7,FALSE)+SUM(_xlfn.XLOOKUP(S19:AG19,增益!$A:$A,增益!$G:$G,0))} -> 0.09 | AS19: {=VLOOKUP($R19,武学奇术!$A:$ZZ,8,FALSE)+SUM(_xlfn.XLOOKUP(S19:AG19,增益!$A:$A,增益!$H:$H,0))} -> 0 | AT19: =$D$11*(1+$AS19) -> 0 | AU19: =$E$11*(1+$AS19) -> 0 | AV19: {=IF($F$11-$I$4+VLOOKUP($R19,武学奇术!$A:$ZZ,9,FALSE)+SUM(_xlfn.XLOOKUP(S19:AG19,增益!$A:$A,增益!$I:$I,0))>0,($F$11-$I$4+VLOOKUP($R19,武学奇术!$A:$ZZ,9,FALSE)+SUM(_xlfn.XLOOKUP(S19:AG19,增益!$A:$A,增益!$I:$I,0)))/200,($F$11-$I$4+VLOOKUP($R19,武学奇术!$A:$ZZ,9,FALSE)+SUM(_xlfn.XLOOKUP(S19:AG19,增益!$A:$A,增益!$I:$I,0)))/100)} -> -0.14 | AW19: {=$G$11+VLOOKUP($R19,武学奇术!$A:$ZZ,10,FALSE)+SUM(_xlfn.XLOOKUP(S19:AG19,增益!$A:$A,增益!$J:$J,0))} -> 0 | AX19: =$D$12*(1+$AS19) -> 0 | AY19: =$E$12*(1+$AS19) -> 0 | AZ19: {=IF($F$12-$I$4+VLOOKUP($R19,武学奇术!$A:$ZZ,11,FALSE)+SUM(_xlfn.XLOOKUP(S19:AG19,增益!$A:$A,增益!$K:$K,0))>0,($F$12-$I$4+VLOOKUP($R19,武学奇术!$A:$ZZ,11,FALSE)+SUM(_xlfn.XLOOKUP(S19:AG19,增益!$A:$A,增益!$K:$K,0)))/200,($F$12-$I$4+VLOOKUP($R19,武学奇术!$A:$ZZ,11,FALSE)+SUM(_xlfn.XLOOKUP(S19:AG19,增益!$A:$A,增益!$K:$K,0)))/100)} -> -0.14 | BA19: {=$G$12+VLOOKUP($R19,武学奇术!$A:$ZZ,12,FALSE)+SUM(_xlfn.XLOOKUP(S19:AG19,增益!$A:$A,增益!$L:$L,0))} -> 0 | BB19: =$D$13*(1+$AS19) -> 0 | BC19: =$E$13*(1+$AS19) -> 0 | BD19: {=IF($F$13-$I$4+VLOOKUP($R19,武学奇术!$A:$ZZ,13,FALSE)+SUM(_xlfn.XLOOKUP(S19:AG19,增益!$A:$A,增益!$M:$M,0))>0,($F$13-$I$4+VLOOKUP($R19,武学奇术!$A:$ZZ,13,FALSE)+SUM(_xlfn.XLOOKUP(S19:AG19,增益!$A:$A,增益!$K:$K,0)))/200,($F$13-$I$4+VLOOKUP($R19,武学奇术!$A:$ZZ,13,FALSE)+SUM(_xlfn.XLOOKUP(S19:AG19,增益!$A:$A,增益!$M:$M,0)))/100)} -> -0.14 | BE19: {=$G$13+VLOOKUP($R19,武学奇术!$A:$ZZ,14,FALSE)+SUM(_xlfn.XLOOKUP(S19:AG19,增益!$A:$A,增益!$N:$N,0))} -> 0 | BF19: =$D$14*(1+$AS19) -> 605.472 | BG19: =$E$14*(1+$AS19) -> 1725.468 | BH19: {=IF($F$14-$I$4+VLOOKUP($R19,武学奇术!$A:$ZZ,15,FALSE)+SUM(_xlfn.XLOOKUP(S19:AG19,增益!$A:$A,增益!$O:$O,0))>0,($F$14-$I$4+VLOOKUP($R19,武学奇术!$A:$ZZ,15,FALSE)+SUM(_xlfn.XLOOKUP(S19:AG19,增益!$A:$A,增益!$O:$O,0)))/200,($F$14-$I$4+VLOOKUP($R19,武学奇术!$A:$ZZ,15,FALSE)+SUM(_xlfn.XLOOKUP(S19:AG19,增益!$A:$A,增益!$O:$O,0)))/100)} -> 0.08 | BI19: {=$G$14+VLOOKUP($R19,武学奇术!$A:$ZZ,16,FALSE)+SUM(_xlfn.XLOOKUP(S19:AG19,增益!$A:$A,增益!$P:$P,0))} -> 0.24 | BJ19: =MIN(IF(VLOOKUP($R19,武学奇术!$A:$ZZ,23,FALSE)=1,100%,$B$8),100%) -> 1 | BK19: {=IF(VLOOKUP($R19,武学奇术!$A:$ZZ,23,FALSE)=1,100%,MIN(80%,$B$9+VLOOKUP($R19,武学奇术!$A:$ZZ,17,FALSE)+SUM(_xlfn.XLOOKUP(S19:AG19,增益!$A:$A,增益!$Q:$Q,0)))+$B$11+SUM(_xlfn.XLOOKUP(S19:AG19,增益!$A:$A,增益!$U:$U,0)))*IF(VLOOKUP($R19,武学奇术!$A:$ZZ,24,FALSE)=1,0,1)+MIN(IF(VLOOKUP($R19,武学奇术!$A:$ZZ,32,FALSE)=1,IF(VLOOKUP($R19,武学奇术!$A:$ZZ,24,FALSE)=1,100%,MIN(40%,$B$10+VLOOKUP($R19,武学奇术!$A:$ZZ,19,FALSE)+SUM(_xlfn.XLOOKUP(S19:AG19,增益!$A:$A,增益!$S:$S,0)))+$B$12+SUM(_xlfn.XLOOKUP(S19:AG19,增益!$A:$A,增益!$V:$V,0))),0),12%)} -> 0.9036 | BL19: {=1+$B$13+VLOOKUP($R19,武学奇术!$A:$ZZ,18,FALSE)+SUM(_xlfn.XLOOKUP(S19:AG19,增益!$A:$A,增益!$R:$R,0))} -> 1.83 | BM19: {=MAX(IF(VLOOKUP($R19,武学奇术!$A:$ZZ,24,FALSE)=1,100%,MIN(40%,$B$10+VLOOKUP($R19,武学奇术!$A:$ZZ,19,FALSE)+SUM(_xlfn.XLOOKUP(S19:AG19,增益!$A:$A,增益!$S:$S,0)))+$B$12+SUM(_xlfn.XLOOKUP(S19:AG19,增益!$A:$A,增益!$V:$V,0)))*IF(VLOOKUP($R19,武学奇术!$A:$ZZ,23,FALSE)=1,0,1)-IF(VLOOKUP($R19,武学奇术!$A:$ZZ,32,FALSE)=1,12%,0),0)} -> 0.0929 | BN19: {=1+$B$14+VLOOKUP($R19,武学奇术!$A:$ZZ,20,FALSE)+SUM(_xlfn.XLOOKUP(S19:AG19,增益!$A:$A,增益!$T:$T,0))} -> 1.35 | BO19: =MIN((1-BM19)*BJ19,BJ19*BK19) -> 0.9036 | BP19: =1-BM19-BO19-BQ19 -> 0.0035 | BQ19: =IF(VLOOKUP($R19,武学奇术!$A:$ZZ,22,FALSE)=1,0,(1-$BJ19))*(1-$BM19) -> 0 | BR19: {=SUM(_xlfn.XLOOKUP(S19:AG19,增益!$A:$A,增益!$W:$W,0))+$I$5} -> 0.11
A20: 群体奇术增 | B20: 0 | C20: 影 | D20: √ | H20: 真气比例 | I20: =SUM(K:K)/SUM(L:L) -> 0.91292685 | K20: =$L20*VLOOKUP($R20,武学奇术!$A:$ZZ,31,FALSE) -> 31940.678 | L20: =($M20*$BO20+$N20*$BM20+$O20*$BP20+$P20*$BQ20) -> 31940.678 | M20: =((($AO20+($AP20-$AO20)*IF(VLOOKUP($R20,武学奇术!$A:$ZZ,31,FALSE)=1,$F$18,0.5))*$AI20+$AJ20)*(1+$AQ20)*(1+$AR20)+(($AT20+($AU20-$AT20)*IF(VLOOKUP($R20,武学奇术!$A:$ZZ,31,FALSE)=1,$F$18,0.5))*IF($G$1="鸣金",$AK20,$AI20)+IF($G$1="鸣金",$AL20*1.5,0))*(1+$AV20)*(1+$AW20)+(($AX20+($AY20-$AX20)*IF(VLOOKUP($R20,武学奇术!$A:$ZZ,31,FALSE)=1,$F$18,0.5))*IF($G$1="裂石",$AK20,$AI20)+IF($G$1="裂石",$AL20*1.5,0))*(1+$AZ20)*(1+$BA20)+(($BB20+($BC20-$BB20)*IF(VLOOKUP($R20,武学奇术!$A:$ZZ,31,FALSE)=1,$F$18,0.5))*IF($G$1="牵丝",$AK20,$AI20)+IF($G$1="牵丝",$AL20*1.5,0))*(1+$BD20)*(1+$BE20)+(($BF20+($BG20-$BF20)*IF(VLOOKUP($R20,武学奇术!$A:$ZZ,31,FALSE)=1,$F$18,0.5))*IF($G$1="破竹",$AK20,$AI20)+IF($G$1="破竹",$AL20*1.5,0))*(1+$BH20)*(1+$BI20))*(1+$AM20)*$BL20*$Q20*(1+IF(VLOOKUP($R20,武学奇术!$A:$ZZ,30,FALSE)="蓄力技",$B$21,0))*(1+$BR20) -> 32115.344 | N20: =(($AP20*$AI20+$AJ20)*(1+$AQ20)*(1+$AR20)+($AU20*IF($G$1="鸣金",$AK20,$AI20)+IF($G$1="鸣金",$AL20*1.5,0))*(1+$AV20)*(1+$AW20)+($AY20*IF($G$1="裂石",$AK20,$AI20)+IF($G$1="裂石",$AL20*1.5,0))*(1+$AZ20)*(1+$BA20)+($BC20*IF($G$1="牵丝",$AK20,$AI20)+IF($G$1="牵丝",$AL20*1.5,0))*(1+$BD20)*(1+$BE20)+($BG20*IF($G$1="破竹",$AK20,$AI20)+IF($G$1="破竹",$AL20*1.5,0))*(1+$BH20)*(1+$BI20))*(1+$AM20)*$BN20*$Q20*(1+IF(VLOOKUP($R20,武学奇术!$A:$ZZ,30,FALSE)="蓄力技",$B$21,0))*(1+$BR20) -> 30684.161 | O20: =((($AO20+($AP20-$AO20)*IF(VLOOKUP($R20,武学奇术!$A:$ZZ,31,FALSE)=1,$F$18,0.5))*$AI20+$AJ20)*(1+$AQ20)*(1+$AR20)+(($AT20+($AU20-$AT20)*IF(VLOOKUP($R20,武学奇术!$A:$ZZ,31,FALSE)=1,$F$18,0.5))*IF($G$1="鸣金",$AK20,$AI20)+IF($G$1="鸣金",$AL20*1.5,0))*(1+$AV20)*(1+$AW20)+(($AX20+($AY20-$AX20)*IF(VLOOKUP($R20,武学奇术!$A:$ZZ,31,FALSE)=1,$F$18,0.5))*IF($G$1="裂石",$AK20,$AI20)+IF($G$1="裂石",$AL20*1.5,0))*(1+$AZ20)*(1+$BA20)+(($BB20+($BC20-$BB20)*IF(VLOOKUP($R20,武学奇术!$A:$ZZ,31,FALSE)=1,$F$18,0.5))*IF($G$1="牵丝",$AK20,$AI20)+IF($G$1="牵丝",$AL20*1.5,0))*(1+$BD20)*(1+$BE20)+(($BF20+($BG20-$BF20)*IF(VLOOKUP($R20,武学奇术!$A:$ZZ,31,FALSE)=1,$F$18,0.5))*IF($G$1="破竹",$AK20,$AI20)+IF($G$1="破竹",$AL20*1.5,0))*(1+$BH20)*(1+$BI20))*(1+$AM20)*$Q20*(1+IF(VLOOKUP($R20,武学奇术!$A:$ZZ,30,FALSE)="蓄力技",$B$21,0))*(1+$BR20) -> 20198.33 | P20: =((($AO20*$AI20+$AJ20)*(1+$AQ20)*(1+$AR20)+($AT20*IF($G$1="鸣金",$AK20,$AI20)+IF($G$1="鸣金",$AL20*1.5,0))*(1+$AV20)*(1+$AW20)+($AX20*IF($G$1="裂石",$AK20,$AI20)+IF($G$1="裂石",$AL20*1.5,0))*(1+$AZ20)*(1+$BA20)+($BB20*IF($G$1="牵丝",$AK20,$AI20)+IF($G$1="牵丝",$AL20*1.5,0))*(1+$BD20)*(1+$BE20)+($BF20*IF($G$1="破竹",$AK20,$AI20)+IF($G$1="破竹",$AL20*1.5,0))*(1+$BH20)*(1+$BI20))*(1+$AM20))*$Q20*(1+IF(VLOOKUP($R20,武学奇术!$A:$ZZ,30,FALSE)="蓄力技",$B$21,0))*(1+$BR20) -> 17667.651 | Q20: 1 | R20: 拳甲轻击56 | S20: 易水歌5层 | T20: N/a | U20: 阴阳 | V20: 近战笛 | W20: N/a | X20: N/a | Y20: 沧海帖5层 | Z20: 惧刃(拐) | AA20: N/a | AB20: 扶风(拐) | AC20: N/a | AD20: N/a | AE20: 裁云(拐) | AF20: 无惧 | AG20: 天志增伤 | AH20: =VLOOKUP($R20,武学奇术!$A:$ZZ,25,FALSE) -> 拳甲 | AI20: =VLOOKUP($R20,武学奇术!$A:$ZZ,26,FALSE) -> 1.2876 | AJ20: =VLOOKUP($R20,武学奇术!$A:$ZZ,27,FALSE)*(1+IF(OR($AH20=$F$4,$AH20=$F$5),$B$22,0)) -> 537 | AK20: =VLOOKUP($R20,武学奇术!$A:$ZZ,28,FALSE) -> 1.9313 | AL20: =VLOOKUP($R20,武学奇术!$A:$ZZ,29,FALSE)*(1+IF(OR($AH20=$F$4,$AH20=$F$5),$B$22,0)) -> 292.5 | AM20: {=$G$3+IFERROR(VLOOKUP($AH20,$F$4:$G$7,2,FALSE),0)+VLOOKUP($R20,武学奇术!$A:$ZZ,2,FALSE)+SUM(_xlfn.XLOOKUP($S20:$AG20,增益!$A:$A,增益!$B:$B,0))} -> 0.5741 | AN20: {=VLOOKUP($R20,武学奇术!$A:$ZZ,5,FALSE)+SUM(_xlfn.XLOOKUP($S20:$AG20,增益!$A:$A,增益!$E:$E,0))} -> 0 | AO20: {=$D$10*(1+$AN20)+VLOOKUP($R20,武学奇术!$A:$ZZ,3,FALSE)+SUM(_xlfn.XLOOKUP($S20:$AG20,增益!$A:$A,增益!$C:$C,0))-$I$2} -> 3888.382 | AP20: {=$E$10*(1+$AN20)+VLOOKUP($R20,武学奇术!$A:$ZZ,4,FALSE)+SUM(_xlfn.XLOOKUP($S20:$AG20,增益!$A:$A,增益!$D:$D,0))-$I$2} -> 3888.382 | AQ20: {=IF($F$10-$I$3+VLOOKUP($R20,武学奇术!$A:$ZZ,6,FALSE)+SUM(_xlfn.XLOOKUP(S20:AG20,增益!$A:$A,增益!$F:$F,0))>0,($F$10-$I$3+VLOOKUP($R20,武学奇术!$A:$ZZ,6,FALSE)+SUM(_xlfn.XLOOKUP(S20:AG20,增益!$A:$A,增益!$F:$F,0)))/200,($F$10-$I$3+VLOOKUP($R20,武学奇术!$A:$ZZ,6,FALSE)+SUM(_xlfn.XLOOKUP(S20:AG20,增益!$A:$A,增益!$F:$F,0)))/100)} -> 0.317 | AR20: {=$G$10+VLOOKUP($R20,武学奇术!$A:$ZZ,7,FALSE)+SUM(_xlfn.XLOOKUP(S20:AG20,增益!$A:$A,增益!$G:$G,0))} -> 0.09 | AS20: {=VLOOKUP($R20,武学奇术!$A:$ZZ,8,FALSE)+SUM(_xlfn.XLOOKUP(S20:AG20,增益!$A:$A,增益!$H:$H,0))} -> 0 | AT20: =$D$11*(1+$AS20) -> 0 | AU20: =$E$11*(1+$AS20) -> 0 | AV20: {=IF($F$11-$I$4+VLOOKUP($R20,武学奇术!$A:$ZZ,9,FALSE)+SUM(_xlfn.XLOOKUP(S20:AG20,增益!$A:$A,增益!$I:$I,0))>0,($F$11-$I$4+VLOOKUP($R20,武学奇术!$A:$ZZ,9,FALSE)+SUM(_xlfn.XLOOKUP(S20:AG20,增益!$A:$A,增益!$I:$I,0)))/200,($F$11-$I$4+VLOOKUP($R20,武学奇术!$A:$ZZ,9,FALSE)+SUM(_xlfn.XLOOKUP(S20:AG20,增益!$A:$A,增益!$I:$I,0)))/100)} -> -0.14 | AW20: {=$G$11+VLOOKUP($R20,武学奇术!$A:$ZZ,10,FALSE)+SUM(_xlfn.XLOOKUP(S20:AG20,增益!$A:$A,增益!$J:$J,0))} -> 0 | AX20: =$D$12*(1+$AS20) -> 0 | AY20: =$E$12*(1+$AS20) -> 0 | AZ20: {=IF($F$12-$I$4+VLOOKUP($R20,武学奇术!$A:$ZZ,11,FALSE)+SUM(_xlfn.XLOOKUP(S20:AG20,增益!$A:$A,增益!$K:$K,0))>0,($F$12-$I$4+VLOOKUP($R20,武学奇术!$A:$ZZ,11,FALSE)+SUM(_xlfn.XLOOKUP(S20:AG20,增益!$A:$A,增益!$K:$K,0)))/200,($F$12-$I$4+VLOOKUP($R20,武学奇术!$A:$ZZ,11,FALSE)+SUM(_xlfn.XLOOKUP(S20:AG20,增益!$A:$A,增益!$K:$K,0)))/100)} -> -0.14 | BA20: {=$G$12+VLOOKUP($R20,武学奇术!$A:$ZZ,12,FALSE)+SUM(_xlfn.XLOOKUP(S20:AG20,增益!$A:$A,增益!$L:$L,0))} -> 0 | BB20: =$D$13*(1+$AS20) -> 0 | BC20: =$E$13*(1+$AS20) -> 0 | BD20: {=IF($F$13-$I$4+VLOOKUP($R20,武学奇术!$A:$ZZ,13,FALSE)+SUM(_xlfn.XLOOKUP(S20:AG20,增益!$A:$A,增益!$M:$M,0))>0,($F$13-$I$4+VLOOKUP($R20,武学奇术!$A:$ZZ,13,FALSE)+SUM(_xlfn.XLOOKUP(S20:AG20,增益!$A:$A,增益!$K:$K,0)))/200,($F$13-$I$4+VLOOKUP($R20,武学奇术!$A:$ZZ,13,FALSE)+SUM(_xlfn.XLOOKUP(S20:AG20,增益!$A:$A,增益!$M:$M,0)))/100)} -> -0.14 | BE20: {=$G$13+VLOOKUP($R20,武学奇术!$A:$ZZ,14,FALSE)+SUM(_xlfn.XLOOKUP(S20:AG20,增益!$A:$A,增益!$N:$N,0))} -> 0 | BF20: =$D$14*(1+$AS20) -> 605.472 | BG20: =$E$14*(1+$AS20) -> 1725.468 | BH20: {=IF($F$14-$I$4+VLOOKUP($R20,武学奇术!$A:$ZZ,15,FALSE)+SUM(_xlfn.XLOOKUP(S20:AG20,增益!$A:$A,增益!$O:$O,0))>0,($F$14-$I$4+VLOOKUP($R20,武学奇术!$A:$ZZ,15,FALSE)+SUM(_xlfn.XLOOKUP(S20:AG20,增益!$A:$A,增益!$O:$O,0)))/200,($F$14-$I$4+VLOOKUP($R20,武学奇术!$A:$ZZ,15,FALSE)+SUM(_xlfn.XLOOKUP(S20:AG20,增益!$A:$A,增益!$O:$O,0)))/100)} -> 0.08 | BI20: {=$G$14+VLOOKUP($R20,武学奇术!$A:$ZZ,16,FALSE)+SUM(_xlfn.XLOOKUP(S20:AG20,增益!$A:$A,增益!$P:$P,0))} -> 0.24 | BJ20: =MIN(IF(VLOOKUP($R20,武学奇术!$A:$ZZ,23,FALSE)=1,100%,$B$8),100%) -> 1 | BK20: {=IF(VLOOKUP($R20,武学奇术!$A:$ZZ,23,FALSE)=1,100%,MIN(80%,$B$9+VLOOKUP($R20,武学奇术!$A:$ZZ,17,FALSE)+SUM(_xlfn.XLOOKUP(S20:AG20,增益!$A:$A,增益!$Q:$Q,0)))+$B$11+SUM(_xlfn.XLOOKUP(S20:AG20,增益!$A:$A,增益!$U:$U,0)))*IF(VLOOKUP($R20,武学奇术!$A:$ZZ,24,FALSE)=1,0,1)+MIN(IF(VLOOKUP($R20,武学奇术!$A:$ZZ,32,FALSE)=1,IF(VLOOKUP($R20,武学奇术!$A:$ZZ,24,FALSE)=1,100%,MIN(40%,$B$10+VLOOKUP($R20,武学奇术!$A:$ZZ,19,FALSE)+SUM(_xlfn.XLOOKUP(S20:AG20,增益!$A:$A,增益!$S:$S,0)))+$B$12+SUM(_xlfn.XLOOKUP(S20:AG20,增益!$A:$A,增益!$V:$V,0))),0),12%)} -> 0.9036 | BL20: {=1+$B$13+VLOOKUP($R20,武学奇术!$A:$ZZ,18,FALSE)+SUM(_xlfn.XLOOKUP(S20:AG20,增益!$A:$A,增益!$R:$R,0))} -> 1.59 | BM20: {=MAX(IF(VLOOKUP($R20,武学奇术!$A:$ZZ,24,FALSE)=1,100%,MIN(40%,$B$10+VLOOKUP($R20,武学奇术!$A:$ZZ,19,FALSE)+SUM(_xlfn.XLOOKUP(S20:AG20,增益!$A:$A,增益!$S:$S,0)))+$B$12+SUM(_xlfn.XLOOKUP(S20:AG20,增益!$A:$A,增益!$V:$V,0)))*IF(VLOOKUP($R20,武学奇术!$A:$ZZ,23,FALSE)=1,0,1)-IF(VLOOKUP($R20,武学奇术!$A:$ZZ,32,FALSE)=1,12%,0),0)} -> 0.0929 | BN20: {=1+$B$14+VLOOKUP($R20,武学奇术!$A:$ZZ,20,FALSE)+SUM(_xlfn.XLOOKUP(S20:AG20,增益!$A:$A,增益!$T:$T,0))} -> 1.35 | BO20: =MIN((1-BM20)*BJ20,BJ20*BK20) -> 0.9036 | BP20: =1-BM20-BO20-BQ20 -> 0.0035 | BQ20: =IF(VLOOKUP($R20,武学奇术!$A:$ZZ,22,FALSE)=1,0,(1-$BJ20))*(1-$BM20) -> 0 | BR20: {=SUM(_xlfn.XLOOKUP(S20:AG20,增益!$A:$A,增益!$W:$W,0))+$I$5} -> 0.11
A21: 蓄力技定音 | B21: 0.32 | C21: 翊 | D21: × | E21: 第三心法 | K21: =$L21*VLOOKUP($R21,武学奇术!$A:$ZZ,31,FALSE) -> 107408.66 | L21: =($M21*$BO21+$N21*$BM21+$O21*$BP21+$P21*$BQ21) -> 82622.047 | M21: =((($AO21+($AP21-$AO21)*IF(VLOOKUP($R21,武学奇术!$A:$ZZ,31,FALSE)=1,$F$18,0.5))*$AI21+$AJ21)*(1+$AQ21)*(1+$AR21)+(($AT21+($AU21-$AT21)*IF(VLOOKUP($R21,武学奇术!$A:$ZZ,31,FALSE)=1,$F$18,0.5))*IF($G$1="鸣金",$AK21,$AI21)+IF($G$1="鸣金",$AL21*1.5,0))*(1+$AV21)*(1+$AW21)+(($AX21+($AY21-$AX21)*IF(VLOOKUP($R21,武学奇术!$A:$ZZ,31,FALSE)=1,$F$18,0.5))*IF($G$1="裂石",$AK21,$AI21)+IF($G$1="裂石",$AL21*1.5,0))*(1+$AZ21)*(1+$BA21)+(($BB21+($BC21-$BB21)*IF(VLOOKUP($R21,武学奇术!$A:$ZZ,31,FALSE)=1,$F$18,0.5))*IF($G$1="牵丝",$AK21,$AI21)+IF($G$1="牵丝",$AL21*1.5,0))*(1+$BD21)*(1+$BE21)+(($BF21+($BG21-$BF21)*IF(VLOOKUP($R21,武学奇术!$A:$ZZ,31,FALSE)=1,$F$18,0.5))*IF($G$1="破竹",$AK21,$AI21)+IF($G$1="破竹",$AL21*1.5,0))*(1+$BH21)*(1+$BI21))*(1+$AM21)*$BL21*$Q21*(1+IF(VLOOKUP($R21,武学奇术!$A:$ZZ,30,FALSE)="蓄力技",$B$21,0))*(1+$BR21) -> 84199.713 | N21: =(($AP21*$AI21+$AJ21)*(1+$AQ21)*(1+$AR21)+($AU21*IF($G$1="鸣金",$AK21,$AI21)+IF($G$1="鸣金",$AL21*1.5,0))*(1+$AV21)*(1+$AW21)+($AY21*IF($G$1="裂石",$AK21,$AI21)+IF($G$1="裂石",$AL21*1.5,0))*(1+$AZ21)*(1+$BA21)+($BC21*IF($G$1="牵丝",$AK21,$AI21)+IF($G$1="牵丝",$AL21*1.5,0))*(1+$BD21)*(1+$BE21)+($BG21*IF($G$1="破竹",$AK21,$AI21)+IF($G$1="破竹",$AL21*1.5,0))*(1+$BH21)*(1+$BI21))*(1+$AM21)*$BN21*$Q21*(1+IF(VLOOKUP($R21,武学奇术!$A:$ZZ,30,FALSE)="蓄力技",$B$21,0))*(1+$BR21) -> 68711.098 | O21: =((($AO21+($AP21-$AO21)*IF(VLOOKUP($R21,武学奇术!$A:$ZZ,31,FALSE)=1,$F$18,0.5))*$AI21+$AJ21)*(1+$AQ21)*(1+$AR21)+(($AT21+($AU21-$AT21)*IF(VLOOKUP($R21,武学奇术!$A:$ZZ,31,FALSE)=1,$F$18,0.5))*IF($G$1="鸣金",$AK21,$AI21)+IF($G$1="鸣金",$AL21*1.5,0))*(1+$AV21)*(1+$AW21)+(($AX21+($AY21-$AX21)*IF(VLOOKUP($R21,武学奇术!$A:$ZZ,31,FALSE)=1,$F$18,0.5))*IF($G$1="裂石",$AK21,$AI21)+IF($G$1="裂石",$AL21*1.5,0))*(1+$AZ21)*(1+$BA21)+(($BB21+($BC21-$BB21)*IF(VLOOKUP($R21,武学奇术!$A:$ZZ,31,FALSE)=1,$F$18,0.5))*IF($G$1="牵丝",$AK21,$AI21)+IF($G$1="牵丝",$AL21*1.5,0))*(1+$BD21)*(1+$BE21)+(($BF21+($BG21-$BF21)*IF(VLOOKUP($R21,武学奇术!$A:$ZZ,31,FALSE)=1,$F$18,0.5))*IF($G$1="破竹",$AK21,$AI21)+IF($G$1="破竹",$AL21*1.5,0))*(1+$BH21)*(1+$BI21))*(1+$AM21)*$Q21*(1+IF(VLOOKUP($R21,武学奇术!$A:$ZZ,30,FALSE)="蓄力技",$B$21,0))*(1+$BR21) -> 44550.113 | P21: =((($AO21*$AI21+$AJ21)*(1+$AQ21)*(1+$AR21)+($AT21*IF($G$1="鸣金",$AK21,$AI21)+IF($G$1="鸣金",$AL21*1.5,0))*(1+$AV21)*(1+$AW21)+($AX21*IF($G$1="裂石",$AK21,$AI21)+IF($G$1="裂石",$AL21*1.5,0))*(1+$AZ21)*(1+$BA21)+($BB21*IF($G$1="牵丝",$AK21,$AI21)+IF($G$1="牵丝",$AL21*1.5,0))*(1+$BD21)*(1+$BE21)+($BF21*IF($G$1="破竹",$AK21,$AI21)+IF($G$1="破竹",$AL21*1.5,0))*(1+$BH21)*(1+$BI21))*(1+$AM21))*$Q21*(1+IF(VLOOKUP($R21,武学奇术!$A:$ZZ,30,FALSE)="蓄力技",$B$21,0))*(1+$BR21) -> 38203.115 | Q21: 1 | R21: 鹰隼追击(拳甲) | S21: 易水歌5层 | T21: N/a | U21: 阴阳 | V21: 近战笛 | W21: N/a | X21: N/a | Y21: 沧海帖5层 | Z21: 惧刃(拐) | AA21: 三穷 | AB21: 扶风(拐) | AC21: N/a | AD21: N/a | AE21: 裁云(拐) | AF21: 无惧 | AG21: 天志增伤 | AH21: =VLOOKUP($R21,武学奇术!$A:$ZZ,25,FALSE) -> 拳甲 | AI21: =VLOOKUP($R21,武学奇术!$A:$ZZ,26,FALSE) -> 2.638944 | AJ21: =VLOOKUP($R21,武学奇术!$A:$ZZ,27,FALSE)*(1+IF(OR($AH21=$F$4,$AH21=$F$5),$B$22,0)) -> 0 | AK21: =VLOOKUP($R21,武学奇术!$A:$ZZ,28,FALSE) -> 3.958416 | AL21: =VLOOKUP($R21,武学奇术!$A:$ZZ,29,FALSE)*(1+IF(OR($AH21=$F$4,$AH21=$F$5),$B$22,0)) -> 0 | AM21: {=$G$3+IFERROR(VLOOKUP($AH21,$F$4:$G$7,2,FALSE),0)+VLOOKUP($R21,武学奇术!$A:$ZZ,2,FALSE)+SUM(_xlfn.XLOOKUP($S21:$AG21,增益!$A:$A,增益!$B:$B,0))} -> 0.8741 | AN21: {=VLOOKUP($R21,武学奇术!$A:$ZZ,5,FALSE)+SUM(_xlfn.XLOOKUP($S21:$AG21,增益!$A:$A,增益!$E:$E,0))} -> 0 | AO21: {=$D$10*(1+$AN21)+VLOOKUP($R21,武学奇术!$A:$ZZ,3,FALSE)+SUM(_xlfn.XLOOKUP($S21:$AG21,增益!$A:$A,增益!$C:$C,0))-$I$2} -> 3888.382 | AP21: {=$E$10*(1+$AN21)+VLOOKUP($R21,武学奇术!$A:$ZZ,4,FALSE)+SUM(_xlfn.XLOOKUP($S21:$AG21,增益!$A:$A,增益!$D:$D,0))-$I$2} -> 3888.382 | AQ21: {=IF($F$10-$I$3+VLOOKUP($R21,武学奇术!$A:$ZZ,6,FALSE)+SUM(_xlfn.XLOOKUP(S21:AG21,增益!$A:$A,增益!$F:$F,0))>0,($F$10-$I$3+VLOOKUP($R21,武学奇术!$A:$ZZ,6,FALSE)+SUM(_xlfn.XLOOKUP(S21:AG21,增益!$A:$A,增益!$F:$F,0)))/200,($F$10-$I$3+VLOOKUP($R21,武学奇术!$A:$ZZ,6,FALSE)+SUM(_xlfn.XLOOKUP(S21:AG21,增益!$A:$A,增益!$F:$F,0)))/100)} -> 0.347 | AR21: {=$G$10+VLOOKUP($R21,武学奇术!$A:$ZZ,7,FALSE)+SUM(_xlfn.XLOOKUP(S21:AG21,增益!$A:$A,增益!$G:$G,0))} -> 0.09 | AS21: {=VLOOKUP($R21,武学奇术!$A:$ZZ,8,FALSE)+SUM(_xlfn.XLOOKUP(S21:AG21,增益!$A:$A,增益!$H:$H,0))} -> 0 | AT21: =$D$11*(1+$AS21) -> 0 | AU21: =$E$11*(1+$AS21) -> 0 | AV21: {=IF($F$11-$I$4+VLOOKUP($R21,武学奇术!$A:$ZZ,9,FALSE)+SUM(_xlfn.XLOOKUP(S21:AG21,增益!$A:$A,增益!$I:$I,0))>0,($F$11-$I$4+VLOOKUP($R21,武学奇术!$A:$ZZ,9,FALSE)+SUM(_xlfn.XLOOKUP(S21:AG21,增益!$A:$A,增益!$I:$I,0)))/200,($F$11-$I$4+VLOOKUP($R21,武学奇术!$A:$ZZ,9,FALSE)+SUM(_xlfn.XLOOKUP(S21:AG21,增益!$A:$A,增益!$I:$I,0)))/100)} -> -0.08 | AW21: {=$G$11+VLOOKUP($R21,武学奇术!$A:$ZZ,10,FALSE)+SUM(_xlfn.XLOOKUP(S21:AG21,增益!$A:$A,增益!$J:$J,0))} -> 0 | AX21: =$D$12*(1+$AS21) -> 0 | AY21: =$E$12*(1+$AS21) -> 0 | AZ21: {=IF($F$12-$I$4+VLOOKUP($R21,武学奇术!$A:$ZZ,11,FALSE)+SUM(_xlfn.XLOOKUP(S21:AG21,增益!$A:$A,增益!$K:$K,0))>0,($F$12-$I$4+VLOOKUP($R21,武学奇术!$A:$ZZ,11,FALSE)+SUM(_xlfn.XLOOKUP(S21:AG21,增益!$A:$A,增益!$K:$K,0)))/200,($F$12-$I$4+VLOOKUP($R21,武学奇术!$A:$ZZ,11,FALSE)+SUM(_xlfn.XLOOKUP(S21:AG21,增益!$A:$A,增益!$K:$K,0)))/100)} -> -0.08 | BA21: {=$G$12+VLOOKUP($R21,武学奇术!$A:$ZZ,12,FALSE)+SUM(_xlfn.XLOOKUP(S21:AG21,增益!$A:$A,增益!$L:$L,0))} -> 0 | BB21: =$D$13*(1+$AS21) -> 0 | BC21: =$E$13*(1+$AS21) -> 0 | BD21: {=IF($F$13-$I$4+VLOOKUP($R21,武学奇术!$A:$ZZ,13,FALSE)+SUM(_xlfn.XLOOKUP(S21:AG21,增益!$A:$A,增益!$M:$M,0))>0,($F$13-$I$4+VLOOKUP($R21,武学奇术!$A:$ZZ,13,FALSE)+SUM(_xlfn.XLOOKUP(S21:AG21,增益!$A:$A,增益!$K:$K,0)))/200,($F$13-$I$4+VLOOKUP($R21,武学奇术!$A:$ZZ,13,FALSE)+SUM(_xlfn.XLOOKUP(S21:AG21,增益!$A:$A,增益!$M:$M,0)))/100)} -> -0.08 | BE21: {=$G$13+VLOOKUP($R21,武学奇术!$A:$ZZ,14,FALSE)+SUM(_xlfn.XLOOKUP(S21:AG21,增益!$A:$A,增益!$N:$N,0))} -> 0 | BF21: =$D$14*(1+$AS21) -> 605.472 | BG21: =$E$14*(1+$AS21) -> 1725.468 | BH21: {=IF($F$14-$I$4+VLOOKUP($R21,武学奇术!$A:$ZZ,15,FALSE)+SUM(_xlfn.XLOOKUP(S21:AG21,增益!$A:$A,增益!$O:$O,0))>0,($F$14-$I$4+VLOOKUP($R21,武学奇术!$A:$ZZ,15,FALSE)+SUM(_xlfn.XLOOKUP(S21:AG21,增益!$A:$A,增益!$O:$O,0)))/200,($F$14-$I$4+VLOOKUP($R21,武学奇术!$A:$ZZ,15,FALSE)+SUM(_xlfn.XLOOKUP(S21:AG21,增益!$A:$A,增益!$O:$O,0)))/100)} -> 0.11 | BI21: {=$G$14+VLOOKUP($R21,武学奇术!$A:$ZZ,16,FALSE)+SUM(_xlfn.XLOOKUP(S21:AG21,增益!$A:$A,增益!$P:$P,0))} -> 0.24 | BJ21: =MIN(IF(VLOOKUP($R21,武学奇术!$A:$ZZ,23,FALSE)=1,100%,$B$8),100%) -> 1 | BK21: {=IF(VLOOKUP($R21,武学奇术!$A:$ZZ,23,FALSE)=1,100%,MIN(80%,$B$9+VLOOKUP($R21,武学奇术!$A:$ZZ,17,FALSE)+SUM(_xlfn.XLOOKUP(S21:AG21,增益!$A:$A,增益!$Q:$Q,0)))+$B$11+SUM(_xlfn.XLOOKUP(S21:AG21,增益!$A:$A,增益!$U:$U,0)))*IF(VLOOKUP($R21,武学奇术!$A:$ZZ,24,FALSE)=1,0,1)+MIN(IF(VLOOKUP($R21,武学奇术!$A:$ZZ,32,FALSE)=1,IF(VLOOKUP($R21,武学奇术!$A:$ZZ,24,FALSE)=1,100%,MIN(40%,$B$10+VLOOKUP($R21,武学奇术!$A:$ZZ,19,FALSE)+SUM(_xlfn.XLOOKUP(S21:AG21,增益!$A:$A,增益!$S:$S,0)))+$B$12+SUM(_xlfn.XLOOKUP(S21:AG21,增益!$A:$A,增益!$V:$V,0))),0),12%)} -> 0.9036 | BL21: {=1+$B$13+VLOOKUP($R21,武学奇术!$A:$ZZ,18,FALSE)+SUM(_xlfn.XLOOKUP(S21:AG21,增益!$A:$A,增益!$R:$R,0))} -> 1.89 | BM21: {=MAX(IF(VLOOKUP($R21,武学奇术!$A:$ZZ,24,FALSE)=1,100%,MIN(40%,$B$10+VLOOKUP($R21,武学奇术!$A:$ZZ,19,FALSE)+SUM(_xlfn.XLOOKUP(S21:AG21,增益!$A:$A,增益!$S:$S,0)))+$B$12+SUM(_xlfn.XLOOKUP(S21:AG21,增益!$A:$A,增益!$V:$V,0)))*IF(VLOOKUP($R21,武学奇术!$A:$ZZ,23,FALSE)=1,0,1)-IF(VLOOKUP($R21,武学奇术!$A:$ZZ,32,FALSE)=1,12%,0),0)} -> 0.0929 | BN21: {=1+$B$14+VLOOKUP($R21,武学奇术!$A:$ZZ,20,FALSE)+SUM(_xlfn.XLOOKUP(S21:AG21,增益!$A:$A,增益!$T:$T,0))} -> 1.35 | BO21: =MIN((1-BM21)*BJ21,BJ21*BK21) -> 0.9036 | BP21: =1-BM21-BO21-BQ21 -> 0.0035 | BQ21: =IF(VLOOKUP($R21,武学奇术!$A:$ZZ,22,FALSE)=1,0,(1-$BJ21))*(1-$BM21) -> 0 | BR21: {=SUM(_xlfn.XLOOKUP(S21:AG21,增益!$A:$A,增益!$W:$W,0))+$I$5} -> 0.11
A22: 固伤加成 | B22: 0.5 | E22: 断石之构 | K22: =$L22*VLOOKUP($R22,武学奇术!$A:$ZZ,31,FALSE) -> 24472.919 | L22: =($M22*$BO22+$N22*$BM22+$O22*$BP22+$P22*$BQ22) -> 24472.919 | M22: =((($AO22+($AP22-$AO22)*IF(VLOOKUP($R22,武学奇术!$A:$ZZ,31,FALSE)=1,$F$18,0.5))*$AI22+$AJ22)*(1+$AQ22)*(1+$AR22)+(($AT22+($AU22-$AT22)*IF(VLOOKUP($R22,武学奇术!$A:$ZZ,31,FALSE)=1,$F$18,0.5))*IF($G$1="鸣金",$AK22,$AI22)+IF($G$1="鸣金",$AL22*1.5,0))*(1+$AV22)*(1+$AW22)+(($AX22+($AY22-$AX22)*IF(VLOOKUP($R22,武学奇术!$A:$ZZ,31,FALSE)=1,$F$18,0.5))*IF($G$1="裂石",$AK22,$AI22)+IF($G$1="裂石",$AL22*1.5,0))*(1+$AZ22)*(1+$BA22)+(($BB22+($BC22-$BB22)*IF(VLOOKUP($R22,武学奇术!$A:$ZZ,31,FALSE)=1,$F$18,0.5))*IF($G$1="牵丝",$AK22,$AI22)+IF($G$1="牵丝",$AL22*1.5,0))*(1+$BD22)*(1+$BE22)+(($BF22+($BG22-$BF22)*IF(VLOOKUP($R22,武学奇术!$A:$ZZ,31,FALSE)=1,$F$18,0.5))*IF($G$1="破竹",$AK22,$AI22)+IF($G$1="破竹",$AL22*1.5,0))*(1+$BH22)*(1+$BI22))*(1+$AM22)*$BL22*$Q22*(1+IF(VLOOKUP($R22,武学奇术!$A:$ZZ,30,FALSE)="蓄力技",$B$21,0))*(1+$BR22) -> 24620.642 | N22: =(($AP22*$AI22+$AJ22)*(1+$AQ22)*(1+$AR22)+($AU22*IF($G$1="鸣金",$AK22,$AI22)+IF($G$1="鸣金",$AL22*1.5,0))*(1+$AV22)*(1+$AW22)+($AY22*IF($G$1="裂石",$AK22,$AI22)+IF($G$1="裂石",$AL22*1.5,0))*(1+$AZ22)*(1+$BA22)+($BC22*IF($G$1="牵丝",$AK22,$AI22)+IF($G$1="牵丝",$AL22*1.5,0))*(1+$BD22)*(1+$BE22)+($BG22*IF($G$1="破竹",$AK22,$AI22)+IF($G$1="破竹",$AL22*1.5,0))*(1+$BH22)*(1+$BI22))*(1+$AM22)*$BN22*$Q22*(1+IF(VLOOKUP($R22,武学奇术!$A:$ZZ,30,FALSE)="蓄力技",$B$21,0))*(1+$BR22) -> 23378.35 | O22: =((($AO22+($AP22-$AO22)*IF(VLOOKUP($R22,武学奇术!$A:$ZZ,31,FALSE)=1,$F$18,0.5))*$AI22+$AJ22)*(1+$AQ22)*(1+$AR22)+(($AT22+($AU22-$AT22)*IF(VLOOKUP($R22,武学奇术!$A:$ZZ,31,FALSE)=1,$F$18,0.5))*IF($G$1="鸣金",$AK22,$AI22)+IF($G$1="鸣金",$AL22*1.5,0))*(1+$AV22)*(1+$AW22)+(($AX22+($AY22-$AX22)*IF(VLOOKUP($R22,武学奇术!$A:$ZZ,31,FALSE)=1,$F$18,0.5))*IF($G$1="裂石",$AK22,$AI22)+IF($G$1="裂石",$AL22*1.5,0))*(1+$AZ22)*(1+$BA22)+(($BB22+($BC22-$BB22)*IF(VLOOKUP($R22,武学奇术!$A:$ZZ,31,FALSE)=1,$F$18,0.5))*IF($G$1="牵丝",$AK22,$AI22)+IF($G$1="牵丝",$AL22*1.5,0))*(1+$BD22)*(1+$BE22)+(($BF22+($BG22-$BF22)*IF(VLOOKUP($R22,武学奇术!$A:$ZZ,31,FALSE)=1,$F$18,0.5))*IF($G$1="破竹",$AK22,$AI22)+IF($G$1="破竹",$AL22*1.5,0))*(1+$BH22)*(1+$BI22))*(1+$AM22)*$Q22*(1+IF(VLOOKUP($R22,武学奇术!$A:$ZZ,30,FALSE)="蓄力技",$B$21,0))*(1+$BR22) -> 15387.902 | P22: =((($AO22*$AI22+$AJ22)*(1+$AQ22)*(1+$AR22)+($AT22*IF($G$1="鸣金",$AK22,$AI22)+IF($G$1="鸣金",$AL22*1.5,0))*(1+$AV22)*(1+$AW22)+($AX22*IF($G$1="裂石",$AK22,$AI22)+IF($G$1="裂石",$AL22*1.5,0))*(1+$AZ22)*(1+$BA22)+($BB22*IF($G$1="牵丝",$AK22,$AI22)+IF($G$1="牵丝",$AL22*1.5,0))*(1+$BD22)*(1+$BE22)+($BF22*IF($G$1="破竹",$AK22,$AI22)+IF($G$1="破竹",$AL22*1.5,0))*(1+$BH22)*(1+$BI22))*(1+$AM22))*$Q22*(1+IF(VLOOKUP($R22,武学奇术!$A:$ZZ,30,FALSE)="蓄力技",$B$21,0))*(1+$BR22) -> 13458.507 | Q22: 1 | R22: 拳甲Q1 | S22: 易水歌5层 | T22: N/a | U22: N/a | V22: N/a | W22: N/a | X22: N/a | Y22: 沧海帖6层 | Z22: 惧刃(拐) | AA22: N/a | AB22: 扶风(拐) | AC22: N/a | AD22: N/a | AE22: 裁云(拐) | AF22: 无惧 | AG22: 天志增伤 | AH22: =VLOOKUP($R22,武学奇术!$A:$ZZ,25,FALSE) -> 拳甲 | AI22: =VLOOKUP($R22,武学奇术!$A:$ZZ,26,FALSE) -> 1.1005 | AJ22: =VLOOKUP($R22,武学奇术!$A:$ZZ,27,FALSE)*(1+IF(OR($AH22=$F$4,$AH22=$F$5),$B$22,0)) -> 457.5 | AK22: =VLOOKUP($R22,武学奇术!$A:$ZZ,28,FALSE) -> 1.6507 | AL22: =VLOOKUP($R22,武学奇术!$A:$ZZ,29,FALSE)*(1+IF(OR($AH22=$F$4,$AH22=$F$5),$B$22,0)) -> 247.5 | AM22: {=$G$3+IFERROR(VLOOKUP($AH22,$F$4:$G$7,2,FALSE),0)+VLOOKUP($R22,武学奇术!$A:$ZZ,2,FALSE)+SUM(_xlfn.XLOOKUP($S22:$AG22,增益!$A:$A,增益!$B:$B,0))} -> 0.4041 | AN22: {=VLOOKUP($R22,武学奇术!$A:$ZZ,5,FALSE)+SUM(_xlfn.XLOOKUP($S22:$AG22,增益!$A:$A,增益!$E:$E,0))} -> 0 | AO22: {=$D$10*(1+$AN22)+VLOOKUP($R22,武学奇术!$A:$ZZ,3,FALSE)+SUM(_xlfn.XLOOKUP($S22:$AG22,增益!$A:$A,增益!$C:$C,0))-$I$2} -> 3888.382 | AP22: {=$E$10*(1+$AN22)+VLOOKUP($R22,武学奇术!$A:$ZZ,4,FALSE)+SUM(_xlfn.XLOOKUP($S22:$AG22,增益!$A:$A,增益!$D:$D,0))-$I$2} -> 3888.382 | AQ22: {=IF($F$10-$I$3+VLOOKUP($R22,武学奇术!$A:$ZZ,6,FALSE)+SUM(_xlfn.XLOOKUP(S22:AG22,增益!$A:$A,增益!$F:$F,0))>0,($F$10-$I$3+VLOOKUP($R22,武学奇术!$A:$ZZ,6,FALSE)+SUM(_xlfn.XLOOKUP(S22:AG22,增益!$A:$A,增益!$F:$F,0)))/200,($F$10-$I$3+VLOOKUP($R22,武学奇术!$A:$ZZ,6,FALSE)+SUM(_xlfn.XLOOKUP(S22:AG22,增益!$A:$A,增益!$F:$F,0)))/100)} -> 0.317 | AR22: {=$G$10+VLOOKUP($R22,武学奇术!$A:$ZZ,7,FALSE)+SUM(_xlfn.XLOOKUP(S22:AG22,增益!$A:$A,增益!$G:$G,0))} -> 0.09 | AS22: {=VLOOKUP($R22,武学奇术!$A:$ZZ,8,FALSE)+SUM(_xlfn.XLOOKUP(S22:AG22,增益!$A:$A,增益!$H:$H,0))} -> 0 | AT22: =$D$11*(1+$AS22) -> 0 | AU22: =$E$11*(1+$AS22) -> 0 | AV22: {=IF($F$11-$I$4+VLOOKUP($R22,武学奇术!$A:$ZZ,9,FALSE)+SUM(_xlfn.XLOOKUP(S22:AG22,增益!$A:$A,增益!$I:$I,0))>0,($F$11-$I$4+VLOOKUP($R22,武学奇术!$A:$ZZ,9,FALSE)+SUM(_xlfn.XLOOKUP(S22:AG22,增益!$A:$A,增益!$I:$I,0)))/200,($F$11-$I$4+VLOOKUP($R22,武学奇术!$A:$ZZ,9,FALSE)+SUM(_xlfn.XLOOKUP(S22:AG22,增益!$A:$A,增益!$I:$I,0)))/100)} -> -0.14 | AW22: {=$G$11+VLOOKUP($R22,武学奇术!$A:$ZZ,10,FALSE)+SUM(_xlfn.XLOOKUP(S22:AG22,增益!$A:$A,增益!$J:$J,0))} -> 0 | AX22: =$D$12*(1+$AS22) -> 0 | AY22: =$E$12*(1+$AS22) -> 0 | AZ22: {=IF($F$12-$I$4+VLOOKUP($R22,武学奇术!$A:$ZZ,11,FALSE)+SUM(_xlfn.XLOOKUP(S22:AG22,增益!$A:$A,增益!$K:$K,0))>0,($F$12-$I$4+VLOOKUP($R22,武学奇术!$A:$ZZ,11,FALSE)+SUM(_xlfn.XLOOKUP(S22:AG22,增益!$A:$A,增益!$K:$K,0)))/200,($F$12-$I$4+VLOOKUP($R22,武学奇术!$A:$ZZ,11,FALSE)+SUM(_xlfn.XLOOKUP(S22:AG22,增益!$A:$A,增益!$K:$K,0)))/100)} -> -0.14 | BA22: {=$G$12+VLOOKUP($R22,武学奇术!$A:$ZZ,12,FALSE)+SUM(_xlfn.XLOOKUP(S22:AG22,增益!$A:$A,增益!$L:$L,0))} -> 0 | BB22: =$D$13*(1+$AS22) -> 0 | BC22: =$E$13*(1+$AS22) -> 0 | BD22: {=IF($F$13-$I$4+VLOOKUP($R22,武学奇术!$A:$ZZ,13,FALSE)+SUM(_xlfn.XLOOKUP(S22:AG22,增益!$A:$A,增益!$M:$M,0))>0,($F$13-$I$4+VLOOKUP($R22,武学奇术!$A:$ZZ,13,FALSE)+SUM(_xlfn.XLOOKUP(S22:AG22,增益!$A:$A,增益!$K:$K,0)))/200,($F$13-$I$4+VLOOKUP($R22,武学奇术!$A:$ZZ,13,FALSE)+SUM(_xlfn.XLOOKUP(S22:AG22,增益!$A:$A,增益!$M:$M,0)))/100)} -> -0.14 | BE22: {=$G$13+VLOOKUP($R22,武学奇术!$A:$ZZ,14,FALSE)+SUM(_xlfn.XLOOKUP(S22:AG22,增益!$A:$A,增益!$N:$N,0))} -> 0 | BF22: =$D$14*(1+$AS22) -> 605.472 | BG22: =$E$14*(1+$AS22) -> 1725.468 | BH22: {=IF($F$14-$I$4+VLOOKUP($R22,武学奇术!$A:$ZZ,15,FALSE)+SUM(_xlfn.XLOOKUP(S22:AG22,增益!$A:$A,增益!$O:$O,0))>0,($F$14-$I$4+VLOOKUP($R22,武学奇术!$A:$ZZ,15,FALSE)+SUM(_xlfn.XLOOKUP(S22:AG22,增益!$A:$A,增益!$O:$O,0)))/200,($F$14-$I$4+VLOOKUP($R22,武学奇术!$A:$ZZ,15,FALSE)+SUM(_xlfn.XLOOKUP(S22:AG22,增益!$A:$A,增益!$O:$O,0)))/100)} -> 0.08 | BI22: {=$G$14+VLOOKUP($R22,武学奇术!$A:$ZZ,16,FALSE)+SUM(_xlfn.XLOOKUP(S22:AG22,增益!$A:$A,增益!$P:$P,0))} -> 0.24 | BJ22: =MIN(IF(VLOOKUP($R22,武学奇术!$A:$ZZ,23,FALSE)=1,100%,$B$8),100%) -> 1 | BK22: {=IF(VLOOKUP($R22,武学奇术!$A:$ZZ,23,FALSE)=1,100%,MIN(80%,$B$9+VLOOKUP($R22,武学奇术!$A:$ZZ,17,FALSE)+SUM(_xlfn.XLOOKUP(S22:AG22,增益!$A:$A,增益!$Q:$Q,0)))+$B$11+SUM(_xlfn.XLOOKUP(S22:AG22,增益!$A:$A,增益!$U:$U,0)))*IF(VLOOKUP($R22,武学奇术!$A:$ZZ,24,FALSE)=1,0,1)+MIN(IF(VLOOKUP($R22,武学奇术!$A:$ZZ,32,FALSE)=1,IF(VLOOKUP($R22,武学奇术!$A:$ZZ,24,FALSE)=1,100%,MIN(40%,$B$10+VLOOKUP($R22,武学奇术!$A:$ZZ,19,FALSE)+SUM(_xlfn.XLOOKUP(S22:AG22,增益!$A:$A,增益!$S:$S,0)))+$B$12+SUM(_xlfn.XLOOKUP(S22:AG22,增益!$A:$A,增益!$V:$V,0))),0),12%)} -> 0.9036 | BL22: {=1+$B$13+VLOOKUP($R22,武学奇术!$A:$ZZ,18,FALSE)+SUM(_xlfn.XLOOKUP(S22:AG22,增益!$A:$A,增益!$R:$R,0))} -> 1.6 | BM22: {=MAX(IF(VLOOKUP($R22,武学奇术!$A:$ZZ,24,FALSE)=1,100%,MIN(40%,$B$10+VLOOKUP($R22,武学奇术!$A:$ZZ,19,FALSE)+SUM(_xlfn.XLOOKUP(S22:AG22,增益!$A:$A,增益!$S:$S,0)))+$B$12+SUM(_xlfn.XLOOKUP(S22:AG22,增益!$A:$A,增益!$V:$V,0)))*IF(VLOOKUP($R22,武学奇术!$A:$ZZ,23,FALSE)=1,0,1)-IF(VLOOKUP($R22,武学奇术!$A:$ZZ,32,FALSE)=1,12%,0),0)} -> 0.0929 | BN22: {=1+$B$14+VLOOKUP($R22,武学奇术!$A:$ZZ,20,FALSE)+SUM(_xlfn.XLOOKUP(S22:AG22,增益!$A:$A,增益!$T:$T,0))} -> 1.35 | BO22: =MIN((1-BM22)*BJ22,BJ22*BK22) -> 0.9036 | BP22: =1-BM22-BO22-BQ22 -> 0.0035 | BQ22: =IF(VLOOKUP($R22,武学奇术!$A:$ZZ,22,FALSE)=1,0,(1-$BJ22))*(1-$BM22) -> 0 | BR22: {=SUM(_xlfn.XLOOKUP(S22:AG22,增益!$A:$A,增益!$W:$W,0))+$I$5} -> 0.11
A23: 食物加成 | B23: 200 | E23: 第四心法 | K23: =$L23*VLOOKUP($R23,武学奇术!$A:$ZZ,31,FALSE) -> 116356.02 | L23: =($M23*$BO23+$N23*$BM23+$O23*$BP23+$P23*$BQ23) -> 89504.63 | M23: =((($AO23+($AP23-$AO23)*IF(VLOOKUP($R23,武学奇术!$A:$ZZ,31,FALSE)=1,$F$18,0.5))*$AI23+$AJ23)*(1+$AQ23)*(1+$AR23)+(($AT23+($AU23-$AT23)*IF(VLOOKUP($R23,武学奇术!$A:$ZZ,31,FALSE)=1,$F$18,0.5))*IF($G$1="鸣金",$AK23,$AI23)+IF($G$1="鸣金",$AL23*1.5,0))*(1+$AV23)*(1+$AW23)+(($AX23+($AY23-$AX23)*IF(VLOOKUP($R23,武学奇术!$A:$ZZ,31,FALSE)=1,$F$18,0.5))*IF($G$1="裂石",$AK23,$AI23)+IF($G$1="裂石",$AL23*1.5,0))*(1+$AZ23)*(1+$BA23)+(($BB23+($BC23-$BB23)*IF(VLOOKUP($R23,武学奇术!$A:$ZZ,31,FALSE)=1,$F$18,0.5))*IF($G$1="牵丝",$AK23,$AI23)+IF($G$1="牵丝",$AL23*1.5,0))*(1+$BD23)*(1+$BE23)+(($BF23+($BG23-$BF23)*IF(VLOOKUP($R23,武学奇术!$A:$ZZ,31,FALSE)=1,$F$18,0.5))*IF($G$1="破竹",$AK23,$AI23)+IF($G$1="破竹",$AL23*1.5,0))*(1+$BH23)*(1+$BI23))*(1+$AM23)*$BL23*$Q23*(1+IF(VLOOKUP($R23,武学奇术!$A:$ZZ,30,FALSE)="蓄力技",$B$21,0))*(1+$BR23) -> 91454.187 | N23: =(($AP23*$AI23+$AJ23)*(1+$AQ23)*(1+$AR23)+($AU23*IF($G$1="鸣金",$AK23,$AI23)+IF($G$1="鸣金",$AL23*1.5,0))*(1+$AV23)*(1+$AW23)+($AY23*IF($G$1="裂石",$AK23,$AI23)+IF($G$1="裂石",$AL23*1.5,0))*(1+$AZ23)*(1+$BA23)+($BC23*IF($G$1="牵丝",$AK23,$AI23)+IF($G$1="牵丝",$AL23*1.5,0))*(1+$BD23)*(1+$BE23)+($BG23*IF($G$1="破竹",$AK23,$AI23)+IF($G$1="破竹",$AL23*1.5,0))*(1+$BH23)*(1+$BI23))*(1+$AM23)*$BN23*$Q23*(1+IF(VLOOKUP($R23,武学奇术!$A:$ZZ,30,FALSE)="蓄力技",$B$21,0))*(1+$BR23) -> 72100.739 | O23: =((($AO23+($AP23-$AO23)*IF(VLOOKUP($R23,武学奇术!$A:$ZZ,31,FALSE)=1,$F$18,0.5))*$AI23+$AJ23)*(1+$AQ23)*(1+$AR23)+(($AT23+($AU23-$AT23)*IF(VLOOKUP($R23,武学奇术!$A:$ZZ,31,FALSE)=1,$F$18,0.5))*IF($G$1="鸣金",$AK23,$AI23)+IF($G$1="鸣金",$AL23*1.5,0))*(1+$AV23)*(1+$AW23)+(($AX23+($AY23-$AX23)*IF(VLOOKUP($R23,武学奇术!$A:$ZZ,31,FALSE)=1,$F$18,0.5))*IF($G$1="裂石",$AK23,$AI23)+IF($G$1="裂石",$AL23*1.5,0))*(1+$AZ23)*(1+$BA23)+(($BB23+($BC23-$BB23)*IF(VLOOKUP($R23,武学奇术!$A:$ZZ,31,FALSE)=1,$F$18,0.5))*IF($G$1="牵丝",$AK23,$AI23)+IF($G$1="牵丝",$AL23*1.5,0))*(1+$BD23)*(1+$BE23)+(($BF23+($BG23-$BF23)*IF(VLOOKUP($R23,武学奇术!$A:$ZZ,31,FALSE)=1,$F$18,0.5))*IF($G$1="破竹",$AK23,$AI23)+IF($G$1="破竹",$AL23*1.5,0))*(1+$BH23)*(1+$BI23))*(1+$AM23)*$Q23*(1+IF(VLOOKUP($R23,武学奇术!$A:$ZZ,30,FALSE)="蓄力技",$B$21,0))*(1+$BR23) -> 48133.783 | P23: =((($AO23*$AI23+$AJ23)*(1+$AQ23)*(1+$AR23)+($AT23*IF($G$1="鸣金",$AK23,$AI23)+IF($G$1="鸣金",$AL23*1.5,0))*(1+$AV23)*(1+$AW23)+($AX23*IF($G$1="裂石",$AK23,$AI23)+IF($G$1="裂石",$AL23*1.5,0))*(1+$AZ23)*(1+$BA23)+($BB23*IF($G$1="牵丝",$AK23,$AI23)+IF($G$1="牵丝",$AL23*1.5,0))*(1+$BD23)*(1+$BE23)+($BF23*IF($G$1="破竹",$AK23,$AI23)+IF($G$1="破竹",$AL23*1.5,0))*(1+$BH23)*(1+$BI23))*(1+$AM23))*$Q23*(1+IF(VLOOKUP($R23,武学奇术!$A:$ZZ,30,FALSE)="蓄力技",$B$21,0))*(1+$BR23) -> 42859.611 | Q23: 1 | R23: 拳甲Q2 | S23: 易水歌5层 | T23: N/a | U23: N/a | V23: N/a | W23: N/a | X23: N/a | Y23: 沧海帖6层 | Z23: N/a | AA23: 三穷 | AB23: 扶风(拐) | AC23: N/a | AD23: N/a | AE23: 裁云(拐) | AF23: 无惧 | AG23: 天志增伤 | AH23: =VLOOKUP($R23,武学奇术!$A:$ZZ,25,FALSE) -> 拳甲 | AI23: =VLOOKUP($R23,武学奇术!$A:$ZZ,26,FALSE) -> 2.91176 | AJ23: =VLOOKUP($R23,武学奇术!$A:$ZZ,27,FALSE)*(1+IF(OR($AH23=$F$4,$AH23=$F$5),$B$22,0)) -> 1208.7 | AK23: =VLOOKUP($R23,武学奇术!$A:$ZZ,28,FALSE) -> 3.89844 | AL23: =VLOOKUP($R23,武学奇术!$A:$ZZ,29,FALSE)*(1+IF(OR($AH23=$F$4,$AH23=$F$5),$B$22,0)) -> 650.25 | AM23: {=$G$3+IFERROR(VLOOKUP($AH23,$F$4:$G$7,2,FALSE),0)+VLOOKUP($R23,武学奇术!$A:$ZZ,2,FALSE)+SUM(_xlfn.XLOOKUP($S23:$AG23,增益!$A:$A,增益!$B:$B,0))} -> 0.7041 | AN23: {=VLOOKUP($R23,武学奇术!$A:$ZZ,5,FALSE)+SUM(_xlfn.XLOOKUP($S23:$AG23,增益!$A:$A,增益!$E:$E,0))} -> 0 | AO23: {=$D$10*(1+$AN23)+VLOOKUP($R23,武学奇术!$A:$ZZ,3,FALSE)+SUM(_xlfn.XLOOKUP($S23:$AG23,增益!$A:$A,增益!$C:$C,0))-$I$2} -> 3888.382 | AP23: {=$E$10*(1+$AN23)+VLOOKUP($R23,武学奇术!$A:$ZZ,4,FALSE)+SUM(_xlfn.XLOOKUP($S23:$AG23,增益!$A:$A,增益!$D:$D,0))-$I$2} -> 3888.382 | AQ23: {=IF($F$10-$I$3+VLOOKUP($R23,武学奇术!$A:$ZZ,6,FALSE)+SUM(_xlfn.XLOOKUP(S23:AG23,增益!$A:$A,增益!$F:$F,0))>0,($F$10-$I$3+VLOOKUP($R23,武学奇术!$A:$ZZ,6,FALSE)+SUM(_xlfn.XLOOKUP(S23:AG23,增益!$A:$A,增益!$F:$F,0)))/200,($F$10-$I$3+VLOOKUP($R23,武学奇术!$A:$ZZ,6,FALSE)+SUM(_xlfn.XLOOKUP(S23:AG23,增益!$A:$A,增益!$F:$F,0)))/100)} -> 0.347 | AR23: {=$G$10+VLOOKUP($R23,武学奇术!$A:$ZZ,7,FALSE)+SUM(_xlfn.XLOOKUP(S23:AG23,增益!$A:$A,增益!$G:$G,0))} -> 0.09 | AS23: {=VLOOKUP($R23,武学奇术!$A:$ZZ,8,FALSE)+SUM(_xlfn.XLOOKUP(S23:AG23,增益!$A:$A,增益!$H:$H,0))} -> 0 | AT23: =$D$11*(1+$AS23) -> 0 | AU23: =$E$11*(1+$AS23) -> 0 | AV23: {=IF($F$11-$I$4+VLOOKUP($R23,武学奇术!$A:$ZZ,9,FALSE)+SUM(_xlfn.XLOOKUP(S23:AG23,增益!$A:$A,增益!$I:$I,0))>0,($F$11-$I$4+VLOOKUP($R23,武学奇术!$A:$ZZ,9,FALSE)+SUM(_xlfn.XLOOKUP(S23:AG23,增益!$A:$A,增益!$I:$I,0)))/200,($F$11-$I$4+VLOOKUP($R23,武学奇术!$A:$ZZ,9,FALSE)+SUM(_xlfn.XLOOKUP(S23:AG23,增益!$A:$A,增益!$I:$I,0)))/100)} -> -0.24 | AW23: {=$G$11+VLOOKUP($R23,武学奇术!$A:$ZZ,10,FALSE)+SUM(_xlfn.XLOOKUP(S23:AG23,增益!$A:$A,增益!$J:$J,0))} -> 0 | AX23: =$D$12*(1+$AS23) -> 0 | AY23: =$E$12*(1+$AS23) -> 0 | AZ23: {=IF($F$12-$I$4+VLOOKUP($R23,武学奇术!$A:$ZZ,11,FALSE)+SUM(_xlfn.XLOOKUP(S23:AG23,增益!$A:$A,增益!$K:$K,0))>0,($F$12-$I$4+VLOOKUP($R23,武学奇术!$A:$ZZ,11,FALSE)+SUM(_xlfn.XLOOKUP(S23:AG23,增益!$A:$A,增益!$K:$K,0)))/200,($F$12-$I$4+VLOOKUP($R23,武学奇术!$A:$ZZ,11,FALSE)+SUM(_xlfn.XLOOKUP(S23:AG23,增益!$A:$A,增益!$K:$K,0)))/100)} -> -0.24 | BA23: {=$G$12+VLOOKUP($R23,武学奇术!$A:$ZZ,12,FALSE)+SUM(_xlfn.XLOOKUP(S23:AG23,增益!$A:$A,增益!$L:$L,0))} -> 0 | BB23: =$D$13*(1+$AS23) -> 0 | BC23: =$E$13*(1+$AS23) -> 0 | BD23: {=IF($F$13-$I$4+VLOOKUP($R23,武学奇术!$A:$ZZ,13,FALSE)+SUM(_xlfn.XLOOKUP(S23:AG23,增益!$A:$A,增益!$M:$M,0))>0,($F$13-$I$4+VLOOKUP($R23,武学奇术!$A:$ZZ,13,FALSE)+SUM(_xlfn.XLOOKUP(S23:AG23,增益!$A:$A,增益!$K:$K,0)))/200,($F$13-$I$4+VLOOKUP($R23,武学奇术!$A:$ZZ,13,FALSE)+SUM(_xlfn.XLOOKUP(S23:AG23,增益!$A:$A,增益!$M:$M,0)))/100)} -> -0.24 | BE23: {=$G$13+VLOOKUP($R23,武学奇术!$A:$ZZ,14,FALSE)+SUM(_xlfn.XLOOKUP(S23:AG23,增益!$A:$A,增益!$N:$N,0))} -> 0 | BF23: =$D$14*(1+$AS23) -> 605.472 | BG23: =$E$14*(1+$AS23) -> 1725.468 | BH23: {=IF($F$14-$I$4+VLOOKUP($R23,武学奇术!$A:$ZZ,15,FALSE)+SUM(_xlfn.XLOOKUP(S23:AG23,增益!$A:$A,增益!$O:$O,0))>0,($F$14-$I$4+VLOOKUP($R23,武学奇术!$A:$ZZ,15,FALSE)+SUM(_xlfn.XLOOKUP(S23:AG23,增益!$A:$A,增益!$O:$O,0)))/200,($F$14-$I$4+VLOOKUP($R23,武学奇术!$A:$ZZ,15,FALSE)+SUM(_xlfn.XLOOKUP(S23:AG23,增益!$A:$A,增益!$O:$O,0)))/100)} -> 0.03 | BI23: {=$G$14+VLOOKUP($R23,武学奇术!$A:$ZZ,16,FALSE)+SUM(_xlfn.XLOOKUP(S23:AG23,增益!$A:$A,增益!$P:$P,0))} -> 0.24 | BJ23: =MIN(IF(VLOOKUP($R23,武学奇术!$A:$ZZ,23,FALSE)=1,100%,$B$8),100%) -> 1 | BK23: {=IF(VLOOKUP($R23,武学奇术!$A:$ZZ,23,FALSE)=1,100%,MIN(80%,$B$9+VLOOKUP($R23,武学奇术!$A:$ZZ,17,FALSE)+SUM(_xlfn.XLOOKUP(S23:AG23,增益!$A:$A,增益!$Q:$Q,0)))+$B$11+SUM(_xlfn.XLOOKUP(S23:AG23,增益!$A:$A,增益!$U:$U,0)))*IF(VLOOKUP($R23,武学奇术!$A:$ZZ,24,FALSE)=1,0,1)+MIN(IF(VLOOKUP($R23,武学奇术!$A:$ZZ,32,FALSE)=1,IF(VLOOKUP($R23,武学奇术!$A:$ZZ,24,FALSE)=1,100%,MIN(40%,$B$10+VLOOKUP($R23,武学奇术!$A:$ZZ,19,FALSE)+SUM(_xlfn.XLOOKUP(S23:AG23,增益!$A:$A,增益!$S:$S,0)))+$B$12+SUM(_xlfn.XLOOKUP(S23:AG23,增益!$A:$A,增益!$V:$V,0))),0),12%)} -> 0.9036 | BL23: {=1+$B$13+VLOOKUP($R23,武学奇术!$A:$ZZ,18,FALSE)+SUM(_xlfn.XLOOKUP(S23:AG23,增益!$A:$A,增益!$R:$R,0))} -> 1.9 | BM23: {=MAX(IF(VLOOKUP($R23,武学奇术!$A:$ZZ,24,FALSE)=1,100%,MIN(40%,$B$10+VLOOKUP($R23,武学奇术!$A:$ZZ,19,FALSE)+SUM(_xlfn.XLOOKUP(S23:AG23,增益!$A:$A,增益!$S:$S,0)))+$B$12+SUM(_xlfn.XLOOKUP(S23:AG23,增益!$A:$A,增益!$V:$V,0)))*IF(VLOOKUP($R23,武学奇术!$A:$ZZ,23,FALSE)=1,0,1)-IF(VLOOKUP($R23,武学奇术!$A:$ZZ,32,FALSE)=1,12%,0),0)} -> 0.0929 | BN23: {=1+$B$14+VLOOKUP($R23,武学奇术!$A:$ZZ,20,FALSE)+SUM(_xlfn.XLOOKUP(S23:AG23,增益!$A:$A,增益!$T:$T,0))} -> 1.35 | BO23: =MIN((1-BM23)*BJ23,BJ23*BK23) -> 0.9036 | BP23: =1-BM23-BO23-BQ23 -> 0.0035 | BQ23: =IF(VLOOKUP($R23,武学奇术!$A:$ZZ,22,FALSE)=1,0,(1-$BJ23))*(1-$BM23) -> 0 | BR23: {=SUM(_xlfn.XLOOKUP(S23:AG23,增益!$A:$A,增益!$W:$W,0))+$I$5} -> 0.11
B24: 400 | E24: 易水歌 | K24: =$L24*VLOOKUP($R24,武学奇术!$A:$ZZ,31,FALSE) -> 27978.162 | L24: =($M24*$BO24+$N24*$BM24+$O24*$BP24+$P24*$BQ24) -> 27978.162 | M24: =((($AO24+($AP24-$AO24)*IF(VLOOKUP($R24,武学奇术!$A:$ZZ,31,FALSE)=1,$F$18,0.5))*$AI24+$AJ24)*(1+$AQ24)*(1+$AR24)+(($AT24+($AU24-$AT24)*IF(VLOOKUP($R24,武学奇术!$A:$ZZ,31,FALSE)=1,$F$18,0.5))*IF($G$1="鸣金",$AK24,$AI24)+IF($G$1="鸣金",$AL24*1.5,0))*(1+$AV24)*(1+$AW24)+(($AX24+($AY24-$AX24)*IF(VLOOKUP($R24,武学奇术!$A:$ZZ,31,FALSE)=1,$F$18,0.5))*IF($G$1="裂石",$AK24,$AI24)+IF($G$1="裂石",$AL24*1.5,0))*(1+$AZ24)*(1+$BA24)+(($BB24+($BC24-$BB24)*IF(VLOOKUP($R24,武学奇术!$A:$ZZ,31,FALSE)=1,$F$18,0.5))*IF($G$1="牵丝",$AK24,$AI24)+IF($G$1="牵丝",$AL24*1.5,0))*(1+$BD24)*(1+$BE24)+(($BF24+($BG24-$BF24)*IF(VLOOKUP($R24,武学奇术!$A:$ZZ,31,FALSE)=1,$F$18,0.5))*IF($G$1="破竹",$AK24,$AI24)+IF($G$1="破竹",$AL24*1.5,0))*(1+$BH24)*(1+$BI24))*(1+$AM24)*$BL24*$Q24*(1+IF(VLOOKUP($R24,武学奇术!$A:$ZZ,30,FALSE)="蓄力技",$B$21,0))*(1+$BR24) -> 28161.773 | N24: =(($AP24*$AI24+$AJ24)*(1+$AQ24)*(1+$AR24)+($AU24*IF($G$1="鸣金",$AK24,$AI24)+IF($G$1="鸣金",$AL24*1.5,0))*(1+$AV24)*(1+$AW24)+($AY24*IF($G$1="裂石",$AK24,$AI24)+IF($G$1="裂石",$AL24*1.5,0))*(1+$AZ24)*(1+$BA24)+($BC24*IF($G$1="牵丝",$AK24,$AI24)+IF($G$1="牵丝",$AL24*1.5,0))*(1+$BD24)*(1+$BE24)+($BG24*IF($G$1="破竹",$AK24,$AI24)+IF($G$1="破竹",$AL24*1.5,0))*(1+$BH24)*(1+$BI24))*(1+$AM24)*$BN24*$Q24*(1+IF(VLOOKUP($R24,武学奇术!$A:$ZZ,30,FALSE)="蓄力技",$B$21,0))*(1+$BR24) -> 26583.208 | O24: =((($AO24+($AP24-$AO24)*IF(VLOOKUP($R24,武学奇术!$A:$ZZ,31,FALSE)=1,$F$18,0.5))*$AI24+$AJ24)*(1+$AQ24)*(1+$AR24)+(($AT24+($AU24-$AT24)*IF(VLOOKUP($R24,武学奇术!$A:$ZZ,31,FALSE)=1,$F$18,0.5))*IF($G$1="鸣金",$AK24,$AI24)+IF($G$1="鸣金",$AL24*1.5,0))*(1+$AV24)*(1+$AW24)+(($AX24+($AY24-$AX24)*IF(VLOOKUP($R24,武学奇术!$A:$ZZ,31,FALSE)=1,$F$18,0.5))*IF($G$1="裂石",$AK24,$AI24)+IF($G$1="裂石",$AL24*1.5,0))*(1+$AZ24)*(1+$BA24)+(($BB24+($BC24-$BB24)*IF(VLOOKUP($R24,武学奇术!$A:$ZZ,31,FALSE)=1,$F$18,0.5))*IF($G$1="牵丝",$AK24,$AI24)+IF($G$1="牵丝",$AL24*1.5,0))*(1+$BD24)*(1+$BE24)+(($BF24+($BG24-$BF24)*IF(VLOOKUP($R24,武学奇术!$A:$ZZ,31,FALSE)=1,$F$18,0.5))*IF($G$1="破竹",$AK24,$AI24)+IF($G$1="破竹",$AL24*1.5,0))*(1+$BH24)*(1+$BI24))*(1+$AM24)*$Q24*(1+IF(VLOOKUP($R24,武学奇术!$A:$ZZ,30,FALSE)="蓄力技",$B$21,0))*(1+$BR24) -> 17601.108 | P24: =((($AO24*$AI24+$AJ24)*(1+$AQ24)*(1+$AR24)+($AT24*IF($G$1="鸣金",$AK24,$AI24)+IF($G$1="鸣金",$AL24*1.5,0))*(1+$AV24)*(1+$AW24)+($AX24*IF($G$1="裂石",$AK24,$AI24)+IF($G$1="裂石",$AL24*1.5,0))*(1+$AZ24)*(1+$BA24)+($BB24*IF($G$1="牵丝",$AK24,$AI24)+IF($G$1="牵丝",$AL24*1.5,0))*(1+$BD24)*(1+$BE24)+($BF24*IF($G$1="破竹",$AK24,$AI24)+IF($G$1="破竹",$AL24*1.5,0))*(1+$BH24)*(1+$BI24))*(1+$AM24))*$Q24*(1+IF(VLOOKUP($R24,武学奇术!$A:$ZZ,30,FALSE)="蓄力技",$B$21,0))*(1+$BR24) -> 15510.951 | Q24: 1 | R24: 拳甲轻击56 | S24: 易水歌5层 | T24: N/a | U24: N/a | V24: N/a | W24: N/a | X24: N/a | Y24: 沧海帖6层 | Z24: N/a | AA24: N/a | AB24: 扶风(拐) | AC24: N/a | AD24: N/a | AE24: 裁云(拐) | AF24: 无惧 | AG24: 天志增伤 | AH24: =VLOOKUP($R24,武学奇术!$A:$ZZ,25,FALSE) -> 拳甲 | AI24: =VLOOKUP($R24,武学奇术!$A:$ZZ,26,FALSE) -> 1.2876 | AJ24: =VLOOKUP($R24,武学奇术!$A:$ZZ,27,FALSE)*(1+IF(OR($AH24=$F$4,$AH24=$F$5),$B$22,0)) -> 537 | AK24: =VLOOKUP($R24,武学奇术!$A:$ZZ,28,FALSE) -> 1.9313 | AL24: =VLOOKUP($R24,武学奇术!$A:$ZZ,29,FALSE)*(1+IF(OR($AH24=$F$4,$AH24=$F$5),$B$22,0)) -> 292.5 | AM24: {=$G$3+IFERROR(VLOOKUP($AH24,$F$4:$G$7,2,FALSE),0)+VLOOKUP($R24,武学奇术!$A:$ZZ,2,FALSE)+SUM(_xlfn.XLOOKUP($S24:$AG24,增益!$A:$A,增益!$B:$B,0))} -> 0.4041 | AN24: {=VLOOKUP($R24,武学奇术!$A:$ZZ,5,FALSE)+SUM(_xlfn.XLOOKUP($S24:$AG24,增益!$A:$A,增益!$E:$E,0))} -> 0 | AO24: {=$D$10*(1+$AN24)+VLOOKUP($R24,武学奇术!$A:$ZZ,3,FALSE)+SUM(_xlfn.XLOOKUP($S24:$AG24,增益!$A:$A,增益!$C:$C,0))-$I$2} -> 3888.382 | AP24: {=$E$10*(1+$AN24)+VLOOKUP($R24,武学奇术!$A:$ZZ,4,FALSE)+SUM(_xlfn.XLOOKUP($S24:$AG24,增益!$A:$A,增益!$D:$D,0))-$I$2} -> 3888.382 | AQ24: {=IF($F$10-$I$3+VLOOKUP($R24,武学奇术!$A:$ZZ,6,FALSE)+SUM(_xlfn.XLOOKUP(S24:AG24,增益!$A:$A,增益!$F:$F,0))>0,($F$10-$I$3+VLOOKUP($R24,武学奇术!$A:$ZZ,6,FALSE)+SUM(_xlfn.XLOOKUP(S24:AG24,增益!$A:$A,增益!$F:$F,0)))/200,($F$10-$I$3+VLOOKUP($R24,武学奇术!$A:$ZZ,6,FALSE)+SUM(_xlfn.XLOOKUP(S24:AG24,增益!$A:$A,增益!$F:$F,0)))/100)} -> 0.317 | AR24: {=$G$10+VLOOKUP($R24,武学奇术!$A:$ZZ,7,FALSE)+SUM(_xlfn.XLOOKUP(S24:AG24,增益!$A:$A,增益!$G:$G,0))} -> 0.09 | AS24: {=VLOOKUP($R24,武学奇术!$A:$ZZ,8,FALSE)+SUM(_xlfn.XLOOKUP(S24:AG24,增益!$A:$A,增益!$H:$H,0))} -> 0 | AT24: =$D$11*(1+$AS24) -> 0 | AU24: =$E$11*(1+$AS24) -> 0 | AV24: {=IF($F$11-$I$4+VLOOKUP($R24,武学奇术!$A:$ZZ,9,FALSE)+SUM(_xlfn.XLOOKUP(S24:AG24,增益!$A:$A,增益!$I:$I,0))>0,($F$11-$I$4+VLOOKUP($R24,武学奇术!$A:$ZZ,9,FALSE)+SUM(_xlfn.XLOOKUP(S24:AG24,增益!$A:$A,增益!$I:$I,0)))/200,($F$11-$I$4+VLOOKUP($R24,武学奇术!$A:$ZZ,9,FALSE)+SUM(_xlfn.XLOOKUP(S24:AG24,增益!$A:$A,增益!$I:$I,0)))/100)} -> -0.3 | AW24: {=$G$11+VLOOKUP($R24,武学奇术!$A:$ZZ,10,FALSE)+SUM(_xlfn.XLOOKUP(S24:AG24,增益!$A:$A,增益!$J:$J,0))} -> 0 | AX24: =$D$12*(1+$AS24) -> 0 | AY24: =$E$12*(1+$AS24) -> 0 | AZ24: {=IF($F$12-$I$4+VLOOKUP($R24,武学奇术!$A:$ZZ,11,FALSE)+SUM(_xlfn.XLOOKUP(S24:AG24,增益!$A:$A,增益!$K:$K,0))>0,($F$12-$I$4+VLOOKUP($R24,武学奇术!$A:$ZZ,11,FALSE)+SUM(_xlfn.XLOOKUP(S24:AG24,增益!$A:$A,增益!$K:$K,0)))/200,($F$12-$I$4+VLOOKUP($R24,武学奇术!$A:$ZZ,11,FALSE)+SUM(_xlfn.XLOOKUP(S24:AG24,增益!$A:$A,增益!$K:$K,0)))/100)} -> -0.3 | BA24: {=$G$12+VLOOKUP($R24,武学奇术!$A:$ZZ,12,FALSE)+SUM(_xlfn.XLOOKUP(S24:AG24,增益!$A:$A,增益!$L:$L,0))} -> 0 | BB24: =$D$13*(1+$AS24) -> 0 | BC24: =$E$13*(1+$AS24) -> 0 | BD24: {=IF($F$13-$I$4+VLOOKUP($R24,武学奇术!$A:$ZZ,13,FALSE)+SUM(_xlfn.XLOOKUP(S24:AG24,增益!$A:$A,增益!$M:$M,0))>0,($F$13-$I$4+VLOOKUP($R24,武学奇术!$A:$ZZ,13,FALSE)+SUM(_xlfn.XLOOKUP(S24:AG24,增益!$A:$A,增益!$K:$K,0)))/200,($F$13-$I$4+VLOOKUP($R24,武学奇术!$A:$ZZ,13,FALSE)+SUM(_xlfn.XLOOKUP(S24:AG24,增益!$A:$A,增益!$M:$M,0)))/100)} -> -0.3 | BE24: {=$G$13+VLOOKUP($R24,武学奇术!$A:$ZZ,14,FALSE)+SUM(_xlfn.XLOOKUP(S24:AG24,增益!$A:$A,增益!$N:$N,0))} -> 0 | BF24: =$D$14*(1+$AS24) -> 605.472 | BG24: =$E$14*(1+$AS24) -> 1725.468 | BH24: {=IF($F$14-$I$4+VLOOKUP($R24,武学奇术!$A:$ZZ,15,FALSE)+SUM(_xlfn.XLOOKUP(S24:AG24,增益!$A:$A,增益!$O:$O,0))>0,($F$14-$I$4+VLOOKUP($R24,武学奇术!$A:$ZZ,15,FALSE)+SUM(_xlfn.XLOOKUP(S24:AG24,增益!$A:$A,增益!$O:$O,0)))/200,($F$14-$I$4+VLOOKUP($R24,武学奇术!$A:$ZZ,15,FALSE)+SUM(_xlfn.XLOOKUP(S24:AG24,增益!$A:$A,增益!$O:$O,0)))/100)} -> 0 | BI24: {=$G$14+VLOOKUP($R24,武学奇术!$A:$ZZ,16,FALSE)+SUM(_xlfn.XLOOKUP(S24:AG24,增益!$A:$A,增益!$P:$P,0))} -> 0.24 | BJ24: =MIN(IF(VLOOKUP($R24,武学奇术!$A:$ZZ,23,FALSE)=1,100%,$B$8),100%) -> 1 | BK24: {=IF(VLOOKUP($R24,武学奇术!$A:$ZZ,23,FALSE)=1,100%,MIN(80%,$B$9+VLOOKUP($R24,武学奇术!$A:$ZZ,17,FALSE)+SUM(_xlfn.XLOOKUP(S24:AG24,增益!$A:$A,增益!$Q:$Q,0)))+$B$11+SUM(_xlfn.XLOOKUP(S24:AG24,增益!$A:$A,增益!$U:$U,0)))*IF(VLOOKUP($R24,武学奇术!$A:$ZZ,24,FALSE)=1,0,1)+MIN(IF(VLOOKUP($R24,武学奇术!$A:$ZZ,32,FALSE)=1,IF(VLOOKUP($R24,武学奇术!$A:$ZZ,24,FALSE)=1,100%,MIN(40%,$B$10+VLOOKUP($R24,武学奇术!$A:$ZZ,19,FALSE)+SUM(_xlfn.XLOOKUP(S24:AG24,增益!$A:$A,增益!$S:$S,0)))+$B$12+SUM(_xlfn.XLOOKUP(S24:AG24,增益!$A:$A,增益!$V:$V,0))),0),12%)} -> 0.9036 | BL24: {=1+$B$13+VLOOKUP($R24,武学奇术!$A:$ZZ,18,FALSE)+SUM(_xlfn.XLOOKUP(S24:AG24,增益!$A:$A,增益!$R:$R,0))} -> 1.6 | BM24: {=MAX(IF(VLOOKUP($R24,武学奇术!$A:$ZZ,24,FALSE)=1,100%,MIN(40%,$B$10+VLOOKUP($R24,武学奇术!$A:$ZZ,19,FALSE)+SUM(_xlfn.XLOOKUP(S24:AG24,增益!$A:$A,增益!$S:$S,0)))+$B$12+SUM(_xlfn.XLOOKUP(S24:AG24,增益!$A:$A,增益!$V:$V,0)))*IF(VLOOKUP($R24,武学奇术!$A:$ZZ,23,FALSE)=1,0,1)-IF(VLOOKUP($R24,武学奇术!$A:$ZZ,32,FALSE)=1,12%,0),0)} -> 0.0929 | BN24: {=1+$B$14+VLOOKUP($R24,武学奇术!$A:$ZZ,20,FALSE)+SUM(_xlfn.XLOOKUP(S24:AG24,增益!$A:$A,增益!$T:$T,0))} -> 1.35 | BO24: =MIN((1-BM24)*BJ24,BJ24*BK24) -> 0.9036 | BP24: =1-BM24-BO24-BQ24 -> 0.0035 | BQ24: =IF(VLOOKUP($R24,武学奇术!$A:$ZZ,22,FALSE)=1,0,(1-$BJ24))*(1-$BM24) -> 0 | BR24: {=SUM(_xlfn.XLOOKUP(S24:AG24,增益!$A:$A,增益!$W:$W,0))+$I$5} -> 0.11
K25: =$L25*VLOOKUP($R25,武学奇术!$A:$ZZ,31,FALSE) -> 96462.157 | L25: =($M25*$BO25+$N25*$BM25+$O25*$BP25+$P25*$BQ25) -> 74201.659 | M25: =((($AO25+($AP25-$AO25)*IF(VLOOKUP($R25,武学奇术!$A:$ZZ,31,FALSE)=1,$F$18,0.5))*$AI25+$AJ25)*(1+$AQ25)*(1+$AR25)+(($AT25+($AU25-$AT25)*IF(VLOOKUP($R25,武学奇术!$A:$ZZ,31,FALSE)=1,$F$18,0.5))*IF($G$1="鸣金",$AK25,$AI25)+IF($G$1="鸣金",$AL25*1.5,0))*(1+$AV25)*(1+$AW25)+(($AX25+($AY25-$AX25)*IF(VLOOKUP($R25,武学奇术!$A:$ZZ,31,FALSE)=1,$F$18,0.5))*IF($G$1="裂石",$AK25,$AI25)+IF($G$1="裂石",$AL25*1.5,0))*(1+$AZ25)*(1+$BA25)+(($BB25+($BC25-$BB25)*IF(VLOOKUP($R25,武学奇术!$A:$ZZ,31,FALSE)=1,$F$18,0.5))*IF($G$1="牵丝",$AK25,$AI25)+IF($G$1="牵丝",$AL25*1.5,0))*(1+$BD25)*(1+$BE25)+(($BF25+($BG25-$BF25)*IF(VLOOKUP($R25,武学奇术!$A:$ZZ,31,FALSE)=1,$F$18,0.5))*IF($G$1="破竹",$AK25,$AI25)+IF($G$1="破竹",$AL25*1.5,0))*(1+$BH25)*(1+$BI25))*(1+$AM25)*$BL25*$Q25*(1+IF(VLOOKUP($R25,武学奇术!$A:$ZZ,30,FALSE)="蓄力技",$B$21,0))*(1+$BR25) -> 75718.689 | N25: =(($AP25*$AI25+$AJ25)*(1+$AQ25)*(1+$AR25)+($AU25*IF($G$1="鸣金",$AK25,$AI25)+IF($G$1="鸣金",$AL25*1.5,0))*(1+$AV25)*(1+$AW25)+($AY25*IF($G$1="裂石",$AK25,$AI25)+IF($G$1="裂石",$AL25*1.5,0))*(1+$AZ25)*(1+$BA25)+($BC25*IF($G$1="牵丝",$AK25,$AI25)+IF($G$1="牵丝",$AL25*1.5,0))*(1+$BD25)*(1+$BE25)+($BG25*IF($G$1="破竹",$AK25,$AI25)+IF($G$1="破竹",$AL25*1.5,0))*(1+$BH25)*(1+$BI25))*(1+$AM25)*$BN25*$Q25*(1+IF(VLOOKUP($R25,武学奇术!$A:$ZZ,30,FALSE)="蓄力技",$B$21,0))*(1+$BR25) -> 60748.118 | O25: =((($AO25+($AP25-$AO25)*IF(VLOOKUP($R25,武学奇术!$A:$ZZ,31,FALSE)=1,$F$18,0.5))*$AI25+$AJ25)*(1+$AQ25)*(1+$AR25)+(($AT25+($AU25-$AT25)*IF(VLOOKUP($R25,武学奇术!$A:$ZZ,31,FALSE)=1,$F$18,0.5))*IF($G$1="鸣金",$AK25,$AI25)+IF($G$1="鸣金",$AL25*1.5,0))*(1+$AV25)*(1+$AW25)+(($AX25+($AY25-$AX25)*IF(VLOOKUP($R25,武学奇术!$A:$ZZ,31,FALSE)=1,$F$18,0.5))*IF($G$1="裂石",$AK25,$AI25)+IF($G$1="裂石",$AL25*1.5,0))*(1+$AZ25)*(1+$BA25)+(($BB25+($BC25-$BB25)*IF(VLOOKUP($R25,武学奇术!$A:$ZZ,31,FALSE)=1,$F$18,0.5))*IF($G$1="牵丝",$AK25,$AI25)+IF($G$1="牵丝",$AL25*1.5,0))*(1+$BD25)*(1+$BE25)+(($BF25+($BG25-$BF25)*IF(VLOOKUP($R25,武学奇术!$A:$ZZ,31,FALSE)=1,$F$18,0.5))*IF($G$1="破竹",$AK25,$AI25)+IF($G$1="破竹",$AL25*1.5,0))*(1+$BH25)*(1+$BI25))*(1+$AM25)*$Q25*(1+IF(VLOOKUP($R25,武学奇术!$A:$ZZ,30,FALSE)="蓄力技",$B$21,0))*(1+$BR25) -> 39643.293 | P25: =((($AO25*$AI25+$AJ25)*(1+$AQ25)*(1+$AR25)+($AT25*IF($G$1="鸣金",$AK25,$AI25)+IF($G$1="鸣金",$AL25*1.5,0))*(1+$AV25)*(1+$AW25)+($AX25*IF($G$1="裂石",$AK25,$AI25)+IF($G$1="裂石",$AL25*1.5,0))*(1+$AZ25)*(1+$BA25)+($BB25*IF($G$1="牵丝",$AK25,$AI25)+IF($G$1="牵丝",$AL25*1.5,0))*(1+$BD25)*(1+$BE25)+($BF25*IF($G$1="破竹",$AK25,$AI25)+IF($G$1="破竹",$AL25*1.5,0))*(1+$BH25)*(1+$BI25))*(1+$AM25))*$Q25*(1+IF(VLOOKUP($R25,武学奇术!$A:$ZZ,30,FALSE)="蓄力技",$B$21,0))*(1+$BR25) -> 34287.98 | Q25: 1 | R25: 鹰隼追击(拳甲) | S25: 易水歌5层 | T25: N/a | U25: N/a | V25: N/a | W25: N/a | X25: N/a | Y25: 沧海帖7层 | Z25: N/a | AA25: 三穷 | AB25: 扶风(拐) | AC25: N/a | AD25: N/a | AE25: 裁云(拐) | AF25: 无惧 | AG25: 天志增伤 | AH25: =VLOOKUP($R25,武学奇术!$A:$ZZ,25,FALSE) -> 拳甲 | AI25: =VLOOKUP($R25,武学奇术!$A:$ZZ,26,FALSE) -> 2.638944 | AJ25: =VLOOKUP($R25,武学奇术!$A:$ZZ,27,FALSE)*(1+IF(OR($AH25=$F$4,$AH25=$F$5),$B$22,0)) -> 0 | AK25: =VLOOKUP($R25,武学奇术!$A:$ZZ,28,FALSE) -> 3.958416 | AL25: =VLOOKUP($R25,武学奇术!$A:$ZZ,29,FALSE)*(1+IF(OR($AH25=$F$4,$AH25=$F$5),$B$22,0)) -> 0 | AM25: {=$G$3+IFERROR(VLOOKUP($AH25,$F$4:$G$7,2,FALSE),0)+VLOOKUP($R25,武学奇术!$A:$ZZ,2,FALSE)+SUM(_xlfn.XLOOKUP($S25:$AG25,增益!$A:$A,增益!$B:$B,0))} -> 0.7041 | AN25: {=VLOOKUP($R25,武学奇术!$A:$ZZ,5,FALSE)+SUM(_xlfn.XLOOKUP($S25:$AG25,增益!$A:$A,增益!$E:$E,0))} -> 0 | AO25: {=$D$10*(1+$AN25)+VLOOKUP($R25,武学奇术!$A:$ZZ,3,FALSE)+SUM(_xlfn.XLOOKUP($S25:$AG25,增益!$A:$A,增益!$C:$C,0))-$I$2} -> 3888.382 | AP25: {=$E$10*(1+$AN25)+VLOOKUP($R25,武学奇术!$A:$ZZ,4,FALSE)+SUM(_xlfn.XLOOKUP($S25:$AG25,增益!$A:$A,增益!$D:$D,0))-$I$2} -> 3888.382 | AQ25: {=IF($F$10-$I$3+VLOOKUP($R25,武学奇术!$A:$ZZ,6,FALSE)+SUM(_xlfn.XLOOKUP(S25:AG25,增益!$A:$A,增益!$F:$F,0))>0,($F$10-$I$3+VLOOKUP($R25,武学奇术!$A:$ZZ,6,FALSE)+SUM(_xlfn.XLOOKUP(S25:AG25,增益!$A:$A,增益!$F:$F,0)))/200,($F$10-$I$3+VLOOKUP($R25,武学奇术!$A:$ZZ,6,FALSE)+SUM(_xlfn.XLOOKUP(S25:AG25,增益!$A:$A,增益!$F:$F,0)))/100)} -> 0.347 | AR25: {=$G$10+VLOOKUP($R25,武学奇术!$A:$ZZ,7,FALSE)+SUM(_xlfn.XLOOKUP(S25:AG25,增益!$A:$A,增益!$G:$G,0))} -> 0.09 | AS25: {=VLOOKUP($R25,武学奇术!$A:$ZZ,8,FALSE)+SUM(_xlfn.XLOOKUP(S25:AG25,增益!$A:$A,增益!$H:$H,0))} -> 0 | AT25: =$D$11*(1+$AS25) -> 0 | AU25: =$E$11*(1+$AS25) -> 0 | AV25: {=IF($F$11-$I$4+VLOOKUP($R25,武学奇术!$A:$ZZ,9,FALSE)+SUM(_xlfn.XLOOKUP(S25:AG25,增益!$A:$A,增益!$I:$I,0))>0,($F$11-$I$4+VLOOKUP($R25,武学奇术!$A:$ZZ,9,FALSE)+SUM(_xlfn.XLOOKUP(S25:AG25,增益!$A:$A,增益!$I:$I,0)))/200,($F$11-$I$4+VLOOKUP($R25,武学奇术!$A:$ZZ,9,FALSE)+SUM(_xlfn.XLOOKUP(S25:AG25,增益!$A:$A,增益!$I:$I,0)))/100)} -> -0.24 | AW25: {=$G$11+VLOOKUP($R25,武学奇术!$A:$ZZ,10,FALSE)+SUM(_xlfn.XLOOKUP(S25:AG25,增益!$A:$A,增益!$J:$J,0))} -> 0 | AX25: =$D$12*(1+$AS25) -> 0 | AY25: =$E$12*(1+$AS25) -> 0 | AZ25: {=IF($F$12-$I$4+VLOOKUP($R25,武学奇术!$A:$ZZ,11,FALSE)+SUM(_xlfn.XLOOKUP(S25:AG25,增益!$A:$A,增益!$K:$K,0))>0,($F$12-$I$4+VLOOKUP($R25,武学奇术!$A:$ZZ,11,FALSE)+SUM(_xlfn.XLOOKUP(S25:AG25,增益!$A:$A,增益!$K:$K,0)))/200,($F$12-$I$4+VLOOKUP($R25,武学奇术!$A:$ZZ,11,FALSE)+SUM(_xlfn.XLOOKUP(S25:AG25,增益!$A:$A,增益!$K:$K,0)))/100)} -> -0.24 | BA25: {=$G$12+VLOOKUP($R25,武学奇术!$A:$ZZ,12,FALSE)+SUM(_xlfn.XLOOKUP(S25:AG25,增益!$A:$A,增益!$L:$L,0))} -> 0 | BB25: =$D$13*(1+$AS25) -> 0 | BC25: =$E$13*(1+$AS25) -> 0 | BD25: {=IF($F$13-$I$4+VLOOKUP($R25,武学奇术!$A:$ZZ,13,FALSE)+SUM(_xlfn.XLOOKUP(S25:AG25,增益!$A:$A,增益!$M:$M,0))>0,($F$13-$I$4+VLOOKUP($R25,武学奇术!$A:$ZZ,13,FALSE)+SUM(_xlfn.XLOOKUP(S25:AG25,增益!$A:$A,增益!$K:$K,0)))/200,($F$13-$I$4+VLOOKUP($R25,武学奇术!$A:$ZZ,13,FALSE)+SUM(_xlfn.XLOOKUP(S25:AG25,增益!$A:$A,增益!$M:$M,0)))/100)} -> -0.24 | BE25: {=$G$13+VLOOKUP($R25,武学奇术!$A:$ZZ,14,FALSE)+SUM(_xlfn.XLOOKUP(S25:AG25,增益!$A:$A,增益!$N:$N,0))} -> 0 | BF25: =$D$14*(1+$AS25) -> 605.472 | BG25: =$E$14*(1+$AS25) -> 1725.468 | BH25: {=IF($F$14-$I$4+VLOOKUP($R25,武学奇术!$A:$ZZ,15,FALSE)+SUM(_xlfn.XLOOKUP(S25:AG25,增益!$A:$A,增益!$O:$O,0))>0,($F$14-$I$4+VLOOKUP($R25,武学奇术!$A:$ZZ,15,FALSE)+SUM(_xlfn.XLOOKUP(S25:AG25,增益!$A:$A,增益!$O:$O,0)))/200,($F$14-$I$4+VLOOKUP($R25,武学奇术!$A:$ZZ,15,FALSE)+SUM(_xlfn.XLOOKUP(S25:AG25,增益!$A:$A,增益!$O:$O,0)))/100)} -> 0.03 | BI25: {=$G$14+VLOOKUP($R25,武学奇术!$A:$ZZ,16,FALSE)+SUM(_xlfn.XLOOKUP(S25:AG25,增益!$A:$A,增益!$P:$P,0))} -> 0.24 | BJ25: =MIN(IF(VLOOKUP($R25,武学奇术!$A:$ZZ,23,FALSE)=1,100%,$B$8),100%) -> 1 | BK25: {=IF(VLOOKUP($R25,武学奇术!$A:$ZZ,23,FALSE)=1,100%,MIN(80%,$B$9+VLOOKUP($R25,武学奇术!$A:$ZZ,17,FALSE)+SUM(_xlfn.XLOOKUP(S25:AG25,增益!$A:$A,增益!$Q:$Q,0)))+$B$11+SUM(_xlfn.XLOOKUP(S25:AG25,增益!$A:$A,增益!$U:$U,0)))*IF(VLOOKUP($R25,武学奇术!$A:$ZZ,24,FALSE)=1,0,1)+MIN(IF(VLOOKUP($R25,武学奇术!$A:$ZZ,32,FALSE)=1,IF(VLOOKUP($R25,武学奇术!$A:$ZZ,24,FALSE)=1,100%,MIN(40%,$B$10+VLOOKUP($R25,武学奇术!$A:$ZZ,19,FALSE)+SUM(_xlfn.XLOOKUP(S25:AG25,增益!$A:$A,增益!$S:$S,0)))+$B$12+SUM(_xlfn.XLOOKUP(S25:AG25,增益!$A:$A,增益!$V:$V,0))),0),12%)} -> 0.9036 | BL25: {=1+$B$13+VLOOKUP($R25,武学奇术!$A:$ZZ,18,FALSE)+SUM(_xlfn.XLOOKUP(S25:AG25,增益!$A:$A,增益!$R:$R,0))} -> 1.91 | BM25: {=MAX(IF(VLOOKUP($R25,武学奇术!$A:$ZZ,24,FALSE)=1,100%,MIN(40%,$B$10+VLOOKUP($R25,武学奇术!$A:$ZZ,19,FALSE)+SUM(_xlfn.XLOOKUP(S25:AG25,增益!$A:$A,增益!$S:$S,0)))+$B$12+SUM(_xlfn.XLOOKUP(S25:AG25,增益!$A:$A,增益!$V:$V,0)))*IF(VLOOKUP($R25,武学奇术!$A:$ZZ,23,FALSE)=1,0,1)-IF(VLOOKUP($R25,武学奇术!$A:$ZZ,32,FALSE)=1,12%,0),0)} -> 0.0929 | BN25: {=1+$B$14+VLOOKUP($R25,武学奇术!$A:$ZZ,20,FALSE)+SUM(_xlfn.XLOOKUP(S25:AG25,增益!$A:$A,增益!$T:$T,0))} -> 1.35 | BO25: =MIN((1-BM25)*BJ25,BJ25*BK25) -> 0.9036 | BP25: =1-BM25-BO25-BQ25 -> 0.0035 | BQ25: =IF(VLOOKUP($R25,武学奇术!$A:$ZZ,22,FALSE)=1,0,(1-$BJ25))*(1-$BM25) -> 0 | BR25: {=SUM(_xlfn.XLOOKUP(S25:AG25,增益!$A:$A,增益!$W:$W,0))+$I$5} -> 0.11
K26: =$L26*VLOOKUP($R26,武学奇术!$A:$ZZ,31,FALSE) -> 25659.318 | L26: =($M26*$BO26+$N26*$BM26+$O26*$BP26+$P26*$BQ26) -> 25659.318 | M26: =((($AO26+($AP26-$AO26)*IF(VLOOKUP($R26,武学奇术!$A:$ZZ,31,FALSE)=1,$F$18,0.5))*$AI26+$AJ26)*(1+$AQ26)*(1+$AR26)+(($AT26+($AU26-$AT26)*IF(VLOOKUP($R26,武学奇术!$A:$ZZ,31,FALSE)=1,$F$18,0.5))*IF($G$1="鸣金",$AK26,$AI26)+IF($G$1="鸣金",$AL26*1.5,0))*(1+$AV26)*(1+$AW26)+(($AX26+($AY26-$AX26)*IF(VLOOKUP($R26,武学奇术!$A:$ZZ,31,FALSE)=1,$F$18,0.5))*IF($G$1="裂石",$AK26,$AI26)+IF($G$1="裂石",$AL26*1.5,0))*(1+$AZ26)*(1+$BA26)+(($BB26+($BC26-$BB26)*IF(VLOOKUP($R26,武学奇术!$A:$ZZ,31,FALSE)=1,$F$18,0.5))*IF($G$1="牵丝",$AK26,$AI26)+IF($G$1="牵丝",$AL26*1.5,0))*(1+$BD26)*(1+$BE26)+(($BF26+($BG26-$BF26)*IF(VLOOKUP($R26,武学奇术!$A:$ZZ,31,FALSE)=1,$F$18,0.5))*IF($G$1="破竹",$AK26,$AI26)+IF($G$1="破竹",$AL26*1.5,0))*(1+$BH26)*(1+$BI26))*(1+$AM26)*$BL26*$Q26*(1+IF(VLOOKUP($R26,武学奇术!$A:$ZZ,30,FALSE)="蓄力技",$B$21,0))*(1+$BR26) -> 25842.168 | N26: =(($AP26*$AI26+$AJ26)*(1+$AQ26)*(1+$AR26)+($AU26*IF($G$1="鸣金",$AK26,$AI26)+IF($G$1="鸣金",$AL26*1.5,0))*(1+$AV26)*(1+$AW26)+($AY26*IF($G$1="裂石",$AK26,$AI26)+IF($G$1="裂石",$AL26*1.5,0))*(1+$AZ26)*(1+$BA26)+($BC26*IF($G$1="牵丝",$AK26,$AI26)+IF($G$1="牵丝",$AL26*1.5,0))*(1+$BD26)*(1+$BE26)+($BG26*IF($G$1="破竹",$AK26,$AI26)+IF($G$1="破竹",$AL26*1.5,0))*(1+$BH26)*(1+$BI26))*(1+$AM26)*$BN26*$Q26*(1+IF(VLOOKUP($R26,武学奇术!$A:$ZZ,30,FALSE)="蓄力技",$B$21,0))*(1+$BR26) -> 24242.811 | O26: =((($AO26+($AP26-$AO26)*IF(VLOOKUP($R26,武学奇术!$A:$ZZ,31,FALSE)=1,$F$18,0.5))*$AI26+$AJ26)*(1+$AQ26)*(1+$AR26)+(($AT26+($AU26-$AT26)*IF(VLOOKUP($R26,武学奇术!$A:$ZZ,31,FALSE)=1,$F$18,0.5))*IF($G$1="鸣金",$AK26,$AI26)+IF($G$1="鸣金",$AL26*1.5,0))*(1+$AV26)*(1+$AW26)+(($AX26+($AY26-$AX26)*IF(VLOOKUP($R26,武学奇术!$A:$ZZ,31,FALSE)=1,$F$18,0.5))*IF($G$1="裂石",$AK26,$AI26)+IF($G$1="裂石",$AL26*1.5,0))*(1+$AZ26)*(1+$BA26)+(($BB26+($BC26-$BB26)*IF(VLOOKUP($R26,武学奇术!$A:$ZZ,31,FALSE)=1,$F$18,0.5))*IF($G$1="牵丝",$AK26,$AI26)+IF($G$1="牵丝",$AL26*1.5,0))*(1+$BD26)*(1+$BE26)+(($BF26+($BG26-$BF26)*IF(VLOOKUP($R26,武学奇术!$A:$ZZ,31,FALSE)=1,$F$18,0.5))*IF($G$1="破竹",$AK26,$AI26)+IF($G$1="破竹",$AL26*1.5,0))*(1+$BH26)*(1+$BI26))*(1+$AM26)*$Q26*(1+IF(VLOOKUP($R26,武学奇术!$A:$ZZ,30,FALSE)="蓄力技",$B$21,0))*(1+$BR26) -> 16051.036 | P26: =((($AO26*$AI26+$AJ26)*(1+$AQ26)*(1+$AR26)+($AT26*IF($G$1="鸣金",$AK26,$AI26)+IF($G$1="鸣金",$AL26*1.5,0))*(1+$AV26)*(1+$AW26)+($AX26*IF($G$1="裂石",$AK26,$AI26)+IF($G$1="裂石",$AL26*1.5,0))*(1+$AZ26)*(1+$BA26)+($BB26*IF($G$1="牵丝",$AK26,$AI26)+IF($G$1="牵丝",$AL26*1.5,0))*(1+$BD26)*(1+$BE26)+($BF26*IF($G$1="破竹",$AK26,$AI26)+IF($G$1="破竹",$AL26*1.5,0))*(1+$BH26)*(1+$BI26))*(1+$AM26))*$Q26*(1+IF(VLOOKUP($R26,武学奇术!$A:$ZZ,30,FALSE)="蓄力技",$B$21,0))*(1+$BR26) -> 14144.434 | Q26: 1 | R26: 绳标～ | S26: 易水歌5层 | T26: N/a | U26: N/a | V26: N/a | W26: N/a | X26: N/a | Y26: 沧海帖7层 | Z26: N/a | AA26: N/a | AB26: 扶风(拐) | AC26: N/a | AD26: N/a | AE26: 裁云(拐) | AF26: 无惧 | AG26: 天志增伤 | AH26: =VLOOKUP($R26,武学奇术!$A:$ZZ,25,FALSE) -> 绳镖 | AI26: =VLOOKUP($R26,武学奇术!$A:$ZZ,26,FALSE) -> 1.2503 | AJ26: =VLOOKUP($R26,武学奇术!$A:$ZZ,27,FALSE)*(1+IF(OR($AH26=$F$4,$AH26=$F$5),$B$22,0)) -> 520.5 | AK26: =VLOOKUP($R26,武学奇术!$A:$ZZ,28,FALSE) -> 1.8755 | AL26: =VLOOKUP($R26,武学奇术!$A:$ZZ,29,FALSE)*(1+IF(OR($AH26=$F$4,$AH26=$F$5),$B$22,0)) -> 283.5 | AM26: {=$G$3+IFERROR(VLOOKUP($AH26,$F$4:$G$7,2,FALSE),0)+VLOOKUP($R26,武学奇术!$A:$ZZ,2,FALSE)+SUM(_xlfn.XLOOKUP($S26:$AG26,增益!$A:$A,增益!$B:$B,0))} -> 0.3189 | AN26: {=VLOOKUP($R26,武学奇术!$A:$ZZ,5,FALSE)+SUM(_xlfn.XLOOKUP($S26:$AG26,增益!$A:$A,增益!$E:$E,0))} -> 0 | AO26: {=$D$10*(1+$AN26)+VLOOKUP($R26,武学奇术!$A:$ZZ,3,FALSE)+SUM(_xlfn.XLOOKUP($S26:$AG26,增益!$A:$A,增益!$C:$C,0))-$I$2} -> 3888.382 | AP26: {=$E$10*(1+$AN26)+VLOOKUP($R26,武学奇术!$A:$ZZ,4,FALSE)+SUM(_xlfn.XLOOKUP($S26:$AG26,增益!$A:$A,增益!$D:$D,0))-$I$2} -> 3888.382 | AQ26: {=IF($F$10-$I$3+VLOOKUP($R26,武学奇术!$A:$ZZ,6,FALSE)+SUM(_xlfn.XLOOKUP(S26:AG26,增益!$A:$A,增益!$F:$F,0))>0,($F$10-$I$3+VLOOKUP($R26,武学奇术!$A:$ZZ,6,FALSE)+SUM(_xlfn.XLOOKUP(S26:AG26,增益!$A:$A,增益!$F:$F,0)))/200,($F$10-$I$3+VLOOKUP($R26,武学奇术!$A:$ZZ,6,FALSE)+SUM(_xlfn.XLOOKUP(S26:AG26,增益!$A:$A,增益!$F:$F,0)))/100)} -> 0.317 | AR26: {=$G$10+VLOOKUP($R26,武学奇术!$A:$ZZ,7,FALSE)+SUM(_xlfn.XLOOKUP(S26:AG26,增益!$A:$A,增益!$G:$G,0))} -> 0.09 | AS26: {=VLOOKUP($R26,武学奇术!$A:$ZZ,8,FALSE)+SUM(_xlfn.XLOOKUP(S26:AG26,增益!$A:$A,增益!$H:$H,0))} -> 0 | AT26: =$D$11*(1+$AS26) -> 0 | AU26: =$E$11*(1+$AS26) -> 0 | AV26: {=IF($F$11-$I$4+VLOOKUP($R26,武学奇术!$A:$ZZ,9,FALSE)+SUM(_xlfn.XLOOKUP(S26:AG26,增益!$A:$A,增益!$I:$I,0))>0,($F$11-$I$4+VLOOKUP($R26,武学奇术!$A:$ZZ,9,FALSE)+SUM(_xlfn.XLOOKUP(S26:AG26,增益!$A:$A,增益!$I:$I,0)))/200,($F$11-$I$4+VLOOKUP($R26,武学奇术!$A:$ZZ,9,FALSE)+SUM(_xlfn.XLOOKUP(S26:AG26,增益!$A:$A,增益!$I:$I,0)))/100)} -> -0.3 | AW26: {=$G$11+VLOOKUP($R26,武学奇术!$A:$ZZ,10,FALSE)+SUM(_xlfn.XLOOKUP(S26:AG26,增益!$A:$A,增益!$J:$J,0))} -> 0 | AX26: =$D$12*(1+$AS26) -> 0 | AY26: =$E$12*(1+$AS26) -> 0 | AZ26: {=IF($F$12-$I$4+VLOOKUP($R26,武学奇术!$A:$ZZ,11,FALSE)+SUM(_xlfn.XLOOKUP(S26:AG26,增益!$A:$A,增益!$K:$K,0))>0,($F$12-$I$4+VLOOKUP($R26,武学奇术!$A:$ZZ,11,FALSE)+SUM(_xlfn.XLOOKUP(S26:AG26,增益!$A:$A,增益!$K:$K,0)))/200,($F$12-$I$4+VLOOKUP($R26,武学奇术!$A:$ZZ,11,FALSE)+SUM(_xlfn.XLOOKUP(S26:AG26,增益!$A:$A,增益!$K:$K,0)))/100)} -> -0.3 | BA26: {=$G$12+VLOOKUP($R26,武学奇术!$A:$ZZ,12,FALSE)+SUM(_xlfn.XLOOKUP(S26:AG26,增益!$A:$A,增益!$L:$L,0))} -> 0 | BB26: =$D$13*(1+$AS26) -> 0 | BC26: =$E$13*(1+$AS26) -> 0 | BD26: {=IF($F$13-$I$4+VLOOKUP($R26,武学奇术!$A:$ZZ,13,FALSE)+SUM(_xlfn.XLOOKUP(S26:AG26,增益!$A:$A,增益!$M:$M,0))>0,($F$13-$I$4+VLOOKUP($R26,武学奇术!$A:$ZZ,13,FALSE)+SUM(_xlfn.XLOOKUP(S26:AG26,增益!$A:$A,增益!$K:$K,0)))/200,($F$13-$I$4+VLOOKUP($R26,武学奇术!$A:$ZZ,13,FALSE)+SUM(_xlfn.XLOOKUP(S26:AG26,增益!$A:$A,增益!$M:$M,0)))/100)} -> -0.3 | BE26: {=$G$13+VLOOKUP($R26,武学奇术!$A:$ZZ,14,FALSE)+SUM(_xlfn.XLOOKUP(S26:AG26,增益!$A:$A,增益!$N:$N,0))} -> 0 | BF26: =$D$14*(1+$AS26) -> 605.472 | BG26: =$E$14*(1+$AS26) -> 1725.468 | BH26: {=IF($F$14-$I$4+VLOOKUP($R26,武学奇术!$A:$ZZ,15,FALSE)+SUM(_xlfn.XLOOKUP(S26:AG26,增益!$A:$A,增益!$O:$O,0))>0,($F$14-$I$4+VLOOKUP($R26,武学奇术!$A:$ZZ,15,FALSE)+SUM(_xlfn.XLOOKUP(S26:AG26,增益!$A:$A,增益!$O:$O,0)))/200,($F$14-$I$4+VLOOKUP($R26,武学奇术!$A:$ZZ,15,FALSE)+SUM(_xlfn.XLOOKUP(S26:AG26,增益!$A:$A,增益!$O:$O,0)))/100)} -> 0 | BI26: {=$G$14+VLOOKUP($R26,武学奇术!$A:$ZZ,16,FALSE)+SUM(_xlfn.XLOOKUP(S26:AG26,增益!$A:$A,增益!$P:$P,0))} -> 0.24 | BJ26: =MIN(IF(VLOOKUP($R26,武学奇术!$A:$ZZ,23,FALSE)=1,100%,$B$8),100%) -> 1 | BK26: {=IF(VLOOKUP($R26,武学奇术!$A:$ZZ,23,FALSE)=1,100%,MIN(80%,$B$9+VLOOKUP($R26,武学奇术!$A:$ZZ,17,FALSE)+SUM(_xlfn.XLOOKUP(S26:AG26,增益!$A:$A,增益!$Q:$Q,0)))+$B$11+SUM(_xlfn.XLOOKUP(S26:AG26,增益!$A:$A,增益!$U:$U,0)))*IF(VLOOKUP($R26,武学奇术!$A:$ZZ,24,FALSE)=1,0,1)+MIN(IF(VLOOKUP($R26,武学奇术!$A:$ZZ,32,FALSE)=1,IF(VLOOKUP($R26,武学奇术!$A:$ZZ,24,FALSE)=1,100%,MIN(40%,$B$10+VLOOKUP($R26,武学奇术!$A:$ZZ,19,FALSE)+SUM(_xlfn.XLOOKUP(S26:AG26,增益!$A:$A,增益!$S:$S,0)))+$B$12+SUM(_xlfn.XLOOKUP(S26:AG26,增益!$A:$A,增益!$V:$V,0))),0),12%)} -> 0.9036 | BL26: {=1+$B$13+VLOOKUP($R26,武学奇术!$A:$ZZ,18,FALSE)+SUM(_xlfn.XLOOKUP(S26:AG26,增益!$A:$A,增益!$R:$R,0))} -> 1.61 | BM26: {=MAX(IF(VLOOKUP($R26,武学奇术!$A:$ZZ,24,FALSE)=1,100%,MIN(40%,$B$10+VLOOKUP($R26,武学奇术!$A:$ZZ,19,FALSE)+SUM(_xlfn.XLOOKUP(S26:AG26,增益!$A:$A,增益!$S:$S,0)))+$B$12+SUM(_xlfn.XLOOKUP(S26:AG26,增益!$A:$A,增益!$V:$V,0)))*IF(VLOOKUP($R26,武学奇术!$A:$ZZ,23,FALSE)=1,0,1)-IF(VLOOKUP($R26,武学奇术!$A:$ZZ,32,FALSE)=1,12%,0),0)} -> 0.0929 | BN26: {=1+$B$14+VLOOKUP($R26,武学奇术!$A:$ZZ,20,FALSE)+SUM(_xlfn.XLOOKUP(S26:AG26,增益!$A:$A,增益!$T:$T,0))} -> 1.35 | BO26: =MIN((1-BM26)*BJ26,BJ26*BK26) -> 0.9036 | BP26: =1-BM26-BO26-BQ26 -> 0.0035 | BQ26: =IF(VLOOKUP($R26,武学奇术!$A:$ZZ,22,FALSE)=1,0,(1-$BJ26))*(1-$BM26) -> 0 | BR26: {=SUM(_xlfn.XLOOKUP(S26:AG26,增益!$A:$A,增益!$W:$W,0))+$I$5} -> 0.11
A27: Q1 | B27: 0.9 | H27: 1 | K27: =$L27*VLOOKUP($R27,武学奇术!$A:$ZZ,31,FALSE) -> 76366.11 | L27: =($M27*$BO27+$N27*$BM27+$O27*$BP27+$P27*$BQ27) -> 58743.162 | M27: =((($AO27+($AP27-$AO27)*IF(VLOOKUP($R27,武学奇术!$A:$ZZ,31,FALSE)=1,$F$18,0.5))*$AI27+$AJ27)*(1+$AQ27)*(1+$AR27)+(($AT27+($AU27-$AT27)*IF(VLOOKUP($R27,武学奇术!$A:$ZZ,31,FALSE)=1,$F$18,0.5))*IF($G$1="鸣金",$AK27,$AI27)+IF($G$1="鸣金",$AL27*1.5,0))*(1+$AV27)*(1+$AW27)+(($AX27+($AY27-$AX27)*IF(VLOOKUP($R27,武学奇术!$A:$ZZ,31,FALSE)=1,$F$18,0.5))*IF($G$1="裂石",$AK27,$AI27)+IF($G$1="裂石",$AL27*1.5,0))*(1+$AZ27)*(1+$BA27)+(($BB27+($BC27-$BB27)*IF(VLOOKUP($R27,武学奇术!$A:$ZZ,31,FALSE)=1,$F$18,0.5))*IF($G$1="牵丝",$AK27,$AI27)+IF($G$1="牵丝",$AL27*1.5,0))*(1+$BD27)*(1+$BE27)+(($BF27+($BG27-$BF27)*IF(VLOOKUP($R27,武学奇术!$A:$ZZ,31,FALSE)=1,$F$18,0.5))*IF($G$1="破竹",$AK27,$AI27)+IF($G$1="破竹",$AL27*1.5,0))*(1+$BH27)*(1+$BI27))*(1+$AM27)*$BL27*$Q27*(1+IF(VLOOKUP($R27,武学奇术!$A:$ZZ,30,FALSE)="蓄力技",$B$21,0))*(1+$BR27) -> 59944.147 | N27: =(($AP27*$AI27+$AJ27)*(1+$AQ27)*(1+$AR27)+($AU27*IF($G$1="鸣金",$AK27,$AI27)+IF($G$1="鸣金",$AL27*1.5,0))*(1+$AV27)*(1+$AW27)+($AY27*IF($G$1="裂石",$AK27,$AI27)+IF($G$1="裂石",$AL27*1.5,0))*(1+$AZ27)*(1+$BA27)+($BC27*IF($G$1="牵丝",$AK27,$AI27)+IF($G$1="牵丝",$AL27*1.5,0))*(1+$BD27)*(1+$BE27)+($BG27*IF($G$1="破竹",$AK27,$AI27)+IF($G$1="破竹",$AL27*1.5,0))*(1+$BH27)*(1+$BI27))*(1+$AM27)*$BN27*$Q27*(1+IF(VLOOKUP($R27,武学奇术!$A:$ZZ,30,FALSE)="蓄力技",$B$21,0))*(1+$BR27) -> 48092.409 | O27: =((($AO27+($AP27-$AO27)*IF(VLOOKUP($R27,武学奇术!$A:$ZZ,31,FALSE)=1,$F$18,0.5))*$AI27+$AJ27)*(1+$AQ27)*(1+$AR27)+(($AT27+($AU27-$AT27)*IF(VLOOKUP($R27,武学奇术!$A:$ZZ,31,FALSE)=1,$F$18,0.5))*IF($G$1="鸣金",$AK27,$AI27)+IF($G$1="鸣金",$AL27*1.5,0))*(1+$AV27)*(1+$AW27)+(($AX27+($AY27-$AX27)*IF(VLOOKUP($R27,武学奇术!$A:$ZZ,31,FALSE)=1,$F$18,0.5))*IF($G$1="裂石",$AK27,$AI27)+IF($G$1="裂石",$AL27*1.5,0))*(1+$AZ27)*(1+$BA27)+(($BB27+($BC27-$BB27)*IF(VLOOKUP($R27,武学奇术!$A:$ZZ,31,FALSE)=1,$F$18,0.5))*IF($G$1="牵丝",$AK27,$AI27)+IF($G$1="牵丝",$AL27*1.5,0))*(1+$BD27)*(1+$BE27)+(($BF27+($BG27-$BF27)*IF(VLOOKUP($R27,武学奇术!$A:$ZZ,31,FALSE)=1,$F$18,0.5))*IF($G$1="破竹",$AK27,$AI27)+IF($G$1="破竹",$AL27*1.5,0))*(1+$BH27)*(1+$BI27))*(1+$AM27)*$Q27*(1+IF(VLOOKUP($R27,武学奇术!$A:$ZZ,30,FALSE)="蓄力技",$B$21,0))*(1+$BR27) -> 31384.37 | P27: =((($AO27*$AI27+$AJ27)*(1+$AQ27)*(1+$AR27)+($AT27*IF($G$1="鸣金",$AK27,$AI27)+IF($G$1="鸣金",$AL27*1.5,0))*(1+$AV27)*(1+$AW27)+($AX27*IF($G$1="裂石",$AK27,$AI27)+IF($G$1="裂石",$AL27*1.5,0))*(1+$AZ27)*(1+$BA27)+($BB27*IF($G$1="牵丝",$AK27,$AI27)+IF($G$1="牵丝",$AL27*1.5,0))*(1+$BD27)*(1+$BE27)+($BF27*IF($G$1="破竹",$AK27,$AI27)+IF($G$1="破竹",$AL27*1.5,0))*(1+$BH27)*(1+$BI27))*(1+$AM27))*$Q27*(1+IF(VLOOKUP($R27,武学奇术!$A:$ZZ,30,FALSE)="蓄力技",$B$21,0))*(1+$BR27) -> 27144.734 | Q27: 1 | R27: 鹰隼追击(绳特殊技) | S27: 易水歌5层 | T27: N/a | U27: N/a | V27: N/a | W27: N/a | X27: N/a | Y27: 沧海帖7层 | Z27: N/a | AA27: 三穷 | AB27: 扶风(拐) | AC27: N/a | AD27: N/a | AE27: 裁云(拐) | AF27: 无惧 | AG27: 天志增伤 | AH27: =VLOOKUP($R27,武学奇术!$A:$ZZ,25,FALSE) -> 绳镖 | AI27: =VLOOKUP($R27,武学奇术!$A:$ZZ,26,FALSE) -> 2.19912 | AJ27: =VLOOKUP($R27,武学奇术!$A:$ZZ,27,FALSE)*(1+IF(OR($AH27=$F$4,$AH27=$F$5),$B$22,0)) -> 0 | AK27: =VLOOKUP($R27,武学奇术!$A:$ZZ,28,FALSE) -> 3.29868 | AL27: =VLOOKUP($R27,武学奇术!$A:$ZZ,29,FALSE)*(1+IF(OR($AH27=$F$4,$AH27=$F$5),$B$22,0)) -> 0 | AM27: {=$G$3+IFERROR(VLOOKUP($AH27,$F$4:$G$7,2,FALSE),0)+VLOOKUP($R27,武学奇术!$A:$ZZ,2,FALSE)+SUM(_xlfn.XLOOKUP($S27:$AG27,增益!$A:$A,增益!$B:$B,0))} -> 0.6189 | AN27: {=VLOOKUP($R27,武学奇术!$A:$ZZ,5,FALSE)+SUM(_xlfn.XLOOKUP($S27:$AG27,增益!$A:$A,增益!$E:$E,0))} -> 0 | AO27: {=$D$10*(1+$AN27)+VLOOKUP($R27,武学奇术!$A:$ZZ,3,FALSE)+SUM(_xlfn.XLOOKUP($S27:$AG27,增益!$A:$A,增益!$C:$C,0))-$I$2} -> 3888.382 | AP27: {=$E$10*(1+$AN27)+VLOOKUP($R27,武学奇术!$A:$ZZ,4,FALSE)+SUM(_xlfn.XLOOKUP($S27:$AG27,增益!$A:$A,增益!$D:$D,0))-$I$2} -> 3888.382 | AQ27: {=IF($F$10-$I$3+VLOOKUP($R27,武学奇术!$A:$ZZ,6,FALSE)+SUM(_xlfn.XLOOKUP(S27:AG27,增益!$A:$A,增益!$F:$F,0))>0,($F$10-$I$3+VLOOKUP($R27,武学奇术!$A:$ZZ,6,FALSE)+SUM(_xlfn.XLOOKUP(S27:AG27,增益!$A:$A,增益!$F:$F,0)))/200,($F$10-$I$3+VLOOKUP($R27,武学奇术!$A:$ZZ,6,FALSE)+SUM(_xlfn.XLOOKUP(S27:AG27,增益!$A:$A,增益!$F:$F,0)))/100)} -> 0.347 | AR27: {=$G$10+VLOOKUP($R27,武学奇术!$A:$ZZ,7,FALSE)+SUM(_xlfn.XLOOKUP(S27:AG27,增益!$A:$A,增益!$G:$G,0))} -> 0.09 | AS27: {=VLOOKUP($R27,武学奇术!$A:$ZZ,8,FALSE)+SUM(_xlfn.XLOOKUP(S27:AG27,增益!$A:$A,增益!$H:$H,0))} -> 0 | AT27: =$D$11*(1+$AS27) -> 0 | AU27: =$E$11*(1+$AS27) -> 0 | AV27: {=IF($F$11-$I$4+VLOOKUP($R27,武学奇术!$A:$ZZ,9,FALSE)+SUM(_xlfn.XLOOKUP(S27:AG27,增益!$A:$A,增益!$I:$I,0))>0,($F$11-$I$4+VLOOKUP($R27,武学奇术!$A:$ZZ,9,FALSE)+SUM(_xlfn.XLOOKUP(S27:AG27,增益!$A:$A,增益!$I:$I,0)))/200,($F$11-$I$4+VLOOKUP($R27,武学奇术!$A:$ZZ,9,FALSE)+SUM(_xlfn.XLOOKUP(S27:AG27,增益!$A:$A,增益!$I:$I,0)))/100)} -> -0.24 | AW27: {=$G$11+VLOOKUP($R27,武学奇术!$A:$ZZ,10,FALSE)+SUM(_xlfn.XLOOKUP(S27:AG27,增益!$A:$A,增益!$J:$J,0))} -> 0 | AX27: =$D$12*(1+$AS27) -> 0 | AY27: =$E$12*(1+$AS27) -> 0 | AZ27: {=IF($F$12-$I$4+VLOOKUP($R27,武学奇术!$A:$ZZ,11,FALSE)+SUM(_xlfn.XLOOKUP(S27:AG27,增益!$A:$A,增益!$K:$K,0))>0,($F$12-$I$4+VLOOKUP($R27,武学奇术!$A:$ZZ,11,FALSE)+SUM(_xlfn.XLOOKUP(S27:AG27,增益!$A:$A,增益!$K:$K,0)))/200,($F$12-$I$4+VLOOKUP($R27,武学奇术!$A:$ZZ,11,FALSE)+SUM(_xlfn.XLOOKUP(S27:AG27,增益!$A:$A,增益!$K:$K,0)))/100)} -> -0.24 | BA27: {=$G$12+VLOOKUP($R27,武学奇术!$A:$ZZ,12,FALSE)+SUM(_xlfn.XLOOKUP(S27:AG27,增益!$A:$A,增益!$L:$L,0))} -> 0 | BB27: =$D$13*(1+$AS27) -> 0 | BC27: =$E$13*(1+$AS27) -> 0 | BD27: {=IF($F$13-$I$4+VLOOKUP($R27,武学奇术!$A:$ZZ,13,FALSE)+SUM(_xlfn.XLOOKUP(S27:AG27,增益!$A:$A,增益!$M:$M,0))>0,($F$13-$I$4+VLOOKUP($R27,武学奇术!$A:$ZZ,13,FALSE)+SUM(_xlfn.XLOOKUP(S27:AG27,增益!$A:$A,增益!$K:$K,0)))/200,($F$13-$I$4+VLOOKUP($R27,武学奇术!$A:$ZZ,13,FALSE)+SUM(_xlfn.XLOOKUP(S27:AG27,增益!$A:$A,增益!$M:$M,0)))/100)} -> -0.24 | BE27: {=$G$13+VLOOKUP($R27,武学奇术!$A:$ZZ,14,FALSE)+SUM(_xlfn.XLOOKUP(S27:AG27,增益!$A:$A,增益!$N:$N,0))} -> 0 | BF27: =$D$14*(1+$AS27) -> 605.472 | BG27: =$E$14*(1+$AS27) -> 1725.468 | BH27: {=IF($F$14-$I$4+VLOOKUP($R27,武学奇术!$A:$ZZ,15,FALSE)+SUM(_xlfn.XLOOKUP(S27:AG27,增益!$A:$A,增益!$O:$O,0))>0,($F$14-$I$4+VLOOKUP($R27,武学奇术!$A:$ZZ,15,FALSE)+SUM(_xlfn.XLOOKUP(S27:AG27,增益!$A:$A,增益!$O:$O,0)))/200,($F$14-$I$4+VLOOKUP($R27,武学奇术!$A:$ZZ,15,FALSE)+SUM(_xlfn.XLOOKUP(S27:AG27,增益!$A:$A,增益!$O:$O,0)))/100)} -> 0.03 | BI27: {=$G$14+VLOOKUP($R27,武学奇术!$A:$ZZ,16,FALSE)+SUM(_xlfn.XLOOKUP(S27:AG27,增益!$A:$A,增益!$P:$P,0))} -> 0.24 | BJ27: =MIN(IF(VLOOKUP($R27,武学奇术!$A:$ZZ,23,FALSE)=1,100%,$B$8),100%) -> 1 | BK27: {=IF(VLOOKUP($R27,武学奇术!$A:$ZZ,23,FALSE)=1,100%,MIN(80%,$B$9+VLOOKUP($R27,武学奇术!$A:$ZZ,17,FALSE)+SUM(_xlfn.XLOOKUP(S27:AG27,增益!$A:$A,增益!$Q:$Q,0)))+$B$11+SUM(_xlfn.XLOOKUP(S27:AG27,增益!$A:$A,增益!$U:$U,0)))*IF(VLOOKUP($R27,武学奇术!$A:$ZZ,24,FALSE)=1,0,1)+MIN(IF(VLOOKUP($R27,武学奇术!$A:$ZZ,32,FALSE)=1,IF(VLOOKUP($R27,武学奇术!$A:$ZZ,24,FALSE)=1,100%,MIN(40%,$B$10+VLOOKUP($R27,武学奇术!$A:$ZZ,19,FALSE)+SUM(_xlfn.XLOOKUP(S27:AG27,增益!$A:$A,增益!$S:$S,0)))+$B$12+SUM(_xlfn.XLOOKUP(S27:AG27,增益!$A:$A,增益!$V:$V,0))),0),12%)} -> 0.9036 | BL27: {=1+$B$13+VLOOKUP($R27,武学奇术!$A:$ZZ,18,FALSE)+SUM(_xlfn.XLOOKUP(S27:AG27,增益!$A:$A,增益!$R:$R,0))} -> 1.91 | BM27: {=MAX(IF(VLOOKUP($R27,武学奇术!$A:$ZZ,24,FALSE)=1,100%,MIN(40%,$B$10+VLOOKUP($R27,武学奇术!$A:$ZZ,19,FALSE)+SUM(_xlfn.XLOOKUP(S27:AG27,增益!$A:$A,增益!$S:$S,0)))+$B$12+SUM(_xlfn.XLOOKUP(S27:AG27,增益!$A:$A,增益!$V:$V,0)))*IF(VLOOKUP($R27,武学奇术!$A:$ZZ,23,FALSE)=1,0,1)-IF(VLOOKUP($R27,武学奇术!$A:$ZZ,32,FALSE)=1,12%,0),0)} -> 0.0929 | BN27: {=1+$B$14+VLOOKUP($R27,武学奇术!$A:$ZZ,20,FALSE)+SUM(_xlfn.XLOOKUP(S27:AG27,增益!$A:$A,增益!$T:$T,0))} -> 1.35 | BO27: =MIN((1-BM27)*BJ27,BJ27*BK27) -> 0.9036 | BP27: =1-BM27-BO27-BQ27 -> 0.0035 | BQ27: =IF(VLOOKUP($R27,武学奇术!$A:$ZZ,22,FALSE)=1,0,(1-$BJ27))*(1-$BM27) -> 0 | BR27: {=SUM(_xlfn.XLOOKUP(S27:AG27,增益!$A:$A,增益!$W:$W,0))+$I$5} -> 0.11
