Workbook

Sheet 期望
B1: 最小攻击 | C1: 最大攻击 | D1: 穿透 | E1: 伤害加成 | F1: 武学属性 | G1: 破竹 | H1: 怪物属性 | K1: 期望 | L1: 会心期望 | M1: 会意期望 | N1: 普通期望 | O1: 擦伤期望 | P1: 次数 | Q1: 技能 | R1: 增益1 | S1: 增益2 | T1: 增益3 | U1: 增益4 | V1: 增益5 | W1: 增益6 | X1: 增益7 | Y1: 增益8 | Z1: 增益9 | AA1: 增益10 | AB1: 增益11 | AC1: 增益12 | AD1: 增益13 | AE1: 增益14 | AF1: 增益15 | AG1: 类型 | AH1: 外功倍率 | AI1: 外攻固伤 | AJ1: 属性倍率 | AK1: 属性固伤 | AL1: 通用增伤 | AM1: 外攻加成 | AN1: 即时小外 | AO1: 即时大外 | AP1: 外穿加成 | AQ1: 外伤加成 | AR1: 属攻加成 | AS1: 即时小鸣 | AT1: 即时大鸣 | AU1: 鸣金穿透 | AV1: 鸣金加成 | AW1: 即时小裂 | AX1: 即时大裂 | AY1: 裂石穿透 | AZ1: 裂石加成 | BA1: 即时小牵 | BB1: 即时大牵 | BC1: 牵丝穿透 | BD1: 牵丝加成 | BE1: 即时小破 | BF1: 即时大破 | BG1: 破竹穿透 | BH1: 破竹加成 | BI1: 生效精准 | BJ1: 生效会心 | BK1: 生效会心伤害 | BL1: 生效会意 | BM1: 生效会意伤害 | BN1: 会心占比 | BO1: 普攻占比 | BP1: 擦伤占比 | BQ1: 特殊增伤
A2: 外功 | B2: 3915.1 | C2: 2944.8 | D2: =58.4+IF($C$24="征人归",5.1,0) -> 58.4 | E2: =IF($C$22="三穷致知",2.5%,0) -> 0 | F2: 套装 | G2: 撼天 | H2: 防御 | I2: =620*(1-IF(F17="√",0.06,0)-IF(D20="√",0.04,0)) -> 558 | K2: =($L2*$BN2+$M2*$BL2+$N2*$BO2+$O2*$BP2) -> 23731.25 | L2: =((($AN2+($AO2-$AN2)*IF(VLOOKUP($Q2,武学奇术!$A:$ZZ,31,FALSE)=1,$F$18,0.5))*$AH2+$AI2)*(1+$AP2)*(1+$AQ2)+(($AS2+($AT2-$AS2)*IF(VLOOKUP($Q2,武学奇术!$A:$ZZ,31,FALSE)=1,$F$18,0.5))*IF($G$1="鸣金",$AJ2,$AH2)+IF($G$1="鸣金",$AK2*1.5,0))*(1+$AU2)*(1+$AV2)+(($AW2+($AX2-$AW2)*IF(VLOOKUP($Q2,武学奇术!$A:$ZZ,31,FALSE)=1,$F$18,0.5))*IF($G$1="裂石",$AJ2,$AH2)+IF($G$1="裂石",$AK2*1.5,0))*(1+$AY2)*(1+$AZ2)+(($BA2+($BB2-$BA2)*IF(VLOOKUP($Q2,武学奇术!$A:$ZZ,31,FALSE)=1,$F$18,0.5))*IF($G$1="牵丝",$AJ2,$AH2)+IF($G$1="牵丝",$AK2*1.5,0))*(1+$BC2)*(1+$BD2)+(($BE2+($BF2-$BE2)*IF(VLOOKUP($Q2,武学奇术!$A:$ZZ,31,FALSE)=1,$F$18,0.5))*IF($G$1="破竹",$AJ2,$AH2)+IF($G$1="破竹",$AK2*1.5,0))*(1+$BG2)*(1+$BH2))*(1+$AL2)*$BK2*$P2*(1+IF(VLOOKUP($Q2,武学奇术!$A:$ZZ,30,FALSE)="蓄力技",$B$21,0))*(1+$BQ2) -> 23777.574 | M2: =(($AO2*$AH2+$AI2)*(1+$AP2)*(1+$AQ2)+($AT2*IF($G$1="鸣金",$AJ2,$AH2)+IF($G$1="鸣金",$AK2*1.5,0))*(1+$AU2)*(1+$AV2)+($AX2*IF($G$1="裂石",$AJ2,$AH2)+IF($G$1="裂石",$AK2*1.5,0))*(1+$AY2)*(1+$AZ2)+($BB2*IF($G$1="牵丝",$AJ2,$AH2)+IF($G$1="牵丝",$AK2*1.5,0))*(1+$BC2)*(1+$BD2)+($BF2*IF($G$1="破竹",$AJ2,$AH2)+IF($G$1="破竹",$AK2*1.5,0))*(1+$BG2)*(1+$BH2))*(1+$AL2)*$BM2*$P2*(1+IF(VLOOKUP($Q2,武学奇术!$A:$ZZ,30,FALSE)="蓄力技",$B$21,0))*(1+$BQ2) -> 23259.985 | N2: =((($AN2+($AO2-$AN2)*IF(VLOOKUP($Q2,武学奇术!$A:$ZZ,31,FALSE)=1,$F$18,0.5))*$AH2+$AI2)*(1+$AP2)*(1+$AQ2)+(($AS2+($AT2-$AS2)*IF(VLOOKUP($Q2,武学奇术!$A:$ZZ,31,FALSE)=1,$F$18,0.5))*IF($G$1="鸣金",$AJ2,$AH2)+IF($G$1="鸣金",$AK2*1.5,0))*(1+$AU2)*(1+$AV2)+(($AW2+($AX2-$AW2)*IF(VLOOKUP($Q2,武学奇术!$A:$ZZ,31,FALSE)=1,$F$18,0.5))*IF($G$1="裂石",$AJ2,$AH2)+IF($G$1="裂石",$AK2*1.5,0))*(1+$AY2)*(1+$AZ2)+(($BA2+($BB2-$BA2)*IF(VLOOKUP($Q2,武学奇术!$A:$ZZ,31,FALSE)=1,$F$18,0.5))*IF($G$1="牵丝",$AJ2,$AH2)+IF($G$1="牵丝",$AK2*1.5,0))*(1+$BC2)*(1+$BD2)+(($BE2+($BF2-$BE2)*IF(VLOOKUP($Q2,武学奇术!$A:$ZZ,31,FALSE)=1,$F$18,0.5))*IF($G$1="破竹",$AJ2,$AH2)+IF($G$1="破竹",$AK2*1.5,0))*(1+$BG2)*(1+$BH2))*(1+$AL2)*$P2*(1+IF(VLOOKUP($Q2,武学奇术!$A:$ZZ,30,FALSE)="蓄力技",$B$21,0))*(1+$BQ2) -> 15340.37 | O2: =((($AN2*$AH2+$AI2)*(1+$AP2)*(1+$AQ2)+($AS2*IF($G$1="鸣金",$AJ2,$AH2)+IF($G$1="鸣金",$AK2*1.5,0))*(1+$AU2)*(1+$AV2)+($AW2*IF($G$1="裂石",$AJ2,$AH2)+IF($G$1="裂石",$AK2*1.5,0))*(1+$AY2)*(1+$AZ2)+($BA2*IF($G$1="牵丝",$AJ2,$AH2)+IF($G$1="牵丝",$AK2*1.5,0))*(1+$BC2)*(1+$BD2)+($BE2*IF($G$1="破竹",$AJ2,$AH2)+IF($G$1="破竹",$AK2*1.5,0))*(1+$BG2)*(1+$BH2))*(1+$AL2))*$P2*(1+IF(VLOOKUP($Q2,武学奇术!$A:$ZZ,30,FALSE)="蓄力技",$B$21,0))*(1+$BQ2) -> 13451.121 | P2: 1 | Q2: 萧呤千浪流星 | R2: 易水歌1层 | S2: N/a | T2: N/a | U2: 近战笛 | V2: N/a | W2: N/a | X2: 沧海帖1层 | Y2: N/a | Z2: N/a | AA2: N/a | AB2: N/a | AC2: N/a | AD2: N/a | AE2: 无惧 | AF2: 天志增伤 | AG2: =VLOOKUP($Q2,武学奇术!$A:$ZZ,25,FALSE) -> 群体奇术 | AH2: =VLOOKUP($Q2,武学奇术!$A:$ZZ,26,FALSE) -> 1.4904 | AI2: =VLOOKUP($Q2,武学奇术!$A:$ZZ,27,FALSE)*(1+IF(OR($AG2=$F$4,$AG2=$F$5),$B$22,0)) -> 368 | AJ2: =VLOOKUP($Q2,武学奇术!$A:$ZZ,28,FALSE) -> 2.2353 | AK2: =VLOOKUP($Q2,武学奇术!$A:$ZZ,29,FALSE)*(1+IF(OR($AG2=$F$4,$AG2=$F$5),$B$22,0)) -> 0 | AL2: {=$G$3+IFERROR(VLOOKUP($AG2,$F$4:$G$7,2,FALSE),0)+VLOOKUP($Q2,武学奇术!$A:$ZZ,2,FALSE)+SUM(_xlfn.XLOOKUP($R2:$AF2,增益!$A:$A,增益!$B:$B,0))} -> 0.2137 | AM2: {=VLOOKUP($Q2,武学奇术!$A:$ZZ,5,FALSE)+SUM(_xlfn.XLOOKUP($R2:$AF2,增益!$A:$A,增益!$E:$E,0))} -> 0 | AN2: {=$D$10*(1+$AM2)+VLOOKUP($Q2,武学奇术!$A:$ZZ,3,FALSE)+SUM(_xlfn.XLOOKUP($R2:$AF2,增益!$A:$A,增益!$C:$C,0))-$I$2} -> 3804.006 | AO2: {=$E$10*(1+$AM2)+VLOOKUP($Q2,武学奇术!$A:$ZZ,4,FALSE)+SUM(_xlfn.XLOOKUP($R2:$AF2,增益!$A:$A,增益!$D:$D,0))-$I$2} -> 3804.006 | AP2: {=IF($F$10-$I$3+VLOOKUP($Q2,武学奇术!$A:$ZZ,6,FALSE)+SUM(_xlfn.XLOOKUP(R2:AF2,增益!$A:$A,增益!$F:$F,0))>0,($F$10-$I$3+VLOOKUP($Q2,武学奇术!$A:$ZZ,6,FALSE)+SUM(_xlfn.XLOOKUP(R2:AF2,增益!$A:$A,增益!$F:$F,0)))/200,($F$10-$I$3+VLOOKUP($Q2,武学奇术!$A:$ZZ,6,FALSE)+SUM(_xlfn.XLOOKUP(R2:AF2,增益!$A:$A,增益!$F:$F,0)))/100)} -> 0.277 | AQ2: {=$G$10+VLOOKUP($Q2,武学奇术!$A:$ZZ,7,FALSE)+SUM(_xlfn.XLOOKUP(R2:AF2,增益!$A:$A,增益!$G:$G,0))} -> 0.09 | AR2: {=VLOOKUP($Q2,武学奇术!$A:$ZZ,8,FALSE)+SUM(_xlfn.XLOOKUP(R2:AF2,增益!$A:$A,增益!$H:$H,0))} -> 0 | AS2: =$D$11*(1+$AR2) -> 0 | AT2: =$E$11*(1+$AR2) -> 0 | AU2: {=IF($F$11-$I$4+VLOOKUP($Q2,武学奇术!$A:$ZZ,9,FALSE)+SUM(_xlfn.XLOOKUP(R2:AF2,增益!$A:$A,增益!$I:$I,0))>0,($F$11-$I$4+VLOOKUP($Q2,武学奇术!$A:$ZZ,9,FALSE)+SUM(_xlfn.XLOOKUP(R2:AF2,增益!$A:$A,增益!$I:$I,0)))/200,($F$11-$I$4+VLOOKUP($Q2,武学奇术!$A:$ZZ,9,FALSE)+SUM(_xlfn.XLOOKUP(R2:AF2,增益!$A:$A,增益!$I:$I,0)))/100)} -> -0.3 | AV2: {=$G$11+VLOOKUP($Q2,武学奇术!$A:$ZZ,10,FALSE)+SUM(_xlfn.XLOOKUP(R2:AF2,增益!$A:$A,增益!$J:$J,0))} -> 0 | AW2: =$D$12*(1+$AR2) -> 0 | AX2: =$E$12*(1+$AR2) -> 0 | AY2: {=IF($F$12-$I$4+VLOOKUP($Q2,武学奇术!$A:$ZZ,11,FALSE)+SUM(_xlfn.XLOOKUP(R2:AF2,增益!$A:$A,增益!$K:$K,0))>0,($F$12-$I$4+VLOOKUP($Q2,武学奇术!$A:$ZZ,11,FALSE)+SUM(_xlfn.XLOOKUP(R2:AF2,增益!$A:$A,增益!$K:$K,0)))/200,($F$12-$I$4+VLOOKUP($Q2,武学奇术!$A:$ZZ,11,FALSE)+SUM(_xlfn.XLOOKUP(R2:AF2,增益!$A:$A,增益!$K:$K,0)))/100)} -> -0.3 | AZ2: {=$G$12+VLOOKUP($Q2,武学奇术!$A:$ZZ,12,FALSE)+SUM(_xlfn.XLOOKUP(R2:AF2,增益!$A:$A,增益!$L:$L,0))} -> 0 | BA2: =$D$13*(1+$AR2) -> 0 | BB2: =$E$13*(1+$AR2) -> 0 | BC2: {=IF($F$13-$I$4+VLOOKUP($Q2,武学奇术!$A:$ZZ,13,FALSE)+SUM(_xlfn.XLOOKUP(R2:AF2,增益!$A:$A,增益!$M:$M,0))>0,($F$13-$I$4+VLOOKUP($Q2,武学奇术!$A:$ZZ,13,FALSE)+SUM(_xlfn.XLOOKUP(R2:AF2,增益!$A:$A,增益!$K:$K,0)))/200,($F$13-$I$4+VLOOKUP($Q2,武学奇术!$A:$ZZ,13,FALSE)+SUM(_xlfn.XLOOKUP(R2:AF2,增益!$A:$A,增益!$M:$M,0)))/100)} -> -0.3 | BD2: {=$G$13+VLOOKUP($Q2,武学奇术!$A:$ZZ,14,FALSE)+SUM(_xlfn.XLOOKUP(R2:AF2,增益!$A:$A,增益!$N:$N,0))} -> 0 | BE2: =$D$14*(1+$AR2) -> 570.28 | BF2: =$E$14*(1+$AR2) -> 1582.156 | BG2: {=IF($F$14-$I$4+VLOOKUP($Q2,武学奇术!$A:$ZZ,15,FALSE)+SUM(_xlfn.XLOOKUP(R2:AF2,增益!$A:$A,增益!$O:$O,0))>0,($F$14-$I$4+VLOOKUP($Q2,武学奇术!$A:$ZZ,15,FALSE)+SUM(_xlfn.XLOOKUP(R2:AF2,增益!$A:$A,增益!$O:$O,0)))/200,($F$14-$I$4+VLOOKUP($Q2,武学奇术!$A:$ZZ,15,FALSE)+SUM(_xlfn.XLOOKUP(R2:AF2,增益!$A:$A,增益!$O:$O,0)))/100)} -> 0 | BH2: {=$G$14+VLOOKUP($Q2,武学奇术!$A:$ZZ,16,FALSE)+SUM(_xlfn.XLOOKUP(R2:AF2,增益!$A:$A,增益!$P:$P,0))} -> 0.24 | BI2: =MIN(IF(VLOOKUP($Q2,武学奇术!$A:$ZZ,23,FALSE)=1,100%,$B$8),100%) -> 1 | BJ2: {=IF(VLOOKUP($Q2,武学奇术!$A:$ZZ,23,FALSE)=1,100%,MIN(80%,$B$9+VLOOKUP($Q2,武学奇术!$A:$ZZ,17,FALSE)+SUM(_xlfn.XLOOKUP(R2:AF2,增益!$A:$A,增益!$Q:$Q,0)))+$B$11+SUM(_xlfn.XLOOKUP(R2:AF2,增益!$A:$A,增益!$U:$U,0)))*IF(VLOOKUP($Q2,武学奇术!$A:$ZZ,24,FALSE)=1,0,1)+MIN(IF(VLOOKUP($Q2,武学奇术!$A:$ZZ,32,FALSE)=1,IF(VLOOKUP($Q2,武学奇术!$A:$ZZ,24,FALSE)=1,100%,MIN(40%,$B$10+VLOOKUP($Q2,武学奇术!$A:$ZZ,19,FALSE)+SUM(_xlfn.XLOOKUP(R2:AF2,增益!$A:$A,增益!$S:$S,0)))+$B$12+SUM(_xlfn.XLOOKUP(R2:AF2,增益!$A:$A,增益!$V:$V,0))),0),12%)} -> 0.918 | BK2: {=1+$B$13+VLOOKUP($Q2,武学奇术!$A:$ZZ,18,FALSE)+SUM(_xlfn.XLOOKUP(R2:AF2,增益!$A:$A,增益!$R:$R,0))} -> 1.55 | BL2: {=MAX(IF(VLOOKUP($Q2,武学奇术!$A:$ZZ,24,FALSE)=1,100%,MIN(40%,$B$10+VLOOKUP($Q2,武学奇术!$A:$ZZ,19,FALSE)+SUM(_xlfn.XLOOKUP(R2:AF2,增益!$A:$A,增益!$S:$S,0)))+$B$12+SUM(_xlfn.XLOOKUP(R2:AF2,增益!$A:$A,增益!$V:$V,0)))*IF(VLOOKUP($Q2,武学奇术!$A:$ZZ,23,FALSE)=1,0,1)-IF(VLOOKUP($Q2,武学奇术!$A:$ZZ,32,FALSE)=1,12%,0),0)} -> 0.0895 | BM2: {=1+$B$14+VLOOKUP($Q2,武学奇术!$A:$ZZ,20,FALSE)+SUM(_xlfn.XLOOKUP(R2:AF2,增益!$A:$A,增益!$T:$T,0))} -> 1.35 | BN2: =MIN((1-BL2)*BI2,BI2*BJ2) -> 0.9105 | BO2: =1-BL2-BN2-BP2 -> 0 | BP2: =IF(VLOOKUP($Q2,武学奇术!$A:$ZZ,22,FALSE)=1,0,(1-$BI2))*(1-$BL2) -> 0 | BQ2: {=SUM(_xlfn.XLOOKUP(R2:AF2,增益!$A:$A,增益!$W:$W,0))+$I$5} -> 0.11
A3: 鸣金 | F3: 通用增伤 | G3: =B16+1.5%+IF($D$16="√",8%,0)+IF($C$24="征人归",8%,0) -> 0.1837 | H3: 外抗 | I3: =25-IF(D17="√",10,0)-IF(F17="√",10,0) -> 5 | K3: =($L3*$BN3+$M3*$BL3+$N3*$BO3+$O3*$BP3) -> 24723.361 | L3: =((($AN3+($AO3-$AN3)*IF(VLOOKUP($Q3,武学奇术!$A:$ZZ,31,FALSE)=1,$F$18,0.5))*$AH3+$AI3)*(1+$AP3)*(1+$AQ3)+(($AS3+($AT3-$AS3)*IF(VLOOKUP($Q3,武学奇术!$A:$ZZ,31,FALSE)=1,$F$18,0.5))*IF($G$1="鸣金",$AJ3,$AH3)+IF($G$1="鸣金",$AK3*1.5,0))*(1+$AU3)*(1+$AV3)+(($AW3+($AX3-$AW3)*IF(VLOOKUP($Q3,武学奇术!$A:$ZZ,31,FALSE)=1,$F$18,0.5))*IF($G$1="裂石",$AJ3,$AH3)+IF($G$1="裂石",$AK3*1.5,0))*(1+$AY3)*(1+$AZ3)+(($BA3+($BB3-$BA3)*IF(VLOOKUP($Q3,武学奇术!$A:$ZZ,31,FALSE)=1,$F$18,0.5))*IF($G$1="牵丝",$AJ3,$AH3)+IF($G$1="牵丝",$AK3*1.5,0))*(1+$BC3)*(1+$BD3)+(($BE3+($BF3-$BE3)*IF(VLOOKUP($Q3,武学奇术!$A:$ZZ,31,FALSE)=1,$F$18,0.5))*IF($G$1="破竹",$AJ3,$AH3)+IF($G$1="破竹",$AK3*1.5,0))*(1+$BG3)*(1+$BH3))*(1+$AL3)*$BK3*$P3*(1+IF(VLOOKUP($Q3,武学奇术!$A:$ZZ,30,FALSE)="蓄力技",$B$21,0))*(1+$BQ3) -> 24773.271 | M3: =(($AO3*$AH3+$AI3)*(1+$AP3)*(1+$AQ3)+($AT3*IF($G$1="鸣金",$AJ3,$AH3)+IF($G$1="鸣金",$AK3*1.5,0))*(1+$AU3)*(1+$AV3)+($AX3*IF($G$1="裂石",$AJ3,$AH3)+IF($G$1="裂石",$AK3*1.5,0))*(1+$AY3)*(1+$AZ3)+($BB3*IF($G$1="牵丝",$AJ3,$AH3)+IF($G$1="牵丝",$AK3*1.5,0))*(1+$BC3)*(1+$BD3)+($BF3*IF($G$1="破竹",$AJ3,$AH3)+IF($G$1="破竹",$AK3*1.5,0))*(1+$BG3)*(1+$BH3))*(1+$AL3)*$BM3*$P3*(1+IF(VLOOKUP($Q3,武学奇术!$A:$ZZ,30,FALSE)="蓄力技",$B$21,0))*(1+$BQ3) -> 24215.627 | N3: =((($AN3+($AO3-$AN3)*IF(VLOOKUP($Q3,武学奇术!$A:$ZZ,31,FALSE)=1,$F$18,0.5))*$AH3+$AI3)*(1+$AP3)*(1+$AQ3)+(($AS3+($AT3-$AS3)*IF(VLOOKUP($Q3,武学奇术!$A:$ZZ,31,FALSE)=1,$F$18,0.5))*IF($G$1="鸣金",$AJ3,$AH3)+IF($G$1="鸣金",$AK3*1.5,0))*(1+$AU3)*(1+$AV3)+(($AW3+($AX3-$AW3)*IF(VLOOKUP($Q3,武学奇术!$A:$ZZ,31,FALSE)=1,$F$18,0.5))*IF($G$1="裂石",$AJ3,$AH3)+IF($G$1="裂石",$AK3*1.5,0))*(1+$AY3)*(1+$AZ3)+(($BA3+($BB3-$BA3)*IF(VLOOKUP($Q3,武学奇术!$A:$ZZ,31,FALSE)=1,$F$18,0.5))*IF($G$1="牵丝",$AJ3,$AH3)+IF($G$1="牵丝",$AK3*1.5,0))*(1+$BC3)*(1+$BD3)+(($BE3+($BF3-$BE3)*IF(VLOOKUP($Q3,武学奇术!$A:$ZZ,31,FALSE)=1,$F$18,0.5))*IF($G$1="破竹",$AJ3,$AH3)+IF($G$1="破竹",$AK3*1.5,0))*(1+$BG3)*(1+$BH3))*(1+$AL3)*$P3*(1+IF(VLOOKUP($Q3,武学奇术!$A:$ZZ,30,FALSE)="蓄力技",$B$21,0))*(1+$BQ3) -> 15880.302 | O3: =((($AN3*$AH3+$AI3)*(1+$AP3)*(1+$AQ3)+($AS3*IF($G$1="鸣金",$AJ3,$AH3)+IF($G$1="鸣金",$AK3*1.5,0))*(1+$AU3)*(1+$AV3)+($AW3*IF($G$1="裂石",$AJ3,$AH3)+IF($G$1="裂石",$AK3*1.5,0))*(1+$AY3)*(1+$AZ3)+($BA3*IF($G$1="牵丝",$AJ3,$AH3)+IF($G$1="牵丝",$AK3*1.5,0))*(1+$BC3)*(1+$BD3)+($BE3*IF($G$1="破竹",$AJ3,$AH3)+IF($G$1="破竹",$AK3*1.5,0))*(1+$BG3)*(1+$BH3))*(1+$AL3))*$P3*(1+IF(VLOOKUP($Q3,武学奇术!$A:$ZZ,30,FALSE)="蓄力技",$B$21,0))*(1+$BQ3) -> 13823.102 | P3: 1 | Q3: 萧呤千浪流星 | R3: 易水歌2层 | S3: N/a | T3: N/a | U3: 近战笛 | V3: N/a | W3: N/a | X3: 沧海帖2层 | Y3: 惧刃(拐) | Z3: N/a | AA3: N/a | AB3: N/a | AC3: N/a | AD3: N/a | AE3: 无惧 | AF3: 天志增伤 | AG3: =VLOOKUP($Q3,武学奇术!$A:$ZZ,25,FALSE) -> 群体奇术 | AH3: =VLOOKUP($Q3,武学奇术!$A:$ZZ,26,FALSE) -> 1.4904 | AI3: =VLOOKUP($Q3,武学奇术!$A:$ZZ,27,FALSE)*(1+IF(OR($AG3=$F$4,$AG3=$F$5),$B$22,0)) -> 368 | AJ3: =VLOOKUP($Q3,武学奇术!$A:$ZZ,28,FALSE) -> 2.2353 | AK3: =VLOOKUP($Q3,武学奇术!$A:$ZZ,29,FALSE)*(1+IF(OR($AG3=$F$4,$AG3=$F$5),$B$22,0)) -> 0 | AL3: {=$G$3+IFERROR(VLOOKUP($AG3,$F$4:$G$7,2,FALSE),0)+VLOOKUP($Q3,武学奇术!$A:$ZZ,2,FALSE)+SUM(_xlfn.XLOOKUP($R3:$AF3,增益!$A:$A,增益!$B:$B,0))} -> 0.2237 | AM3: {=VLOOKUP($Q3,武学奇术!$A:$ZZ,5,FALSE)+SUM(_xlfn.XLOOKUP($R3:$AF3,增益!$A:$A,增益!$E:$E,0))} -> 0 | AN3: {=$D$10*(1+$AM3)+VLOOKUP($Q3,武学奇术!$A:$ZZ,3,FALSE)+SUM(_xlfn.XLOOKUP($R3:$AF3,增益!$A:$A,增益!$C:$C,0))-$I$2} -> 3804.006 | AO3: {=$E$10*(1+$AM3)+VLOOKUP($Q3,武学奇术!$A:$ZZ,4,FALSE)+SUM(_xlfn.XLOOKUP($R3:$AF3,增益!$A:$A,增益!$D:$D,0))-$I$2} -> 3804.006 | AP3: {=IF($F$10-$I$3+VLOOKUP($Q3,武学奇术!$A:$ZZ,6,FALSE)+SUM(_xlfn.XLOOKUP(R3:AF3,增益!$A:$A,增益!$F:$F,0))>0,($F$10-$I$3+VLOOKUP($Q3,武学奇术!$A:$ZZ,6,FALSE)+SUM(_xlfn.XLOOKUP(R3:AF3,增益!$A:$A,增益!$F:$F,0)))/200,($F$10-$I$3+VLOOKUP($Q3,武学奇术!$A:$ZZ,6,FALSE)+SUM(_xlfn.XLOOKUP(R3:AF3,增益!$A:$A,增益!$F:$F,0)))/100)} -> 0.287 | AQ3: {=$G$10+VLOOKUP($Q3,武学奇术!$A:$ZZ,7,FALSE)+SUM(_xlfn.XLOOKUP(R3:AF3,增益!$A:$A,增益!$G:$G,0))} -> 0.09 | AR3: {=VLOOKUP($Q3,武学奇术!$A:$ZZ,8,FALSE)+SUM(_xlfn.XLOOKUP(R3:AF3,增益!$A:$A,增益!$H:$H,0))} -> 0 | AS3: =$D$11*(1+$AR3) -> 0 | AT3: =$E$11*(1+$AR3) -> 0 | AU3: {=IF($F$11-$I$4+VLOOKUP($Q3,武学奇术!$A:$ZZ,9,FALSE)+SUM(_xlfn.XLOOKUP(R3:AF3,增益!$A:$A,增益!$I:$I,0))>0,($F$11-$I$4+VLOOKUP($Q3,武学奇术!$A:$ZZ,9,FALSE)+SUM(_xlfn.XLOOKUP(R3:AF3,增益!$A:$A,增益!$I:$I,0)))/200,($F$11-$I$4+VLOOKUP($Q3,武学奇术!$A:$ZZ,9,FALSE)+SUM(_xlfn.XLOOKUP(R3:AF3,增益!$A:$A,增益!$I:$I,0)))/100)} -> -0.14 | AV3: {=$G$11+VLOOKUP($Q3,武学奇术!$A:$ZZ,10,FALSE)+SUM(_xlfn.XLOOKUP(R3:AF3,增益!$A:$A,增益!$J:$J,0))} -> 0 | AW3: =$D$12*(1+$AR3) -> 0 | AX3: =$E$12*(1+$AR3) -> 0 | AY3: {=IF($F$12-$I$4+VLOOKUP($Q3,武学奇术!$A:$ZZ,11,FALSE)+SUM(_xlfn.XLOOKUP(R3:AF3,增益!$A:$A,增益!$K:$K,0))>0,($F$12-$I$4+VLOOKUP($Q3,武学奇术!$A:$ZZ,11,FALSE)+SUM(_xlfn.XLOOKUP(R3:AF3,增益!$A:$A,增益!$K:$K,0)))/200,($F$12-$I$4+VLOOKUP($Q3,武学奇术!$A:$ZZ,11,FALSE)+SUM(_xlfn.XLOOKUP(R3:AF3,增益!$A:$A,增益!$K:$K,0)))/100)} -> -0.14 | AZ3: {=$G$12+VLOOKUP($Q3,武学奇术!$A:$ZZ,12,FALSE)+SUM(_xlfn.XLOOKUP(R3:AF3,增益!$A:$A,增益!$L:$L,0))} -> 0 | BA3: =$D$13*(1+$AR3) -> 0 | BB3: =$E$13*(1+$AR3) -> 0 | BC3: {=IF($F$13-$I$4+VLOOKUP($Q3,武学奇术!$A:$ZZ,13,FALSE)+SUM(_xlfn.XLOOKUP(R3:AF3,增益!$A:$A,增益!$M:$M,0))>0,($F$13-$I$4+VLOOKUP($Q3,武学奇术!$A:$ZZ,13,FALSE)+SUM(_xlfn.XLOOKUP(R3:AF3,增益!$A:$A,增益!$K:$K,0)))/200,($F$13-$I$4+VLOOKUP($Q3,武学奇术!$A:$ZZ,13,FALSE)+SUM(_xlfn.XLOOKUP(R3:AF3,增益!$A:$A,增益!$M:$M,0)))/100)} -> -0.14 | BD3: {=$G$13+VLOOKUP($Q3,武学奇术!$A:$ZZ,14,FALSE)+SUM(_xlfn.XLOOKUP(R3:AF3,增益!$A:$A,增益!$N:$N,0))} -> 0 | BE3: =$D$14*(1+$AR3) -> 570.28 | BF3: =$E$14*(1+$AR3) -> 1582.156 | BG3: {=IF($F$14-$I$4+VLOOKUP($Q3,武学奇术!$A:$ZZ,15,FALSE)+SUM(_xlfn.XLOOKUP(R3:AF3,增益!$A:$A,增益!$O:$O,0))>0,($F$14-$I$4+VLOOKUP($Q3,武学奇术!$A:$ZZ,15,FALSE)+SUM(_xlfn.XLOOKUP(R3:AF3,增益!$A:$A,增益!$O:$O,0)))/200,($F$14-$I$4+VLOOKUP($Q3,武学奇术!$A:$ZZ,15,FALSE)+SUM(_xlfn.XLOOKUP(R3:AF3,增益!$A:$A,增益!$O:$O,0)))/100)} -> 0.08 | BH3: {=$G$14+VLOOKUP($Q3,武学奇术!$A:$ZZ,16,FALSE)+SUM(_xlfn.XLOOKUP(R3:AF3,增益!$A:$A,增益!$P:$P,0))} -> 0.24 | BI3: =MIN(IF(VLOOKUP($Q3,武学奇术!$A:$ZZ,23,FALSE)=1,100%,$B$8),100%) -> 1 | BJ3: {=IF(VLOOKUP($Q3,武学奇术!$A:$ZZ,23,FALSE)=1,100%,MIN(80%,$B$9+VLOOKUP($Q3,武学奇术!$A:$ZZ,17,FALSE)+SUM(_xlfn.XLOOKUP(R3:AF3,增益!$A:$A,增益!$Q:$Q,0)))+$B$11+SUM(_xlfn.XLOOKUP(R3:AF3,增益!$A:$A,增益!$U:$U,0)))*IF(VLOOKUP($Q3,武学奇术!$A:$ZZ,24,FALSE)=1,0,1)+MIN(IF(VLOOKUP($Q3,武学奇术!$A:$ZZ,32,FALSE)=1,IF(VLOOKUP($Q3,武学奇术!$A:$ZZ,24,FALSE)=1,100%,MIN(40%,$B$10+VLOOKUP($Q3,武学奇术!$A:$ZZ,19,FALSE)+SUM(_xlfn.XLOOKUP(R3:AF3,增益!$A:$A,增益!$S:$S,0)))+$B$12+SUM(_xlfn.XLOOKUP(R3:AF3,增益!$A:$A,增益!$V:$V,0))),0),12%)} -> 0.918 | BK3: {=1+$B$13+VLOOKUP($Q3,武学奇术!$A:$ZZ,18,FALSE)+SUM(_xlfn.XLOOKUP(R3:AF3,增益!$A:$A,增益!$R:$R,0))} -> 1.56 | BL3: {=MAX(IF(VLOOKUP($Q3,武学奇术!$A:$ZZ,24,FALSE)=1,100%,MIN(40%,$B$10+VLOOKUP($Q3,武学奇术!$A:$ZZ,19,FALSE)+SUM(_xlfn.XLOOKUP(R3:AF3,增益!$A:$A,增益!$S:$S,0)))+$B$12+SUM(_xlfn.XLOOKUP(R3:AF3,增益!$A:$A,增益!$V:$V,0)))*IF(VLOOKUP($Q3,武学奇术!$A:$ZZ,23,FALSE)=1,0,1)-IF(VLOOKUP($Q3,武学奇术!$A:$ZZ,32,FALSE)=1,12%,0),0)} -> 0.0895 | BM3: {=1+$B$14+VLOOKUP($Q3,武学奇术!$A:$ZZ,20,FALSE)+SUM(_xlfn.XLOOKUP(R3:AF3,增益!$A:$A,增益!$T:$T,0))} -> 1.35 | BN3: =MIN((1-BL3)*BI3,BI3*BJ3) -> 0.9105 | BO3: =1-BL3-BN3-BP3 -> 0 | BP3: =IF(VLOOKUP($Q3,武学奇术!$A:$ZZ,22,FALSE)=1,0,(1-$BI3))*(1-$BL3) -> 0 | BQ3: {=SUM(_xlfn.XLOOKUP(R3:AF3,增益!$A:$A,增益!$W:$W,0))+$I$5} -> 0.11
A4: 裂石 | F4: 拳甲 | G4: =B15+B17 -> 0.1704 | H4: 属抗 | I4: =30 -> 30 | K4: =($L4*$BN4+$M4*$BL4+$N4*$BO4+$O4*$BP4) -> 25210.883 | L4: =((($AN4+($AO4-$AN4)*IF(VLOOKUP($Q4,武学奇术!$A:$ZZ,31,FALSE)=1,$F$18,0.5))*$AH4+$AI4)*(1+$AP4)*(1+$AQ4)+(($AS4+($AT4-$AS4)*IF(VLOOKUP($Q4,武学奇术!$A:$ZZ,31,FALSE)=1,$F$18,0.5))*IF($G$1="鸣金",$AJ4,$AH4)+IF($G$1="鸣金",$AK4*1.5,0))*(1+$AU4)*(1+$AV4)+(($AW4+($AX4-$AW4)*IF(VLOOKUP($Q4,武学奇术!$A:$ZZ,31,FALSE)=1,$F$18,0.5))*IF($G$1="裂石",$AJ4,$AH4)+IF($G$1="裂石",$AK4*1.5,0))*(1+$AY4)*(1+$AZ4)+(($BA4+($BB4-$BA4)*IF(VLOOKUP($Q4,武学奇术!$A:$ZZ,31,FALSE)=1,$F$18,0.5))*IF($G$1="牵丝",$AJ4,$AH4)+IF($G$1="牵丝",$AK4*1.5,0))*(1+$BC4)*(1+$BD4)+(($BE4+($BF4-$BE4)*IF(VLOOKUP($Q4,武学奇术!$A:$ZZ,31,FALSE)=1,$F$18,0.5))*IF($G$1="破竹",$AJ4,$AH4)+IF($G$1="破竹",$AK4*1.5,0))*(1+$BG4)*(1+$BH4))*(1+$AL4)*$BK4*$P4*(1+IF(VLOOKUP($Q4,武学奇术!$A:$ZZ,30,FALSE)="蓄力技",$B$21,0))*(1+$BQ4) -> 25277.303 | M4: =(($AO4*$AH4+$AI4)*(1+$AP4)*(1+$AQ4)+($AT4*IF($G$1="鸣金",$AJ4,$AH4)+IF($G$1="鸣金",$AK4*1.5,0))*(1+$AU4)*(1+$AV4)+($AX4*IF($G$1="裂石",$AJ4,$AH4)+IF($G$1="裂石",$AK4*1.5,0))*(1+$AY4)*(1+$AZ4)+($BB4*IF($G$1="牵丝",$AJ4,$AH4)+IF($G$1="牵丝",$AK4*1.5,0))*(1+$BC4)*(1+$BD4)+($BF4*IF($G$1="破竹",$AJ4,$AH4)+IF($G$1="破竹",$AK4*1.5,0))*(1+$BG4)*(1+$BH4))*(1+$AL4)*$BM4*$P4*(1+IF(VLOOKUP($Q4,武学奇术!$A:$ZZ,30,FALSE)="蓄力技",$B$21,0))*(1+$BQ4) -> 24535.176 | N4: =((($AN4+($AO4-$AN4)*IF(VLOOKUP($Q4,武学奇术!$A:$ZZ,31,FALSE)=1,$F$18,0.5))*$AH4+$AI4)*(1+$AP4)*(1+$AQ4)+(($AS4+($AT4-$AS4)*IF(VLOOKUP($Q4,武学奇术!$A:$ZZ,31,FALSE)=1,$F$18,0.5))*IF($G$1="鸣金",$AJ4,$AH4)+IF($G$1="鸣金",$AK4*1.5,0))*(1+$AU4)*(1+$AV4)+(($AW4+($AX4-$AW4)*IF(VLOOKUP($Q4,武学奇术!$A:$ZZ,31,FALSE)=1,$F$18,0.5))*IF($G$1="裂石",$AJ4,$AH4)+IF($G$1="裂石",$AK4*1.5,0))*(1+$AY4)*(1+$AZ4)+(($BA4+($BB4-$BA4)*IF(VLOOKUP($Q4,武学奇术!$A:$ZZ,31,FALSE)=1,$F$18,0.5))*IF($G$1="牵丝",$AJ4,$AH4)+IF($G$1="牵丝",$AK4*1.5,0))*(1+$BC4)*(1+$BD4)+(($BE4+($BF4-$BE4)*IF(VLOOKUP($Q4,武学奇术!$A:$ZZ,31,FALSE)=1,$F$18,0.5))*IF($G$1="破竹",$AJ4,$AH4)+IF($G$1="破竹",$AK4*1.5,0))*(1+$BG4)*(1+$BH4))*(1+$AL4)*$P4*(1+IF(VLOOKUP($Q4,武学奇术!$A:$ZZ,30,FALSE)="蓄力技",$B$21,0))*(1+$BQ4) -> 16100.193 | O4: =((($AN4*$AH4+$AI4)*(1+$AP4)*(1+$AQ4)+($AS4*IF($G$1="鸣金",$AJ4,$AH4)+IF($G$1="鸣金",$AK4*1.5,0))*(1+$AU4)*(1+$AV4)+($AW4*IF($G$1="裂石",$AJ4,$AH4)+IF($G$1="裂石",$AK4*1.5,0))*(1+$AY4)*(1+$AZ4)+($BA4*IF($G$1="牵丝",$AJ4,$AH4)+IF($G$1="牵丝",$AK4*1.5,0))*(1+$BC4)*(1+$BD4)+($BE4*IF($G$1="破竹",$AJ4,$AH4)+IF($G$1="破竹",$AK4*1.5,0))*(1+$BG4)*(1+$BH4))*(1+$AL4))*$P4*(1+IF(VLOOKUP($Q4,武学奇术!$A:$ZZ,30,FALSE)="蓄力技",$B$21,0))*(1+$BQ4) -> 14026.182 | P4: 1 | Q4: 萧呤千浪流星 | R4: 易水歌3层 | S4: N/a | T4: N/a | U4: 近战笛 | V4: N/a | W4: N/a | X4: 沧海帖3层 | Y4: 惧刃(拐) | Z4: N/a | AA4: N/a | AB4: N/a | AC4: N/a | AD4: N/a | AE4: 无惧 | AF4: 天志增伤 | AG4: =VLOOKUP($Q4,武学奇术!$A:$ZZ,25,FALSE) -> 群体奇术 | AH4: =VLOOKUP($Q4,武学奇术!$A:$ZZ,26,FALSE) -> 1.4904 | AI4: =VLOOKUP($Q4,武学奇术!$A:$ZZ,27,FALSE)*(1+IF(OR($AG4=$F$4,$AG4=$F$5),$B$22,0)) -> 368 | AJ4: =VLOOKUP($Q4,武学奇术!$A:$ZZ,28,FALSE) -> 2.2353 | AK4: =VLOOKUP($Q4,武学奇术!$A:$ZZ,29,FALSE)*(1+IF(OR($AG4=$F$4,$AG4=$F$5),$B$22,0)) -> 0 | AL4: {=$G$3+IFERROR(VLOOKUP($AG4,$F$4:$G$7,2,FALSE),0)+VLOOKUP($Q4,武学奇术!$A:$ZZ,2,FALSE)+SUM(_xlfn.XLOOKUP($R4:$AF4,增益!$A:$A,增益!$B:$B,0))} -> 0.2337 | AM4: {=VLOOKUP($Q4,武学奇术!$A:$ZZ,5,FALSE)+SUM(_xlfn.XLOOKUP($R4:$AF4,增益!$A:$A,增益!$E:$E,0))} -> 0 | AN4: {=$D$10*(1+$AM4)+VLOOKUP($Q4,武学奇术!$A:$ZZ,3,FALSE)+SUM(_xlfn.XLOOKUP($R4:$AF4,增益!$A:$A,增益!$C:$C,0))-$I$2} -> 3804.006 | AO4: {=$E$10*(1+$AM4)+VLOOKUP($Q4,武学奇术!$A:$ZZ,4,FALSE)+SUM(_xlfn.XLOOKUP($R4:$AF4,增益!$A:$A,增益!$D:$D,0))-$I$2} -> 3804.006 | AP4: {=IF($F$10-$I$3+VLOOKUP($Q4,武学奇术!$A:$ZZ,6,FALSE)+SUM(_xlfn.XLOOKUP(R4:AF4,增益!$A:$A,增益!$F:$F,0))>0,($F$10-$I$3+VLOOKUP($Q4,武学奇术!$A:$ZZ,6,FALSE)+SUM(_xlfn.XLOOKUP(R4:AF4,增益!$A:$A,增益!$F:$F,0)))/200,($F$10-$I$3+VLOOKUP($Q4,武学奇术!$A:$ZZ,6,FALSE)+SUM(_xlfn.XLOOKUP(R4:AF4,增益!$A:$A,增益!$F:$F,0)))/100)} -> 0.297 | AQ4: {=$G$10+VLOOKUP($Q4,武学奇术!$A:$ZZ,7,FALSE)+SUM(_xlfn.XLOOKUP(R4:AF4,增益!$A:$A,增益!$G:$G,0))} -> 0.09 | AR4: {=VLOOKUP($Q4,武学奇术!$A:$ZZ,8,FALSE)+SUM(_xlfn.XLOOKUP(R4:AF4,增益!$A:$A,增益!$H:$H,0))} -> 0 | AS4: =$D$11*(1+$AR4) -> 0 | AT4: =$E$11*(1+$AR4) -> 0 | AU4: {=IF($F$11-$I$4+VLOOKUP($Q4,武学奇术!$A:$ZZ,9,FALSE)+SUM(_xlfn.XLOOKUP(R4:AF4,增益!$A:$A,增益!$I:$I,0))>0,($F$11-$I$4+VLOOKUP($Q4,武学奇术!$A:$ZZ,9,FALSE)+SUM(_xlfn.XLOOKUP(R4:AF4,增益!$A:$A,增益!$I:$I,0)))/200,($F$11-$I$4+VLOOKUP($Q4,武学奇术!$A:$ZZ,9,FALSE)+SUM(_xlfn.XLOOKUP(R4:AF4,增益!$A:$A,增益!$I:$I,0)))/100)} -> -0.14 | AV4: {=$G$11+VLOOKUP($Q4,武学奇术!$A:$ZZ,10,FALSE)+SUM(_xlfn.XLOOKUP(R4:AF4,增益!$A:$A,增益!$J:$J,0))} -> 0 | AW4: =$D$12*(1+$AR4) -> 0 | AX4: =$E$12*(1+$AR4) -> 0 | AY4: {=IF($F$12-$I$4+VLOOKUP($Q4,武学奇术!$A:$ZZ,11,FALSE)+SUM(_xlfn.XLOOKUP(R4:AF4,增益!$A:$A,增益!$K:$K,0))>0,($F$12-$I$4+VLOOKUP($Q4,武学奇术!$A:$ZZ,11,FALSE)+SUM(_xlfn.XLOOKUP(R4:AF4,增益!$A:$A,增益!$K:$K,0)))/200,($F$12-$I$4+VLOOKUP($Q4,武学奇术!$A:$ZZ,11,FALSE)+SUM(_xlfn.XLOOKUP(R4:AF4,增益!$A:$A,增益!$K:$K,0)))/100)} -> -0.14 | AZ4: {=$G$12+VLOOKUP($Q4,武学奇术!$A:$ZZ,12,FALSE)+SUM(_xlfn.XLOOKUP(R4:AF4,增益!$A:$A,增益!$L:$L,0))} -> 0 | BA4: =$D$13*(1+$AR4) -> 0 | BB4: =$E$13*(1+$AR4) -> 0 | BC4: {=IF($F$13-$I$4+VLOOKUP($Q4,武学奇术!$A:$ZZ,13,FALSE)+SUM(_xlfn.XLOOKUP(R4:AF4,增益!$A:$A,增益!$M:$M,0))>0,($F$13-$I$4+VLOOKUP($Q4,武学奇术!$A:$ZZ,13,FALSE)+SUM(_xlfn.XLOOKUP(R4:AF4,增益!$A:$A,增益!$K:$K,0)))/200,($F$13-$I$4+VLOOKUP($Q4,武学奇术!$A:$ZZ,13,FALSE)+SUM(_xlfn.XLOOKUP(R4:AF4,增益!$A:$A,增益!$M:$M,0)))/100)} -> -0.14 | BD4: {=$G$13+VLOOKUP($Q4,武学奇术!$A:$ZZ,14,FALSE)+SUM(_xlfn.XLOOKUP(R4:AF4,增益!$A:$A,增益!$N:$N,0))} -> 0 | BE4: =$D$14*(1+$AR4) -> 570.28 | BF4: =$E$14*(1+$AR4) -> 1582.156 | BG4: {=IF($F$14-$I$4+VLOOKUP($Q4,武学奇术!$A:$ZZ,15,FALSE)+SUM(_xlfn.XLOOKUP(R4:AF4,增益!$A:$A,增益!$O:$O,0))>0,($F$14-$I$4+VLOOKUP($Q4,武学奇术!$A:$ZZ,15,FALSE)+SUM(_xlfn.XLOOKUP(R4:AF4,增益!$A:$A,增益!$O:$O,0)))/200,($F$14-$I$4+VLOOKUP($Q4,武学奇术!$A:$ZZ,15,FALSE)+SUM(_xlfn.XLOOKUP(R4:AF4,增益!$A:$A,增益!$O:$O,0)))/100)} -> 0.08 | BH4: {=$G$14+VLOOKUP($Q4,武学奇术!$A:$ZZ,16,FALSE)+SUM(_xlfn.XLOOKUP(R4:AF4,增益!$A:$A,增益!$P:$P,0))} -> 0.24 | BI4: =MIN(IF(VLOOKUP($Q4,武学奇术!$A:$ZZ,23,FALSE)=1,100%,$B$8),100%) -> 1 | BJ4: {=IF(VLOOKUP($Q4,武学奇术!$A:$ZZ,23,FALSE)=1,100%,MIN(80%,$B$9+VLOOKUP($Q4,武学奇术!$A:$ZZ,17,FALSE)+SUM(_xlfn.XLOOKUP(R4:AF4,增益!$A:$A,增益!$Q:$Q,0)))+$B$11+SUM(_xlfn.XLOOKUP(R4:AF4,增益!$A:$A,增益!$U:$U,0)))*IF(VLOOKUP($Q4,武学奇术!$A:$ZZ,24,FALSE)=1,0,1)+MIN(IF(VLOOKUP($Q4,武学奇术!$A:$ZZ,32,FALSE)=1,IF(VLOOKUP($Q4,武学奇术!$A:$ZZ,24,FALSE)=1,100%,MIN(40%,$B$10+VLOOKUP($Q4,武学奇术!$A:$ZZ,19,FALSE)+SUM(_xlfn.XLOOKUP(R4:AF4,增益!$A:$A,增益!$S:$S,0)))+$B$12+SUM(_xlfn.XLOOKUP(R4:AF4,增益!$A:$A,增益!$V:$V,0))),0),12%)} -> 0.918 | BK4: {=1+$B$13+VLOOKUP($Q4,武学奇术!$A:$ZZ,18,FALSE)+SUM(_xlfn.XLOOKUP(R4:AF4,增益!$A:$A,增益!$R:$R,0))} -> 1.57 | BL4: {=MAX(IF(VLOOKUP($Q4,武学奇术!$A:$ZZ,24,FALSE)=1,100%,MIN(40%,$B$10+VLOOKUP($Q4,武学奇术!$A:$ZZ,19,FALSE)+SUM(_xlfn.XLOOKUP(R4:AF4,增益!$A:$A,增益!$S:$S,0)))+$B$12+SUM(_xlfn.XLOOKUP(R4:AF4,增益!$A:$A,增益!$V:$V,0)))*IF(VLOOKUP($Q4,武学奇术!$A:$ZZ,23,FALSE)=1,0,1)-IF(VLOOKUP($Q4,武学奇术!$A:$ZZ,32,FALSE)=1,12%,0),0)} -> 0.0895 | BM4: {=1+$B$14+VLOOKUP($Q4,武学奇术!$A:$ZZ,20,FALSE)+SUM(_xlfn.XLOOKUP(R4:AF4,增益!$A:$A,增益!$T:$T,0))} -> 1.35 | BN4: =MIN((1-BL4)*BI4,BI4*BJ4) -> 0.9105 | BO4: =1-BL4-BN4-BP4 -> 0 | BP4: =IF(VLOOKUP($Q4,武学奇术!$A:$ZZ,22,FALSE)=1,0,(1-$BI4))*(1-$BL4) -> 0 | BQ4: {=SUM(_xlfn.XLOOKUP(R4:AF4,增益!$A:$A,增益!$W:$W,0))+$I$5} -> 0.11
A5: 牵丝 | F5: 绳镖 | G5: =B15+B18 -> 0.0852 | H5: 副本天赋 | I5: 0.06 | K5: =($L5*$BN5+$M5*$BL5+$N5*$BO5+$O5*$BP5) -> 25704.687 | L5: =((($AN5+($AO5-$AN5)*IF(VLOOKUP($Q5,武学奇术!$A:$ZZ,31,FALSE)=1,$F$18,0.5))*$AH5+$AI5)*(1+$AP5)*(1+$AQ5)+(($AS5+($AT5-$AS5)*IF(VLOOKUP($Q5,武学奇术!$A:$ZZ,31,FALSE)=1,$F$18,0.5))*IF($G$1="鸣金",$AJ5,$AH5)+IF($G$1="鸣金",$AK5*1.5,0))*(1+$AU5)*(1+$AV5)+(($AW5+($AX5-$AW5)*IF(VLOOKUP($Q5,武学奇术!$A:$ZZ,31,FALSE)=1,$F$18,0.5))*IF($G$1="裂石",$AJ5,$AH5)+IF($G$1="裂石",$AK5*1.5,0))*(1+$AY5)*(1+$AZ5)+(($BA5+($BB5-$BA5)*IF(VLOOKUP($Q5,武学奇术!$A:$ZZ,31,FALSE)=1,$F$18,0.5))*IF($G$1="牵丝",$AJ5,$AH5)+IF($G$1="牵丝",$AK5*1.5,0))*(1+$BC5)*(1+$BD5)+(($BE5+($BF5-$BE5)*IF(VLOOKUP($Q5,武学奇术!$A:$ZZ,31,FALSE)=1,$F$18,0.5))*IF($G$1="破竹",$AJ5,$AH5)+IF($G$1="破竹",$AK5*1.5,0))*(1+$BG5)*(1+$BH5))*(1+$AL5)*$BK5*$P5*(1+IF(VLOOKUP($Q5,武学奇术!$A:$ZZ,30,FALSE)="蓄力技",$B$21,0))*(1+$BQ5) -> 25788.042 | M5: =(($AO5*$AH5+$AI5)*(1+$AP5)*(1+$AQ5)+($AT5*IF($G$1="鸣金",$AJ5,$AH5)+IF($G$1="鸣金",$AK5*1.5,0))*(1+$AU5)*(1+$AV5)+($AX5*IF($G$1="裂石",$AJ5,$AH5)+IF($G$1="裂石",$AK5*1.5,0))*(1+$AY5)*(1+$AZ5)+($BB5*IF($G$1="牵丝",$AJ5,$AH5)+IF($G$1="牵丝",$AK5*1.5,0))*(1+$BC5)*(1+$BD5)+($BF5*IF($G$1="破竹",$AJ5,$AH5)+IF($G$1="破竹",$AK5*1.5,0))*(1+$BG5)*(1+$BH5))*(1+$AL5)*$BM5*$P5*(1+IF(VLOOKUP($Q5,武学奇术!$A:$ZZ,30,FALSE)="蓄力技",$B$21,0))*(1+$BQ5) -> 24856.697 | N5: =((($AN5+($AO5-$AN5)*IF(VLOOKUP($Q5,武学奇术!$A:$ZZ,31,FALSE)=1,$F$18,0.5))*$AH5+$AI5)*(1+$AP5)*(1+$AQ5)+(($AS5+($AT5-$AS5)*IF(VLOOKUP($Q5,武学奇术!$A:$ZZ,31,FALSE)=1,$F$18,0.5))*IF($G$1="鸣金",$AJ5,$AH5)+IF($G$1="鸣金",$AK5*1.5,0))*(1+$AU5)*(1+$AV5)+(($AW5+($AX5-$AW5)*IF(VLOOKUP($Q5,武学奇术!$A:$ZZ,31,FALSE)=1,$F$18,0.5))*IF($G$1="裂石",$AJ5,$AH5)+IF($G$1="裂石",$AK5*1.5,0))*(1+$AY5)*(1+$AZ5)+(($BA5+($BB5-$BA5)*IF(VLOOKUP($Q5,武学奇术!$A:$ZZ,31,FALSE)=1,$F$18,0.5))*IF($G$1="牵丝",$AJ5,$AH5)+IF($G$1="牵丝",$AK5*1.5,0))*(1+$BC5)*(1+$BD5)+(($BE5+($BF5-$BE5)*IF(VLOOKUP($Q5,武学奇术!$A:$ZZ,31,FALSE)=1,$F$18,0.5))*IF($G$1="破竹",$AJ5,$AH5)+IF($G$1="破竹",$AK5*1.5,0))*(1+$BG5)*(1+$BH5))*(1+$AL5)*$P5*(1+IF(VLOOKUP($Q5,武学奇术!$A:$ZZ,30,FALSE)="蓄力技",$B$21,0))*(1+$BQ5) -> 16321.546 | O5: =((($AN5*$AH5+$AI5)*(1+$AP5)*(1+$AQ5)+($AS5*IF($G$1="鸣金",$AJ5,$AH5)+IF($G$1="鸣金",$AK5*1.5,0))*(1+$AU5)*(1+$AV5)+($AW5*IF($G$1="裂石",$AJ5,$AH5)+IF($G$1="裂石",$AK5*1.5,0))*(1+$AY5)*(1+$AZ5)+($BA5*IF($G$1="牵丝",$AJ5,$AH5)+IF($G$1="牵丝",$AK5*1.5,0))*(1+$BC5)*(1+$BD5)+($BE5*IF($G$1="破竹",$AJ5,$AH5)+IF($G$1="破竹",$AK5*1.5,0))*(1+$BG5)*(1+$BH5))*(1+$AL5))*$P5*(1+IF(VLOOKUP($Q5,武学奇术!$A:$ZZ,30,FALSE)="蓄力技",$B$21,0))*(1+$BQ5) -> 14230.723 | P5: 1 | Q5: 萧呤千浪流星 | R5: 易水歌4层 | S5: N/a | T5: N/a | U5: 近战笛 | V5: N/a | W5: N/a | X5: 沧海帖4层 | Y5: 惧刃(拐) | Z5: N/a | AA5: N/a | AB5: N/a | AC5: N/a | AD5: N/a | AE5: 无惧 | AF5: 天志增伤 | AG5: =VLOOKUP($Q5,武学奇术!$A:$ZZ,25,FALSE) -> 群体奇术 | AH5: =VLOOKUP($Q5,武学奇术!$A:$ZZ,26,FALSE) -> 1.4904 | AI5: =VLOOKUP($Q5,武学奇术!$A:$ZZ,27,FALSE)*(1+IF(OR($AG5=$F$4,$AG5=$F$5),$B$22,0)) -> 368 | AJ5: =VLOOKUP($Q5,武学奇术!$A:$ZZ,28,FALSE) -> 2.2353 | AK5: =VLOOKUP($Q5,武学奇术!$A:$ZZ,29,FALSE)*(1+IF(OR($AG5=$F$4,$AG5=$F$5),$B$22,0)) -> 0 | AL5: {=$G$3+IFERROR(VLOOKUP($AG5,$F$4:$G$7,2,FALSE),0)+VLOOKUP($Q5,武学奇术!$A:$ZZ,2,FALSE)+SUM(_xlfn.XLOOKUP($R5:$AF5,增益!$A:$A,增益!$B:$B,0))} -> 0.2437 | AM5: {=VLOOKUP($Q5,武学奇术!$A:$ZZ,5,FALSE)+SUM(_xlfn.XLOOKUP($R5:$AF5,增益!$A:$A,增益!$E:$E,0))} -> 0 | AN5: {=$D$10*(1+$AM5)+VLOOKUP($Q5,武学奇术!$A:$ZZ,3,FALSE)+SUM(_xlfn.XLOOKUP($R5:$AF5,增益!$A:$A,增益!$C:$C,0))-$I$2} -> 3804.006 | AO5: {=$E$10*(1+$AM5)+VLOOKUP($Q5,武学奇术!$A:$ZZ,4,FALSE)+SUM(_xlfn.XLOOKUP($R5:$AF5,增益!$A:$A,增益!$D:$D,0))-$I$2} -> 3804.006 | AP5: {=IF($F$10-$I$3+VLOOKUP($Q5,武学奇术!$A:$ZZ,6,FALSE)+SUM(_xlfn.XLOOKUP(R5:AF5,增益!$A:$A,增益!$F:$F,0))>0,($F$10-$I$3+VLOOKUP($Q5,武学奇术!$A:$ZZ,6,FALSE)+SUM(_xlfn.XLOOKUP(R5:AF5,增益!$A:$A,增益!$F:$F,0)))/200,($F$10-$I$3+VLOOKUP($Q5,武学奇术!$A:$ZZ,6,FALSE)+SUM(_xlfn.XLOOKUP(R5:AF5,增益!$A:$A,增益!$F:$F,0)))/100)} -> 0.307 | AQ5: {=$G$10+VLOOKUP($Q5,武学奇术!$A:$ZZ,7,FALSE)+SUM(_xlfn.XLOOKUP(R5:AF5,增益!$A:$A,增益!$G:$G,0))} -> 0.09 | AR5: {=VLOOKUP($Q5,武学奇术!$A:$ZZ,8,FALSE)+SUM(_xlfn.XLOOKUP(R5:AF5,增益!$A:$A,增益!$H:$H,0))} -> 0 | AS5: =$D$11*(1+$AR5) -> 0 | AT5: =$E$11*(1+$AR5) -> 0 | AU5: {=IF($F$11-$I$4+VLOOKUP($Q5,武学奇术!$A:$ZZ,9,FALSE)+SUM(_xlfn.XLOOKUP(R5:AF5,增益!$A:$A,增益!$I:$I,0))>0,($F$11-$I$4+VLOOKUP($Q5,武学奇术!$A:$ZZ,9,FALSE)+SUM(_xlfn.XLOOKUP(R5:AF5,增益!$A:$A,增益!$I:$I,0)))/200,($F$11-$I$4+VLOOKUP($Q5,武学奇术!$A:$ZZ,9,FALSE)+SUM(_xlfn.XLOOKUP(R5:AF5,增益!$A:$A,增益!$I:$I,0)))/100)} -> -0.14 | AV5: {=$G$11+VLOOKUP($Q5,武学奇术!$A:$ZZ,10,FALSE)+SUM(_xlfn.XLOOKUP(R5:AF5,增益!$A:$A,增益!$J:$J,0))} -> 0 | AW5: =$D$12*(1+$AR5) -> 0 | AX5: =$E$12*(1+$AR5) -> 0 | AY5: {=IF($F$12-$I$4+VLOOKUP($Q5,武学奇术!$A:$ZZ,11,FALSE)+SUM(_xlfn.XLOOKUP(R5:AF5,增益!$A:$A,增益!$K:$K,0))>0,($F$12-$I$4+VLOOKUP($Q5,武学奇术!$A:$ZZ,11,FALSE)+SUM(_xlfn.XLOOKUP(R5:AF5,增益!$A:$A,增益!$K:$K,0)))/200,($F$12-$I$4+VLOOKUP($Q5,武学奇术!$A:$ZZ,11,FALSE)+SUM(_xlfn.XLOOKUP(R5:AF5,增益!$A:$A,增益!$K:$K,0)))/100)} -> -0.14 | AZ5: {=$G$12+VLOOKUP($Q5,武学奇术!$A:$ZZ,12,FALSE)+SUM(_xlfn.XLOOKUP(R5:AF5,增益!$A:$A,增益!$L:$L,0))} -> 0 | BA5: =$D$13*(1+$AR5) -> 0 | BB5: =$E$13*(1+$AR5) -> 0 | BC5: {=IF($F$13-$I$4+VLOOKUP($Q5,武学奇术!$A:$ZZ,13,FALSE)+SUM(_xlfn.XLOOKUP(R5:AF5,增益!$A:$A,增益!$M:$M,0))>0,($F$13-$I$4+VLOOKUP($Q5,武学奇术!$A:$ZZ,13,FALSE)+SUM(_xlfn.XLOOKUP(R5:AF5,增益!$A:$A,增益!$K:$K,0)))/200,($F$13-$I$4+VLOOKUP($Q5,武学奇术!$A:$ZZ,13,FALSE)+SUM(_xlfn.XLOOKUP(R5:AF5,增益!$A:$A,增益!$M:$M,0)))/100)} -> -0.14 | BD5: {=$G$13+VLOOKUP($Q5,武学奇术!$A:$ZZ,14,FALSE)+SUM(_xlfn.XLOOKUP(R5:AF5,增益!$A:$A,增益!$N:$N,0))} -> 0 | BE5: =$D$14*(1+$AR5) -> 570.28 | BF5: =$E$14*(1+$AR5) -> 1582.156 | BG5: {=IF($F$14-$I$4+VLOOKUP($Q5,武学奇术!$A:$ZZ,15,FALSE)+SUM(_xlfn.XLOOKUP(R5:AF5,增益!$A:$A,增益!$O:$O,0))>0,($F$14-$I$4+VLOOKUP($Q5,武学奇术!$A:$ZZ,15,FALSE)+SUM(_xlfn.XLOOKUP(R5:AF5,增益!$A:$A,增益!$O:$O,0)))/200,($F$14-$I$4+VLOOKUP($Q5,武学奇术!$A:$ZZ,15,FALSE)+SUM(_xlfn.XLOOKUP(R5:AF5,增益!$A:$A,增益!$O:$O,0)))/100)} -> 0.08 | BH5: {=$G$14+VLOOKUP($Q5,武学奇术!$A:$ZZ,16,FALSE)+SUM(_xlfn.XLOOKUP(R5:AF5,增益!$A:$A,增益!$P:$P,0))} -> 0.24 | BI5: =MIN(IF(VLOOKUP($Q5,武学奇术!$A:$ZZ,23,FALSE)=1,100%,$B$8),100%) -> 1 | BJ5: {=IF(VLOOKUP($Q5,武学奇术!$A:$ZZ,23,FALSE)=1,100%,MIN(80%,$B$9+VLOOKUP($Q5,武学奇术!$A:$ZZ,17,FALSE)+SUM(_xlfn.XLOOKUP(R5:AF5,增益!$A:$A,增益!$Q:$Q,0)))+$B$11+SUM(_xlfn.XLOOKUP(R5:AF5,增益!$A:$A,增益!$U:$U,0)))*IF(VLOOKUP($Q5,武学奇术!$A:$ZZ,24,FALSE)=1,0,1)+MIN(IF(VLOOKUP($Q5,武学奇术!$A:$ZZ,32,FALSE)=1,IF(VLOOKUP($Q5,武学奇术!$A:$ZZ,24,FALSE)=1,100%,MIN(40%,$B$10+VLOOKUP($Q5,武学奇术!$A:$ZZ,19,FALSE)+SUM(_xlfn.XLOOKUP(R5:AF5,增益!$A:$A,增益!$S:$S,0)))+$B$12+SUM(_xlfn.XLOOKUP(R5:AF5,增益!$A:$A,增益!$V:$V,0))),0),12%)} -> 0.918 | BK5: {=1+$B$13+VLOOKUP($Q5,武学奇术!$A:$ZZ,18,FALSE)+SUM(_xlfn.XLOOKUP(R5:AF5,增益!$A:$A,增益!$R:$R,0))} -> 1.58 | BL5: {=MAX(IF(VLOOKUP($Q5,武学奇术!$A:$ZZ,24,FALSE)=1,100%,MIN(40%,$B$10+VLOOKUP($Q5,武学奇术!$A:$ZZ,19,FALSE)+SUM(_xlfn.XLOOKUP(R5:AF5,增益!$A:$A,增益!$S:$S,0)))+$B$12+SUM(_xlfn.XLOOKUP(R5:AF5,增益!$A:$A,增益!$V:$V,0)))*IF(VLOOKUP($Q5,武学奇术!$A:$ZZ,23,FALSE)=1,0,1)-IF(VLOOKUP($Q5,武学奇术!$A:$ZZ,32,FALSE)=1,12%,0),0)} -> 0.0895 | BM5: {=1+$B$14+VLOOKUP($Q5,武学奇术!$A:$ZZ,20,FALSE)+SUM(_xlfn.XLOOKUP(R5:AF5,增益!$A:$A,增益!$T:$T,0))} -> 1.35 | BN5: =MIN((1-BL5)*BI5,BI5*BJ5) -> 0.9105 | BO5: =1-BL5-BN5-BP5 -> 0 | BP5: =IF(VLOOKUP($Q5,武学奇术!$A:$ZZ,22,FALSE)=1,0,(1-$BI5))*(1-$BL5) -> 0 | BQ5: {=SUM(_xlfn.XLOOKUP(R5:AF5,增益!$A:$A,增益!$W:$W,0))+$I$5} -> 0.11
A6: 破竹 | B6: 472 | C6: 1289 | D6: 30 | E6: 0.15 | F6: 单体奇术 | G6: =B19 -> 0 | K6: =($L6*$BN6+$M6*$BL6+$N6*$BO6+$O6*$BP6) -> 26054.177 | L6: =((($AN6+($AO6-$AN6)*IF(VLOOKUP($Q6,武学奇术!$A:$ZZ,31,FALSE)=1,$F$18,0.5))*$AH6+$AI6)*(1+$AP6)*(1+$AQ6)+(($AS6+($AT6-$AS6)*IF(VLOOKUP($Q6,武学奇术!$A:$ZZ,31,FALSE)=1,$F$18,0.5))*IF($G$1="鸣金",$AJ6,$AH6)+IF($G$1="鸣金",$AK6*1.5,0))*(1+$AU6)*(1+$AV6)+(($AW6+($AX6-$AW6)*IF(VLOOKUP($Q6,武学奇术!$A:$ZZ,31,FALSE)=1,$F$18,0.5))*IF($G$1="裂石",$AJ6,$AH6)+IF($G$1="裂石",$AK6*1.5,0))*(1+$AY6)*(1+$AZ6)+(($BA6+($BB6-$BA6)*IF(VLOOKUP($Q6,武学奇术!$A:$ZZ,31,FALSE)=1,$F$18,0.5))*IF($G$1="牵丝",$AJ6,$AH6)+IF($G$1="牵丝",$AK6*1.5,0))*(1+$BC6)*(1+$BD6)+(($BE6+($BF6-$BE6)*IF(VLOOKUP($Q6,武学奇术!$A:$ZZ,31,FALSE)=1,$F$18,0.5))*IF($G$1="破竹",$AJ6,$AH6)+IF($G$1="破竹",$AK6*1.5,0))*(1+$BG6)*(1+$BH6))*(1+$AL6)*$BK6*$P6*(1+IF(VLOOKUP($Q6,武学奇术!$A:$ZZ,30,FALSE)="蓄力技",$B$21,0))*(1+$BQ6) -> 26140.088 | M6: =(($AO6*$AH6+$AI6)*(1+$AP6)*(1+$AQ6)+($AT6*IF($G$1="鸣金",$AJ6,$AH6)+IF($G$1="鸣金",$AK6*1.5,0))*(1+$AU6)*(1+$AV6)+($AX6*IF($G$1="裂石",$AJ6,$AH6)+IF($G$1="裂石",$AK6*1.5,0))*(1+$AY6)*(1+$AZ6)+($BB6*IF($G$1="牵丝",$AJ6,$AH6)+IF($G$1="牵丝",$AK6*1.5,0))*(1+$BC6)*(1+$BD6)+($BF6*IF($G$1="破竹",$AJ6,$AH6)+IF($G$1="破竹",$AK6*1.5,0))*(1+$BG6)*(1+$BH6))*(1+$AL6)*$BM6*$P6*(1+IF(VLOOKUP($Q6,武学奇术!$A:$ZZ,30,FALSE)="蓄力技",$B$21,0))*(1+$BQ6) -> 25180.191 | N6: =((($AN6+($AO6-$AN6)*IF(VLOOKUP($Q6,武学奇术!$A:$ZZ,31,FALSE)=1,$F$18,0.5))*$AH6+$AI6)*(1+$AP6)*(1+$AQ6)+(($AS6+($AT6-$AS6)*IF(VLOOKUP($Q6,武学奇术!$A:$ZZ,31,FALSE)=1,$F$18,0.5))*IF($G$1="鸣金",$AJ6,$AH6)+IF($G$1="鸣金",$AK6*1.5,0))*(1+$AU6)*(1+$AV6)+(($AW6+($AX6-$AW6)*IF(VLOOKUP($Q6,武学奇术!$A:$ZZ,31,FALSE)=1,$F$18,0.5))*IF($G$1="裂石",$AJ6,$AH6)+IF($G$1="裂石",$AK6*1.5,0))*(1+$AY6)*(1+$AZ6)+(($BA6+($BB6-$BA6)*IF(VLOOKUP($Q6,武学奇术!$A:$ZZ,31,FALSE)=1,$F$18,0.5))*IF($G$1="牵丝",$AJ6,$AH6)+IF($G$1="牵丝",$AK6*1.5,0))*(1+$BC6)*(1+$BD6)+(($BE6+($BF6-$BE6)*IF(VLOOKUP($Q6,武学奇术!$A:$ZZ,31,FALSE)=1,$F$18,0.5))*IF($G$1="破竹",$AJ6,$AH6)+IF($G$1="破竹",$AK6*1.5,0))*(1+$BG6)*(1+$BH6))*(1+$AL6)*$P6*(1+IF(VLOOKUP($Q6,武学奇术!$A:$ZZ,30,FALSE)="蓄力技",$B$21,0))*(1+$BQ6) -> 16544.359 | O6: =((($AN6*$AH6+$AI6)*(1+$AP6)*(1+$AQ6)+($AS6*IF($G$1="鸣金",$AJ6,$AH6)+IF($G$1="鸣金",$AK6*1.5,0))*(1+$AU6)*(1+$AV6)+($AW6*IF($G$1="裂石",$AJ6,$AH6)+IF($G$1="裂石",$AK6*1.5,0))*(1+$AY6)*(1+$AZ6)+($BA6*IF($G$1="牵丝",$AJ6,$AH6)+IF($G$1="牵丝",$AK6*1.5,0))*(1+$BC6)*(1+$BD6)+($BE6*IF($G$1="破竹",$AJ6,$AH6)+IF($G$1="破竹",$AK6*1.5,0))*(1+$BG6)*(1+$BH6))*(1+$AL6))*$P6*(1+IF(VLOOKUP($Q6,武学奇术!$A:$ZZ,30,FALSE)="蓄力技",$B$21,0))*(1+$BQ6) -> 14436.726 | P6: 1 | Q6: 萧呤千浪流星 | R6: 易水歌5层 | S6: N/a | T6: N/a | U6: 近战笛 | V6: N/a | W6: N/a | X6: 沧海帖4层 | Y6: 惧刃(拐) | Z6: N/a | AA6: N/a | AB6: N/a | AC6: N/a | AD6: N/a | AE6: 无惧 | AF6: 天志增伤 | AG6: =VLOOKUP($Q6,武学奇术!$A:$ZZ,25,FALSE) -> 群体奇术 | AH6: =VLOOKUP($Q6,武学奇术!$A:$ZZ,26,FALSE) -> 1.4904 | AI6: =VLOOKUP($Q6,武学奇术!$A:$ZZ,27,FALSE)*(1+IF(OR($AG6=$F$4,$AG6=$F$5),$B$22,0)) -> 368 | AJ6: =VLOOKUP($Q6,武学奇术!$A:$ZZ,28,FALSE) -> 2.2353 | AK6: =VLOOKUP($Q6,武学奇术!$A:$ZZ,29,FALSE)*(1+IF(OR($AG6=$F$4,$AG6=$F$5),$B$22,0)) -> 0 | AL6: {=$G$3+IFERROR(VLOOKUP($AG6,$F$4:$G$7,2,FALSE),0)+VLOOKUP($Q6,武学奇术!$A:$ZZ,2,FALSE)+SUM(_xlfn.XLOOKUP($R6:$AF6,增益!$A:$A,增益!$B:$B,0))} -> 0.2537 | AM6: {=VLOOKUP($Q6,武学奇术!$A:$ZZ,5,FALSE)+SUM(_xlfn.XLOOKUP($R6:$AF6,增益!$A:$A,增益!$E:$E,0))} -> 0 | AN6: {=$D$10*(1+$AM6)+VLOOKUP($Q6,武学奇术!$A:$ZZ,3,FALSE)+SUM(_xlfn.XLOOKUP($R6:$AF6,增益!$A:$A,增益!$C:$C,0))-$I$2} -> 3804.006 | AO6: {=$E$10*(1+$AM6)+VLOOKUP($Q6,武学奇术!$A:$ZZ,4,FALSE)+SUM(_xlfn.XLOOKUP($R6:$AF6,增益!$A:$A,增益!$D:$D,0))-$I$2} -> 3804.006 | AP6: {=IF($F$10-$I$3+VLOOKUP($Q6,武学奇术!$A:$ZZ,6,FALSE)+SUM(_xlfn.XLOOKUP(R6:AF6,增益!$A:$A,增益!$F:$F,0))>0,($F$10-$I$3+VLOOKUP($Q6,武学奇术!$A:$ZZ,6,FALSE)+SUM(_xlfn.XLOOKUP(R6:AF6,增益!$A:$A,增益!$F:$F,0)))/200,($F$10-$I$3+VLOOKUP($Q6,武学奇术!$A:$ZZ,6,FALSE)+SUM(_xlfn.XLOOKUP(R6:AF6,增益!$A:$A,增益!$F:$F,0)))/100)} -> 0.317 | AQ6: {=$G$10+VLOOKUP($Q6,武学奇术!$A:$ZZ,7,FALSE)+SUM(_xlfn.XLOOKUP(R6:AF6,增益!$A:$A,增益!$G:$G,0))} -> 0.09 | AR6: {=VLOOKUP($Q6,武学奇术!$A:$ZZ,8,FALSE)+SUM(_xlfn.XLOOKUP(R6:AF6,增益!$A:$A,增益!$H:$H,0))} -> 0 | AS6: =$D$11*(1+$AR6) -> 0 | AT6: =$E$11*(1+$AR6) -> 0 | AU6: {=IF($F$11-$I$4+VLOOKUP($Q6,武学奇术!$A:$ZZ,9,FALSE)+SUM(_xlfn.XLOOKUP(R6:AF6,增益!$A:$A,增益!$I:$I,0))>0,($F$11-$I$4+VLOOKUP($Q6,武学奇术!$A:$ZZ,9,FALSE)+SUM(_xlfn.XLOOKUP(R6:AF6,增益!$A:$A,增益!$I:$I,0)))/200,($F$11-$I$4+VLOOKUP($Q6,武学奇术!$A:$ZZ,9,FALSE)+SUM(_xlfn.XLOOKUP(R6:AF6,增益!$A:$A,增益!$I:$I,0)))/100)} -> -0.14 | AV6: {=$G$11+VLOOKUP($Q6,武学奇术!$A:$ZZ,10,FALSE)+SUM(_xlfn.XLOOKUP(R6:AF6,增益!$A:$A,增益!$J:$J,0))} -> 0 | AW6: =$D$12*(1+$AR6) -> 0 | AX6: =$E$12*(1+$AR6) -> 0 | AY6: {=IF($F$12-$I$4+VLOOKUP($Q6,武学奇术!$A:$ZZ,11,FALSE)+SUM(_xlfn.XLOOKUP(R6:AF6,增益!$A:$A,增益!$K:$K,0))>0,($F$12-$I$4+VLOOKUP($Q6,武学奇术!$A:$ZZ,11,FALSE)+SUM(_xlfn.XLOOKUP(R6:AF6,增益!$A:$A,增益!$K:$K,0)))/200,($F$12-$I$4+VLOOKUP($Q6,武学奇术!$A:$ZZ,11,FALSE)+SUM(_xlfn.XLOOKUP(R6:AF6,增益!$A:$A,增益!$K:$K,0)))/100)} -> -0.14 | AZ6: {=$G$12+VLOOKUP($Q6,武学奇术!$A:$ZZ,12,FALSE)+SUM(_xlfn.XLOOKUP(R6:AF6,增益!$A:$A,增益!$L:$L,0))} -> 0 | BA6: =$D$13*(1+$AR6) -> 0 | BB6: =$E$13*(1+$AR6) -> 0 | BC6: {=IF($F$13-$I$4+VLOOKUP($Q6,武学奇术!$A:$ZZ,13,FALSE)+SUM(_xlfn.XLOOKUP(R6:AF6,增益!$A:$A,增益!$M:$M,0))>0,($F$13-$I$4+VLOOKUP($Q6,武学奇术!$A:$ZZ,13,FALSE)+SUM(_xlfn.XLOOKUP(R6:AF6,增益!$A:$A,增益!$K:$K,0)))/200,($F$13-$I$4+VLOOKUP($Q6,武学奇术!$A:$ZZ,13,FALSE)+SUM(_xlfn.XLOOKUP(R6:AF6,增益!$A:$A,增益!$M:$M,0)))/100)} -> -0.14 | BD6: {=$G$13+VLOOKUP($Q6,武学奇术!$A:$ZZ,14,FALSE)+SUM(_xlfn.XLOOKUP(R6:AF6,增益!$A:$A,增益!$N:$N,0))} -> 0 | BE6: =$D$14*(1+$AR6) -> 570.28 | BF6: =$E$14*(1+$AR6) -> 1582.156 | BG6: {=IF($F$14-$I$4+VLOOKUP($Q6,武学奇术!$A:$ZZ,15,FALSE)+SUM(_xlfn.XLOOKUP(R6:AF6,增益!$A:$A,增益!$O:$O,0))>0,($F$14-$I$4+VLOOKUP($Q6,武学奇术!$A:$ZZ,15,FALSE)+SUM(_xlfn.XLOOKUP(R6:AF6,增益!$A:$A,增益!$O:$O,0)))/200,($F$14-$I$4+VLOOKUP($Q6,武学奇术!$A:$ZZ,15,FALSE)+SUM(_xlfn.XLOOKUP(R6:AF6,增益!$A:$A,增益!$O:$O,0)))/100)} -> 0.08 | BH6: {=$G$14+VLOOKUP($Q6,武学奇术!$A:$ZZ,16,FALSE)+SUM(_xlfn.XLOOKUP(R6:AF6,增益!$A:$A,增益!$P:$P,0))} -> 0.24 | BI6: =MIN(IF(VLOOKUP($Q6,武学奇术!$A:$ZZ,23,FALSE)=1,100%,$B$8),100%) -> 1 | BJ6: {=IF(VLOOKUP($Q6,武学奇术!$A:$ZZ,23,FALSE)=1,100%,MIN(80%,$B$9+VLOOKUP($Q6,武学奇术!$A:$ZZ,17,FALSE)+SUM(_xlfn.XLOOKUP(R6:AF6,增益!$A:$A,增益!$Q:$Q,0)))+$B$11+SUM(_xlfn.XLOOKUP(R6:AF6,增益!$A:$A,增益!$U:$U,0)))*IF(VLOOKUP($Q6,武学奇术!$A:$ZZ,24,FALSE)=1,0,1)+MIN(IF(VLOOKUP($Q6,武学奇术!$A:$ZZ,32,FALSE)=1,IF(VLOOKUP($Q6,武学奇术!$A:$ZZ,24,FALSE)=1,100%,MIN(40%,$B$10+VLOOKUP($Q6,武学奇术!$A:$ZZ,19,FALSE)+SUM(_xlfn.XLOOKUP(R6:AF6,增益!$A:$A,增益!$S:$S,0)))+$B$12+SUM(_xlfn.XLOOKUP(R6:AF6,增益!$A:$A,增益!$V:$V,0))),0),12%)} -> 0.918 | BK6: {=1+$B$13+VLOOKUP($Q6,武学奇术!$A:$ZZ,18,FALSE)+SUM(_xlfn.XLOOKUP(R6:AF6,增益!$A:$A,增益!$R:$R,0))} -> 1.58 | BL6: {=MAX(IF(VLOOKUP($Q6,武学奇术!$A:$ZZ,24,FALSE)=1,100%,MIN(40%,$B$10+VLOOKUP($Q6,武学奇术!$A:$ZZ,19,FALSE)+SUM(_xlfn.XLOOKUP(R6:AF6,增益!$A:$A,增益!$S:$S,0)))+$B$12+SUM(_xlfn.XLOOKUP(R6:AF6,增益!$A:$A,增益!$V:$V,0)))*IF(VLOOKUP($Q6,武学奇术!$A:$ZZ,23,FALSE)=1,0,1)-IF(VLOOKUP($Q6,武学奇术!$A:$ZZ,32,FALSE)=1,12%,0),0)} -> 0.0895 | BM6: {=1+$B$14+VLOOKUP($Q6,武学奇术!$A:$ZZ,20,FALSE)+SUM(_xlfn.XLOOKUP(R6:AF6,增益!$A:$A,增益!$T:$T,0))} -> 1.35 | BN6: =MIN((1-BL6)*BI6,BI6*BJ6) -> 0.9105 | BO6: =1-BL6-BN6-BP6 -> 0 | BP6: =IF(VLOOKUP($Q6,武学奇术!$A:$ZZ,22,FALSE)=1,0,(1-$BI6))*(1-$BL6) -> 0 | BQ6: {=SUM(_xlfn.XLOOKUP(R6:AF6,增益!$A:$A,增益!$W:$W,0))+$I$5} -> 0.11
A7: 无相 | B7: 66 | C7: =66+68.8*2 -> 203.6 | F7: 群体奇术 | G7: =B20 -> 0 | K7: =($L7*$BN7+$M7*$BL7+$N7*$BO7+$O7*$BP7) -> 8809.6528 | L7: =((($AN7+($AO7-$AN7)*IF(VLOOKUP($Q7,武学奇术!$A:$ZZ,31,FALSE)=1,$F$18,0.5))*$AH7+$AI7)*(1+$AP7)*(1+$AQ7)+(($AS7+($AT7-$AS7)*IF(VLOOKUP($Q7,武学奇术!$A:$ZZ,31,FALSE)=1,$F$18,0.5))*IF($G$1="鸣金",$AJ7,$AH7)+IF($G$1="鸣金",$AK7*1.5,0))*(1+$AU7)*(1+$AV7)+(($AW7+($AX7-$AW7)*IF(VLOOKUP($Q7,武学奇术!$A:$ZZ,31,FALSE)=1,$F$18,0.5))*IF($G$1="裂石",$AJ7,$AH7)+IF($G$1="裂石",$AK7*1.5,0))*(1+$AY7)*(1+$AZ7)+(($BA7+($BB7-$BA7)*IF(VLOOKUP($Q7,武学奇术!$A:$ZZ,31,FALSE)=1,$F$18,0.5))*IF($G$1="牵丝",$AJ7,$AH7)+IF($G$1="牵丝",$AK7*1.5,0))*(1+$BC7)*(1+$BD7)+(($BE7+($BF7-$BE7)*IF(VLOOKUP($Q7,武学奇术!$A:$ZZ,31,FALSE)=1,$F$18,0.5))*IF($G$1="破竹",$AJ7,$AH7)+IF($G$1="破竹",$AK7*1.5,0))*(1+$BG7)*(1+$BH7))*(1+$AL7)*$BK7*$P7*(1+IF(VLOOKUP($Q7,武学奇术!$A:$ZZ,30,FALSE)="蓄力技",$B$21,0))*(1+$BQ7) -> 8827.4491 | M7: =(($AO7*$AH7+$AI7)*(1+$AP7)*(1+$AQ7)+($AT7*IF($G$1="鸣金",$AJ7,$AH7)+IF($G$1="鸣金",$AK7*1.5,0))*(1+$AU7)*(1+$AV7)+($AX7*IF($G$1="裂石",$AJ7,$AH7)+IF($G$1="裂石",$AK7*1.5,0))*(1+$AY7)*(1+$AZ7)+($BB7*IF($G$1="牵丝",$AJ7,$AH7)+IF($G$1="牵丝",$AK7*1.5,0))*(1+$BC7)*(1+$BD7)+($BF7*IF($G$1="破竹",$AJ7,$AH7)+IF($G$1="破竹",$AK7*1.5,0))*(1+$BG7)*(1+$BH7))*(1+$AL7)*$BM7*$P7*(1+IF(VLOOKUP($Q7,武学奇术!$A:$ZZ,30,FALSE)="蓄力技",$B$21,0))*(1+$BQ7) -> 8628.6076 | N7: =((($AN7+($AO7-$AN7)*IF(VLOOKUP($Q7,武学奇术!$A:$ZZ,31,FALSE)=1,$F$18,0.5))*$AH7+$AI7)*(1+$AP7)*(1+$AQ7)+(($AS7+($AT7-$AS7)*IF(VLOOKUP($Q7,武学奇术!$A:$ZZ,31,FALSE)=1,$F$18,0.5))*IF($G$1="鸣金",$AJ7,$AH7)+IF($G$1="鸣金",$AK7*1.5,0))*(1+$AU7)*(1+$AV7)+(($AW7+($AX7-$AW7)*IF(VLOOKUP($Q7,武学奇术!$A:$ZZ,31,FALSE)=1,$F$18,0.5))*IF($G$1="裂石",$AJ7,$AH7)+IF($G$1="裂石",$AK7*1.5,0))*(1+$AY7)*(1+$AZ7)+(($BA7+($BB7-$BA7)*IF(VLOOKUP($Q7,武学奇术!$A:$ZZ,31,FALSE)=1,$F$18,0.5))*IF($G$1="牵丝",$AJ7,$AH7)+IF($G$1="牵丝",$AK7*1.5,0))*(1+$BC7)*(1+$BD7)+(($BE7+($BF7-$BE7)*IF(VLOOKUP($Q7,武学奇术!$A:$ZZ,31,FALSE)=1,$F$18,0.5))*IF($G$1="破竹",$AJ7,$AH7)+IF($G$1="破竹",$AK7*1.5,0))*(1+$BG7)*(1+$BH7))*(1+$AL7)*$P7*(1+IF(VLOOKUP($Q7,武学奇术!$A:$ZZ,30,FALSE)="蓄力技",$B$21,0))*(1+$BQ7) -> 5732.1098 | O7: =((($AN7*$AH7+$AI7)*(1+$AP7)*(1+$AQ7)+($AS7*IF($G$1="鸣金",$AJ7,$AH7)+IF($G$1="鸣金",$AK7*1.5,0))*(1+$AU7)*(1+$AV7)+($AW7*IF($G$1="裂石",$AJ7,$AH7)+IF($G$1="裂石",$AK7*1.5,0))*(1+$AY7)*(1+$AZ7)+($BA7*IF($G$1="牵丝",$AJ7,$AH7)+IF($G$1="牵丝",$AK7*1.5,0))*(1+$BC7)*(1+$BD7)+($BE7*IF($G$1="破竹",$AJ7,$AH7)+IF($G$1="破竹",$AK7*1.5,0))*(1+$BG7)*(1+$BH7))*(1+$AL7))*$P7*(1+IF(VLOOKUP($Q7,武学奇术!$A:$ZZ,30,FALSE)="蓄力技",$B$21,0))*(1+$BQ7) -> 5072.6584 | P7: 1 | Q7: 绳标Q卸 | R7: N/a | S7: N/a | T7: N/a | U7: N/a | V7: N/a | W7: N/a | X7: N/a | Y7: N/a | Z7: N/a | AA7: N/a | AB7: N/a | AC7: N/a | AD7: N/a | AE7: 无惧 | AF7: 天志增伤 | AG7: =VLOOKUP($Q7,武学奇术!$A:$ZZ,25,FALSE) -> 绳镖 | AH7: =VLOOKUP($Q7,武学奇术!$A:$ZZ,26,FALSE) -> 0.4975 | AI7: =VLOOKUP($Q7,武学奇术!$A:$ZZ,27,FALSE)*(1+IF(OR($AG7=$F$4,$AG7=$F$5),$B$22,0)) -> 191.8 | AJ7: =VLOOKUP($Q7,武学奇术!$A:$ZZ,28,FALSE) -> 0.7463 | AK7: =VLOOKUP($Q7,武学奇术!$A:$ZZ,29,FALSE)*(1+IF(OR($AG7=$F$4,$AG7=$F$5),$B$22,0)) -> 105 | AL7: {=$G$3+IFERROR(VLOOKUP($AG7,$F$4:$G$7,2,FALSE),0)+VLOOKUP($Q7,武学奇术!$A:$ZZ,2,FALSE)+SUM(_xlfn.XLOOKUP($R7:$AF7,增益!$A:$A,增益!$B:$B,0))} -> 0.2689 | AM7: {=VLOOKUP($Q7,武学奇术!$A:$ZZ,5,FALSE)+SUM(_xlfn.XLOOKUP($R7:$AF7,增益!$A:$A,增益!$E:$E,0))} -> 0 | AN7: {=$D$10*(1+$AM7)+VLOOKUP($Q7,武学奇术!$A:$ZZ,3,FALSE)+SUM(_xlfn.XLOOKUP($R7:$AF7,增益!$A:$A,增益!$C:$C,0))-$I$2} -> 3804.006 | AO7: {=$E$10*(1+$AM7)+VLOOKUP($Q7,武学奇术!$A:$ZZ,4,FALSE)+SUM(_xlfn.XLOOKUP($R7:$AF7,增益!$A:$A,增益!$D:$D,0))-$I$2} -> 3804.006 | AP7: {=IF($F$10-$I$3+VLOOKUP($Q7,武学奇术!$A:$ZZ,6,FALSE)+SUM(_xlfn.XLOOKUP(R7:AF7,增益!$A:$A,增益!$F:$F,0))>0,($F$10-$I$3+VLOOKUP($Q7,武学奇术!$A:$ZZ,6,FALSE)+SUM(_xlfn.XLOOKUP(R7:AF7,增益!$A:$A,增益!$F:$F,0)))/200,($F$10-$I$3+VLOOKUP($Q7,武学奇术!$A:$ZZ,6,FALSE)+SUM(_xlfn.XLOOKUP(R7:AF7,增益!$A:$A,增益!$F:$F,0)))/100)} -> 0.267 | AQ7: {=$G$10+VLOOKUP($Q7,武学奇术!$A:$ZZ,7,FALSE)+SUM(_xlfn.XLOOKUP(R7:AF7,增益!$A:$A,增益!$G:$G,0))} -> 0.09 | AR7: {=VLOOKUP($Q7,武学奇术!$A:$ZZ,8,FALSE)+SUM(_xlfn.XLOOKUP(R7:AF7,增益!$A:$A,增益!$H:$H,0))} -> 0 | AS7: =$D$11*(1+$AR7) -> 0 | AT7: =$E$11*(1+$AR7) -> 0 | AU7: {=IF($F$11-$I$4+VLOOKUP($Q7,武学奇术!$A:$ZZ,9,FALSE)+SUM(_xlfn.XLOOKUP(R7:AF7,增益!$A:$A,增益!$I:$I,0))>0,($F$11-$I$4+VLOOKUP($Q7,武学奇术!$A:$ZZ,9,FALSE)+SUM(_xlfn.XLOOKUP(R7:AF7,增益!$A:$A,增益!$I:$I,0)))/200,($F$11-$I$4+VLOOKUP($Q7,武学奇术!$A:$ZZ,9,FALSE)+SUM(_xlfn.XLOOKUP(R7:AF7,增益!$A:$A,增益!$I:$I,0)))/100)} -> -0.3 | AV7: {=$G$11+VLOOKUP($Q7,武学奇术!$A:$ZZ,10,FALSE)+SUM(_xlfn.XLOOKUP(R7:AF7,增益!$A:$A,增益!$J:$J,0))} -> 0 | AW7: =$D$12*(1+$AR7) -> 0 | AX7: =$E$12*(1+$AR7) -> 0 | AY7: {=IF($F$12-$I$4+VLOOKUP($Q7,武学奇术!$A:$ZZ,11,FALSE)+SUM(_xlfn.XLOOKUP(R7:AF7,增益!$A:$A,增益!$K:$K,0))>0,($F$12-$I$4+VLOOKUP($Q7,武学奇术!$A:$ZZ,11,FALSE)+SUM(_xlfn.XLOOKUP(R7:AF7,增益!$A:$A,增益!$K:$K,0)))/200,($F$12-$I$4+VLOOKUP($Q7,武学奇术!$A:$ZZ,11,FALSE)+SUM(_xlfn.XLOOKUP(R7:AF7,增益!$A:$A,增益!$K:$K,0)))/100)} -> -0.3 | AZ7: {=$G$12+VLOOKUP($Q7,武学奇术!$A:$ZZ,12,FALSE)+SUM(_xlfn.XLOOKUP(R7:AF7,增益!$A:$A,增益!$L:$L,0))} -> 0 | BA7: =$D$13*(1+$AR7) -> 0 | BB7: =$E$13*(1+$AR7) -> 0 | BC7: {=IF($F$13-$I$4+VLOOKUP($Q7,武学奇术!$A:$ZZ,13,FALSE)+SUM(_xlfn.XLOOKUP(R7:AF7,增益!$A:$A,增益!$M:$M,0))>0,($F$13-$I$4+VLOOKUP($Q7,武学奇术!$A:$ZZ,13,FALSE)+SUM(_xlfn.XLOOKUP(R7:AF7,增益!$A:$A,增益!$K:$K,0)))/200,($F$13-$I$4+VLOOKUP($Q7,武学奇术!$A:$ZZ,13,FALSE)+SUM(_xlfn.XLOOKUP(R7:AF7,增益!$A:$A,增益!$M:$M,0)))/100)} -> -0.3 | BD7: {=$G$13+VLOOKUP($Q7,武学奇术!$A:$ZZ,14,FALSE)+SUM(_xlfn.XLOOKUP(R7:AF7,增益!$A:$A,增益!$N:$N,0))} -> 0 | BE7: =$D$14*(1+$AR7) -> 570.28 | BF7: =$E$14*(1+$AR7) -> 1582.156 | BG7: {=IF($F$14-$I$4+VLOOKUP($Q7,武学奇术!$A:$ZZ,15,FALSE)+SUM(_xlfn.XLOOKUP(R7:AF7,增益!$A:$A,增益!$O:$O,0))>0,($F$14-$I$4+VLOOKUP($Q7,武学奇术!$A:$ZZ,15,FALSE)+SUM(_xlfn.XLOOKUP(R7:AF7,增益!$A:$A,增益!$O:$O,0)))/200,($F$14-$I$4+VLOOKUP($Q7,武学奇术!$A:$ZZ,15,FALSE)+SUM(_xlfn.XLOOKUP(R7:AF7,增益!$A:$A,增益!$O:$O,0)))/100)} -> 0 | BH7: {=$G$14+VLOOKUP($Q7,武学奇术!$A:$ZZ,16,FALSE)+SUM(_xlfn.XLOOKUP(R7:AF7,增益!$A:$A,增益!$P:$P,0))} -> 0.24 | BI7: =MIN(IF(VLOOKUP($Q7,武学奇术!$A:$ZZ,23,FALSE)=1,100%,$B$8),100%) -> 1 | BJ7: {=IF(VLOOKUP($Q7,武学奇术!$A:$ZZ,23,FALSE)=1,100%,MIN(80%,$B$9+VLOOKUP($Q7,武学奇术!$A:$ZZ,17,FALSE)+SUM(_xlfn.XLOOKUP(R7:AF7,增益!$A:$A,增益!$Q:$Q,0)))+$B$11+SUM(_xlfn.XLOOKUP(R7:AF7,增益!$A:$A,增益!$U:$U,0)))*IF(VLOOKUP($Q7,武学奇术!$A:$ZZ,24,FALSE)=1,0,1)+MIN(IF(VLOOKUP($Q7,武学奇术!$A:$ZZ,32,FALSE)=1,IF(VLOOKUP($Q7,武学奇术!$A:$ZZ,24,FALSE)=1,100%,MIN(40%,$B$10+VLOOKUP($Q7,武学奇术!$A:$ZZ,19,FALSE)+SUM(_xlfn.XLOOKUP(R7:AF7,增益!$A:$A,增益!$S:$S,0)))+$B$12+SUM(_xlfn.XLOOKUP(R7:AF7,增益!$A:$A,增益!$V:$V,0))),0),12%)} -> 0.918 | BK7: {=1+$B$13+VLOOKUP($Q7,武学奇术!$A:$ZZ,18,FALSE)+SUM(_xlfn.XLOOKUP(R7:AF7,增益!$A:$A,增益!$R:$R,0))} -> 1.54 | BL7: {=MAX(IF(VLOOKUP($Q7,武学奇术!$A:$ZZ,24,FALSE)=1,100%,MIN(40%,$B$10+VLOOKUP($Q7,武学奇术!$A:$ZZ,19,FALSE)+SUM(_xlfn.XLOOKUP(R7:AF7,增益!$A:$A,增益!$S:$S,0)))+$B$12+SUM(_xlfn.XLOOKUP(R7:AF7,增益!$A:$A,增益!$V:$V,0)))*IF(VLOOKUP($Q7,武学奇术!$A:$ZZ,23,FALSE)=1,0,1)-IF(VLOOKUP($Q7,武学奇术!$A:$ZZ,32,FALSE)=1,12%,0),0)} -> 0.0895 | BM7: {=1+$B$14+VLOOKUP($Q7,武学奇术!$A:$ZZ,20,FALSE)+SUM(_xlfn.XLOOKUP(R7:AF7,增益!$A:$A,增益!$T:$T,0))} -> 1.35 | BN7: =MIN((1-BL7)*BI7,BI7*BJ7) -> 0.9105 | BO7: =1-BL7-BN7-BP7 -> 0 | BP7: =IF(VLOOKUP($Q7,武学奇术!$A:$ZZ,22,FALSE)=1,0,(1-$BI7))*(1-$BL7) -> 0 | BQ7: {=SUM(_xlfn.XLOOKUP(R7:AF7,增益!$A:$A,增益!$W:$W,0))+$I$5} -> 0.11
A8: 精准率 | B8: 1.0218 | C8: 实际属性 | H8: 战斗时间 | I8: 111 | K8: =($L8*$BN8+$M8*$BL8+$N8*$BO8+$O8*$BP8) -> 55716.977 | L8: =((($AN8+($AO8-$AN8)*IF(VLOOKUP($Q8,武学奇术!$A:$ZZ,31,FALSE)=1,$F$18,0.5))*$AH8+$AI8)*(1+$AP8)*(1+$AQ8)+(($AS8+($AT8-$AS8)*IF(VLOOKUP($Q8,武学奇术!$A:$ZZ,31,FALSE)=1,$F$18,0.5))*IF($G$1="鸣金",$AJ8,$AH8)+IF($G$1="鸣金",$AK8*1.5,0))*(1+$AU8)*(1+$AV8)+(($AW8+($AX8-$AW8)*IF(VLOOKUP($Q8,武学奇术!$A:$ZZ,31,FALSE)=1,$F$18,0.5))*IF($G$1="裂石",$AJ8,$AH8)+IF($G$1="裂石",$AK8*1.5,0))*(1+$AY8)*(1+$AZ8)+(($BA8+($BB8-$BA8)*IF(VLOOKUP($Q8,武学奇术!$A:$ZZ,31,FALSE)=1,$F$18,0.5))*IF($G$1="牵丝",$AJ8,$AH8)+IF($G$1="牵丝",$AK8*1.5,0))*(1+$BC8)*(1+$BD8)+(($BE8+($BF8-$BE8)*IF(VLOOKUP($Q8,武学奇术!$A:$ZZ,31,FALSE)=1,$F$18,0.5))*IF($G$1="破竹",$AJ8,$AH8)+IF($G$1="破竹",$AK8*1.5,0))*(1+$BG8)*(1+$BH8))*(1+$AL8)*$BK8*$P8*(1+IF(VLOOKUP($Q8,武学奇术!$A:$ZZ,30,FALSE)="蓄力技",$B$21,0))*(1+$BQ8) -> 56607.258 | M8: =(($AO8*$AH8+$AI8)*(1+$AP8)*(1+$AQ8)+($AT8*IF($G$1="鸣金",$AJ8,$AH8)+IF($G$1="鸣金",$AK8*1.5,0))*(1+$AU8)*(1+$AV8)+($AX8*IF($G$1="裂石",$AJ8,$AH8)+IF($G$1="裂石",$AK8*1.5,0))*(1+$AY8)*(1+$AZ8)+($BB8*IF($G$1="牵丝",$AJ8,$AH8)+IF($G$1="牵丝",$AK8*1.5,0))*(1+$BC8)*(1+$BD8)+($BF8*IF($G$1="破竹",$AJ8,$AH8)+IF($G$1="破竹",$AK8*1.5,0))*(1+$BG8)*(1+$BH8))*(1+$AL8)*$BM8*$P8*(1+IF(VLOOKUP($Q8,武学奇术!$A:$ZZ,30,FALSE)="蓄力技",$B$21,0))*(1+$BQ8) -> 46659.986 | N8: =((($AN8+($AO8-$AN8)*IF(VLOOKUP($Q8,武学奇术!$A:$ZZ,31,FALSE)=1,$F$18,0.5))*$AH8+$AI8)*(1+$AP8)*(1+$AQ8)+(($AS8+($AT8-$AS8)*IF(VLOOKUP($Q8,武学奇术!$A:$ZZ,31,FALSE)=1,$F$18,0.5))*IF($G$1="鸣金",$AJ8,$AH8)+IF($G$1="鸣金",$AK8*1.5,0))*(1+$AU8)*(1+$AV8)+(($AW8+($AX8-$AW8)*IF(VLOOKUP($Q8,武学奇术!$A:$ZZ,31,FALSE)=1,$F$18,0.5))*IF($G$1="裂石",$AJ8,$AH8)+IF($G$1="裂石",$AK8*1.5,0))*(1+$AY8)*(1+$AZ8)+(($BA8+($BB8-$BA8)*IF(VLOOKUP($Q8,武学奇术!$A:$ZZ,31,FALSE)=1,$F$18,0.5))*IF($G$1="牵丝",$AJ8,$AH8)+IF($G$1="牵丝",$AK8*1.5,0))*(1+$BC8)*(1+$BD8)+(($BE8+($BF8-$BE8)*IF(VLOOKUP($Q8,武学奇术!$A:$ZZ,31,FALSE)=1,$F$18,0.5))*IF($G$1="破竹",$AJ8,$AH8)+IF($G$1="破竹",$AK8*1.5,0))*(1+$BG8)*(1+$BH8))*(1+$AL8)*$P8*(1+IF(VLOOKUP($Q8,武学奇术!$A:$ZZ,30,FALSE)="蓄力技",$B$21,0))*(1+$BQ8) -> 30598.518 | O8: =((($AN8*$AH8+$AI8)*(1+$AP8)*(1+$AQ8)+($AS8*IF($G$1="鸣金",$AJ8,$AH8)+IF($G$1="鸣金",$AK8*1.5,0))*(1+$AU8)*(1+$AV8)+($AW8*IF($G$1="裂石",$AJ8,$AH8)+IF($G$1="裂石",$AK8*1.5,0))*(1+$AY8)*(1+$AZ8)+($BA8*IF($G$1="牵丝",$AJ8,$AH8)+IF($G$1="牵丝",$AK8*1.5,0))*(1+$BC8)*(1+$BD8)+($BE8*IF($G$1="破竹",$AJ8,$AH8)+IF($G$1="破竹",$AK8*1.5,0))*(1+$BG8)*(1+$BH8))*(1+$AL8))*$P8*(1+IF(VLOOKUP($Q8,武学奇术!$A:$ZZ,30,FALSE)="蓄力技",$B$21,0))*(1+$BQ8) -> 26634.083 | P8: 1 | Q8: 鹰隼追击(绳标) | R8: 易水歌1层 | S8: N/a | T8: N/a | U8: N/a | V8: N/a | W8: N/a | X8: 沧海帖1层 | Y8: N/a | Z8: 三穷 | AA8: N/a | AB8: N/a | AC8: N/a | AD8: N/a | AE8: 无惧 | AF8: 天志增伤 | AG8: =VLOOKUP($Q8,武学奇术!$A:$ZZ,25,FALSE) -> 绳镖 | AH8: =VLOOKUP($Q8,武学奇术!$A:$ZZ,26,FALSE) -> 2.33376 | AI8: =VLOOKUP($Q8,武学奇术!$A:$ZZ,27,FALSE)*(1+IF(OR($AG8=$F$4,$AG8=$F$5),$B$22,0)) -> 0 | AJ8: =VLOOKUP($Q8,武学奇术!$A:$ZZ,28,FALSE) -> 3.50064 | AK8: =VLOOKUP($Q8,武学奇术!$A:$ZZ,29,FALSE)*(1+IF(OR($AG8=$F$4,$AG8=$F$5),$B$22,0)) -> 0 | AL8: {=$G$3+IFERROR(VLOOKUP($AG8,$F$4:$G$7,2,FALSE),0)+VLOOKUP($Q8,武学奇术!$A:$ZZ,2,FALSE)+SUM(_xlfn.XLOOKUP($R8:$AF8,增益!$A:$A,增益!$B:$B,0))} -> 0.5789 | AM8: {=VLOOKUP($Q8,武学奇术!$A:$ZZ,5,FALSE)+SUM(_xlfn.XLOOKUP($R8:$AF8,增益!$A:$A,增益!$E:$E,0))} -> 0 | AN8: {=$D$10*(1+$AM8)+VLOOKUP($Q8,武学奇术!$A:$ZZ,3,FALSE)+SUM(_xlfn.XLOOKUP($R8:$AF8,增益!$A:$A,增益!$C:$C,0))-$I$2} -> 3804.006 | AO8: {=$E$10*(1+$AM8)+VLOOKUP($Q8,武学奇术!$A:$ZZ,4,FALSE)+SUM(_xlfn.XLOOKUP($R8:$AF8,增益!$A:$A,增益!$D:$D,0))-$I$2} -> 3804.006 | AP8: {=IF($F$10-$I$3+VLOOKUP($Q8,武学奇术!$A:$ZZ,6,FALSE)+SUM(_xlfn.XLOOKUP(R8:AF8,增益!$A:$A,增益!$F:$F,0))>0,($F$10-$I$3+VLOOKUP($Q8,武学奇术!$A:$ZZ,6,FALSE)+SUM(_xlfn.XLOOKUP(R8:AF8,增益!$A:$A,增益!$F:$F,0)))/200,($F$10-$I$3+VLOOKUP($Q8,武学奇术!$A:$ZZ,6,FALSE)+SUM(_xlfn.XLOOKUP(R8:AF8,增益!$A:$A,增益!$F:$F,0)))/100)} -> 0.307 | AQ8: {=$G$10+VLOOKUP($Q8,武学奇术!$A:$ZZ,7,FALSE)+SUM(_xlfn.XLOOKUP(R8:AF8,增益!$A:$A,增益!$G:$G,0))} -> 0.09 | AR8: {=VLOOKUP($Q8,武学奇术!$A:$ZZ,8,FALSE)+SUM(_xlfn.XLOOKUP(R8:AF8,增益!$A:$A,增益!$H:$H,0))} -> 0 | AS8: =$D$11*(1+$AR8) -> 0 | AT8: =$E$11*(1+$AR8) -> 0 | AU8: {=IF($F$11-$I$4+VLOOKUP($Q8,武学奇术!$A:$ZZ,9,FALSE)+SUM(_xlfn.XLOOKUP(R8:AF8,增益!$A:$A,增益!$I:$I,0))>0,($F$11-$I$4+VLOOKUP($Q8,武学奇术!$A:$ZZ,9,FALSE)+SUM(_xlfn.XLOOKUP(R8:AF8,增益!$A:$A,增益!$I:$I,0)))/200,($F$11-$I$4+VLOOKUP($Q8,武学奇术!$A:$ZZ,9,FALSE)+SUM(_xlfn.XLOOKUP(R8:AF8,增益!$A:$A,增益!$I:$I,0)))/100)} -> -0.24 | AV8: {=$G$11+VLOOKUP($Q8,武学奇术!$A:$ZZ,10,FALSE)+SUM(_xlfn.XLOOKUP(R8:AF8,增益!$A:$A,增益!$J:$J,0))} -> 0 | AW8: =$D$12*(1+$AR8) -> 0 | AX8: =$E$12*(1+$AR8) -> 0 | AY8: {=IF($F$12-$I$4+VLOOKUP($Q8,武学奇术!$A:$ZZ,11,FALSE)+SUM(_xlfn.XLOOKUP(R8:AF8,增益!$A:$A,增益!$K:$K,0))>0,($F$12-$I$4+VLOOKUP($Q8,武学奇术!$A:$ZZ,11,FALSE)+SUM(_xlfn.XLOOKUP(R8:AF8,增益!$A:$A,增益!$K:$K,0)))/200,($F$12-$I$4+VLOOKUP($Q8,武学奇术!$A:$ZZ,11,FALSE)+SUM(_xlfn.XLOOKUP(R8:AF8,增益!$A:$A,增益!$K:$K,0)))/100)} -> -0.24 | AZ8: {=$G$12+VLOOKUP($Q8,武学奇术!$A:$ZZ,12,FALSE)+SUM(_xlfn.XLOOKUP(R8:AF8,增益!$A:$A,增益!$L:$L,0))} -> 0 | BA8: =$D$13*(1+$AR8) -> 0 | BB8: =$E$13*(1+$AR8) -> 0 | BC8: {=IF($F$13-$I$4+VLOOKUP($Q8,武学奇术!$A:$ZZ,13,FALSE)+SUM(_xlfn.XLOOKUP(R8:AF8,增益!$A:$A,增益!$M:$M,0))>0,($F$13-$I$4+VLOOKUP($Q8,武学奇术!$A:$ZZ,13,FALSE)+SUM(_xlfn.XLOOKUP(R8:AF8,增益!$A:$A,增益!$K:$K,0)))/200,($F$13-$I$4+VLOOKUP($Q8,武学奇术!$A:$ZZ,13,FALSE)+SUM(_xlfn.XLOOKUP(R8:AF8,增益!$A:$A,增益!$M:$M,0)))/100)} -> -0.24 | BD8: {=$G$13+VLOOKUP($Q8,武学奇术!$A:$ZZ,14,FALSE)+SUM(_xlfn.XLOOKUP(R8:AF8,增益!$A:$A,增益!$N:$N,0))} -> 0 | BE8: =$D$14*(1+$AR8) -> 570.28 | BF8: =$E$14*(1+$AR8) -> 1582.156 | BG8: {=IF($F$14-$I$4+VLOOKUP($Q8,武学奇术!$A:$ZZ,15,FALSE)+SUM(_xlfn.XLOOKUP(R8:AF8,增益!$A:$A,增益!$O:$O,0))>0,($F$14-$I$4+VLOOKUP($Q8,武学奇术!$A:$ZZ,15,FALSE)+SUM(_xlfn.XLOOKUP(R8:AF8,增益!$A:$A,增益!$O:$O,0)))/200,($F$14-$I$4+VLOOKUP($Q8,武学奇术!$A:$ZZ,15,FALSE)+SUM(_xlfn.XLOOKUP(R8:AF8,增益!$A:$A,增益!$O:$O,0)))/100)} -> 0.03 | BH8: {=$G$14+VLOOKUP($Q8,武学奇术!$A:$ZZ,16,FALSE)+SUM(_xlfn.XLOOKUP(R8:AF8,增益!$A:$A,增益!$P:$P,0))} -> 0.24 | BI8: =MIN(IF(VLOOKUP($Q8,武学奇术!$A:$ZZ,23,FALSE)=1,100%,$B$8),100%) -> 1 | BJ8: {=IF(VLOOKUP($Q8,武学奇术!$A:$ZZ,23,FALSE)=1,100%,MIN(80%,$B$9+VLOOKUP($Q8,武学奇术!$A:$ZZ,17,FALSE)+SUM(_xlfn.XLOOKUP(R8:AF8,增益!$A:$A,增益!$Q:$Q,0)))+$B$11+SUM(_xlfn.XLOOKUP(R8:AF8,增益!$A:$A,增益!$U:$U,0)))*IF(VLOOKUP($Q8,武学奇术!$A:$ZZ,24,FALSE)=1,0,1)+MIN(IF(VLOOKUP($Q8,武学奇术!$A:$ZZ,32,FALSE)=1,IF(VLOOKUP($Q8,武学奇术!$A:$ZZ,24,FALSE)=1,100%,MIN(40%,$B$10+VLOOKUP($Q8,武学奇术!$A:$ZZ,19,FALSE)+SUM(_xlfn.XLOOKUP(R8:AF8,增益!$A:$A,增益!$S:$S,0)))+$B$12+SUM(_xlfn.XLOOKUP(R8:AF8,增益!$A:$A,增益!$V:$V,0))),0),12%)} -> 0.918 | BK8: {=1+$B$13+VLOOKUP($Q8,武学奇术!$A:$ZZ,18,FALSE)+SUM(_xlfn.XLOOKUP(R8:AF8,增益!$A:$A,增益!$R:$R,0))} -> 1.85 | BL8: {=MAX(IF(VLOOKUP($Q8,武学奇术!$A:$ZZ,24,FALSE)=1,100%,MIN(40%,$B$10+VLOOKUP($Q8,武学奇术!$A:$ZZ,19,FALSE)+SUM(_xlfn.XLOOKUP(R8:AF8,增益!$A:$A,增益!$S:$S,0)))+$B$12+SUM(_xlfn.XLOOKUP(R8:AF8,增益!$A:$A,增益!$V:$V,0)))*IF(VLOOKUP($Q8,武学奇术!$A:$ZZ,23,FALSE)=1,0,1)-IF(VLOOKUP($Q8,武学奇术!$A:$ZZ,32,FALSE)=1,12%,0),0)} -> 0.0895 | BM8: {=1+$B$14+VLOOKUP($Q8,武学奇术!$A:$ZZ,20,FALSE)+SUM(_xlfn.XLOOKUP(R8:AF8,增益!$A:$A,增益!$T:$T,0))} -> 1.35 | BN8: =MIN((1-BL8)*BI8,BI8*BJ8) -> 0.9105 | BO8: =1-BL8-BN8-BP8 -> 0 | BP8: =IF(VLOOKUP($Q8,武学奇术!$A:$ZZ,22,FALSE)=1,0,(1-$BI8))*(1-$BL8) -> 0 | BQ8: {=SUM(_xlfn.XLOOKUP(R8:AF8,增益!$A:$A,增益!$W:$W,0))+$I$5} -> 0.11
A9: 会心率 | B9: 0.785 | D9: 最小攻击 | E9: 最大攻击 | F9: 穿透 | G9: 伤害加成 | K9: =($L9*$BN9+$M9*$BL9+$N9*$BO9+$O9*$BP9) -> 77950.728 | L9: =((($AN9+($AO9-$AN9)*IF(VLOOKUP($Q9,武学奇术!$A:$ZZ,31,FALSE)=1,$F$18,0.5))*$AH9+$AI9)*(1+$AP9)*(1+$AQ9)+(($AS9+($AT9-$AS9)*IF(VLOOKUP($Q9,武学奇术!$A:$ZZ,31,FALSE)=1,$F$18,0.5))*IF($G$1="鸣金",$AJ9,$AH9)+IF($G$1="鸣金",$AK9*1.5,0))*(1+$AU9)*(1+$AV9)+(($AW9+($AX9-$AW9)*IF(VLOOKUP($Q9,武学奇术!$A:$ZZ,31,FALSE)=1,$F$18,0.5))*IF($G$1="裂石",$AJ9,$AH9)+IF($G$1="裂石",$AK9*1.5,0))*(1+$AY9)*(1+$AZ9)+(($BA9+($BB9-$BA9)*IF(VLOOKUP($Q9,武学奇术!$A:$ZZ,31,FALSE)=1,$F$18,0.5))*IF($G$1="牵丝",$AJ9,$AH9)+IF($G$1="牵丝",$AK9*1.5,0))*(1+$BC9)*(1+$BD9)+(($BE9+($BF9-$BE9)*IF(VLOOKUP($Q9,武学奇术!$A:$ZZ,31,FALSE)=1,$F$18,0.5))*IF($G$1="破竹",$AJ9,$AH9)+IF($G$1="破竹",$AK9*1.5,0))*(1+$BG9)*(1+$BH9))*(1+$AL9)*$BK9*$P9*(1+IF(VLOOKUP($Q9,武学奇术!$A:$ZZ,30,FALSE)="蓄力技",$B$21,0))*(1+$BQ9) -> 79272.985 | M9: =(($AO9*$AH9+$AI9)*(1+$AP9)*(1+$AQ9)+($AT9*IF($G$1="鸣金",$AJ9,$AH9)+IF($G$1="鸣金",$AK9*1.5,0))*(1+$AU9)*(1+$AV9)+($AX9*IF($G$1="裂石",$AJ9,$AH9)+IF($G$1="裂石",$AK9*1.5,0))*(1+$AY9)*(1+$AZ9)+($BB9*IF($G$1="牵丝",$AJ9,$AH9)+IF($G$1="牵丝",$AK9*1.5,0))*(1+$BC9)*(1+$BD9)+($BF9*IF($G$1="破竹",$AJ9,$AH9)+IF($G$1="破竹",$AK9*1.5,0))*(1+$BG9)*(1+$BH9))*(1+$AL9)*$BM9*$P9*(1+IF(VLOOKUP($Q9,武学奇术!$A:$ZZ,30,FALSE)="蓄力技",$B$21,0))*(1+$BQ9) -> 64499.158 | N9: =((($AN9+($AO9-$AN9)*IF(VLOOKUP($Q9,武学奇术!$A:$ZZ,31,FALSE)=1,$F$18,0.5))*$AH9+$AI9)*(1+$AP9)*(1+$AQ9)+(($AS9+($AT9-$AS9)*IF(VLOOKUP($Q9,武学奇术!$A:$ZZ,31,FALSE)=1,$F$18,0.5))*IF($G$1="鸣金",$AJ9,$AH9)+IF($G$1="鸣金",$AK9*1.5,0))*(1+$AU9)*(1+$AV9)+(($AW9+($AX9-$AW9)*IF(VLOOKUP($Q9,武学奇术!$A:$ZZ,31,FALSE)=1,$F$18,0.5))*IF($G$1="裂石",$AJ9,$AH9)+IF($G$1="裂石",$AK9*1.5,0))*(1+$AY9)*(1+$AZ9)+(($BA9+($BB9-$BA9)*IF(VLOOKUP($Q9,武学奇术!$A:$ZZ,31,FALSE)=1,$F$18,0.5))*IF($G$1="牵丝",$AJ9,$AH9)+IF($G$1="牵丝",$AK9*1.5,0))*(1+$BC9)*(1+$BD9)+(($BE9+($BF9-$BE9)*IF(VLOOKUP($Q9,武学奇术!$A:$ZZ,31,FALSE)=1,$F$18,0.5))*IF($G$1="破竹",$AJ9,$AH9)+IF($G$1="破竹",$AK9*1.5,0))*(1+$BG9)*(1+$BH9))*(1+$AL9)*$P9*(1+IF(VLOOKUP($Q9,武学奇术!$A:$ZZ,30,FALSE)="蓄力技",$B$21,0))*(1+$BQ9) -> 42850.262 | O9: =((($AN9*$AH9+$AI9)*(1+$AP9)*(1+$AQ9)+($AS9*IF($G$1="鸣金",$AJ9,$AH9)+IF($G$1="鸣金",$AK9*1.5,0))*(1+$AU9)*(1+$AV9)+($AW9*IF($G$1="裂石",$AJ9,$AH9)+IF($G$1="裂石",$AK9*1.5,0))*(1+$AY9)*(1+$AZ9)+($BA9*IF($G$1="牵丝",$AJ9,$AH9)+IF($G$1="牵丝",$AK9*1.5,0))*(1+$BC9)*(1+$BD9)+($BE9*IF($G$1="破竹",$AJ9,$AH9)+IF($G$1="破竹",$AK9*1.5,0))*(1+$BG9)*(1+$BH9))*(1+$AL9))*$P9*(1+IF(VLOOKUP($Q9,武学奇术!$A:$ZZ,30,FALSE)="蓄力技",$B$21,0))*(1+$BQ9) -> 37923.37 | P9: 1 | Q9: 拳甲Q2 | R9: 易水歌1层 | S9: N/a | T9: N/a | U9: N/a | V9: N/a | W9: N/a | X9: 沧海帖1层 | Y9: N/a | Z9: 三穷 | AA9: N/a | AB9: N/a | AC9: N/a | AD9: N/a | AE9: 无惧 | AF9: 天志增伤 | AG9: =VLOOKUP($Q9,武学奇术!$A:$ZZ,25,FALSE) -> 拳甲 | AH9: =VLOOKUP($Q9,武学奇术!$A:$ZZ,26,FALSE) -> 2.75166 | AI9: =VLOOKUP($Q9,武学奇术!$A:$ZZ,27,FALSE)*(1+IF(OR($AG9=$F$4,$AG9=$F$5),$B$22,0)) -> 1060.92 | AJ9: =VLOOKUP($Q9,武学奇术!$A:$ZZ,28,FALSE) -> 4.12776 | AK9: =VLOOKUP($Q9,武学奇术!$A:$ZZ,29,FALSE)*(1+IF(OR($AG9=$F$4,$AG9=$F$5),$B$22,0)) -> 574.56 | AL9: {=$G$3+IFERROR(VLOOKUP($AG9,$F$4:$G$7,2,FALSE),0)+VLOOKUP($Q9,武学奇术!$A:$ZZ,2,FALSE)+SUM(_xlfn.XLOOKUP($R9:$AF9,增益!$A:$A,增益!$B:$B,0))} -> 0.6641 | AM9: {=VLOOKUP($Q9,武学奇术!$A:$ZZ,5,FALSE)+SUM(_xlfn.XLOOKUP($R9:$AF9,增益!$A:$A,增益!$E:$E,0))} -> 0 | AN9: {=$D$10*(1+$AM9)+VLOOKUP($Q9,武学奇术!$A:$ZZ,3,FALSE)+SUM(_xlfn.XLOOKUP($R9:$AF9,增益!$A:$A,增益!$C:$C,0))-$I$2} -> 3804.006 | AO9: {=$E$10*(1+$AM9)+VLOOKUP($Q9,武学奇术!$A:$ZZ,4,FALSE)+SUM(_xlfn.XLOOKUP($R9:$AF9,增益!$A:$A,增益!$D:$D,0))-$I$2} -> 3804.006 | AP9: {=IF($F$10-$I$3+VLOOKUP($Q9,武学奇术!$A:$ZZ,6,FALSE)+SUM(_xlfn.XLOOKUP(R9:AF9,增益!$A:$A,增益!$F:$F,0))>0,($F$10-$I$3+VLOOKUP($Q9,武学奇术!$A:$ZZ,6,FALSE)+SUM(_xlfn.XLOOKUP(R9:AF9,增益!$A:$A,增益!$F:$F,0)))/200,($F$10-$I$3+VLOOKUP($Q9,武学奇术!$A:$ZZ,6,FALSE)+SUM(_xlfn.XLOOKUP(R9:AF9,增益!$A:$A,增益!$F:$F,0)))/100)} -> 0.307 | AQ9: {=$G$10+VLOOKUP($Q9,武学奇术!$A:$ZZ,7,FALSE)+SUM(_xlfn.XLOOKUP(R9:AF9,增益!$A:$A,增益!$G:$G,0))} -> 0.09 | AR9: {=VLOOKUP($Q9,武学奇术!$A:$ZZ,8,FALSE)+SUM(_xlfn.XLOOKUP(R9:AF9,增益!$A:$A,增益!$H:$H,0))} -> 0 | AS9: =$D$11*(1+$AR9) -> 0 | AT9: =$E$11*(1+$AR9) -> 0 | AU9: {=IF($F$11-$I$4+VLOOKUP($Q9,武学奇术!$A:$ZZ,9,FALSE)+SUM(_xlfn.XLOOKUP(R9:AF9,增益!$A:$A,增益!$I:$I,0))>0,($F$11-$I$4+VLOOKUP($Q9,武学奇术!$A:$ZZ,9,FALSE)+SUM(_xlfn.XLOOKUP(R9:AF9,增益!$A:$A,增益!$I:$I,0)))/200,($F$11-$I$4+VLOOKUP($Q9,武学奇术!$A:$ZZ,9,FALSE)+SUM(_xlfn.XLOOKUP(R9:AF9,增益!$A:$A,增益!$I:$I,0)))/100)} -> -0.24 | AV9: {=$G$11+VLOOKUP($Q9,武学奇术!$A:$ZZ,10,FALSE)+SUM(_xlfn.XLOOKUP(R9:AF9,增益!$A:$A,增益!$J:$J,0))} -> 0 | AW9: =$D$12*(1+$AR9) -> 0 | AX9: =$E$12*(1+$AR9) -> 0 | AY9: {=IF($F$12-$I$4+VLOOKUP($Q9,武学奇术!$A:$ZZ,11,FALSE)+SUM(_xlfn.XLOOKUP(R9:AF9,增益!$A:$A,增益!$K:$K,0))>0,($F$12-$I$4+VLOOKUP($Q9,武学奇术!$A:$ZZ,11,FALSE)+SUM(_xlfn.XLOOKUP(R9:AF9,增益!$A:$A,增益!$K:$K,0)))/200,($F$12-$I$4+VLOOKUP($Q9,武学奇术!$A:$ZZ,11,FALSE)+SUM(_xlfn.XLOOKUP(R9:AF9,增益!$A:$A,增益!$K:$K,0)))/100)} -> -0.24 | AZ9: {=$G$12+VLOOKUP($Q9,武学奇术!$A:$ZZ,12,FALSE)+SUM(_xlfn.XLOOKUP(R9:AF9,增益!$A:$A,增益!$L:$L,0))} -> 0 | BA9: =$D$13*(1+$AR9) -> 0 | BB9: =$E$13*(1+$AR9) -> 0 | BC9: {=IF($F$13-$I$4+VLOOKUP($Q9,武学奇术!$A:$ZZ,13,FALSE)+SUM(_xlfn.XLOOKUP(R9:AF9,增益!$A:$A,增益!$M:$M,0))>0,($F$13-$I$4+VLOOKUP($Q9,武学奇术!$A:$ZZ,13,FALSE)+SUM(_xlfn.XLOOKUP(R9:AF9,增益!$A:$A,增益!$K:$K,0)))/200,($F$13-$I$4+VLOOKUP($Q9,武学奇术!$A:$ZZ,13,FALSE)+SUM(_xlfn.XLOOKUP(R9:AF9,增益!$A:$A,增益!$M:$M,0)))/100)} -> -0.24 | BD9: {=$G$13+VLOOKUP($Q9,武学奇术!$A:$ZZ,14,FALSE)+SUM(_xlfn.XLOOKUP(R9:AF9,增益!$A:$A,增益!$N:$N,0))} -> 0 | BE9: =$D$14*(1+$AR9) -> 570.28 | BF9: =$E$14*(1+$AR9) -> 1582.156 | BG9: {=IF($F$14-$I$4+VLOOKUP($Q9,武学奇术!$A:$ZZ,15,FALSE)+SUM(_xlfn.XLOOKUP(R9:AF9,增益!$A:$A,增益!$O:$O,0))>0,($F$14-$I$4+VLOOKUP($Q9,武学奇术!$A:$ZZ,15,FALSE)+SUM(_xlfn.XLOOKUP(R9:AF9,增益!$A:$A,增益!$O:$O,0)))/200,($F$14-$I$4+VLOOKUP($Q9,武学奇术!$A:$ZZ,15,FALSE)+SUM(_xlfn.XLOOKUP(R9:AF9,增益!$A:$A,增益!$O:$O,0)))/100)} -> 0.03 | BH9: {=$G$14+VLOOKUP($Q9,武学奇术!$A:$ZZ,16,FALSE)+SUM(_xlfn.XLOOKUP(R9:AF9,增益!$A:$A,增益!$P:$P,0))} -> 0.24 | BI9: =MIN(IF(VLOOKUP($Q9,武学奇术!$A:$ZZ,23,FALSE)=1,100%,$B$8),100%) -> 1 | BJ9: {=IF(VLOOKUP($Q9,武学奇术!$A:$ZZ,23,FALSE)=1,100%,MIN(80%,$B$9+VLOOKUP($Q9,武学奇术!$A:$ZZ,17,FALSE)+SUM(_xlfn.XLOOKUP(R9:AF9,增益!$A:$A,增益!$Q:$Q,0)))+$B$11+SUM(_xlfn.XLOOKUP(R9:AF9,增益!$A:$A,增益!$U:$U,0)))*IF(VLOOKUP($Q9,武学奇术!$A:$ZZ,24,FALSE)=1,0,1)+MIN(IF(VLOOKUP($Q9,武学奇术!$A:$ZZ,32,FALSE)=1,IF(VLOOKUP($Q9,武学奇术!$A:$ZZ,24,FALSE)=1,100%,MIN(40%,$B$10+VLOOKUP($Q9,武学奇术!$A:$ZZ,19,FALSE)+SUM(_xlfn.XLOOKUP(R9:AF9,增益!$A:$A,增益!$S:$S,0)))+$B$12+SUM(_xlfn.XLOOKUP(R9:AF9,增益!$A:$A,增益!$V:$V,0))),0),12%)} -> 0.918 | BK9: {=1+$B$13+VLOOKUP($Q9,武学奇术!$A:$ZZ,18,FALSE)+SUM(_xlfn.XLOOKUP(R9:AF9,增益!$A:$A,增益!$R:$R,0))} -> 1.85 | BL9: {=MAX(IF(VLOOKUP($Q9,武学奇术!$A:$ZZ,24,FALSE)=1,100%,MIN(40%,$B$10+VLOOKUP($Q9,武学奇术!$A:$ZZ,19,FALSE)+SUM(_xlfn.XLOOKUP(R9:AF9,增益!$A:$A,增益!$S:$S,0)))+$B$12+SUM(_xlfn.XLOOKUP(R9:AF9,增益!$A:$A,增益!$V:$V,0)))*IF(VLOOKUP($Q9,武学奇术!$A:$ZZ,23,FALSE)=1,0,1)-IF(VLOOKUP($Q9,武学奇术!$A:$ZZ,32,FALSE)=1,12%,0),0)} -> 0.0895 | BM9: {=1+$B$14+VLOOKUP($Q9,武学奇术!$A:$ZZ,20,FALSE)+SUM(_xlfn.XLOOKUP(R9:AF9,增益!$A:$A,增益!$T:$T,0))} -> 1.35 | BN9: =MIN((1-BL9)*BI9,BI9*BJ9) -> 0.9105 | BO9: =1-BL9-BN9-BP9 -> 0 | BP9: =IF(VLOOKUP($Q9,武学奇术!$A:$ZZ,22,FALSE)=1,0,(1-$BI9))*(1-$BL9) -> 0 | BQ9: {=SUM(_xlfn.XLOOKUP(R9:AF9,增益!$A:$A,增益!$W:$W,0))+$I$5} -> 0.11
A10: 会意率 | B10: 0.0895 | C10: 外功 | D10: =(B2+B23)*IF($G$2="撼天",1.06,1) -> 4362.006 | E10: =MAX(B2+B23,C2+B24)*IF($G$2="撼天",1.06,1) -> 4362.006 | F10: =D2 -> 58.4 | G10: =E2 -> 0 | H10: 总伤 | I10: =SUM(K:K) -> 14128541 | K10: =($L10*$BN10+$M10*$BL10+$N10*$BO10+$O10*$BP10) -> 26101.486 | L10: =((($AN10+($AO10-$AN10)*IF(VLOOKUP($Q10,武学奇术!$A:$ZZ,31,FALSE)=1,$F$18,0.5))*$AH10+$AI10)*(1+$AP10)*(1+$AQ10)+(($AS10+($AT10-$AS10)*IF(VLOOKUP($Q10,武学奇术!$A:$ZZ,31,FALSE)=1,$F$18,0.5))*IF($G$1="鸣金",$AJ10,$AH10)+IF($G$1="鸣金",$AK10*1.5,0))*(1+$AU10)*(1+$AV10)+(($AW10+($AX10-$AW10)*IF(VLOOKUP($Q10,武学奇术!$A:$ZZ,31,FALSE)=1,$F$18,0.5))*IF($G$1="裂石",$AJ10,$AH10)+IF($G$1="裂石",$AK10*1.5,0))*(1+$AY10)*(1+$AZ10)+(($BA10+($BB10-$BA10)*IF(VLOOKUP($Q10,武学奇术!$A:$ZZ,31,FALSE)=1,$F$18,0.5))*IF($G$1="牵丝",$AJ10,$AH10)+IF($G$1="牵丝",$AK10*1.5,0))*(1+$BC10)*(1+$BD10)+(($BE10+($BF10-$BE10)*IF(VLOOKUP($Q10,武学奇术!$A:$ZZ,31,FALSE)=1,$F$18,0.5))*IF($G$1="破竹",$AJ10,$AH10)+IF($G$1="破竹",$AK10*1.5,0))*(1+$BG10)*(1+$BH10))*(1+$AL10)*$BK10*$P10*(1+IF(VLOOKUP($Q10,武学奇术!$A:$ZZ,30,FALSE)="蓄力技",$B$21,0))*(1+$BQ10) -> 26158.918 | M10: =(($AO10*$AH10+$AI10)*(1+$AP10)*(1+$AQ10)+($AT10*IF($G$1="鸣金",$AJ10,$AH10)+IF($G$1="鸣金",$AK10*1.5,0))*(1+$AU10)*(1+$AV10)+($AX10*IF($G$1="裂石",$AJ10,$AH10)+IF($G$1="裂石",$AK10*1.5,0))*(1+$AY10)*(1+$AZ10)+($BB10*IF($G$1="牵丝",$AJ10,$AH10)+IF($G$1="牵丝",$AK10*1.5,0))*(1+$BC10)*(1+$BD10)+($BF10*IF($G$1="破竹",$AJ10,$AH10)+IF($G$1="破竹",$AK10*1.5,0))*(1+$BG10)*(1+$BH10))*(1+$AL10)*$BM10*$P10*(1+IF(VLOOKUP($Q10,武学奇术!$A:$ZZ,30,FALSE)="蓄力技",$B$21,0))*(1+$BQ10) -> 25517.225 | N10: =((($AN10+($AO10-$AN10)*IF(VLOOKUP($Q10,武学奇术!$A:$ZZ,31,FALSE)=1,$F$18,0.5))*$AH10+$AI10)*(1+$AP10)*(1+$AQ10)+(($AS10+($AT10-$AS10)*IF(VLOOKUP($Q10,武学奇术!$A:$ZZ,31,FALSE)=1,$F$18,0.5))*IF($G$1="鸣金",$AJ10,$AH10)+IF($G$1="鸣金",$AK10*1.5,0))*(1+$AU10)*(1+$AV10)+(($AW10+($AX10-$AW10)*IF(VLOOKUP($Q10,武学奇术!$A:$ZZ,31,FALSE)=1,$F$18,0.5))*IF($G$1="裂石",$AJ10,$AH10)+IF($G$1="裂石",$AK10*1.5,0))*(1+$AY10)*(1+$AZ10)+(($BA10+($BB10-$BA10)*IF(VLOOKUP($Q10,武学奇术!$A:$ZZ,31,FALSE)=1,$F$18,0.5))*IF($G$1="牵丝",$AJ10,$AH10)+IF($G$1="牵丝",$AK10*1.5,0))*(1+$BC10)*(1+$BD10)+(($BE10+($BF10-$BE10)*IF(VLOOKUP($Q10,武学奇术!$A:$ZZ,31,FALSE)=1,$F$18,0.5))*IF($G$1="破竹",$AJ10,$AH10)+IF($G$1="破竹",$AK10*1.5,0))*(1+$BG10)*(1+$BH10))*(1+$AL10)*$P10*(1+IF(VLOOKUP($Q10,武学奇术!$A:$ZZ,30,FALSE)="蓄力技",$B$21,0))*(1+$BQ10) -> 16876.721 | O10: =((($AN10*$AH10+$AI10)*(1+$AP10)*(1+$AQ10)+($AS10*IF($G$1="鸣金",$AJ10,$AH10)+IF($G$1="鸣金",$AK10*1.5,0))*(1+$AU10)*(1+$AV10)+($AW10*IF($G$1="裂石",$AJ10,$AH10)+IF($G$1="裂石",$AK10*1.5,0))*(1+$AY10)*(1+$AZ10)+($BA10*IF($G$1="牵丝",$AJ10,$AH10)+IF($G$1="牵丝",$AK10*1.5,0))*(1+$BC10)*(1+$BD10)+($BE10*IF($G$1="破竹",$AJ10,$AH10)+IF($G$1="破竹",$AK10*1.5,0))*(1+$BG10)*(1+$BH10))*(1+$AL10))*$P10*(1+IF(VLOOKUP($Q10,武学奇术!$A:$ZZ,30,FALSE)="蓄力技",$B$21,0))*(1+$BQ10) -> 14851.794 | P10: 1 | Q10: 拳甲轻击56 | R10: 易水歌2层 | S10: N/a | T10: N/a | U10: 近战笛 | V10: N/a | W10: N/a | X10: 沧海帖1层 | Y10: 惧刃(拐) | Z10: N/a | AA10: N/a | AB10: N/a | AC10: N/a | AD10: N/a | AE10: 无惧 | AF10: 天志增伤 | AG10: =VLOOKUP($Q10,武学奇术!$A:$ZZ,25,FALSE) -> 拳甲 | AH10: =VLOOKUP($Q10,武学奇术!$A:$ZZ,26,FALSE) -> 1.2876 | AI10: =VLOOKUP($Q10,武学奇术!$A:$ZZ,27,FALSE)*(1+IF(OR($AG10=$F$4,$AG10=$F$5),$B$22,0)) -> 501.2 | AJ10: =VLOOKUP($Q10,武学奇术!$A:$ZZ,28,FALSE) -> 1.9313 | AK10: =VLOOKUP($Q10,武学奇术!$A:$ZZ,29,FALSE)*(1+IF(OR($AG10=$F$4,$AG10=$F$5),$B$22,0)) -> 273 | AL10: {=$G$3+IFERROR(VLOOKUP($AG10,$F$4:$G$7,2,FALSE),0)+VLOOKUP($Q10,武学奇术!$A:$ZZ,2,FALSE)+SUM(_xlfn.XLOOKUP($R10:$AF10,增益!$A:$A,增益!$B:$B,0))} -> 0.3941 | AM10: {=VLOOKUP($Q10,武学奇术!$A:$ZZ,5,FALSE)+SUM(_xlfn.XLOOKUP($R10:$AF10,增益!$A:$A,增益!$E:$E,0))} -> 0 | AN10: {=$D$10*(1+$AM10)+VLOOKUP($Q10,武学奇术!$A:$ZZ,3,FALSE)+SUM(_xlfn.XLOOKUP($R10:$AF10,增益!$A:$A,增益!$C:$C,0))-$I$2} -> 3804.006 | AO10: {=$E$10*(1+$AM10)+VLOOKUP($Q10,武学奇术!$A:$ZZ,4,FALSE)+SUM(_xlfn.XLOOKUP($R10:$AF10,增益!$A:$A,增益!$D:$D,0))-$I$2} -> 3804.006 | AP10: {=IF($F$10-$I$3+VLOOKUP($Q10,武学奇术!$A:$ZZ,6,FALSE)+SUM(_xlfn.XLOOKUP(R10:AF10,增益!$A:$A,增益!$F:$F,0))>0,($F$10-$I$3+VLOOKUP($Q10,武学奇术!$A:$ZZ,6,FALSE)+SUM(_xlfn.XLOOKUP(R10:AF10,增益!$A:$A,增益!$F:$F,0)))/200,($F$10-$I$3+VLOOKUP($Q10,武学奇术!$A:$ZZ,6,FALSE)+SUM(_xlfn.XLOOKUP(R10:AF10,增益!$A:$A,增益!$F:$F,0)))/100)} -> 0.287 | AQ10: {=$G$10+VLOOKUP($Q10,武学奇术!$A:$ZZ,7,FALSE)+SUM(_xlfn.XLOOKUP(R10:AF10,增益!$A:$A,增益!$G:$G,0))} -> 0.09 | AR10: {=VLOOKUP($Q10,武学奇术!$A:$ZZ,8,FALSE)+SUM(_xlfn.XLOOKUP(R10:AF10,增益!$A:$A,增益!$H:$H,0))} -> 0 | AS10: =$D$11*(1+$AR10) -> 0 | AT10: =$E$11*(1+$AR10) -> 0 | AU10: {=IF($F$11-$I$4+VLOOKUP($Q10,武学奇术!$A:$ZZ,9,FALSE)+SUM(_xlfn.XLOOKUP(R10:AF10,增益!$A:$A,增益!$I:$I,0))>0,($F$11-$I$4+VLOOKUP($Q10,武学奇术!$A:$ZZ,9,FALSE)+SUM(_xlfn.XLOOKUP(R10:AF10,增益!$A:$A,增益!$I:$I,0)))/200,($F$11-$I$4+VLOOKUP($Q10,武学奇术!$A:$ZZ,9,FALSE)+SUM(_xlfn.XLOOKUP(R10:AF10,增益!$A:$A,增益!$I:$I,0)))/100)} -> -0.14 | AV10: {=$G$11+VLOOKUP($Q10,武学奇术!$A:$ZZ,10,FALSE)+SUM(_xlfn.XLOOKUP(R10:AF10,增益!$A:$A,增益!$J:$J,0))} -> 0 | AW10: =$D$12*(1+$AR10) -> 0 | AX10: =$E$12*(1+$AR10) -> 0 | AY10: {=IF($F$12-$I$4+VLOOKUP($Q10,武学奇术!$A:$ZZ,11,FALSE)+SUM(_xlfn.XLOOKUP(R10:AF10,增益!$A:$A,增益!$K:$K,0))>0,($F$12-$I$4+VLOOKUP($Q10,武学奇术!$A:$ZZ,11,FALSE)+SUM(_xlfn.XLOOKUP(R10:AF10,增益!$A:$A,增益!$K:$K,0)))/200,($F$12-$I$4+VLOOKUP($Q10,武学奇术!$A:$ZZ,11,FALSE)+SUM(_xlfn.XLOOKUP(R10:AF10,增益!$A:$A,增益!$K:$K,0)))/100)} -> -0.14 | AZ10: {=$G$12+VLOOKUP($Q10,武学奇术!$A:$ZZ,12,FALSE)+SUM(_xlfn.XLOOKUP(R10:AF10,增益!$A:$A,增益!$L:$L,0))} -> 0 | BA10: =$D$13*(1+$AR10) -> 0 | BB10: =$E$13*(1+$AR10) -> 0 | BC10: {=IF($F$13-$I$4+VLOOKUP($Q10,武学奇术!$A:$ZZ,13,FALSE)+SUM(_xlfn.XLOOKUP(R10:AF10,增益!$A:$A,增益!$M:$M,0))>0,($F$13-$I$4+VLOOKUP($Q10,武学奇术!$A:$ZZ,13,FALSE)+SUM(_xlfn.XLOOKUP(R10:AF10,增益!$A:$A,增益!$K:$K,0)))/200,($F$13-$I$4+VLOOKUP($Q10,武学奇术!$A:$ZZ,13,FALSE)+SUM(_xlfn.XLOOKUP(R10:AF10,增益!$A:$A,增益!$M:$M,0)))/100)} -> -0.14 | BD10: {=$G$13+VLOOKUP($Q10,武学奇术!$A:$ZZ,14,FALSE)+SUM(_xlfn.XLOOKUP(R10:AF10,增益!$A:$A,增益!$N:$N,0))} -> 0 | BE10: =$D$14*(1+$AR10) -> 570.28 | BF10: =$E$14*(1+$AR10) -> 1582.156 | BG10: {=IF($F$14-$I$4+VLOOKUP($Q10,武学奇术!$A:$ZZ,15,FALSE)+SUM(_xlfn.XLOOKUP(R10:AF10,增益!$A:$A,增益!$O:$O,0))>0,($F$14-$I$4+VLOOKUP($Q10,武学奇术!$A:$ZZ,15,FALSE)+SUM(_xlfn.XLOOKUP(R10:AF10,增益!$A:$A,增益!$O:$O,0)))/200,($F$14-$I$4+VLOOKUP($Q10,武学奇术!$A:$ZZ,15,FALSE)+SUM(_xlfn.XLOOKUP(R10:AF10,增益!$A:$A,增益!$O:$O,0)))/100)} -> 0.08 | BH10: {=$G$14+VLOOKUP($Q10,武学奇术!$A:$ZZ,16,FALSE)+SUM(_xlfn.XLOOKUP(R10:AF10,增益!$A:$A,增益!$P:$P,0))} -> 0.24 | BI10: =MIN(IF(VLOOKUP($Q10,武学奇术!$A:$ZZ,23,FALSE)=1,100%,$B$8),100%) -> 1 | BJ10: {=IF(VLOOKUP($Q10,武学奇术!$A:$ZZ,23,FALSE)=1,100%,MIN(80%,$B$9+VLOOKUP($Q10,武学奇术!$A:$ZZ,17,FALSE)+SUM(_xlfn.XLOOKUP(R10:AF10,增益!$A:$A,增益!$Q:$Q,0)))+$B$11+SUM(_xlfn.XLOOKUP(R10:AF10,增益!$A:$A,增益!$U:$U,0)))*IF(VLOOKUP($Q10,武学奇术!$A:$ZZ,24,FALSE)=1,0,1)+MIN(IF(VLOOKUP($Q10,武学奇术!$A:$ZZ,32,FALSE)=1,IF(VLOOKUP($Q10,武学奇术!$A:$ZZ,24,FALSE)=1,100%,MIN(40%,$B$10+VLOOKUP($Q10,武学奇术!$A:$ZZ,19,FALSE)+SUM(_xlfn.XLOOKUP(R10:AF10,增益!$A:$A,增益!$S:$S,0)))+$B$12+SUM(_xlfn.XLOOKUP(R10:AF10,增益!$A:$A,增益!$V:$V,0))),0),12%)} -> 0.918 | BK10: {=1+$B$13+VLOOKUP($Q10,武学奇术!$A:$ZZ,18,FALSE)+SUM(_xlfn.XLOOKUP(R10:AF10,增益!$A:$A,增益!$R:$R,0))} -> 1.55 | BL10: {=MAX(IF(VLOOKUP($Q10,武学奇术!$A:$ZZ,24,FALSE)=1,100%,MIN(40%,$B$10+VLOOKUP($Q10,武学奇术!$A:$ZZ,19,FALSE)+SUM(_xlfn.XLOOKUP(R10:AF10,增益!$A:$A,增益!$S:$S,0)))+$B$12+SUM(_xlfn.XLOOKUP(R10:AF10,增益!$A:$A,增益!$V:$V,0)))*IF(VLOOKUP($Q10,武学奇术!$A:$ZZ,23,FALSE)=1,0,1)-IF(VLOOKUP($Q10,武学奇术!$A:$ZZ,32,FALSE)=1,12%,0),0)} -> 0.0895 | BM10: {=1+$B$14+VLOOKUP($Q10,武学奇术!$A:$ZZ,20,FALSE)+SUM(_xlfn.XLOOKUP(R10:AF10,增益!$A:$A,增益!$T:$T,0))} -> 1.35 | BN10: =MIN((1-BL10)*BI10,BI10*BJ10) -> 0.9105 | BO10: =1-BL10-BN10-BP10 -> 0 | BP10: =IF(VLOOKUP($Q10,武学奇术!$A:$ZZ,22,FALSE)=1,0,(1-$BI10))*(1-$BL10) -> 0 | BQ10: {=SUM(_xlfn.XLOOKUP(R10:AF10,增益!$A:$A,增益!$W:$W,0))+$I$5} -> 0.11
A11: 直接会心率 | B11: =4.6%+IF($C$24="易水歌",4.6%,0)+IF($C$22="断石之构",4.1%,0) -> 0.133 | C11: 鸣金 | D11: =(B3+IF($G$1=$C11,$B$7,0))*IF($G$2="撼天",1.06,1) -> 0 | E11: =(MAX(B3,C3)+IF($G$1=$C11,$C$7,0))*IF($G$2="撼天",1.06,1) -> 0 | F11: =D3 -> 0 | G11: =E3 -> 0 | K11: =($L11*$BN11+$M11*$BL11+$N11*$BO11+$O11*$BP11) -> 61419.318 | L11: =((($AN11+($AO11-$AN11)*IF(VLOOKUP($Q11,武学奇术!$A:$ZZ,31,FALSE)=1,$F$18,0.5))*$AH11+$AI11)*(1+$AP11)*(1+$AQ11)+(($AS11+($AT11-$AS11)*IF(VLOOKUP($Q11,武学奇术!$A:$ZZ,31,FALSE)=1,$F$18,0.5))*IF($G$1="鸣金",$AJ11,$AH11)+IF($G$1="鸣金",$AK11*1.5,0))*(1+$AU11)*(1+$AV11)+(($AW11+($AX11-$AW11)*IF(VLOOKUP($Q11,武学奇术!$A:$ZZ,31,FALSE)=1,$F$18,0.5))*IF($G$1="裂石",$AJ11,$AH11)+IF($G$1="裂石",$AK11*1.5,0))*(1+$AY11)*(1+$AZ11)+(($BA11+($BB11-$BA11)*IF(VLOOKUP($Q11,武学奇术!$A:$ZZ,31,FALSE)=1,$F$18,0.5))*IF($G$1="牵丝",$AJ11,$AH11)+IF($G$1="牵丝",$AK11*1.5,0))*(1+$BC11)*(1+$BD11)+(($BE11+($BF11-$BE11)*IF(VLOOKUP($Q11,武学奇术!$A:$ZZ,31,FALSE)=1,$F$18,0.5))*IF($G$1="破竹",$AJ11,$AH11)+IF($G$1="破竹",$AK11*1.5,0))*(1+$BG11)*(1+$BH11))*(1+$AL11)*$BK11*$P11*(1+IF(VLOOKUP($Q11,武学奇术!$A:$ZZ,30,FALSE)="蓄力技",$B$21,0))*(1+$BQ11) -> 62374.23 | M11: =(($AO11*$AH11+$AI11)*(1+$AP11)*(1+$AQ11)+($AT11*IF($G$1="鸣金",$AJ11,$AH11)+IF($G$1="鸣金",$AK11*1.5,0))*(1+$AU11)*(1+$AV11)+($AX11*IF($G$1="裂石",$AJ11,$AH11)+IF($G$1="裂石",$AK11*1.5,0))*(1+$AY11)*(1+$AZ11)+($BB11*IF($G$1="牵丝",$AJ11,$AH11)+IF($G$1="牵丝",$AK11*1.5,0))*(1+$BC11)*(1+$BD11)+($BF11*IF($G$1="破竹",$AJ11,$AH11)+IF($G$1="破竹",$AK11*1.5,0))*(1+$BG11)*(1+$BH11))*(1+$AL11)*$BM11*$P11*(1+IF(VLOOKUP($Q11,武学奇术!$A:$ZZ,30,FALSE)="蓄力技",$B$21,0))*(1+$BQ11) -> 51704.827 | N11: =((($AN11+($AO11-$AN11)*IF(VLOOKUP($Q11,武学奇术!$A:$ZZ,31,FALSE)=1,$F$18,0.5))*$AH11+$AI11)*(1+$AP11)*(1+$AQ11)+(($AS11+($AT11-$AS11)*IF(VLOOKUP($Q11,武学奇术!$A:$ZZ,31,FALSE)=1,$F$18,0.5))*IF($G$1="鸣金",$AJ11,$AH11)+IF($G$1="鸣金",$AK11*1.5,0))*(1+$AU11)*(1+$AV11)+(($AW11+($AX11-$AW11)*IF(VLOOKUP($Q11,武学奇术!$A:$ZZ,31,FALSE)=1,$F$18,0.5))*IF($G$1="裂石",$AJ11,$AH11)+IF($G$1="裂石",$AK11*1.5,0))*(1+$AY11)*(1+$AZ11)+(($BA11+($BB11-$BA11)*IF(VLOOKUP($Q11,武学奇术!$A:$ZZ,31,FALSE)=1,$F$18,0.5))*IF($G$1="牵丝",$AJ11,$AH11)+IF($G$1="牵丝",$AK11*1.5,0))*(1+$BC11)*(1+$BD11)+(($BE11+($BF11-$BE11)*IF(VLOOKUP($Q11,武学奇术!$A:$ZZ,31,FALSE)=1,$F$18,0.5))*IF($G$1="破竹",$AJ11,$AH11)+IF($G$1="破竹",$AK11*1.5,0))*(1+$BG11)*(1+$BH11))*(1+$AL11)*$P11*(1+IF(VLOOKUP($Q11,武学奇术!$A:$ZZ,30,FALSE)="蓄力技",$B$21,0))*(1+$BQ11) -> 33715.8 | O11: =((($AN11*$AH11+$AI11)*(1+$AP11)*(1+$AQ11)+($AS11*IF($G$1="鸣金",$AJ11,$AH11)+IF($G$1="鸣金",$AK11*1.5,0))*(1+$AU11)*(1+$AV11)+($AW11*IF($G$1="裂石",$AJ11,$AH11)+IF($G$1="裂石",$AK11*1.5,0))*(1+$AY11)*(1+$AZ11)+($BA11*IF($G$1="牵丝",$AJ11,$AH11)+IF($G$1="牵丝",$AK11*1.5,0))*(1+$BC11)*(1+$BD11)+($BE11*IF($G$1="破竹",$AJ11,$AH11)+IF($G$1="破竹",$AK11*1.5,0))*(1+$BG11)*(1+$BH11))*(1+$AL11))*$P11*(1+IF(VLOOKUP($Q11,武学奇术!$A:$ZZ,30,FALSE)="蓄力技",$B$21,0))*(1+$BQ11) -> 29131.728 | P11: 1 | Q11: 鹰隼追击(拳甲) | R11: 易水歌2层 | S11: N/a | T11: N/a | U11: 近战笛 | V11: N/a | W11: N/a | X11: 沧海帖1层 | Y11: 惧刃(拐) | Z11: 三穷 | AA11: N/a | AB11: N/a | AC11: N/a | AD11: N/a | AE11: 无惧 | AF11: 天志增伤 | AG11: =VLOOKUP($Q11,武学奇术!$A:$ZZ,25,FALSE) -> 拳甲 | AH11: =VLOOKUP($Q11,武学奇术!$A:$ZZ,26,FALSE) -> 2.33376 | AI11: =VLOOKUP($Q11,武学奇术!$A:$ZZ,27,FALSE)*(1+IF(OR($AG11=$F$4,$AG11=$F$5),$B$22,0)) -> 0 | AJ11: =VLOOKUP($Q11,武学奇术!$A:$ZZ,28,FALSE) -> 3.50064 | AK11: =VLOOKUP($Q11,武学奇术!$A:$ZZ,29,FALSE)*(1+IF(OR($AG11=$F$4,$AG11=$F$5),$B$22,0)) -> 0 | AL11: {=$G$3+IFERROR(VLOOKUP($AG11,$F$4:$G$7,2,FALSE),0)+VLOOKUP($Q11,武学奇术!$A:$ZZ,2,FALSE)+SUM(_xlfn.XLOOKUP($R11:$AF11,增益!$A:$A,增益!$B:$B,0))} -> 0.6941 | AM11: {=VLOOKUP($Q11,武学奇术!$A:$ZZ,5,FALSE)+SUM(_xlfn.XLOOKUP($R11:$AF11,增益!$A:$A,增益!$E:$E,0))} -> 0 | AN11: {=$D$10*(1+$AM11)+VLOOKUP($Q11,武学奇术!$A:$ZZ,3,FALSE)+SUM(_xlfn.XLOOKUP($R11:$AF11,增益!$A:$A,增益!$C:$C,0))-$I$2} -> 3804.006 | AO11: {=$E$10*(1+$AM11)+VLOOKUP($Q11,武学奇术!$A:$ZZ,4,FALSE)+SUM(_xlfn.XLOOKUP($R11:$AF11,增益!$A:$A,增益!$D:$D,0))-$I$2} -> 3804.006 | AP11: {=IF($F$10-$I$3+VLOOKUP($Q11,武学奇术!$A:$ZZ,6,FALSE)+SUM(_xlfn.XLOOKUP(R11:AF11,增益!$A:$A,增益!$F:$F,0))>0,($F$10-$I$3+VLOOKUP($Q11,武学奇术!$A:$ZZ,6,FALSE)+SUM(_xlfn.XLOOKUP(R11:AF11,增益!$A:$A,增益!$F:$F,0)))/200,($F$10-$I$3+VLOOKUP($Q11,武学奇术!$A:$ZZ,6,FALSE)+SUM(_xlfn.XLOOKUP(R11:AF11,增益!$A:$A,增益!$F:$F,0)))/100)} -> 0.317 | AQ11: {=$G$10+VLOOKUP($Q11,武学奇术!$A:$ZZ,7,FALSE)+SUM(_xlfn.XLOOKUP(R11:AF11,增益!$A:$A,增益!$G:$G,0))} -> 0.09 | AR11: {=VLOOKUP($Q11,武学奇术!$A:$ZZ,8,FALSE)+SUM(_xlfn.XLOOKUP(R11:AF11,增益!$A:$A,增益!$H:$H,0))} -> 0 | AS11: =$D$11*(1+$AR11) -> 0 | AT11: =$E$11*(1+$AR11) -> 0 | AU11: {=IF($F$11-$I$4+VLOOKUP($Q11,武学奇术!$A:$ZZ,9,FALSE)+SUM(_xlfn.XLOOKUP(R11:AF11,增益!$A:$A,增益!$I:$I,0))>0,($F$11-$I$4+VLOOKUP($Q11,武学奇术!$A:$ZZ,9,FALSE)+SUM(_xlfn.XLOOKUP(R11:AF11,增益!$A:$A,增益!$I:$I,0)))/200,($F$11-$I$4+VLOOKUP($Q11,武学奇术!$A:$ZZ,9,FALSE)+SUM(_xlfn.XLOOKUP(R11:AF11,增益!$A:$A,增益!$I:$I,0)))/100)} -> -0.08 | AV11: {=$G$11+VLOOKUP($Q11,武学奇术!$A:$ZZ,10,FALSE)+SUM(_xlfn.XLOOKUP(R11:AF11,增益!$A:$A,增益!$J:$J,0))} -> 0 | AW11: =$D$12*(1+$AR11) -> 0 | AX11: =$E$12*(1+$AR11) -> 0 | AY11: {=IF($F$12-$I$4+VLOOKUP($Q11,武学奇术!$A:$ZZ,11,FALSE)+SUM(_xlfn.XLOOKUP(R11:AF11,增益!$A:$A,增益!$K:$K,0))>0,($F$12-$I$4+VLOOKUP($Q11,武学奇术!$A:$ZZ,11,FALSE)+SUM(_xlfn.XLOOKUP(R11:AF11,增益!$A:$A,增益!$K:$K,0)))/200,($F$12-$I$4+VLOOKUP($Q11,武学奇术!$A:$ZZ,11,FALSE)+SUM(_xlfn.XLOOKUP(R11:AF11,增益!$A:$A,增益!$K:$K,0)))/100)} -> -0.08 | AZ11: {=$G$12+VLOOKUP($Q11,武学奇术!$A:$ZZ,12,FALSE)+SUM(_xlfn.XLOOKUP(R11:AF11,增益!$A:$A,增益!$L:$L,0))} -> 0 | BA11: =$D$13*(1+$AR11) -> 0 | BB11: =$E$13*(1+$AR11) -> 0 | BC11: {=IF($F$13-$I$4+VLOOKUP($Q11,武学奇术!$A:$ZZ,13,FALSE)+SUM(_xlfn.XLOOKUP(R11:AF11,增益!$A:$A,增益!$M:$M,0))>0,($F$13-$I$4+VLOOKUP($Q11,武学奇术!$A:$ZZ,13,FALSE)+SUM(_xlfn.XLOOKUP(R11:AF11,增益!$A:$A,增益!$K:$K,0)))/200,($F$13-$I$4+VLOOKUP($Q11,武学奇术!$A:$ZZ,13,FALSE)+SUM(_xlfn.XLOOKUP(R11:AF11,增益!$A:$A,增益!$M:$M,0)))/100)} -> -0.08 | BD11: {=$G$13+VLOOKUP($Q11,武学奇术!$A:$ZZ,14,FALSE)+SUM(_xlfn.XLOOKUP(R11:AF11,增益!$A:$A,增益!$N:$N,0))} -> 0 | BE11: =$D$14*(1+$AR11) -> 570.28 | BF11: =$E$14*(1+$AR11) -> 1582.156 | BG11: {=IF($F$14-$I$4+VLOOKUP($Q11,武学奇术!$A:$ZZ,15,FALSE)+SUM(_xlfn.XLOOKUP(R11:AF11,增益!$A:$A,增益!$O:$O,0))>0,($F$14-$I$4+VLOOKUP($Q11,武学奇术!$A:$ZZ,15,FALSE)+SUM(_xlfn.XLOOKUP(R11:AF11,增益!$A:$A,增益!$O:$O,0)))/200,($F$14-$I$4+VLOOKUP($Q11,武学奇术!$A:$ZZ,15,FALSE)+SUM(_xlfn.XLOOKUP(R11:AF11,增益!$A:$A,增益!$O:$O,0)))/100)} -> 0.11 | BH11: {=$G$14+VLOOKUP($Q11,武学奇术!$A:$ZZ,16,FALSE)+SUM(_xlfn.XLOOKUP(R11:AF11,增益!$A:$A,增益!$P:$P,0))} -> 0.24 | BI11: =MIN(IF(VLOOKUP($Q11,武学奇术!$A:$ZZ,23,FALSE)=1,100%,$B$8),100%) -> 1 | BJ11: {=IF(VLOOKUP($Q11,武学奇术!$A:$ZZ,23,FALSE)=1,100%,MIN(80%,$B$9+VLOOKUP($Q11,武学奇术!$A:$ZZ,17,FALSE)+SUM(_xlfn.XLOOKUP(R11:AF11,增益!$A:$A,增益!$Q:$Q,0)))+$B$11+SUM(_xlfn.XLOOKUP(R11:AF11,增益!$A:$A,增益!$U:$U,0)))*IF(VLOOKUP($Q11,武学奇术!$A:$ZZ,24,FALSE)=1,0,1)+MIN(IF(VLOOKUP($Q11,武学奇术!$A:$ZZ,32,FALSE)=1,IF(VLOOKUP($Q11,武学奇术!$A:$ZZ,24,FALSE)=1,100%,MIN(40%,$B$10+VLOOKUP($Q11,武学奇术!$A:$ZZ,19,FALSE)+SUM(_xlfn.XLOOKUP(R11:AF11,增益!$A:$A,增益!$S:$S,0)))+$B$12+SUM(_xlfn.XLOOKUP(R11:AF11,增益!$A:$A,增益!$V:$V,0))),0),12%)} -> 0.918 | BK11: {=1+$B$13+VLOOKUP($Q11,武学奇术!$A:$ZZ,18,FALSE)+SUM(_xlfn.XLOOKUP(R11:AF11,增益!$A:$A,增益!$R:$R,0))} -> 1.85 | BL11: {=MAX(IF(VLOOKUP($Q11,武学奇术!$A:$ZZ,24,FALSE)=1,100%,MIN(40%,$B$10+VLOOKUP($Q11,武学奇术!$A:$ZZ,19,FALSE)+SUM(_xlfn.XLOOKUP(R11:AF11,增益!$A:$A,增益!$S:$S,0)))+$B$12+SUM(_xlfn.XLOOKUP(R11:AF11,增益!$A:$A,增益!$V:$V,0)))*IF(VLOOKUP($Q11,武学奇术!$A:$ZZ,23,FALSE)=1,0,1)-IF(VLOOKUP($Q11,武学奇术!$A:$ZZ,32,FALSE)=1,12%,0),0)} -> 0.0895 | BM11: {=1+$B$14+VLOOKUP($Q11,武学奇术!$A:$ZZ,20,FALSE)+SUM(_xlfn.XLOOKUP(R11:AF11,增益!$A:$A,增益!$T:$T,0))} -> 1.35 | BN11: =MIN((1-BL11)*BI11,BI11*BJ11) -> 0.9105 | BO11: =1-BL11-BN11-BP11 -> 0 | BP11: =IF(VLOOKUP($Q11,武学奇术!$A:$ZZ,22,FALSE)=1,0,(1-$BI11))*(1-$BL11) -> 0 | BQ11: {=SUM(_xlfn.XLOOKUP(R11:AF11,增益!$A:$A,增益!$W:$W,0))+$I$5} -> 0.11
A12: 直接会意率 | B12: 0 | C12: 裂石 | D12: =(B4+IF($G$1=$C12,$B$7,0))*IF($G$2="撼天",1.06,1) -> 0 | E12: =(MAX(B4,C4)+IF($G$1=$C12,$C$7,0))*IF($G$2="撼天",1.06,1) -> 0 | F12: =D4 -> 0 | G12: =E4 -> 0 | H12: ADPS | I12: =I10/I8 -> 127284.15 | K12: =($L12*$BN12+$M12*$BL12+$N12*$BO12+$O12*$BP12) -> 49753.376 | L12: =((($AN12+($AO12-$AN12)*IF(VLOOKUP($Q12,武学奇术!$A:$ZZ,31,FALSE)=1,$F$18,0.5))*$AH12+$AI12)*(1+$AP12)*(1+$AQ12)+(($AS12+($AT12-$AS12)*IF(VLOOKUP($Q12,武学奇术!$A:$ZZ,31,FALSE)=1,$F$18,0.5))*IF($G$1="鸣金",$AJ12,$AH12)+IF($G$1="鸣金",$AK12*1.5,0))*(1+$AU12)*(1+$AV12)+(($AW12+($AX12-$AW12)*IF(VLOOKUP($Q12,武学奇术!$A:$ZZ,31,FALSE)=1,$F$18,0.5))*IF($G$1="裂石",$AJ12,$AH12)+IF($G$1="裂石",$AK12*1.5,0))*(1+$AY12)*(1+$AZ12)+(($BA12+($BB12-$BA12)*IF(VLOOKUP($Q12,武学奇术!$A:$ZZ,31,FALSE)=1,$F$18,0.5))*IF($G$1="牵丝",$AJ12,$AH12)+IF($G$1="牵丝",$AK12*1.5,0))*(1+$BC12)*(1+$BD12)+(($BE12+($BF12-$BE12)*IF(VLOOKUP($Q12,武学奇术!$A:$ZZ,31,FALSE)=1,$F$18,0.5))*IF($G$1="破竹",$AJ12,$AH12)+IF($G$1="破竹",$AK12*1.5,0))*(1+$BG12)*(1+$BH12))*(1+$AL12)*$BK12*$P12*(1+IF(VLOOKUP($Q12,武学奇术!$A:$ZZ,30,FALSE)="蓄力技",$B$21,0))*(1+$BQ12) -> 49890.37 | M12: =(($AO12*$AH12+$AI12)*(1+$AP12)*(1+$AQ12)+($AT12*IF($G$1="鸣金",$AJ12,$AH12)+IF($G$1="鸣金",$AK12*1.5,0))*(1+$AU12)*(1+$AV12)+($AX12*IF($G$1="裂石",$AJ12,$AH12)+IF($G$1="裂石",$AK12*1.5,0))*(1+$AY12)*(1+$AZ12)+($BB12*IF($G$1="牵丝",$AJ12,$AH12)+IF($G$1="牵丝",$AK12*1.5,0))*(1+$BC12)*(1+$BD12)+($BF12*IF($G$1="破竹",$AJ12,$AH12)+IF($G$1="破竹",$AK12*1.5,0))*(1+$BG12)*(1+$BH12))*(1+$AL12)*$BM12*$P12*(1+IF(VLOOKUP($Q12,武学奇术!$A:$ZZ,30,FALSE)="蓄力技",$B$21,0))*(1+$BQ12) -> 48359.705 | N12: =((($AN12+($AO12-$AN12)*IF(VLOOKUP($Q12,武学奇术!$A:$ZZ,31,FALSE)=1,$F$18,0.5))*$AH12+$AI12)*(1+$AP12)*(1+$AQ12)+(($AS12+($AT12-$AS12)*IF(VLOOKUP($Q12,武学奇术!$A:$ZZ,31,FALSE)=1,$F$18,0.5))*IF($G$1="鸣金",$AJ12,$AH12)+IF($G$1="鸣金",$AK12*1.5,0))*(1+$AU12)*(1+$AV12)+(($AW12+($AX12-$AW12)*IF(VLOOKUP($Q12,武学奇术!$A:$ZZ,31,FALSE)=1,$F$18,0.5))*IF($G$1="裂石",$AJ12,$AH12)+IF($G$1="裂石",$AK12*1.5,0))*(1+$AY12)*(1+$AZ12)+(($BA12+($BB12-$BA12)*IF(VLOOKUP($Q12,武学奇术!$A:$ZZ,31,FALSE)=1,$F$18,0.5))*IF($G$1="牵丝",$AJ12,$AH12)+IF($G$1="牵丝",$AK12*1.5,0))*(1+$BC12)*(1+$BD12)+(($BE12+($BF12-$BE12)*IF(VLOOKUP($Q12,武学奇术!$A:$ZZ,31,FALSE)=1,$F$18,0.5))*IF($G$1="破竹",$AJ12,$AH12)+IF($G$1="破竹",$AK12*1.5,0))*(1+$BG12)*(1+$BH12))*(1+$AL12)*$P12*(1+IF(VLOOKUP($Q12,武学奇术!$A:$ZZ,30,FALSE)="蓄力技",$B$21,0))*(1+$BQ12) -> 31981.007 | O12: =((($AN12*$AH12+$AI12)*(1+$AP12)*(1+$AQ12)+($AS12*IF($G$1="鸣金",$AJ12,$AH12)+IF($G$1="鸣金",$AK12*1.5,0))*(1+$AU12)*(1+$AV12)+($AW12*IF($G$1="裂石",$AJ12,$AH12)+IF($G$1="裂石",$AK12*1.5,0))*(1+$AY12)*(1+$AZ12)+($BA12*IF($G$1="牵丝",$AJ12,$AH12)+IF($G$1="牵丝",$AK12*1.5,0))*(1+$BC12)*(1+$BD12)+($BE12*IF($G$1="破竹",$AJ12,$AH12)+IF($G$1="破竹",$AK12*1.5,0))*(1+$BG12)*(1+$BH12))*(1+$AL12))*$P12*(1+IF(VLOOKUP($Q12,武学奇术!$A:$ZZ,30,FALSE)="蓄力技",$B$21,0))*(1+$BQ12) -> 28140.009 | P12: 1 | Q12: 拳甲～ | R12: 易水歌2层 | S12: N/a | T12: N/a | U12: 近战笛 | V12: N/a | W12: N/a | X12: 沧海帖2层 | Y12: 惧刃(拐) | Z12: N/a | AA12: N/a | AB12: N/a | AC12: N/a | AD12: N/a | AE12: 无惧 | AF12: 天志增伤 | AG12: =VLOOKUP($Q12,武学奇术!$A:$ZZ,25,FALSE) -> 拳甲 | AH12: =VLOOKUP($Q12,武学奇术!$A:$ZZ,26,FALSE) -> 2.4421 | AI12: =VLOOKUP($Q12,武学奇术!$A:$ZZ,27,FALSE)*(1+IF(OR($AG12=$F$4,$AG12=$F$5),$B$22,0)) -> 945 | AJ12: =VLOOKUP($Q12,武学奇术!$A:$ZZ,28,FALSE) -> 3.6634 | AK12: =VLOOKUP($Q12,武学奇术!$A:$ZZ,29,FALSE)*(1+IF(OR($AG12=$F$4,$AG12=$F$5),$B$22,0)) -> 512.4 | AL12: {=$G$3+IFERROR(VLOOKUP($AG12,$F$4:$G$7,2,FALSE),0)+VLOOKUP($Q12,武学奇术!$A:$ZZ,2,FALSE)+SUM(_xlfn.XLOOKUP($R12:$AF12,增益!$A:$A,增益!$B:$B,0))} -> 0.3941 | AM12: {=VLOOKUP($Q12,武学奇术!$A:$ZZ,5,FALSE)+SUM(_xlfn.XLOOKUP($R12:$AF12,增益!$A:$A,增益!$E:$E,0))} -> 0 | AN12: {=$D$10*(1+$AM12)+VLOOKUP($Q12,武学奇术!$A:$ZZ,3,FALSE)+SUM(_xlfn.XLOOKUP($R12:$AF12,增益!$A:$A,增益!$C:$C,0))-$I$2} -> 3804.006 | AO12: {=$E$10*(1+$AM12)+VLOOKUP($Q12,武学奇术!$A:$ZZ,4,FALSE)+SUM(_xlfn.XLOOKUP($R12:$AF12,增益!$A:$A,增益!$D:$D,0))-$I$2} -> 3804.006 | AP12: {=IF($F$10-$I$3+VLOOKUP($Q12,武学奇术!$A:$ZZ,6,FALSE)+SUM(_xlfn.XLOOKUP(R12:AF12,增益!$A:$A,增益!$F:$F,0))>0,($F$10-$I$3+VLOOKUP($Q12,武学奇术!$A:$ZZ,6,FALSE)+SUM(_xlfn.XLOOKUP(R12:AF12,增益!$A:$A,增益!$F:$F,0)))/200,($F$10-$I$3+VLOOKUP($Q12,武学奇术!$A:$ZZ,6,FALSE)+SUM(_xlfn.XLOOKUP(R12:AF12,增益!$A:$A,增益!$F:$F,0)))/100)} -> 0.287 | AQ12: {=$G$10+VLOOKUP($Q12,武学奇术!$A:$ZZ,7,FALSE)+SUM(_xlfn.XLOOKUP(R12:AF12,增益!$A:$A,增益!$G:$G,0))} -> 0.09 | AR12: {=VLOOKUP($Q12,武学奇术!$A:$ZZ,8,FALSE)+SUM(_xlfn.XLOOKUP(R12:AF12,增益!$A:$A,增益!$H:$H,0))} -> 0 | AS12: =$D$11*(1+$AR12) -> 0 | AT12: =$E$11*(1+$AR12) -> 0 | AU12: {=IF($F$11-$I$4+VLOOKUP($Q12,武学奇术!$A:$ZZ,9,FALSE)+SUM(_xlfn.XLOOKUP(R12:AF12,增益!$A:$A,增益!$I:$I,0))>0,($F$11-$I$4+VLOOKUP($Q12,武学奇术!$A:$ZZ,9,FALSE)+SUM(_xlfn.XLOOKUP(R12:AF12,增益!$A:$A,增益!$I:$I,0)))/200,($F$11-$I$4+VLOOKUP($Q12,武学奇术!$A:$ZZ,9,FALSE)+SUM(_xlfn.XLOOKUP(R12:AF12,增益!$A:$A,增益!$I:$I,0)))/100)} -> -0.14 | AV12: {=$G$11+VLOOKUP($Q12,武学奇术!$A:$ZZ,10,FALSE)+SUM(_xlfn.XLOOKUP(R12:AF12,增益!$A:$A,增益!$J:$J,0))} -> 0 | AW12: =$D$12*(1+$AR12) -> 0 | AX12: =$E$12*(1+$AR12) -> 0 | AY12: {=IF($F$12-$I$4+VLOOKUP($Q12,武学奇术!$A:$ZZ,11,FALSE)+SUM(_xlfn.XLOOKUP(R12:AF12,增益!$A:$A,增益!$K:$K,0))>0,($F$12-$I$4+VLOOKUP($Q12,武学奇术!$A:$ZZ,11,FALSE)+SUM(_xlfn.XLOOKUP(R12:AF12,增益!$A:$A,增益!$K:$K,0)))/200,($F$12-$I$4+VLOOKUP($Q12,武学奇术!$A:$ZZ,11,FALSE)+SUM(_xlfn.XLOOKUP(R12:AF12,增益!$A:$A,增益!$K:$K,0)))/100)} -> -0.14 | AZ12: {=$G$12+VLOOKUP($Q12,武学奇术!$A:$ZZ,12,FALSE)+SUM(_xlfn.XLOOKUP(R12:AF12,增益!$A:$A,增益!$L:$L,0))} -> 0 | BA12: =$D$13*(1+$AR12) -> 0 | BB12: =$E$13*(1+$AR12) -> 0 | BC12: {=IF($F$13-$I$4+VLOOKUP($Q12,武学奇术!$A:$ZZ,13,FALSE)+SUM(_xlfn.XLOOKUP(R12:AF12,增益!$A:$A,增益!$M:$M,0))>0,($F$13-$I$4+VLOOKUP($Q12,武学奇术!$A:$ZZ,13,FALSE)+SUM(_xlfn.XLOOKUP(R12:AF12,增益!$A:$A,增益!$K:$K,0)))/200,($F$13-$I$4+VLOOKUP($Q12,武学奇术!$A:$ZZ,13,FALSE)+SUM(_xlfn.XLOOKUP(R12:AF12,增益!$A:$A,增益!$M:$M,0)))/100)} -> -0.14 | BD12: {=$G$13+VLOOKUP($Q12,武学奇术!$A:$ZZ,14,FALSE)+SUM(_xlfn.XLOOKUP(R12:AF12,增益!$A:$A,增益!$N:$N,0))} -> 0 | BE12: =$D$14*(1+$AR12) -> 570.28 | BF12: =$E$14*(1+$AR12) -> 1582.156 | BG12: {=IF($F$14-$I$4+VLOOKUP($Q12,武学奇术!$A:$ZZ,15,FALSE)+SUM(_xlfn.XLOOKUP(R12:AF12,增益!$A:$A,增益!$O:$O,0))>0,($F$14-$I$4+VLOOKUP($Q12,武学奇术!$A:$ZZ,15,FALSE)+SUM(_xlfn.XLOOKUP(R12:AF12,增益!$A:$A,增益!$O:$O,0)))/200,($F$14-$I$4+VLOOKUP($Q12,武学奇术!$A:$ZZ,15,FALSE)+SUM(_xlfn.XLOOKUP(R12:AF12,增益!$A:$A,增益!$O:$O,0)))/100)} -> 0.08 | BH12: {=$G$14+VLOOKUP($Q12,武学奇术!$A:$ZZ,16,FALSE)+SUM(_xlfn.XLOOKUP(R12:AF12,增益!$A:$A,增益!$P:$P,0))} -> 0.24 | BI12: =MIN(IF(VLOOKUP($Q12,武学奇术!$A:$ZZ,23,FALSE)=1,100%,$B$8),100%) -> 1 | BJ12: {=IF(VLOOKUP($Q12,武学奇术!$A:$ZZ,23,FALSE)=1,100%,MIN(80%,$B$9+VLOOKUP($Q12,武学奇术!$A:$ZZ,17,FALSE)+SUM(_xlfn.XLOOKUP(R12:AF12,增益!$A:$A,增益!$Q:$Q,0)))+$B$11+SUM(_xlfn.XLOOKUP(R12:AF12,增益!$A:$A,增益!$U:$U,0)))*IF(VLOOKUP($Q12,武学奇术!$A:$ZZ,24,FALSE)=1,0,1)+MIN(IF(VLOOKUP($Q12,武学奇术!$A:$ZZ,32,FALSE)=1,IF(VLOOKUP($Q12,武学奇术!$A:$ZZ,24,FALSE)=1,100%,MIN(40%,$B$10+VLOOKUP($Q12,武学奇术!$A:$ZZ,19,FALSE)+SUM(_xlfn.XLOOKUP(R12:AF12,增益!$A:$A,增益!$S:$S,0)))+$B$12+SUM(_xlfn.XLOOKUP(R12:AF12,增益!$A:$A,增益!$V:$V,0))),0),12%)} -> 0.918 | BK12: {=1+$B$13+VLOOKUP($Q12,武学奇术!$A:$ZZ,18,FALSE)+SUM(_xlfn.XLOOKUP(R12:AF12,增益!$A:$A,增益!$R:$R,0))} -> 1.56 | BL12: {=MAX(IF(VLOOKUP($Q12,武学奇术!$A:$ZZ,24,FALSE)=1,100%,MIN(40%,$B$10+VLOOKUP($Q12,武学奇术!$A:$ZZ,19,FALSE)+SUM(_xlfn.XLOOKUP(R12:AF12,增益!$A:$A,增益!$S:$S,0)))+$B$12+SUM(_xlfn.XLOOKUP(R12:AF12,增益!$A:$A,增益!$V:$V,0)))*IF(VLOOKUP($Q12,武学奇术!$A:$ZZ,23,FALSE)=1,0,1)-IF(VLOOKUP($Q12,武学奇术!$A:$ZZ,32,FALSE)=1,12%,0),0)} -> 0.0895 | BM12: {=1+$B$14+VLOOKUP($Q12,武学奇术!$A:$ZZ,20,FALSE)+SUM(_xlfn.XLOOKUP(R12:AF12,增益!$A:$A,增益!$T:$T,0))} -> 1.35 | BN12: =MIN((1-BL12)*BI12,BI12*BJ12) -> 0.9105 | BO12: =1-BL12-BN12-BP12 -> 0 | BP12: =IF(VLOOKUP($Q12,武学奇术!$A:$ZZ,22,FALSE)=1,0,(1-$BI12))*(1-$BL12) -> 0 | BQ12: {=SUM(_xlfn.XLOOKUP(R12:AF12,增益!$A:$A,增益!$W:$W,0))+$I$5} -> 0.11
A13: 会心伤害加成 | B13: 0.54 | C13: 牵丝 | D13: =(B5+IF($G$1=$C13,$B$7,0))*IF($G$2="撼天",1.06,1) -> 0 | E13: =(MAX(B5,C5)+IF($G$1=$C13,$C$7,0))*IF($G$2="撼天",1.06,1) -> 0 | F13: =D5 -> 0 | G13: =E5 -> 0 | K13: =($L13*$BN13+$M13*$BL13+$N13*$BO13+$O13*$BP13) -> 26584.844 | L13: =((($AN13+($AO13-$AN13)*IF(VLOOKUP($Q13,武学奇术!$A:$ZZ,31,FALSE)=1,$F$18,0.5))*$AH13+$AI13)*(1+$AP13)*(1+$AQ13)+(($AS13+($AT13-$AS13)*IF(VLOOKUP($Q13,武学奇术!$A:$ZZ,31,FALSE)=1,$F$18,0.5))*IF($G$1="鸣金",$AJ13,$AH13)+IF($G$1="鸣金",$AK13*1.5,0))*(1+$AU13)*(1+$AV13)+(($AW13+($AX13-$AW13)*IF(VLOOKUP($Q13,武学奇术!$A:$ZZ,31,FALSE)=1,$F$18,0.5))*IF($G$1="裂石",$AJ13,$AH13)+IF($G$1="裂石",$AK13*1.5,0))*(1+$AY13)*(1+$AZ13)+(($BA13+($BB13-$BA13)*IF(VLOOKUP($Q13,武学奇术!$A:$ZZ,31,FALSE)=1,$F$18,0.5))*IF($G$1="牵丝",$AJ13,$AH13)+IF($G$1="牵丝",$AK13*1.5,0))*(1+$BC13)*(1+$BD13)+(($BE13+($BF13-$BE13)*IF(VLOOKUP($Q13,武学奇术!$A:$ZZ,31,FALSE)=1,$F$18,0.5))*IF($G$1="破竹",$AJ13,$AH13)+IF($G$1="破竹",$AK13*1.5,0))*(1+$BG13)*(1+$BH13))*(1+$AL13)*$BK13*$P13*(1+IF(VLOOKUP($Q13,武学奇术!$A:$ZZ,30,FALSE)="蓄力技",$B$21,0))*(1+$BQ13) -> 26659.624 | M13: =(($AO13*$AH13+$AI13)*(1+$AP13)*(1+$AQ13)+($AT13*IF($G$1="鸣金",$AJ13,$AH13)+IF($G$1="鸣金",$AK13*1.5,0))*(1+$AU13)*(1+$AV13)+($AX13*IF($G$1="裂石",$AJ13,$AH13)+IF($G$1="裂石",$AK13*1.5,0))*(1+$AY13)*(1+$AZ13)+($BB13*IF($G$1="牵丝",$AJ13,$AH13)+IF($G$1="牵丝",$AK13*1.5,0))*(1+$BC13)*(1+$BD13)+($BF13*IF($G$1="破竹",$AJ13,$AH13)+IF($G$1="破竹",$AK13*1.5,0))*(1+$BG13)*(1+$BH13))*(1+$AL13)*$BM13*$P13*(1+IF(VLOOKUP($Q13,武学奇术!$A:$ZZ,30,FALSE)="蓄力技",$B$21,0))*(1+$BQ13) -> 25824.089 | N13: =((($AN13+($AO13-$AN13)*IF(VLOOKUP($Q13,武学奇术!$A:$ZZ,31,FALSE)=1,$F$18,0.5))*$AH13+$AI13)*(1+$AP13)*(1+$AQ13)+(($AS13+($AT13-$AS13)*IF(VLOOKUP($Q13,武学奇术!$A:$ZZ,31,FALSE)=1,$F$18,0.5))*IF($G$1="鸣金",$AJ13,$AH13)+IF($G$1="鸣金",$AK13*1.5,0))*(1+$AU13)*(1+$AV13)+(($AW13+($AX13-$AW13)*IF(VLOOKUP($Q13,武学奇术!$A:$ZZ,31,FALSE)=1,$F$18,0.5))*IF($G$1="裂石",$AJ13,$AH13)+IF($G$1="裂石",$AK13*1.5,0))*(1+$AY13)*(1+$AZ13)+(($BA13+($BB13-$BA13)*IF(VLOOKUP($Q13,武学奇术!$A:$ZZ,31,FALSE)=1,$F$18,0.5))*IF($G$1="牵丝",$AJ13,$AH13)+IF($G$1="牵丝",$AK13*1.5,0))*(1+$BC13)*(1+$BD13)+(($BE13+($BF13-$BE13)*IF(VLOOKUP($Q13,武学奇术!$A:$ZZ,31,FALSE)=1,$F$18,0.5))*IF($G$1="破竹",$AJ13,$AH13)+IF($G$1="破竹",$AK13*1.5,0))*(1+$BG13)*(1+$BH13))*(1+$AL13)*$P13*(1+IF(VLOOKUP($Q13,武学奇术!$A:$ZZ,30,FALSE)="蓄力技",$B$21,0))*(1+$BQ13) -> 17089.503 | O13: =((($AN13*$AH13+$AI13)*(1+$AP13)*(1+$AQ13)+($AS13*IF($G$1="鸣金",$AJ13,$AH13)+IF($G$1="鸣金",$AK13*1.5,0))*(1+$AU13)*(1+$AV13)+($AW13*IF($G$1="裂石",$AJ13,$AH13)+IF($G$1="裂石",$AK13*1.5,0))*(1+$AY13)*(1+$AZ13)+($BA13*IF($G$1="牵丝",$AJ13,$AH13)+IF($G$1="牵丝",$AK13*1.5,0))*(1+$BC13)*(1+$BD13)+($BE13*IF($G$1="破竹",$AJ13,$AH13)+IF($G$1="破竹",$AK13*1.5,0))*(1+$BG13)*(1+$BH13))*(1+$AL13))*$P13*(1+IF(VLOOKUP($Q13,武学奇术!$A:$ZZ,30,FALSE)="蓄力技",$B$21,0))*(1+$BQ13) -> 15050.051 | P13: 1 | Q13: 拳甲轻击56 | R13: 易水歌3层 | S13: N/a | T13: N/a | U13: 近战笛 | V13: N/a | W13: N/a | X13: 沧海帖2层 | Y13: 惧刃(拐) | Z13: N/a | AA13: N/a | AB13: N/a | AC13: N/a | AD13: N/a | AE13: 无惧 | AF13: 天志增伤 | AG13: =VLOOKUP($Q13,武学奇术!$A:$ZZ,25,FALSE) -> 拳甲 | AH13: =VLOOKUP($Q13,武学奇术!$A:$ZZ,26,FALSE) -> 1.2876 | AI13: =VLOOKUP($Q13,武学奇术!$A:$ZZ,27,FALSE)*(1+IF(OR($AG13=$F$4,$AG13=$F$5),$B$22,0)) -> 501.2 | AJ13: =VLOOKUP($Q13,武学奇术!$A:$ZZ,28,FALSE) -> 1.9313 | AK13: =VLOOKUP($Q13,武学奇术!$A:$ZZ,29,FALSE)*(1+IF(OR($AG13=$F$4,$AG13=$F$5),$B$22,0)) -> 273 | AL13: {=$G$3+IFERROR(VLOOKUP($AG13,$F$4:$G$7,2,FALSE),0)+VLOOKUP($Q13,武学奇术!$A:$ZZ,2,FALSE)+SUM(_xlfn.XLOOKUP($R13:$AF13,增益!$A:$A,增益!$B:$B,0))} -> 0.4041 | AM13: {=VLOOKUP($Q13,武学奇术!$A:$ZZ,5,FALSE)+SUM(_xlfn.XLOOKUP($R13:$AF13,增益!$A:$A,增益!$E:$E,0))} -> 0 | AN13: {=$D$10*(1+$AM13)+VLOOKUP($Q13,武学奇术!$A:$ZZ,3,FALSE)+SUM(_xlfn.XLOOKUP($R13:$AF13,增益!$A:$A,增益!$C:$C,0))-$I$2} -> 3804.006 | AO13: {=$E$10*(1+$AM13)+VLOOKUP($Q13,武学奇术!$A:$ZZ,4,FALSE)+SUM(_xlfn.XLOOKUP($R13:$AF13,增益!$A:$A,增益!$D:$D,0))-$I$2} -> 3804.006 | AP13: {=IF($F$10-$I$3+VLOOKUP($Q13,武学奇术!$A:$ZZ,6,FALSE)+SUM(_xlfn.XLOOKUP(R13:AF13,增益!$A:$A,增益!$F:$F,0))>0,($F$10-$I$3+VLOOKUP($Q13,武学奇术!$A:$ZZ,6,FALSE)+SUM(_xlfn.XLOOKUP(R13:AF13,增益!$A:$A,增益!$F:$F,0)))/200,($F$10-$I$3+VLOOKUP($Q13,武学奇术!$A:$ZZ,6,FALSE)+SUM(_xlfn.XLOOKUP(R13:AF13,增益!$A:$A,增益!$F:$F,0)))/100)} -> 0.297 | AQ13: {=$G$10+VLOOKUP($Q13,武学奇术!$A:$ZZ,7,FALSE)+SUM(_xlfn.XLOOKUP(R13:AF13,增益!$A:$A,增益!$G:$G,0))} -> 0.09 | AR13: {=VLOOKUP($Q13,武学奇术!$A:$ZZ,8,FALSE)+SUM(_xlfn.XLOOKUP(R13:AF13,增益!$A:$A,增益!$H:$H,0))} -> 0 | AS13: =$D$11*(1+$AR13) -> 0 | AT13: =$E$11*(1+$AR13) -> 0 | AU13: {=IF($F$11-$I$4+VLOOKUP($Q13,武学奇术!$A:$ZZ,9,FALSE)+SUM(_xlfn.XLOOKUP(R13:AF13,增益!$A:$A,增益!$I:$I,0))>0,($F$11-$I$4+VLOOKUP($Q13,武学奇术!$A:$ZZ,9,FALSE)+SUM(_xlfn.XLOOKUP(R13:AF13,增益!$A:$A,增益!$I:$I,0)))/200,($F$11-$I$4+VLOOKUP($Q13,武学奇术!$A:$ZZ,9,FALSE)+SUM(_xlfn.XLOOKUP(R13:AF13,增益!$A:$A,增益!$I:$I,0)))/100)} -> -0.14 | AV13: {=$G$11+VLOOKUP($Q13,武学奇术!$A:$ZZ,10,FALSE)+SUM(_xlfn.XLOOKUP(R13:AF13,增益!$A:$A,增益!$J:$J,0))} -> 0 | AW13: =$D$12*(1+$AR13) -> 0 | AX13: =$E$12*(1+$AR13) -> 0 | AY13: {=IF($F$12-$I$4+VLOOKUP($Q13,武学奇术!$A:$ZZ,11,FALSE)+SUM(_xlfn.XLOOKUP(R13:AF13,增益!$A:$A,增益!$K:$K,0))>0,($F$12-$I$4+VLOOKUP($Q13,武学奇术!$A:$ZZ,11,FALSE)+SUM(_xlfn.XLOOKUP(R13:AF13,增益!$A:$A,增益!$K:$K,0)))/200,($F$12-$I$4+VLOOKUP($Q13,武学奇术!$A:$ZZ,11,FALSE)+SUM(_xlfn.XLOOKUP(R13:AF13,增益!$A:$A,增益!$K:$K,0)))/100)} -> -0.14 | AZ13: {=$G$12+VLOOKUP($Q13,武学奇术!$A:$ZZ,12,FALSE)+SUM(_xlfn.XLOOKUP(R13:AF13,增益!$A:$A,增益!$L:$L,0))} -> 0 | BA13: =$D$13*(1+$AR13) -> 0 | BB13: =$E$13*(1+$AR13) -> 0 | BC13: {=IF($F$13-$I$4+VLOOKUP($Q13,武学奇术!$A:$ZZ,13,FALSE)+SUM(_xlfn.XLOOKUP(R13:AF13,增益!$A:$A,增益!$M:$M,0))>0,($F$13-$I$4+VLOOKUP($Q13,武学奇术!$A:$ZZ,13,FALSE)+SUM(_xlfn.XLOOKUP(R13:AF13,增益!$A:$A,增益!$K:$K,0)))/200,($F$13-$I$4+VLOOKUP($Q13,武学奇术!$A:$ZZ,13,FALSE)+SUM(_xlfn.XLOOKUP(R13:AF13,增益!$A:$A,增益!$M:$M,0)))/100)} -> -0.14 | BD13: {=$G$13+VLOOKUP($Q13,武学奇术!$A:$ZZ,14,FALSE)+SUM(_xlfn.XLOOKUP(R13:AF13,增益!$A:$A,增益!$N:$N,0))} -> 0 | BE13: =$D$14*(1+$AR13) -> 570.28 | BF13: =$E$14*(1+$AR13) -> 1582.156 | BG13: {=IF($F$14-$I$4+VLOOKUP($Q13,武学奇术!$A:$ZZ,15,FALSE)+SUM(_xlfn.XLOOKUP(R13:AF13,增益!$A:$A,增益!$O:$O,0))>0,($F$14-$I$4+VLOOKUP($Q13,武学奇术!$A:$ZZ,15,FALSE)+SUM(_xlfn.XLOOKUP(R13:AF13,增益!$A:$A,增益!$O:$O,0)))/200,($F$14-$I$4+VLOOKUP($Q13,武学奇术!$A:$ZZ,15,FALSE)+SUM(_xlfn.XLOOKUP(R13:AF13,增益!$A:$A,增益!$O:$O,0)))/100)} -> 0.08 | BH13: {=$G$14+VLOOKUP($Q13,武学奇术!$A:$ZZ,16,FALSE)+SUM(_xlfn.XLOOKUP(R13:AF13,增益!$A:$A,增益!$P:$P,0))} -> 0.24 | BI13: =MIN(IF(VLOOKUP($Q13,武学奇术!$A:$ZZ,23,FALSE)=1,100%,$B$8),100%) -> 1 | BJ13: {=IF(VLOOKUP($Q13,武学奇术!$A:$ZZ,23,FALSE)=1,100%,MIN(80%,$B$9+VLOOKUP($Q13,武学奇术!$A:$ZZ,17,FALSE)+SUM(_xlfn.XLOOKUP(R13:AF13,增益!$A:$A,增益!$Q:$Q,0)))+$B$11+SUM(_xlfn.XLOOKUP(R13:AF13,增益!$A:$A,增益!$U:$U,0)))*IF(VLOOKUP($Q13,武学奇术!$A:$ZZ,24,FALSE)=1,0,1)+MIN(IF(VLOOKUP($Q13,武学奇术!$A:$ZZ,32,FALSE)=1,IF(VLOOKUP($Q13,武学奇术!$A:$ZZ,24,FALSE)=1,100%,MIN(40%,$B$10+VLOOKUP($Q13,武学奇术!$A:$ZZ,19,FALSE)+SUM(_xlfn.XLOOKUP(R13:AF13,增益!$A:$A,增益!$S:$S,0)))+$B$12+SUM(_xlfn.XLOOKUP(R13:AF13,增益!$A:$A,增益!$V:$V,0))),0),12%)} -> 0.918 | BK13: {=1+$B$13+VLOOKUP($Q13,武学奇术!$A:$ZZ,18,FALSE)+SUM(_xlfn.XLOOKUP(R13:AF13,增益!$A:$A,增益!$R:$R,0))} -> 1.56 | BL13: {=MAX(IF(VLOOKUP($Q13,武学奇术!$A:$ZZ,24,FALSE)=1,100%,MIN(40%,$B$10+VLOOKUP($Q13,武学奇术!$A:$ZZ,19,FALSE)+SUM(_xlfn.XLOOKUP(R13:AF13,增益!$A:$A,增益!$S:$S,0)))+$B$12+SUM(_xlfn.XLOOKUP(R13:AF13,增益!$A:$A,增益!$V:$V,0)))*IF(VLOOKUP($Q13,武学奇术!$A:$ZZ,23,FALSE)=1,0,1)-IF(VLOOKUP($Q13,武学奇术!$A:$ZZ,32,FALSE)=1,12%,0),0)} -> 0.0895 | BM13: {=1+$B$14+VLOOKUP($Q13,武学奇术!$A:$ZZ,20,FALSE)+SUM(_xlfn.XLOOKUP(R13:AF13,增益!$A:$A,增益!$T:$T,0))} -> 1.35 | BN13: =MIN((1-BL13)*BI13,BI13*BJ13) -> 0.9105 | BO13: =1-BL13-BN13-BP13 -> 0 | BP13: =IF(VLOOKUP($Q13,武学奇术!$A:$ZZ,22,FALSE)=1,0,(1-$BI13))*(1-$BL13) -> 0 | BQ13: {=SUM(_xlfn.XLOOKUP(R13:AF13,增益!$A:$A,增益!$W:$W,0))+$I$5} -> 0.11
A14: 会意伤害加成 | B14: 0.35 | C14: 破竹 | D14: =(B6+IF($G$1=$C14,B7,0))*IF($G$2="撼天",1.06,1) -> 570.28 | E14: =(MAX(B6,C6)+IF($G$1=$C14,$C$7,0))*IF($G$2="撼天",1.06,1) -> 1582.156 | F14: =D6 -> 30 | G14: =E6 -> 0.15 | H14: RDPS | I14: =RD!I14 -> 114405.59 | K14: =($L14*$BN14+$M14*$BL14+$N14*$BO14+$O14*$BP14) -> 62422.758 | L14: =((($AN14+($AO14-$AN14)*IF(VLOOKUP($Q14,武学奇术!$A:$ZZ,31,FALSE)=1,$F$18,0.5))*$AH14+$AI14)*(1+$AP14)*(1+$AQ14)+(($AS14+($AT14-$AS14)*IF(VLOOKUP($Q14,武学奇术!$A:$ZZ,31,FALSE)=1,$F$18,0.5))*IF($G$1="鸣金",$AJ14,$AH14)+IF($G$1="鸣金",$AK14*1.5,0))*(1+$AU14)*(1+$AV14)+(($AW14+($AX14-$AW14)*IF(VLOOKUP($Q14,武学奇术!$A:$ZZ,31,FALSE)=1,$F$18,0.5))*IF($G$1="裂石",$AJ14,$AH14)+IF($G$1="裂石",$AK14*1.5,0))*(1+$AY14)*(1+$AZ14)+(($BA14+($BB14-$BA14)*IF(VLOOKUP($Q14,武学奇术!$A:$ZZ,31,FALSE)=1,$F$18,0.5))*IF($G$1="牵丝",$AJ14,$AH14)+IF($G$1="牵丝",$AK14*1.5,0))*(1+$BC14)*(1+$BD14)+(($BE14+($BF14-$BE14)*IF(VLOOKUP($Q14,武学奇术!$A:$ZZ,31,FALSE)=1,$F$18,0.5))*IF($G$1="破竹",$AJ14,$AH14)+IF($G$1="破竹",$AK14*1.5,0))*(1+$BG14)*(1+$BH14))*(1+$AL14)*$BK14*$P14*(1+IF(VLOOKUP($Q14,武学奇术!$A:$ZZ,30,FALSE)="蓄力技",$B$21,0))*(1+$BQ14) -> 63422.014 | M14: =(($AO14*$AH14+$AI14)*(1+$AP14)*(1+$AQ14)+($AT14*IF($G$1="鸣金",$AJ14,$AH14)+IF($G$1="鸣金",$AK14*1.5,0))*(1+$AU14)*(1+$AV14)+($AX14*IF($G$1="裂石",$AJ14,$AH14)+IF($G$1="裂石",$AK14*1.5,0))*(1+$AY14)*(1+$AZ14)+($BB14*IF($G$1="牵丝",$AJ14,$AH14)+IF($G$1="牵丝",$AK14*1.5,0))*(1+$BC14)*(1+$BD14)+($BF14*IF($G$1="破竹",$AJ14,$AH14)+IF($G$1="破竹",$AK14*1.5,0))*(1+$BG14)*(1+$BH14))*(1+$AL14)*$BM14*$P14*(1+IF(VLOOKUP($Q14,武学奇术!$A:$ZZ,30,FALSE)="蓄力技",$B$21,0))*(1+$BQ14) -> 52257.134 | N14: =((($AN14+($AO14-$AN14)*IF(VLOOKUP($Q14,武学奇术!$A:$ZZ,31,FALSE)=1,$F$18,0.5))*$AH14+$AI14)*(1+$AP14)*(1+$AQ14)+(($AS14+($AT14-$AS14)*IF(VLOOKUP($Q14,武学奇术!$A:$ZZ,31,FALSE)=1,$F$18,0.5))*IF($G$1="鸣金",$AJ14,$AH14)+IF($G$1="鸣金",$AK14*1.5,0))*(1+$AU14)*(1+$AV14)+(($AW14+($AX14-$AW14)*IF(VLOOKUP($Q14,武学奇术!$A:$ZZ,31,FALSE)=1,$F$18,0.5))*IF($G$1="裂石",$AJ14,$AH14)+IF($G$1="裂石",$AK14*1.5,0))*(1+$AY14)*(1+$AZ14)+(($BA14+($BB14-$BA14)*IF(VLOOKUP($Q14,武学奇术!$A:$ZZ,31,FALSE)=1,$F$18,0.5))*IF($G$1="牵丝",$AJ14,$AH14)+IF($G$1="牵丝",$AK14*1.5,0))*(1+$BC14)*(1+$BD14)+(($BE14+($BF14-$BE14)*IF(VLOOKUP($Q14,武学奇术!$A:$ZZ,31,FALSE)=1,$F$18,0.5))*IF($G$1="破竹",$AJ14,$AH14)+IF($G$1="破竹",$AK14*1.5,0))*(1+$BG14)*(1+$BH14))*(1+$AL14)*$P14*(1+IF(VLOOKUP($Q14,武学奇术!$A:$ZZ,30,FALSE)="蓄力技",$B$21,0))*(1+$BQ14) -> 34097.857 | O14: =((($AN14*$AH14+$AI14)*(1+$AP14)*(1+$AQ14)+($AS14*IF($G$1="鸣金",$AJ14,$AH14)+IF($G$1="鸣金",$AK14*1.5,0))*(1+$AU14)*(1+$AV14)+($AW14*IF($G$1="裂石",$AJ14,$AH14)+IF($G$1="裂石",$AK14*1.5,0))*(1+$AY14)*(1+$AZ14)+($BA14*IF($G$1="牵丝",$AJ14,$AH14)+IF($G$1="牵丝",$AK14*1.5,0))*(1+$BC14)*(1+$BD14)+($BE14*IF($G$1="破竹",$AJ14,$AH14)+IF($G$1="破竹",$AK14*1.5,0))*(1+$BG14)*(1+$BH14))*(1+$AL14))*$P14*(1+IF(VLOOKUP($Q14,武学奇术!$A:$ZZ,30,FALSE)="蓄力技",$B$21,0))*(1+$BQ14) -> 29486.726 | P14: 1 | Q14: 鹰隼追击(拳甲) | R14: 易水歌3层 | S14: N/a | T14: N/a | U14: 近战笛 | V14: N/a | W14: N/a | X14: 沧海帖2层 | Y14: 惧刃(拐) | Z14: 三穷 | AA14: N/a | AB14: N/a | AC14: N/a | AD14: N/a | AE14: 无惧 | AF14: 天志增伤 | AG14: =VLOOKUP($Q14,武学奇术!$A:$ZZ,25,FALSE) -> 拳甲 | AH14: =VLOOKUP($Q14,武学奇术!$A:$ZZ,26,FALSE) -> 2.33376 | AI14: =VLOOKUP($Q14,武学奇术!$A:$ZZ,27,FALSE)*(1+IF(OR($AG14=$F$4,$AG14=$F$5),$B$22,0)) -> 0 | AJ14: =VLOOKUP($Q14,武学奇术!$A:$ZZ,28,FALSE) -> 3.50064 | AK14: =VLOOKUP($Q14,武学奇术!$A:$ZZ,29,FALSE)*(1+IF(OR($AG14=$F$4,$AG14=$F$5),$B$22,0)) -> 0 | AL14: {=$G$3+IFERROR(VLOOKUP($AG14,$F$4:$G$7,2,FALSE),0)+VLOOKUP($Q14,武学奇术!$A:$ZZ,2,FALSE)+SUM(_xlfn.XLOOKUP($R14:$AF14,增益!$A:$A,增益!$B:$B,0))} -> 0.7041 | AM14: {=VLOOKUP($Q14,武学奇术!$A:$ZZ,5,FALSE)+SUM(_xlfn.XLOOKUP($R14:$AF14,增益!$A:$A,增益!$E:$E,0))} -> 0 | AN14: {=$D$10*(1+$AM14)+VLOOKUP($Q14,武学奇术!$A:$ZZ,3,FALSE)+SUM(_xlfn.XLOOKUP($R14:$AF14,增益!$A:$A,增益!$C:$C,0))-$I$2} -> 3804.006 | AO14: {=$E$10*(1+$AM14)+VLOOKUP($Q14,武学奇术!$A:$ZZ,4,FALSE)+SUM(_xlfn.XLOOKUP($R14:$AF14,增益!$A:$A,增益!$D:$D,0))-$I$2} -> 3804.006 | AP14: {=IF($F$10-$I$3+VLOOKUP($Q14,武学奇术!$A:$ZZ,6,FALSE)+SUM(_xlfn.XLOOKUP(R14:AF14,增益!$A:$A,增益!$F:$F,0))>0,($F$10-$I$3+VLOOKUP($Q14,武学奇术!$A:$ZZ,6,FALSE)+SUM(_xlfn.XLOOKUP(R14:AF14,增益!$A:$A,增益!$F:$F,0)))/200,($F$10-$I$3+VLOOKUP($Q14,武学奇术!$A:$ZZ,6,FALSE)+SUM(_xlfn.XLOOKUP(R14:AF14,增益!$A:$A,增益!$F:$F,0)))/100)} -> 0.327 | AQ14: {=$G$10+VLOOKUP($Q14,武学奇术!$A:$ZZ,7,FALSE)+SUM(_xlfn.XLOOKUP(R14:AF14,增益!$A:$A,增益!$G:$G,0))} -> 0.09 | AR14: {=VLOOKUP($Q14,武学奇术!$A:$ZZ,8,FALSE)+SUM(_xlfn.XLOOKUP(R14:AF14,增益!$A:$A,增益!$H:$H,0))} -> 0 | AS14: =$D$11*(1+$AR14) -> 0 | AT14: =$E$11*(1+$AR14) -> 0 | AU14: {=IF($F$11-$I$4+VLOOKUP($Q14,武学奇术!$A:$ZZ,9,FALSE)+SUM(_xlfn.XLOOKUP(R14:AF14,增益!$A:$A,增益!$I:$I,0))>0,($F$11-$I$4+VLOOKUP($Q14,武学奇术!$A:$ZZ,9,FALSE)+SUM(_xlfn.XLOOKUP(R14:AF14,增益!$A:$A,增益!$I:$I,0)))/200,($F$11-$I$4+VLOOKUP($Q14,武学奇术!$A:$ZZ,9,FALSE)+SUM(_xlfn.XLOOKUP(R14:AF14,增益!$A:$A,增益!$I:$I,0)))/100)} -> -0.08 | AV14: {=$G$11+VLOOKUP($Q14,武学奇术!$A:$ZZ,10,FALSE)+SUM(_xlfn.XLOOKUP(R14:AF14,增益!$A:$A,增益!$J:$J,0))} -> 0 | AW14: =$D$12*(1+$AR14) -> 0 | AX14: =$E$12*(1+$AR14) -> 0 | AY14: {=IF($F$12-$I$4+VLOOKUP($Q14,武学奇术!$A:$ZZ,11,FALSE)+SUM(_xlfn.XLOOKUP(R14:AF14,增益!$A:$A,增益!$K:$K,0))>0,($F$12-$I$4+VLOOKUP($Q14,武学奇术!$A:$ZZ,11,FALSE)+SUM(_xlfn.XLOOKUP(R14:AF14,增益!$A:$A,增益!$K:$K,0)))/200,($F$12-$I$4+VLOOKUP($Q14,武学奇术!$A:$ZZ,11,FALSE)+SUM(_xlfn.XLOOKUP(R14:AF14,增益!$A:$A,增益!$K:$K,0)))/100)} -> -0.08 | AZ14: {=$G$12+VLOOKUP($Q14,武学奇术!$A:$ZZ,12,FALSE)+SUM(_xlfn.XLOOKUP(R14:AF14,增益!$A:$A,增益!$L:$L,0))} -> 0 | BA14: =$D$13*(1+$AR14) -> 0 | BB14: =$E$13*(1+$AR14) -> 0 | BC14: {=IF($F$13-$I$4+VLOOKUP($Q14,武学奇术!$A:$ZZ,13,FALSE)+SUM(_xlfn.XLOOKUP(R14:AF14,增益!$A:$A,增益!$M:$M,0))>0,($F$13-$I$4+VLOOKUP($Q14,武学奇术!$A:$ZZ,13,FALSE)+SUM(_xlfn.XLOOKUP(R14:AF14,增益!$A:$A,增益!$K:$K,0)))/200,($F$13-$I$4+VLOOKUP($Q14,武学奇术!$A:$ZZ,13,FALSE)+SUM(_xlfn.XLOOKUP(R14:AF14,增益!$A:$A,增益!$M:$M,0)))/100)} -> -0.08 | BD14: {=$G$13+VLOOKUP($Q14,武学奇术!$A:$ZZ,14,FALSE)+SUM(_xlfn.XLOOKUP(R14:AF14,增益!$A:$A,增益!$N:$N,0))} -> 0 | BE14: =$D$14*(1+$AR14) -> 570.28 | BF14: =$E$14*(1+$AR14) -> 1582.156 | BG14: {=IF($F$14-$I$4+VLOOKUP($Q14,武学奇术!$A:$ZZ,15,FALSE)+SUM(_xlfn.XLOOKUP(R14:AF14,增益!$A:$A,增益!$O:$O,0))>0,($F$14-$I$4+VLOOKUP($Q14,武学奇术!$A:$ZZ,15,FALSE)+SUM(_xlfn.XLOOKUP(R14:AF14,增益!$A:$A,增益!$O:$O,0)))/200,($F$14-$I$4+VLOOKUP($Q14,武学奇术!$A:$ZZ,15,FALSE)+SUM(_xlfn.XLOOKUP(R14:AF14,增益!$A:$A,增益!$O:$O,0)))/100)} -> 0.11 | BH14: {=$G$14+VLOOKUP($Q14,武学奇术!$A:$ZZ,16,FALSE)+SUM(_xlfn.XLOOKUP(R14:AF14,增益!$A:$A,增益!$P:$P,0))} -> 0.24 | BI14: =MIN(IF(VLOOKUP($Q14,武学奇术!$A:$ZZ,23,FALSE)=1,100%,$B$8),100%) -> 1 | BJ14: {=IF(VLOOKUP($Q14,武学奇术!$A:$ZZ,23,FALSE)=1,100%,MIN(80%,$B$9+VLOOKUP($Q14,武学奇术!$A:$ZZ,17,FALSE)+SUM(_xlfn.XLOOKUP(R14:AF14,增益!$A:$A,增益!$Q:$Q,0)))+$B$11+SUM(_xlfn.XLOOKUP(R14:AF14,增益!$A:$A,增益!$U:$U,0)))*IF(VLOOKUP($Q14,武学奇术!$A:$ZZ,24,FALSE)=1,0,1)+MIN(IF(VLOOKUP($Q14,武学奇术!$A:$ZZ,32,FALSE)=1,IF(VLOOKUP($Q14,武学奇术!$A:$ZZ,24,FALSE)=1,100%,MIN(40%,$B$10+VLOOKUP($Q14,武学奇术!$A:$ZZ,19,FALSE)+SUM(_xlfn.XLOOKUP(R14:AF14,增益!$A:$A,增益!$S:$S,0)))+$B$12+SUM(_xlfn.XLOOKUP(R14:AF14,增益!$A:$A,增益!$V:$V,0))),0),12%)} -> 0.918 | BK14: {=1+$B$13+VLOOKUP($Q14,武学奇术!$A:$ZZ,18,FALSE)+SUM(_xlfn.XLOOKUP(R14:AF14,增益!$A:$A,增益!$R:$R,0))} -> 1.86 | BL14: {=MAX(IF(VLOOKUP($Q14,武学奇术!$A:$ZZ,24,FALSE)=1,100%,MIN(40%,$B$10+VLOOKUP($Q14,武学奇术!$A:$ZZ,19,FALSE)+SUM(_xlfn.XLOOKUP(R14:AF14,增益!$A:$A,增益!$S:$S,0)))+$B$12+SUM(_xlfn.XLOOKUP(R14:AF14,增益!$A:$A,增益!$V:$V,0)))*IF(VLOOKUP($Q14,武学奇术!$A:$ZZ,23,FALSE)=1,0,1)-IF(VLOOKUP($Q14,武学奇术!$A:$ZZ,32,FALSE)=1,12%,0),0)} -> 0.0895 | BM14: {=1+$B$14+VLOOKUP($Q14,武学奇术!$A:$ZZ,20,FALSE)+SUM(_xlfn.XLOOKUP(R14:AF14,增益!$A:$A,增益!$T:$T,0))} -> 1.35 | BN14: =MIN((1-BL14)*BI14,BI14*BJ14) -> 0.9105 | BO14: =1-BL14-BN14-BP14 -> 0 | BP14: =IF(VLOOKUP($Q14,武学奇术!$A:$ZZ,22,FALSE)=1,0,(1-$BI14))*(1-$BL14) -> 0 | BQ14: {=SUM(_xlfn.XLOOKUP(R14:AF14,增益!$A:$A,增益!$W:$W,0))+$I$5} -> 0.11
A15: 全武增 | B15: 0.0852 | C15: 团队增益 | K15: =($L15*$BN15+$M15*$BL15+$N15*$BO15+$O15*$BP15) -> 16236.984 | L15: =((($AN15+($AO15-$AN15)*IF(VLOOKUP($Q15,武学奇术!$A:$ZZ,31,FALSE)=1,$F$18,0.5))*$AH15+$AI15)*(1+$AP15)*(1+$AQ15)+(($AS15+($AT15-$AS15)*IF(VLOOKUP($Q15,武学奇术!$A:$ZZ,31,FALSE)=1,$F$18,0.5))*IF($G$1="鸣金",$AJ15,$AH15)+IF($G$1="鸣金",$AK15*1.5,0))*(1+$AU15)*(1+$AV15)+(($AW15+($AX15-$AW15)*IF(VLOOKUP($Q15,武学奇术!$A:$ZZ,31,FALSE)=1,$F$18,0.5))*IF($G$1="裂石",$AJ15,$AH15)+IF($G$1="裂石",$AK15*1.5,0))*(1+$AY15)*(1+$AZ15)+(($BA15+($BB15-$BA15)*IF(VLOOKUP($Q15,武学奇术!$A:$ZZ,31,FALSE)=1,$F$18,0.5))*IF($G$1="牵丝",$AJ15,$AH15)+IF($G$1="牵丝",$AK15*1.5,0))*(1+$BC15)*(1+$BD15)+(($BE15+($BF15-$BE15)*IF(VLOOKUP($Q15,武学奇术!$A:$ZZ,31,FALSE)=1,$F$18,0.5))*IF($G$1="破竹",$AJ15,$AH15)+IF($G$1="破竹",$AK15*1.5,0))*(1+$BG15)*(1+$BH15))*(1+$AL15)*$BK15*$P15*(1+IF(VLOOKUP($Q15,武学奇术!$A:$ZZ,30,FALSE)="蓄力技",$B$21,0))*(1+$BQ15) -> 16496.484 | M15: =(($AO15*$AH15+$AI15)*(1+$AP15)*(1+$AQ15)+($AT15*IF($G$1="鸣金",$AJ15,$AH15)+IF($G$1="鸣金",$AK15*1.5,0))*(1+$AU15)*(1+$AV15)+($AX15*IF($G$1="裂石",$AJ15,$AH15)+IF($G$1="裂石",$AK15*1.5,0))*(1+$AY15)*(1+$AZ15)+($BB15*IF($G$1="牵丝",$AJ15,$AH15)+IF($G$1="牵丝",$AK15*1.5,0))*(1+$BC15)*(1+$BD15)+($BF15*IF($G$1="破竹",$AJ15,$AH15)+IF($G$1="破竹",$AK15*1.5,0))*(1+$BG15)*(1+$BH15))*(1+$AL15)*$BM15*$P15*(1+IF(VLOOKUP($Q15,武学奇术!$A:$ZZ,30,FALSE)="蓄力技",$B$21,0))*(1+$BQ15) -> 13597.044 | N15: =((($AN15+($AO15-$AN15)*IF(VLOOKUP($Q15,武学奇术!$A:$ZZ,31,FALSE)=1,$F$18,0.5))*$AH15+$AI15)*(1+$AP15)*(1+$AQ15)+(($AS15+($AT15-$AS15)*IF(VLOOKUP($Q15,武学奇术!$A:$ZZ,31,FALSE)=1,$F$18,0.5))*IF($G$1="鸣金",$AJ15,$AH15)+IF($G$1="鸣金",$AK15*1.5,0))*(1+$AU15)*(1+$AV15)+(($AW15+($AX15-$AW15)*IF(VLOOKUP($Q15,武学奇术!$A:$ZZ,31,FALSE)=1,$F$18,0.5))*IF($G$1="裂石",$AJ15,$AH15)+IF($G$1="裂石",$AK15*1.5,0))*(1+$AY15)*(1+$AZ15)+(($BA15+($BB15-$BA15)*IF(VLOOKUP($Q15,武学奇术!$A:$ZZ,31,FALSE)=1,$F$18,0.5))*IF($G$1="牵丝",$AJ15,$AH15)+IF($G$1="牵丝",$AK15*1.5,0))*(1+$BC15)*(1+$BD15)+(($BE15+($BF15-$BE15)*IF(VLOOKUP($Q15,武学奇术!$A:$ZZ,31,FALSE)=1,$F$18,0.5))*IF($G$1="破竹",$AJ15,$AH15)+IF($G$1="破竹",$AK15*1.5,0))*(1+$BG15)*(1+$BH15))*(1+$AL15)*$P15*(1+IF(VLOOKUP($Q15,武学奇术!$A:$ZZ,30,FALSE)="蓄力技",$B$21,0))*(1+$BQ15) -> 9064.0024 | O15: =((($AN15*$AH15+$AI15)*(1+$AP15)*(1+$AQ15)+($AS15*IF($G$1="鸣金",$AJ15,$AH15)+IF($G$1="鸣金",$AK15*1.5,0))*(1+$AU15)*(1+$AV15)+($AW15*IF($G$1="裂石",$AJ15,$AH15)+IF($G$1="裂石",$AK15*1.5,0))*(1+$AY15)*(1+$AZ15)+($BA15*IF($G$1="牵丝",$AJ15,$AH15)+IF($G$1="牵丝",$AK15*1.5,0))*(1+$BC15)*(1+$BD15)+($BE15*IF($G$1="破竹",$AJ15,$AH15)+IF($G$1="破竹",$AK15*1.5,0))*(1+$BG15)*(1+$BH15))*(1+$AL15))*$P15*(1+IF(VLOOKUP($Q15,武学奇术!$A:$ZZ,30,FALSE)="蓄力技",$B$21,0))*(1+$BQ15) -> 8056.1204 | P15: 1 | Q15: 拳甲轻击34 | R15: 易水歌4层 | S15: 断石5层 | T15: 阴阳 | U15: 近战笛 | V15: N/a | W15: N/a | X15: 沧海帖3层 | Y15: 惧刃(拐) | Z15: N/a | AA15: N/a | AB15: N/a | AC15: N/a | AD15: N/a | AE15: 无惧 | AF15: 天志增伤 | AG15: =VLOOKUP($Q15,武学奇术!$A:$ZZ,25,FALSE) -> 拳甲 | AH15: =VLOOKUP($Q15,武学奇术!$A:$ZZ,26,FALSE) -> 0.5712 | AI15: =VLOOKUP($Q15,武学奇术!$A:$ZZ,27,FALSE)*(1+IF(OR($AG15=$F$4,$AG15=$F$5),$B$22,0)) -> 224 | AJ15: =VLOOKUP($Q15,武学奇术!$A:$ZZ,28,FALSE) -> 0.8568 | AK15: =VLOOKUP($Q15,武学奇术!$A:$ZZ,29,FALSE)*(1+IF(OR($AG15=$F$4,$AG15=$F$5),$B$22,0)) -> 121.8 | AL15: {=$G$3+IFERROR(VLOOKUP($AG15,$F$4:$G$7,2,FALSE),0)+VLOOKUP($Q15,武学奇术!$A:$ZZ,2,FALSE)+SUM(_xlfn.XLOOKUP($R15:$AF15,增益!$A:$A,增益!$B:$B,0))} -> 0.5641 | AM15: {=VLOOKUP($Q15,武学奇术!$A:$ZZ,5,FALSE)+SUM(_xlfn.XLOOKUP($R15:$AF15,增益!$A:$A,增益!$E:$E,0))} -> 0 | AN15: {=$D$10*(1+$AM15)+VLOOKUP($Q15,武学奇术!$A:$ZZ,3,FALSE)+SUM(_xlfn.XLOOKUP($R15:$AF15,增益!$A:$A,增益!$C:$C,0))-$I$2} -> 3804.006 | AO15: {=$E$10*(1+$AM15)+VLOOKUP($Q15,武学奇术!$A:$ZZ,4,FALSE)+SUM(_xlfn.XLOOKUP($R15:$AF15,增益!$A:$A,增益!$D:$D,0))-$I$2} -> 3804.006 | AP15: {=IF($F$10-$I$3+VLOOKUP($Q15,武学奇术!$A:$ZZ,6,FALSE)+SUM(_xlfn.XLOOKUP(R15:AF15,增益!$A:$A,增益!$F:$F,0))>0,($F$10-$I$3+VLOOKUP($Q15,武学奇术!$A:$ZZ,6,FALSE)+SUM(_xlfn.XLOOKUP(R15:AF15,增益!$A:$A,增益!$F:$F,0)))/200,($F$10-$I$3+VLOOKUP($Q15,武学奇术!$A:$ZZ,6,FALSE)+SUM(_xlfn.XLOOKUP(R15:AF15,增益!$A:$A,增益!$F:$F,0)))/100)} -> 0.432 | AQ15: {=$G$10+VLOOKUP($Q15,武学奇术!$A:$ZZ,7,FALSE)+SUM(_xlfn.XLOOKUP(R15:AF15,增益!$A:$A,增益!$G:$G,0))} -> 0.09 | AR15: {=VLOOKUP($Q15,武学奇术!$A:$ZZ,8,FALSE)+SUM(_xlfn.XLOOKUP(R15:AF15,增益!$A:$A,增益!$H:$H,0))} -> 0 | AS15: =$D$11*(1+$AR15) -> 0 | AT15: =$E$11*(1+$AR15) -> 0 | AU15: {=IF($F$11-$I$4+VLOOKUP($Q15,武学奇术!$A:$ZZ,9,FALSE)+SUM(_xlfn.XLOOKUP(R15:AF15,增益!$A:$A,增益!$I:$I,0))>0,($F$11-$I$4+VLOOKUP($Q15,武学奇术!$A:$ZZ,9,FALSE)+SUM(_xlfn.XLOOKUP(R15:AF15,增益!$A:$A,增益!$I:$I,0)))/200,($F$11-$I$4+VLOOKUP($Q15,武学奇术!$A:$ZZ,9,FALSE)+SUM(_xlfn.XLOOKUP(R15:AF15,增益!$A:$A,增益!$I:$I,0)))/100)} -> -0.14 | AV15: {=$G$11+VLOOKUP($Q15,武学奇术!$A:$ZZ,10,FALSE)+SUM(_xlfn.XLOOKUP(R15:AF15,增益!$A:$A,增益!$J:$J,0))} -> 0 | AW15: =$D$12*(1+$AR15) -> 0 | AX15: =$E$12*(1+$AR15) -> 0 | AY15: {=IF($F$12-$I$4+VLOOKUP($Q15,武学奇术!$A:$ZZ,11,FALSE)+SUM(_xlfn.XLOOKUP(R15:AF15,增益!$A:$A,增益!$K:$K,0))>0,($F$12-$I$4+VLOOKUP($Q15,武学奇术!$A:$ZZ,11,FALSE)+SUM(_xlfn.XLOOKUP(R15:AF15,增益!$A:$A,增益!$K:$K,0)))/200,($F$12-$I$4+VLOOKUP($Q15,武学奇术!$A:$ZZ,11,FALSE)+SUM(_xlfn.XLOOKUP(R15:AF15,增益!$A:$A,增益!$K:$K,0)))/100)} -> -0.14 | AZ15: {=$G$12+VLOOKUP($Q15,武学奇术!$A:$ZZ,12,FALSE)+SUM(_xlfn.XLOOKUP(R15:AF15,增益!$A:$A,增益!$L:$L,0))} -> 0 | BA15: =$D$13*(1+$AR15) -> 0 | BB15: =$E$13*(1+$AR15) -> 0 | BC15: {=IF($F$13-$I$4+VLOOKUP($Q15,武学奇术!$A:$ZZ,13,FALSE)+SUM(_xlfn.XLOOKUP(R15:AF15,增益!$A:$A,增益!$M:$M,0))>0,($F$13-$I$4+VLOOKUP($Q15,武学奇术!$A:$ZZ,13,FALSE)+SUM(_xlfn.XLOOKUP(R15:AF15,增益!$A:$A,增益!$K:$K,0)))/200,($F$13-$I$4+VLOOKUP($Q15,武学奇术!$A:$ZZ,13,FALSE)+SUM(_xlfn.XLOOKUP(R15:AF15,增益!$A:$A,增益!$M:$M,0)))/100)} -> -0.14 | BD15: {=$G$13+VLOOKUP($Q15,武学奇术!$A:$ZZ,14,FALSE)+SUM(_xlfn.XLOOKUP(R15:AF15,增益!$A:$A,增益!$N:$N,0))} -> 0 | BE15: =$D$14*(1+$AR15) -> 570.28 | BF15: =$E$14*(1+$AR15) -> 1582.156 | BG15: {=IF($F$14-$I$4+VLOOKUP($Q15,武学奇术!$A:$ZZ,15,FALSE)+SUM(_xlfn.XLOOKUP(R15:AF15,增益!$A:$A,增益!$O:$O,0))>0,($F$14-$I$4+VLOOKUP($Q15,武学奇术!$A:$ZZ,15,FALSE)+SUM(_xlfn.XLOOKUP(R15:AF15,增益!$A:$A,增益!$O:$O,0)))/200,($F$14-$I$4+VLOOKUP($Q15,武学奇术!$A:$ZZ,15,FALSE)+SUM(_xlfn.XLOOKUP(R15:AF15,增益!$A:$A,增益!$O:$O,0)))/100)} -> 0.08 | BH15: {=$G$14+VLOOKUP($Q15,武学奇术!$A:$ZZ,16,FALSE)+SUM(_xlfn.XLOOKUP(R15:AF15,增益!$A:$A,增益!$P:$P,0))} -> 0.24 | BI15: =MIN(IF(VLOOKUP($Q15,武学奇术!$A:$ZZ,23,FALSE)=1,100%,$B$8),100%) -> 1 | BJ15: {=IF(VLOOKUP($Q15,武学奇术!$A:$ZZ,23,FALSE)=1,100%,MIN(80%,$B$9+VLOOKUP($Q15,武学奇术!$A:$ZZ,17,FALSE)+SUM(_xlfn.XLOOKUP(R15:AF15,增益!$A:$A,增益!$Q:$Q,0)))+$B$11+SUM(_xlfn.XLOOKUP(R15:AF15,增益!$A:$A,增益!$U:$U,0)))*IF(VLOOKUP($Q15,武学奇术!$A:$ZZ,24,FALSE)=1,0,1)+MIN(IF(VLOOKUP($Q15,武学奇术!$A:$ZZ,32,FALSE)=1,IF(VLOOKUP($Q15,武学奇术!$A:$ZZ,24,FALSE)=1,100%,MIN(40%,$B$10+VLOOKUP($Q15,武学奇术!$A:$ZZ,19,FALSE)+SUM(_xlfn.XLOOKUP(R15:AF15,增益!$A:$A,增益!$S:$S,0)))+$B$12+SUM(_xlfn.XLOOKUP(R15:AF15,增益!$A:$A,增益!$V:$V,0))),0),12%)} -> 0.918 | BK15: {=1+$B$13+VLOOKUP($Q15,武学奇术!$A:$ZZ,18,FALSE)+SUM(_xlfn.XLOOKUP(R15:AF15,增益!$A:$A,增益!$R:$R,0))} -> 1.82 | BL15: {=MAX(IF(VLOOKUP($Q15,武学奇术!$A:$ZZ,24,FALSE)=1,100%,MIN(40%,$B$10+VLOOKUP($Q15,武学奇术!$A:$ZZ,19,FALSE)+SUM(_xlfn.XLOOKUP(R15:AF15,增益!$A:$A,增益!$S:$S,0)))+$B$12+SUM(_xlfn.XLOOKUP(R15:AF15,增益!$A:$A,增益!$V:$V,0)))*IF(VLOOKUP($Q15,武学奇术!$A:$ZZ,23,FALSE)=1,0,1)-IF(VLOOKUP($Q15,武学奇术!$A:$ZZ,32,FALSE)=1,12%,0),0)} -> 0.0895 | BM15: {=1+$B$14+VLOOKUP($Q15,武学奇术!$A:$ZZ,20,FALSE)+SUM(_xlfn.XLOOKUP(R15:AF15,增益!$A:$A,增益!$T:$T,0))} -> 1.35 | BN15: =MIN((1-BL15)*BI15,BI15*BJ15) -> 0.9105 | BO15: =1-BL15-BN15-BP15 -> 0 | BP15: =IF(VLOOKUP($Q15,武学奇术!$A:$ZZ,22,FALSE)=1,0,(1-$BI15))*(1-$BL15) -> 0 | BQ15: {=SUM(_xlfn.XLOOKUP(R15:AF15,增益!$A:$A,增益!$W:$W,0))+$I$5} -> 0.11
A16: 首领增 | B16: 0.0887 | C16: 威 | D16: √ | E16: 沧海帖 | F16: √ | H16: 毕业率 | I16: =I12/127284.15 -> 1 | K16: =($L16*$BN16+$M16*$BL16+$N16*$BO16+$O16*$BP16) -> 1004739.2 | L16: =((($AN16+($AO16-$AN16)*IF(VLOOKUP($Q16,武学奇术!$A:$ZZ,31,FALSE)=1,$F$18,0.5))*$AH16+$AI16)*(1+$AP16)*(1+$AQ16)+(($AS16+($AT16-$AS16)*IF(VLOOKUP($Q16,武学奇术!$A:$ZZ,31,FALSE)=1,$F$18,0.5))*IF($G$1="鸣金",$AJ16,$AH16)+IF($G$1="鸣金",$AK16*1.5,0))*(1+$AU16)*(1+$AV16)+(($AW16+($AX16-$AW16)*IF(VLOOKUP($Q16,武学奇术!$A:$ZZ,31,FALSE)=1,$F$18,0.5))*IF($G$1="裂石",$AJ16,$AH16)+IF($G$1="裂石",$AK16*1.5,0))*(1+$AY16)*(1+$AZ16)+(($BA16+($BB16-$BA16)*IF(VLOOKUP($Q16,武学奇术!$A:$ZZ,31,FALSE)=1,$F$18,0.5))*IF($G$1="牵丝",$AJ16,$AH16)+IF($G$1="牵丝",$AK16*1.5,0))*(1+$BC16)*(1+$BD16)+(($BE16+($BF16-$BE16)*IF(VLOOKUP($Q16,武学奇术!$A:$ZZ,31,FALSE)=1,$F$18,0.5))*IF($G$1="破竹",$AJ16,$AH16)+IF($G$1="破竹",$AK16*1.5,0))*(1+$BG16)*(1+$BH16))*(1+$AL16)*$BK16*$P16*(1+IF(VLOOKUP($Q16,武学奇术!$A:$ZZ,30,FALSE)="蓄力技",$B$21,0))*(1+$BQ16) -> 1004739.2 | M16: =(($AO16*$AH16+$AI16)*(1+$AP16)*(1+$AQ16)+($AT16*IF($G$1="鸣金",$AJ16,$AH16)+IF($G$1="鸣金",$AK16*1.5,0))*(1+$AU16)*(1+$AV16)+($AX16*IF($G$1="裂石",$AJ16,$AH16)+IF($G$1="裂石",$AK16*1.5,0))*(1+$AY16)*(1+$AZ16)+($BB16*IF($G$1="牵丝",$AJ16,$AH16)+IF($G$1="牵丝",$AK16*1.5,0))*(1+$BC16)*(1+$BD16)+($BF16*IF($G$1="破竹",$AJ16,$AH16)+IF($G$1="破竹",$AK16*1.5,0))*(1+$BG16)*(1+$BH16))*(1+$AL16)*$BM16*$P16*(1+IF(VLOOKUP($Q16,武学奇术!$A:$ZZ,30,FALSE)="蓄力技",$B$21,0))*(1+$BQ16) -> 649748.62 | N16: =((($AN16+($AO16-$AN16)*IF(VLOOKUP($Q16,武学奇术!$A:$ZZ,31,FALSE)=1,$F$18,0.5))*$AH16+$AI16)*(1+$AP16)*(1+$AQ16)+(($AS16+($AT16-$AS16)*IF(VLOOKUP($Q16,武学奇术!$A:$ZZ,31,FALSE)=1,$F$18,0.5))*IF($G$1="鸣金",$AJ16,$AH16)+IF($G$1="鸣金",$AK16*1.5,0))*(1+$AU16)*(1+$AV16)+(($AW16+($AX16-$AW16)*IF(VLOOKUP($Q16,武学奇术!$A:$ZZ,31,FALSE)=1,$F$18,0.5))*IF($G$1="裂石",$AJ16,$AH16)+IF($G$1="裂石",$AK16*1.5,0))*(1+$AY16)*(1+$AZ16)+(($BA16+($BB16-$BA16)*IF(VLOOKUP($Q16,武学奇术!$A:$ZZ,31,FALSE)=1,$F$18,0.5))*IF($G$1="牵丝",$AJ16,$AH16)+IF($G$1="牵丝",$AK16*1.5,0))*(1+$BC16)*(1+$BD16)+(($BE16+($BF16-$BE16)*IF(VLOOKUP($Q16,武学奇术!$A:$ZZ,31,FALSE)=1,$F$18,0.5))*IF($G$1="破竹",$AJ16,$AH16)+IF($G$1="破竹",$AK16*1.5,0))*(1+$BG16)*(1+$BH16))*(1+$AL16)*$P16*(1+IF(VLOOKUP($Q16,武学奇术!$A:$ZZ,30,FALSE)="蓄力技",$B$21,0))*(1+$BQ16) -> 433077.24 | O16: =((($AN16*$AH16+$AI16)*(1+$AP16)*(1+$AQ16)+($AS16*IF($G$1="鸣金",$AJ16,$AH16)+IF($G$1="鸣金",$AK16*1.5,0))*(1+$AU16)*(1+$AV16)+($AW16*IF($G$1="裂石",$AJ16,$AH16)+IF($G$1="裂石",$AK16*1.5,0))*(1+$AY16)*(1+$AZ16)+($BA16*IF($G$1="牵丝",$AJ16,$AH16)+IF($G$1="牵丝",$AK16*1.5,0))*(1+$BC16)*(1+$BD16)+($BE16*IF($G$1="破竹",$AJ16,$AH16)+IF($G$1="破竹",$AK16*1.5,0))*(1+$BG16)*(1+$BH16))*(1+$AL16))*$P16*(1+IF(VLOOKUP($Q16,武学奇术!$A:$ZZ,30,FALSE)="蓄力技",$B$21,0))*(1+$BQ16) -> 384859.2 | P16: 1 | Q16: 拳甲R蓄4直伤 | R16: 易水歌5层 | S16: 断石5层 | T16: 阴阳 | U16: 近战笛 | V16: N/a | W16: N/a | X16: 沧海帖3层 | Y16: 惧刃(拐) | Z16: 三穷 | AA16: N/a | AB16: N/a | AC16: N/a | AD16: N/a | AE16: 无惧 | AF16: 天志增伤 | AG16: =VLOOKUP($Q16,武学奇术!$A:$ZZ,25,FALSE) -> 拳甲 | AH16: =VLOOKUP($Q16,武学奇术!$A:$ZZ,26,FALSE) -> 16.8107 | AI16: =VLOOKUP($Q16,武学奇术!$A:$ZZ,27,FALSE)*(1+IF(OR($AG16=$F$4,$AG16=$F$5),$B$22,0)) -> 6505.8 | AJ16: =VLOOKUP($Q16,武学奇术!$A:$ZZ,28,FALSE) -> 25.2161 | AK16: =VLOOKUP($Q16,武学奇术!$A:$ZZ,29,FALSE)*(1+IF(OR($AG16=$F$4,$AG16=$F$5),$B$22,0)) -> 3546.2 | AL16: {=$G$3+IFERROR(VLOOKUP($AG16,$F$4:$G$7,2,FALSE),0)+VLOOKUP($Q16,武学奇术!$A:$ZZ,2,FALSE)+SUM(_xlfn.XLOOKUP($R16:$AF16,增益!$A:$A,增益!$B:$B,0))} -> 0.8741 | AM16: {=VLOOKUP($Q16,武学奇术!$A:$ZZ,5,FALSE)+SUM(_xlfn.XLOOKUP($R16:$AF16,增益!$A:$A,增益!$E:$E,0))} -> 0 | AN16: {=$D$10*(1+$AM16)+VLOOKUP($Q16,武学奇术!$A:$ZZ,3,FALSE)+SUM(_xlfn.XLOOKUP($R16:$AF16,增益!$A:$A,增益!$C:$C,0))-$I$2} -> 3804.006 | AO16: {=$E$10*(1+$AM16)+VLOOKUP($Q16,武学奇术!$A:$ZZ,4,FALSE)+SUM(_xlfn.XLOOKUP($R16:$AF16,增益!$A:$A,增益!$D:$D,0))-$I$2} -> 3804.006 | AP16: {=IF($F$10-$I$3+VLOOKUP($Q16,武学奇术!$A:$ZZ,6,FALSE)+SUM(_xlfn.XLOOKUP(R16:AF16,增益!$A:$A,增益!$F:$F,0))>0,($F$10-$I$3+VLOOKUP($Q16,武学奇术!$A:$ZZ,6,FALSE)+SUM(_xlfn.XLOOKUP(R16:AF16,增益!$A:$A,增益!$F:$F,0)))/200,($F$10-$I$3+VLOOKUP($Q16,武学奇术!$A:$ZZ,6,FALSE)+SUM(_xlfn.XLOOKUP(R16:AF16,增益!$A:$A,增益!$F:$F,0)))/100)} -> 0.472 | AQ16: {=$G$10+VLOOKUP($Q16,武学奇术!$A:$ZZ,7,FALSE)+SUM(_xlfn.XLOOKUP(R16:AF16,增益!$A:$A,增益!$G:$G,0))} -> 0.09 | AR16: {=VLOOKUP($Q16,武学奇术!$A:$ZZ,8,FALSE)+SUM(_xlfn.XLOOKUP(R16:AF16,增益!$A:$A,增益!$H:$H,0))} -> 0 | AS16: =$D$11*(1+$AR16) -> 0 | AT16: =$E$11*(1+$AR16) -> 0 | AU16: {=IF($F$11-$I$4+VLOOKUP($Q16,武学奇术!$A:$ZZ,9,FALSE)+SUM(_xlfn.XLOOKUP(R16:AF16,增益!$A:$A,增益!$I:$I,0))>0,($F$11-$I$4+VLOOKUP($Q16,武学奇术!$A:$ZZ,9,FALSE)+SUM(_xlfn.XLOOKUP(R16:AF16,增益!$A:$A,增益!$I:$I,0)))/200,($F$11-$I$4+VLOOKUP($Q16,武学奇术!$A:$ZZ,9,FALSE)+SUM(_xlfn.XLOOKUP(R16:AF16,增益!$A:$A,增益!$I:$I,0)))/100)} -> -0.08 | AV16: {=$G$11+VLOOKUP($Q16,武学奇术!$A:$ZZ,10,FALSE)+SUM(_xlfn.XLOOKUP(R16:AF16,增益!$A:$A,增益!$J:$J,0))} -> 0 | AW16: =$D$12*(1+$AR16) -> 0 | AX16: =$E$12*(1+$AR16) -> 0 | AY16: {=IF($F$12-$I$4+VLOOKUP($Q16,武学奇术!$A:$ZZ,11,FALSE)+SUM(_xlfn.XLOOKUP(R16:AF16,增益!$A:$A,增益!$K:$K,0))>0,($F$12-$I$4+VLOOKUP($Q16,武学奇术!$A:$ZZ,11,FALSE)+SUM(_xlfn.XLOOKUP(R16:AF16,增益!$A:$A,增益!$K:$K,0)))/200,($F$12-$I$4+VLOOKUP($Q16,武学奇术!$A:$ZZ,11,FALSE)+SUM(_xlfn.XLOOKUP(R16:AF16,增益!$A:$A,增益!$K:$K,0)))/100)} -> -0.08 | AZ16: {=$G$12+VLOOKUP($Q16,武学奇术!$A:$ZZ,12,FALSE)+SUM(_xlfn.XLOOKUP(R16:AF16,增益!$A:$A,增益!$L:$L,0))} -> 0 | BA16: =$D$13*(1+$AR16) -> 0 | BB16: =$E$13*(1+$AR16) -> 0 | BC16: {=IF($F$13-$I$4+VLOOKUP($Q16,武学奇术!$A:$ZZ,13,FALSE)+SUM(_xlfn.XLOOKUP(R16:AF16,增益!$A:$A,增益!$M:$M,0))>0,($F$13-$I$4+VLOOKUP($Q16,武学奇术!$A:$ZZ,13,FALSE)+SUM(_xlfn.XLOOKUP(R16:AF16,增益!$A:$A,增益!$K:$K,0)))/200,($F$13-$I$4+VLOOKUP($Q16,武学奇术!$A:$ZZ,13,FALSE)+SUM(_xlfn.XLOOKUP(R16:AF16,增益!$A:$A,增益!$M:$M,0)))/100)} -> -0.08 | BD16: {=$G$13+VLOOKUP($Q16,武学奇术!$A:$ZZ,14,FALSE)+SUM(_xlfn.XLOOKUP(R16:AF16,增益!$A:$A,增益!$N:$N,0))} -> 0 | BE16: =$D$14*(1+$AR16) -> 570.28 | BF16: =$E$14*(1+$AR16) -> 1582.156 | BG16: {=IF($F$14-$I$4+VLOOKUP($Q16,武学奇术!$A:$ZZ,15,FALSE)+SUM(_xlfn.XLOOKUP(R16:AF16,增益!$A:$A,增益!$O:$O,0))>0,($F$14-$I$4+VLOOKUP($Q16,武学奇术!$A:$ZZ,15,FALSE)+SUM(_xlfn.XLOOKUP(R16:AF16,增益!$A:$A,增益!$O:$O,0)))/200,($F$14-$I$4+VLOOKUP($Q16,武学奇术!$A:$ZZ,15,FALSE)+SUM(_xlfn.XLOOKUP(R16:AF16,增益!$A:$A,增益!$O:$O,0)))/100)} -> 0.11 | BH16: {=$G$14+VLOOKUP($Q16,武学奇术!$A:$ZZ,16,FALSE)+SUM(_xlfn.XLOOKUP(R16:AF16,增益!$A:$A,增益!$P:$P,0))} -> 0.24 | BI16: =MIN(IF(VLOOKUP($Q16,武学奇术!$A:$ZZ,23,FALSE)=1,100%,$B$8),100%) -> 1 | BJ16: {=IF(VLOOKUP($Q16,武学奇术!$A:$ZZ,23,FALSE)=1,100%,MIN(80%,$B$9+VLOOKUP($Q16,武学奇术!$A:$ZZ,17,FALSE)+SUM(_xlfn.XLOOKUP(R16:AF16,增益!$A:$A,增益!$Q:$Q,0)))+$B$11+SUM(_xlfn.XLOOKUP(R16:AF16,增益!$A:$A,增益!$U:$U,0)))*IF(VLOOKUP($Q16,武学奇术!$A:$ZZ,24,FALSE)=1,0,1)+MIN(IF(VLOOKUP($Q16,武学奇术!$A:$ZZ,32,FALSE)=1,IF(VLOOKUP($Q16,武学奇术!$A:$ZZ,24,FALSE)=1,100%,MIN(40%,$B$10+VLOOKUP($Q16,武学奇术!$A:$ZZ,19,FALSE)+SUM(_xlfn.XLOOKUP(R16:AF16,增益!$A:$A,增益!$S:$S,0)))+$B$12+SUM(_xlfn.XLOOKUP(R16:AF16,增益!$A:$A,增益!$V:$V,0))),0),12%)} -> 1.0075 | BK16: {=1+$B$13+VLOOKUP($Q16,武学奇术!$A:$ZZ,18,FALSE)+SUM(_xlfn.XLOOKUP(R16:AF16,增益!$A:$A,增益!$R:$R,0))} -> 2.32 | BL16: {=MAX(IF(VLOOKUP($Q16,武学奇术!$A:$ZZ,24,FALSE)=1,100%,MIN(40%,$B$10+VLOOKUP($Q16,武学奇术!$A:$ZZ,19,FALSE)+SUM(_xlfn.XLOOKUP(R16:AF16,增益!$A:$A,增益!$S:$S,0)))+$B$12+SUM(_xlfn.XLOOKUP(R16:AF16,增益!$A:$A,增益!$V:$V,0)))*IF(VLOOKUP($Q16,武学奇术!$A:$ZZ,23,FALSE)=1,0,1)-IF(VLOOKUP($Q16,武学奇术!$A:$ZZ,32,FALSE)=1,12%,0),0)} -> 0 | BM16: {=1+$B$14+VLOOKUP($Q16,武学奇术!$A:$ZZ,20,FALSE)+SUM(_xlfn.XLOOKUP(R16:AF16,增益!$A:$A,增益!$T:$T,0))} -> 1.35 | BN16: =MIN((1-BL16)*BI16,BI16*BJ16) -> 1 | BO16: =1-BL16-BN16-BP16 -> 0 | BP16: =IF(VLOOKUP($Q16,武学奇术!$A:$ZZ,22,FALSE)=1,0,(1-$BI16))*(1-$BL16) -> 0 | BQ16: {=SUM(_xlfn.XLOOKUP(R16:AF16,增益!$A:$A,增益!$W:$W,0))+$I$5} -> 0.11
A17: 拳甲增 | B17: 0.0852 | C17: 尘 | D17: √ | E17: 所恨年年 | F17: √ | K17: =($L17*$BN17+$M17*$BL17+$N17*$BO17+$O17*$BP17) -> 386837.26 | L17: =((($AN17+($AO17-$AN17)*IF(VLOOKUP($Q17,武学奇术!$A:$ZZ,31,FALSE)=1,$F$18,0.5))*$AH17+$AI17)*(1+$AP17)*(1+$AQ17)+(($AS17+($AT17-$AS17)*IF(VLOOKUP($Q17,武学奇术!$A:$ZZ,31,FALSE)=1,$F$18,0.5))*IF($G$1="鸣金",$AJ17,$AH17)+IF($G$1="鸣金",$AK17*1.5,0))*(1+$AU17)*(1+$AV17)+(($AW17+($AX17-$AW17)*IF(VLOOKUP($Q17,武学奇术!$A:$ZZ,31,FALSE)=1,$F$18,0.5))*IF($G$1="裂石",$AJ17,$AH17)+IF($G$1="裂石",$AK17*1.5,0))*(1+$AY17)*(1+$AZ17)+(($BA17+($BB17-$BA17)*IF(VLOOKUP($Q17,武学奇术!$A:$ZZ,31,FALSE)=1,$F$18,0.5))*IF($G$1="牵丝",$AJ17,$AH17)+IF($G$1="牵丝",$AK17*1.5,0))*(1+$BC17)*(1+$BD17)+(($BE17+($BF17-$BE17)*IF(VLOOKUP($Q17,武学奇术!$A:$ZZ,31,FALSE)=1,$F$18,0.5))*IF($G$1="破竹",$AJ17,$AH17)+IF($G$1="破竹",$AK17*1.5,0))*(1+$BG17)*(1+$BH17))*(1+$AL17)*$BK17*$P17*(1+IF(VLOOKUP($Q17,武学奇术!$A:$ZZ,30,FALSE)="蓄力技",$B$21,0))*(1+$BQ17) -> 386837.26 | M17: =(($AO17*$AH17+$AI17)*(1+$AP17)*(1+$AQ17)+($AT17*IF($G$1="鸣金",$AJ17,$AH17)+IF($G$1="鸣金",$AK17*1.5,0))*(1+$AU17)*(1+$AV17)+($AX17*IF($G$1="裂石",$AJ17,$AH17)+IF($G$1="裂石",$AK17*1.5,0))*(1+$AY17)*(1+$AZ17)+($BB17*IF($G$1="牵丝",$AJ17,$AH17)+IF($G$1="牵丝",$AK17*1.5,0))*(1+$BC17)*(1+$BD17)+($BF17*IF($G$1="破竹",$AJ17,$AH17)+IF($G$1="破竹",$AK17*1.5,0))*(1+$BG17)*(1+$BH17))*(1+$AL17)*$BM17*$P17*(1+IF(VLOOKUP($Q17,武学奇术!$A:$ZZ,30,FALSE)="蓄力技",$B$21,0))*(1+$BQ17) -> 250160.81 | N17: =((($AN17+($AO17-$AN17)*IF(VLOOKUP($Q17,武学奇术!$A:$ZZ,31,FALSE)=1,$F$18,0.5))*$AH17+$AI17)*(1+$AP17)*(1+$AQ17)+(($AS17+($AT17-$AS17)*IF(VLOOKUP($Q17,武学奇术!$A:$ZZ,31,FALSE)=1,$F$18,0.5))*IF($G$1="鸣金",$AJ17,$AH17)+IF($G$1="鸣金",$AK17*1.5,0))*(1+$AU17)*(1+$AV17)+(($AW17+($AX17-$AW17)*IF(VLOOKUP($Q17,武学奇术!$A:$ZZ,31,FALSE)=1,$F$18,0.5))*IF($G$1="裂石",$AJ17,$AH17)+IF($G$1="裂石",$AK17*1.5,0))*(1+$AY17)*(1+$AZ17)+(($BA17+($BB17-$BA17)*IF(VLOOKUP($Q17,武学奇术!$A:$ZZ,31,FALSE)=1,$F$18,0.5))*IF($G$1="牵丝",$AJ17,$AH17)+IF($G$1="牵丝",$AK17*1.5,0))*(1+$BC17)*(1+$BD17)+(($BE17+($BF17-$BE17)*IF(VLOOKUP($Q17,武学奇术!$A:$ZZ,31,FALSE)=1,$F$18,0.5))*IF($G$1="破竹",$AJ17,$AH17)+IF($G$1="破竹",$AK17*1.5,0))*(1+$BG17)*(1+$BH17))*(1+$AL17)*$P17*(1+IF(VLOOKUP($Q17,武学奇术!$A:$ZZ,30,FALSE)="蓄力技",$B$21,0))*(1+$BQ17) -> 166740.2 | O17: =((($AN17*$AH17+$AI17)*(1+$AP17)*(1+$AQ17)+($AS17*IF($G$1="鸣金",$AJ17,$AH17)+IF($G$1="鸣金",$AK17*1.5,0))*(1+$AU17)*(1+$AV17)+($AW17*IF($G$1="裂石",$AJ17,$AH17)+IF($G$1="裂石",$AK17*1.5,0))*(1+$AY17)*(1+$AZ17)+($BA17*IF($G$1="牵丝",$AJ17,$AH17)+IF($G$1="牵丝",$AK17*1.5,0))*(1+$BC17)*(1+$BD17)+($BE17*IF($G$1="破竹",$AJ17,$AH17)+IF($G$1="破竹",$AK17*1.5,0))*(1+$BG17)*(1+$BH17))*(1+$AL17))*$P17*(1+IF(VLOOKUP($Q17,武学奇术!$A:$ZZ,30,FALSE)="蓄力技",$B$21,0))*(1+$BQ17) -> 148176.1 | P17: 1 | Q17: 拳甲R蓄4天志 | R17: 易水歌5层 | S17: 断石5层 | T17: 阴阳 | U17: 近战笛 | V17: N/a | W17: N/a | X17: 沧海帖3层 | Y17: 惧刃(拐) | Z17: 三穷 | AA17: N/a | AB17: N/a | AC17: N/a | AD17: N/a | AE17: 无惧 | AF17: 天志增伤 | AG17: =VLOOKUP($Q17,武学奇术!$A:$ZZ,25,FALSE) -> 拳甲 | AH17: =VLOOKUP($Q17,武学奇术!$A:$ZZ,26,FALSE) -> 6.4722 | AI17: =VLOOKUP($Q17,武学奇术!$A:$ZZ,27,FALSE)*(1+IF(OR($AG17=$F$4,$AG17=$F$5),$B$22,0)) -> 2504.88 | AJ17: =VLOOKUP($Q17,武学奇术!$A:$ZZ,28,FALSE) -> 9.70828 | AK17: =VLOOKUP($Q17,武学奇术!$A:$ZZ,29,FALSE)*(1+IF(OR($AG17=$F$4,$AG17=$F$5),$B$22,0)) -> 1365.84 | AL17: {=$G$3+IFERROR(VLOOKUP($AG17,$F$4:$G$7,2,FALSE),0)+VLOOKUP($Q17,武学奇术!$A:$ZZ,2,FALSE)+SUM(_xlfn.XLOOKUP($R17:$AF17,增益!$A:$A,增益!$B:$B,0))} -> 0.8741 | AM17: {=VLOOKUP($Q17,武学奇术!$A:$ZZ,5,FALSE)+SUM(_xlfn.XLOOKUP($R17:$AF17,增益!$A:$A,增益!$E:$E,0))} -> 0 | AN17: {=$D$10*(1+$AM17)+VLOOKUP($Q17,武学奇术!$A:$ZZ,3,FALSE)+SUM(_xlfn.XLOOKUP($R17:$AF17,增益!$A:$A,增益!$C:$C,0))-$I$2} -> 3804.006 | AO17: {=$E$10*(1+$AM17)+VLOOKUP($Q17,武学奇术!$A:$ZZ,4,FALSE)+SUM(_xlfn.XLOOKUP($R17:$AF17,增益!$A:$A,增益!$D:$D,0))-$I$2} -> 3804.006 | AP17: {=IF($F$10-$I$3+VLOOKUP($Q17,武学奇术!$A:$ZZ,6,FALSE)+SUM(_xlfn.XLOOKUP(R17:AF17,增益!$A:$A,增益!$F:$F,0))>0,($F$10-$I$3+VLOOKUP($Q17,武学奇术!$A:$ZZ,6,FALSE)+SUM(_xlfn.XLOOKUP(R17:AF17,增益!$A:$A,增益!$F:$F,0)))/200,($F$10-$I$3+VLOOKUP($Q17,武学奇术!$A:$ZZ,6,FALSE)+SUM(_xlfn.XLOOKUP(R17:AF17,增益!$A:$A,增益!$F:$F,0)))/100)} -> 0.472 | AQ17: {=$G$10+VLOOKUP($Q17,武学奇术!$A:$ZZ,7,FALSE)+SUM(_xlfn.XLOOKUP(R17:AF17,增益!$A:$A,增益!$G:$G,0))} -> 0.09 | AR17: {=VLOOKUP($Q17,武学奇术!$A:$ZZ,8,FALSE)+SUM(_xlfn.XLOOKUP(R17:AF17,增益!$A:$A,增益!$H:$H,0))} -> 0 | AS17: =$D$11*(1+$AR17) -> 0 | AT17: =$E$11*(1+$AR17) -> 0 | AU17: {=IF($F$11-$I$4+VLOOKUP($Q17,武学奇术!$A:$ZZ,9,FALSE)+SUM(_xlfn.XLOOKUP(R17:AF17,增益!$A:$A,增益!$I:$I,0))>0,($F$11-$I$4+VLOOKUP($Q17,武学奇术!$A:$ZZ,9,FALSE)+SUM(_xlfn.XLOOKUP(R17:AF17,增益!$A:$A,增益!$I:$I,0)))/200,($F$11-$I$4+VLOOKUP($Q17,武学奇术!$A:$ZZ,9,FALSE)+SUM(_xlfn.XLOOKUP(R17:AF17,增益!$A:$A,增益!$I:$I,0)))/100)} -> -0.08 | AV17: {=$G$11+VLOOKUP($Q17,武学奇术!$A:$ZZ,10,FALSE)+SUM(_xlfn.XLOOKUP(R17:AF17,增益!$A:$A,增益!$J:$J,0))} -> 0 | AW17: =$D$12*(1+$AR17) -> 0 | AX17: =$E$12*(1+$AR17) -> 0 | AY17: {=IF($F$12-$I$4+VLOOKUP($Q17,武学奇术!$A:$ZZ,11,FALSE)+SUM(_xlfn.XLOOKUP(R17:AF17,增益!$A:$A,增益!$K:$K,0))>0,($F$12-$I$4+VLOOKUP($Q17,武学奇术!$A:$ZZ,11,FALSE)+SUM(_xlfn.XLOOKUP(R17:AF17,增益!$A:$A,增益!$K:$K,0)))/200,($F$12-$I$4+VLOOKUP($Q17,武学奇术!$A:$ZZ,11,FALSE)+SUM(_xlfn.XLOOKUP(R17:AF17,增益!$A:$A,增益!$K:$K,0)))/100)} -> -0.08 | AZ17: {=$G$12+VLOOKUP($Q17,武学奇术!$A:$ZZ,12,FALSE)+SUM(_xlfn.XLOOKUP(R17:AF17,增益!$A:$A,增益!$L:$L,0))} -> 0 | BA17: =$D$13*(1+$AR17) -> 0 | BB17: =$E$13*(1+$AR17) -> 0 | BC17: {=IF($F$13-$I$4+VLOOKUP($Q17,武学奇术!$A:$ZZ,13,FALSE)+SUM(_xlfn.XLOOKUP(R17:AF17,增益!$A:$A,增益!$M:$M,0))>0,($F$13-$I$4+VLOOKUP($Q17,武学奇术!$A:$ZZ,13,FALSE)+SUM(_xlfn.XLOOKUP(R17:AF17,增益!$A:$A,增益!$K:$K,0)))/200,($F$13-$I$4+VLOOKUP($Q17,武学奇术!$A:$ZZ,13,FALSE)+SUM(_xlfn.XLOOKUP(R17:AF17,增益!$A:$A,增益!$M:$M,0)))/100)} -> -0.08 | BD17: {=$G$13+VLOOKUP($Q17,武学奇术!$A:$ZZ,14,FALSE)+SUM(_xlfn.XLOOKUP(R17:AF17,增益!$A:$A,增益!$N:$N,0))} -> 0 | BE17: =$D$14*(1+$AR17) -> 570.28 | BF17: =$E$14*(1+$AR17) -> 1582.156 | BG17: {=IF($F$14-$I$4+VLOOKUP($Q17,武学奇术!$A:$ZZ,15,FALSE)+SUM(_xlfn.XLOOKUP(R17:AF17,增益!$A:$A,增益!$O:$O,0))>0,($F$14-$I$4+VLOOKUP($Q17,武学奇术!$A:$ZZ,15,FALSE)+SUM(_xlfn.XLOOKUP(R17:AF17,增益!$A:$A,增益!$O:$O,0)))/200,($F$14-$I$4+VLOOKUP($Q17,武学奇术!$A:$ZZ,15,FALSE)+SUM(_xlfn.XLOOKUP(R17:AF17,增益!$A:$A,增益!$O:$O,0)))/100)} -> 0.11 | BH17: {=$G$14+VLOOKUP($Q17,武学奇术!$A:$ZZ,16,FALSE)+SUM(_xlfn.XLOOKUP(R17:AF17,增益!$A:$A,增益!$P:$P,0))} -> 0.24 | BI17: =MIN(IF(VLOOKUP($Q17,武学奇术!$A:$ZZ,23,FALSE)=1,100%,$B$8),100%) -> 1 | BJ17: {=IF(VLOOKUP($Q17,武学奇术!$A:$ZZ,23,FALSE)=1,100%,MIN(80%,$B$9+VLOOKUP($Q17,武学奇术!$A:$ZZ,17,FALSE)+SUM(_xlfn.XLOOKUP(R17:AF17,增益!$A:$A,增益!$Q:$Q,0)))+$B$11+SUM(_xlfn.XLOOKUP(R17:AF17,增益!$A:$A,增益!$U:$U,0)))*IF(VLOOKUP($Q17,武学奇术!$A:$ZZ,24,FALSE)=1,0,1)+MIN(IF(VLOOKUP($Q17,武学奇术!$A:$ZZ,32,FALSE)=1,IF(VLOOKUP($Q17,武学奇术!$A:$ZZ,24,FALSE)=1,100%,MIN(40%,$B$10+VLOOKUP($Q17,武学奇术!$A:$ZZ,19,FALSE)+SUM(_xlfn.XLOOKUP(R17:AF17,增益!$A:$A,增益!$S:$S,0)))+$B$12+SUM(_xlfn.XLOOKUP(R17:AF17,增益!$A:$A,增益!$V:$V,0))),0),12%)} -> 1.0075 | BK17: {=1+$B$13+VLOOKUP($Q17,武学奇术!$A:$ZZ,18,FALSE)+SUM(_xlfn.XLOOKUP(R17:AF17,增益!$A:$A,增益!$R:$R,0))} -> 2.32 | BL17: {=MAX(IF(VLOOKUP($Q17,武学奇术!$A:$ZZ,24,FALSE)=1,100%,MIN(40%,$B$10+VLOOKUP($Q17,武学奇术!$A:$ZZ,19,FALSE)+SUM(_xlfn.XLOOKUP(R17:AF17,增益!$A:$A,增益!$S:$S,0)))+$B$12+SUM(_xlfn.XLOOKUP(R17:AF17,增益!$A:$A,增益!$V:$V,0)))*IF(VLOOKUP($Q17,武学奇术!$A:$ZZ,23,FALSE)=1,0,1)-IF(VLOOKUP($Q17,武学奇术!$A:$ZZ,32,FALSE)=1,12%,0),0)} -> 0 | BM17: {=1+$B$14+VLOOKUP($Q17,武学奇术!$A:$ZZ,20,FALSE)+SUM(_xlfn.XLOOKUP(R17:AF17,增益!$A:$A,增益!$T:$T,0))} -> 1.35 | BN17: =MIN((1-BL17)*BI17,BI17*BJ17) -> 1 | BO17: =1-BL17-BN17-BP17 -> 0 | BP17: =IF(VLOOKUP($Q17,武学奇术!$A:$ZZ,22,FALSE)=1,0,(1-$BI17))*(1-$BL17) -> 0 | BQ17: {=SUM(_xlfn.XLOOKUP(R17:AF17,增益!$A:$A,增益!$W:$W,0))+$I$5} -> 0.11
A18: 绳镖增 | B18: 0 | C18: 虹 | D18: √ | E18: 高伤取值 | F18: 0.5 | H18: 机制时间 | I18: 10 | K18: =($L18*$BN18+$M18*$BL18+$N18*$BO18+$O18*$BP18) -> 57746.768 | L18: =((($AN18+($AO18-$AN18)*IF(VLOOKUP($Q18,武学奇术!$A:$ZZ,31,FALSE)=1,$F$18,0.5))*$AH18+$AI18)*(1+$AP18)*(1+$AQ18)+(($AS18+($AT18-$AS18)*IF(VLOOKUP($Q18,武学奇术!$A:$ZZ,31,FALSE)=1,$F$18,0.5))*IF($G$1="鸣金",$AJ18,$AH18)+IF($G$1="鸣金",$AK18*1.5,0))*(1+$AU18)*(1+$AV18)+(($AW18+($AX18-$AW18)*IF(VLOOKUP($Q18,武学奇术!$A:$ZZ,31,FALSE)=1,$F$18,0.5))*IF($G$1="裂石",$AJ18,$AH18)+IF($G$1="裂石",$AK18*1.5,0))*(1+$AY18)*(1+$AZ18)+(($BA18+($BB18-$BA18)*IF(VLOOKUP($Q18,武学奇术!$A:$ZZ,31,FALSE)=1,$F$18,0.5))*IF($G$1="牵丝",$AJ18,$AH18)+IF($G$1="牵丝",$AK18*1.5,0))*(1+$BC18)*(1+$BD18)+(($BE18+($BF18-$BE18)*IF(VLOOKUP($Q18,武学奇术!$A:$ZZ,31,FALSE)=1,$F$18,0.5))*IF($G$1="破竹",$AJ18,$AH18)+IF($G$1="破竹",$AK18*1.5,0))*(1+$BG18)*(1+$BH18))*(1+$AL18)*$BK18*$P18*(1+IF(VLOOKUP($Q18,武学奇术!$A:$ZZ,30,FALSE)="蓄力技",$B$21,0))*(1+$BQ18) -> 57978.126 | M18: =(($AO18*$AH18+$AI18)*(1+$AP18)*(1+$AQ18)+($AT18*IF($G$1="鸣金",$AJ18,$AH18)+IF($G$1="鸣金",$AK18*1.5,0))*(1+$AU18)*(1+$AV18)+($AX18*IF($G$1="裂石",$AJ18,$AH18)+IF($G$1="裂石",$AK18*1.5,0))*(1+$AY18)*(1+$AZ18)+($BB18*IF($G$1="牵丝",$AJ18,$AH18)+IF($G$1="牵丝",$AK18*1.5,0))*(1+$BC18)*(1+$BD18)+($BF18*IF($G$1="破竹",$AJ18,$AH18)+IF($G$1="破竹",$AK18*1.5,0))*(1+$BG18)*(1+$BH18))*(1+$AL18)*$BM18*$P18*(1+IF(VLOOKUP($Q18,武学奇术!$A:$ZZ,30,FALSE)="蓄力技",$B$21,0))*(1+$BQ18) -> 55393.127 | N18: =((($AN18+($AO18-$AN18)*IF(VLOOKUP($Q18,武学奇术!$A:$ZZ,31,FALSE)=1,$F$18,0.5))*$AH18+$AI18)*(1+$AP18)*(1+$AQ18)+(($AS18+($AT18-$AS18)*IF(VLOOKUP($Q18,武学奇术!$A:$ZZ,31,FALSE)=1,$F$18,0.5))*IF($G$1="鸣金",$AJ18,$AH18)+IF($G$1="鸣金",$AK18*1.5,0))*(1+$AU18)*(1+$AV18)+(($AW18+($AX18-$AW18)*IF(VLOOKUP($Q18,武学奇术!$A:$ZZ,31,FALSE)=1,$F$18,0.5))*IF($G$1="裂石",$AJ18,$AH18)+IF($G$1="裂石",$AK18*1.5,0))*(1+$AY18)*(1+$AZ18)+(($BA18+($BB18-$BA18)*IF(VLOOKUP($Q18,武学奇术!$A:$ZZ,31,FALSE)=1,$F$18,0.5))*IF($G$1="牵丝",$AJ18,$AH18)+IF($G$1="牵丝",$AK18*1.5,0))*(1+$BC18)*(1+$BD18)+(($BE18+($BF18-$BE18)*IF(VLOOKUP($Q18,武学奇术!$A:$ZZ,31,FALSE)=1,$F$18,0.5))*IF($G$1="破竹",$AJ18,$AH18)+IF($G$1="破竹",$AK18*1.5,0))*(1+$BG18)*(1+$BH18))*(1+$AL18)*$P18*(1+IF(VLOOKUP($Q18,武学奇术!$A:$ZZ,30,FALSE)="蓄力技",$B$21,0))*(1+$BQ18) -> 36695.016 | O18: =((($AN18*$AH18+$AI18)*(1+$AP18)*(1+$AQ18)+($AS18*IF($G$1="鸣金",$AJ18,$AH18)+IF($G$1="鸣金",$AK18*1.5,0))*(1+$AU18)*(1+$AV18)+($AW18*IF($G$1="裂石",$AJ18,$AH18)+IF($G$1="裂石",$AK18*1.5,0))*(1+$AY18)*(1+$AZ18)+($BA18*IF($G$1="牵丝",$AJ18,$AH18)+IF($G$1="牵丝",$AK18*1.5,0))*(1+$BC18)*(1+$BD18)+($BE18*IF($G$1="破竹",$AJ18,$AH18)+IF($G$1="破竹",$AK18*1.5,0))*(1+$BG18)*(1+$BH18))*(1+$AL18))*$P18*(1+IF(VLOOKUP($Q18,武学奇术!$A:$ZZ,30,FALSE)="蓄力技",$B$21,0))*(1+$BQ18) -> 32358.087 | P18: 1 | Q18: 拳甲～ | R18: 易水歌5层 | S18: N/a | T18: 阴阳 | U18: 近战笛 | V18: N/a | W18: N/a | X18: 沧海帖4层 | Y18: 惧刃(拐) | Z18: N/a | AA18: N/a | AB18: N/a | AC18: N/a | AD18: N/a | AE18: 无惧 | AF18: 天志增伤 | AG18: =VLOOKUP($Q18,武学奇术!$A:$ZZ,25,FALSE) -> 拳甲 | AH18: =VLOOKUP($Q18,武学奇术!$A:$ZZ,26,FALSE) -> 2.4421 | AI18: =VLOOKUP($Q18,武学奇术!$A:$ZZ,27,FALSE)*(1+IF(OR($AG18=$F$4,$AG18=$F$5),$B$22,0)) -> 945 | AJ18: =VLOOKUP($Q18,武学奇术!$A:$ZZ,28,FALSE) -> 3.6634 | AK18: =VLOOKUP($Q18,武学奇术!$A:$ZZ,29,FALSE)*(1+IF(OR($AG18=$F$4,$AG18=$F$5),$B$22,0)) -> 512.4 | AL18: {=$G$3+IFERROR(VLOOKUP($AG18,$F$4:$G$7,2,FALSE),0)+VLOOKUP($Q18,武学奇术!$A:$ZZ,2,FALSE)+SUM(_xlfn.XLOOKUP($R18:$AF18,增益!$A:$A,增益!$B:$B,0))} -> 0.5741 | AM18: {=VLOOKUP($Q18,武学奇术!$A:$ZZ,5,FALSE)+SUM(_xlfn.XLOOKUP($R18:$AF18,增益!$A:$A,增益!$E:$E,0))} -> 0 | AN18: {=$D$10*(1+$AM18)+VLOOKUP($Q18,武学奇术!$A:$ZZ,3,FALSE)+SUM(_xlfn.XLOOKUP($R18:$AF18,增益!$A:$A,增益!$C:$C,0))-$I$2} -> 3804.006 | AO18: {=$E$10*(1+$AM18)+VLOOKUP($Q18,武学奇术!$A:$ZZ,4,FALSE)+SUM(_xlfn.XLOOKUP($R18:$AF18,增益!$A:$A,增益!$D:$D,0))-$I$2} -> 3804.006 | AP18: {=IF($F$10-$I$3+VLOOKUP($Q18,武学奇术!$A:$ZZ,6,FALSE)+SUM(_xlfn.XLOOKUP(R18:AF18,增益!$A:$A,增益!$F:$F,0))>0,($F$10-$I$3+VLOOKUP($Q18,武学奇术!$A:$ZZ,6,FALSE)+SUM(_xlfn.XLOOKUP(R18:AF18,增益!$A:$A,增益!$F:$F,0)))/200,($F$10-$I$3+VLOOKUP($Q18,武学奇术!$A:$ZZ,6,FALSE)+SUM(_xlfn.XLOOKUP(R18:AF18,增益!$A:$A,增益!$F:$F,0)))/100)} -> 0.317 | AQ18: {=$G$10+VLOOKUP($Q18,武学奇术!$A:$ZZ,7,FALSE)+SUM(_xlfn.XLOOKUP(R18:AF18,增益!$A:$A,增益!$G:$G,0))} -> 0.09 | AR18: {=VLOOKUP($Q18,武学奇术!$A:$ZZ,8,FALSE)+SUM(_xlfn.XLOOKUP(R18:AF18,增益!$A:$A,增益!$H:$H,0))} -> 0 | AS18: =$D$11*(1+$AR18) -> 0 | AT18: =$E$11*(1+$AR18) -> 0 | AU18: {=IF($F$11-$I$4+VLOOKUP($Q18,武学奇术!$A:$ZZ,9,FALSE)+SUM(_xlfn.XLOOKUP(R18:AF18,增益!$A:$A,增益!$I:$I,0))>0,($F$11-$I$4+VLOOKUP($Q18,武学奇术!$A:$ZZ,9,FALSE)+SUM(_xlfn.XLOOKUP(R18:AF18,增益!$A:$A,增益!$I:$I,0)))/200,($F$11-$I$4+VLOOKUP($Q18,武学奇术!$A:$ZZ,9,FALSE)+SUM(_xlfn.XLOOKUP(R18:AF18,增益!$A:$A,增益!$I:$I,0)))/100)} -> -0.14 | AV18: {=$G$11+VLOOKUP($Q18,武学奇术!$A:$ZZ,10,FALSE)+SUM(_xlfn.XLOOKUP(R18:AF18,增益!$A:$A,增益!$J:$J,0))} -> 0 | AW18: =$D$12*(1+$AR18) -> 0 | AX18: =$E$12*(1+$AR18) -> 0 | AY18: {=IF($F$12-$I$4+VLOOKUP($Q18,武学奇术!$A:$ZZ,11,FALSE)+SUM(_xlfn.XLOOKUP(R18:AF18,增益!$A:$A,增益!$K:$K,0))>0,($F$12-$I$4+VLOOKUP($Q18,武学奇术!$A:$ZZ,11,FALSE)+SUM(_xlfn.XLOOKUP(R18:AF18,增益!$A:$A,增益!$K:$K,0)))/200,($F$12-$I$4+VLOOKUP($Q18,武学奇术!$A:$ZZ,11,FALSE)+SUM(_xlfn.XLOOKUP(R18:AF18,增益!$A:$A,增益!$K:$K,0)))/100)} -> -0.14 | AZ18: {=$G$12+VLOOKUP($Q18,武学奇术!$A:$ZZ,12,FALSE)+SUM(_xlfn.XLOOKUP(R18:AF18,增益!$A:$A,增益!$L:$L,0))} -> 0 | BA18: =$D$13*(1+$AR18) -> 0 | BB18: =$E$13*(1+$AR18) -> 0 | BC18: {=IF($F$13-$I$4+VLOOKUP($Q18,武学奇术!$A:$ZZ,13,FALSE)+SUM(_xlfn.XLOOKUP(R18:AF18,增益!$A:$A,增益!$M:$M,0))>0,($F$13-$I$4+VLOOKUP($Q18,武学奇术!$A:$ZZ,13,FALSE)+SUM(_xlfn.XLOOKUP(R18:AF18,增益!$A:$A,增益!$K:$K,0)))/200,($F$13-$I$4+VLOOKUP($Q18,武学奇术!$A:$ZZ,13,FALSE)+SUM(_xlfn.XLOOKUP(R18:AF18,增益!$A:$A,增益!$M:$M,0)))/100)} -> -0.14 | BD18: {=$G$13+VLOOKUP($Q18,武学奇术!$A:$ZZ,14,FALSE)+SUM(_xlfn.XLOOKUP(R18:AF18,增益!$A:$A,增益!$N:$N,0))} -> 0 | BE18: =$D$14*(1+$AR18) -> 570.28 | BF18: =$E$14*(1+$AR18) -> 1582.156 | BG18: {=IF($F$14-$I$4+VLOOKUP($Q18,武学奇术!$A:$ZZ,15,FALSE)+SUM(_xlfn.XLOOKUP(R18:AF18,增益!$A:$A,增益!$O:$O,0))>0,($F$14-$I$4+VLOOKUP($Q18,武学奇术!$A:$ZZ,15,FALSE)+SUM(_xlfn.XLOOKUP(R18:AF18,增益!$A:$A,增益!$O:$O,0)))/200,($F$14-$I$4+VLOOKUP($Q18,武学奇术!$A:$ZZ,15,FALSE)+SUM(_xlfn.XLOOKUP(R18:AF18,增益!$A:$A,增益!$O:$O,0)))/100)} -> 0.08 | BH18: {=$G$14+VLOOKUP($Q18,武学奇术!$A:$ZZ,16,FALSE)+SUM(_xlfn.XLOOKUP(R18:AF18,增益!$A:$A,增益!$P:$P,0))} -> 0.24 | BI18: =MIN(IF(VLOOKUP($Q18,武学奇术!$A:$ZZ,23,FALSE)=1,100%,$B$8),100%) -> 1 | BJ18: {=IF(VLOOKUP($Q18,武学奇术!$A:$ZZ,23,FALSE)=1,100%,MIN(80%,$B$9+VLOOKUP($Q18,武学奇术!$A:$ZZ,17,FALSE)+SUM(_xlfn.XLOOKUP(R18:AF18,增益!$A:$A,增益!$Q:$Q,0)))+$B$11+SUM(_xlfn.XLOOKUP(R18:AF18,增益!$A:$A,增益!$U:$U,0)))*IF(VLOOKUP($Q18,武学奇术!$A:$ZZ,24,FALSE)=1,0,1)+MIN(IF(VLOOKUP($Q18,武学奇术!$A:$ZZ,32,FALSE)=1,IF(VLOOKUP($Q18,武学奇术!$A:$ZZ,24,FALSE)=1,100%,MIN(40%,$B$10+VLOOKUP($Q18,武学奇术!$A:$ZZ,19,FALSE)+SUM(_xlfn.XLOOKUP(R18:AF18,增益!$A:$A,增益!$S:$S,0)))+$B$12+SUM(_xlfn.XLOOKUP(R18:AF18,增益!$A:$A,增益!$V:$V,0))),0),12%)} -> 0.918 | BK18: {=1+$B$13+VLOOKUP($Q18,武学奇术!$A:$ZZ,18,FALSE)+SUM(_xlfn.XLOOKUP(R18:AF18,增益!$A:$A,增益!$R:$R,0))} -> 1.58 | BL18: {=MAX(IF(VLOOKUP($Q18,武学奇术!$A:$ZZ,24,FALSE)=1,100%,MIN(40%,$B$10+VLOOKUP($Q18,武学奇术!$A:$ZZ,19,FALSE)+SUM(_xlfn.XLOOKUP(R18:AF18,增益!$A:$A,增益!$S:$S,0)))+$B$12+SUM(_xlfn.XLOOKUP(R18:AF18,增益!$A:$A,增益!$V:$V,0)))*IF(VLOOKUP($Q18,武学奇术!$A:$ZZ,23,FALSE)=1,0,1)-IF(VLOOKUP($Q18,武学奇术!$A:$ZZ,32,FALSE)=1,12%,0),0)} -> 0.0895 | BM18: {=1+$B$14+VLOOKUP($Q18,武学奇术!$A:$ZZ,20,FALSE)+SUM(_xlfn.XLOOKUP(R18:AF18,增益!$A:$A,增益!$T:$T,0))} -> 1.35 | BN18: =MIN((1-BL18)*BI18,BI18*BJ18) -> 0.9105 | BO18: =1-BL18-BN18-BP18 -> 0 | BP18: =IF(VLOOKUP($Q18,武学奇术!$A:$ZZ,22,FALSE)=1,0,(1-$BI18))*(1-$BL18) -> 0 | BQ18: {=SUM(_xlfn.XLOOKUP(R18:AF18,增益!$A:$A,增益!$W:$W,0))+$I$5} -> 0.11
A19: 单体奇术增 | B19: 0 | C19: 钧 | D19: √ | K19: =($L19*$BN19+$M19*$BL19+$N19*$BO19+$O19*$BP19) -> 30473.161 | L19: =((($AN19+($AO19-$AN19)*IF(VLOOKUP($Q19,武学奇术!$A:$ZZ,31,FALSE)=1,$F$18,0.5))*$AH19+$AI19)*(1+$AP19)*(1+$AQ19)+(($AS19+($AT19-$AS19)*IF(VLOOKUP($Q19,武学奇术!$A:$ZZ,31,FALSE)=1,$F$18,0.5))*IF($G$1="鸣金",$AJ19,$AH19)+IF($G$1="鸣金",$AK19*1.5,0))*(1+$AU19)*(1+$AV19)+(($AW19+($AX19-$AW19)*IF(VLOOKUP($Q19,武学奇术!$A:$ZZ,31,FALSE)=1,$F$18,0.5))*IF($G$1="裂石",$AJ19,$AH19)+IF($G$1="裂石",$AK19*1.5,0))*(1+$AY19)*(1+$AZ19)+(($BA19+($BB19-$BA19)*IF(VLOOKUP($Q19,武学奇术!$A:$ZZ,31,FALSE)=1,$F$18,0.5))*IF($G$1="牵丝",$AJ19,$AH19)+IF($G$1="牵丝",$AK19*1.5,0))*(1+$BC19)*(1+$BD19)+(($BE19+($BF19-$BE19)*IF(VLOOKUP($Q19,武学奇术!$A:$ZZ,31,FALSE)=1,$F$18,0.5))*IF($G$1="破竹",$AJ19,$AH19)+IF($G$1="破竹",$AK19*1.5,0))*(1+$BG19)*(1+$BH19))*(1+$AL19)*$BK19*$P19*(1+IF(VLOOKUP($Q19,武学奇术!$A:$ZZ,30,FALSE)="蓄力技",$B$21,0))*(1+$BQ19) -> 30595.522 | M19: =(($AO19*$AH19+$AI19)*(1+$AP19)*(1+$AQ19)+($AT19*IF($G$1="鸣金",$AJ19,$AH19)+IF($G$1="鸣金",$AK19*1.5,0))*(1+$AU19)*(1+$AV19)+($AX19*IF($G$1="裂石",$AJ19,$AH19)+IF($G$1="裂石",$AK19*1.5,0))*(1+$AY19)*(1+$AZ19)+($BB19*IF($G$1="牵丝",$AJ19,$AH19)+IF($G$1="牵丝",$AK19*1.5,0))*(1+$BC19)*(1+$BD19)+($BF19*IF($G$1="破竹",$AJ19,$AH19)+IF($G$1="破竹",$AK19*1.5,0))*(1+$BG19)*(1+$BH19))*(1+$AL19)*$BM19*$P19*(1+IF(VLOOKUP($Q19,武学奇术!$A:$ZZ,30,FALSE)="蓄力技",$B$21,0))*(1+$BQ19) -> 29228.352 | N19: =((($AN19+($AO19-$AN19)*IF(VLOOKUP($Q19,武学奇术!$A:$ZZ,31,FALSE)=1,$F$18,0.5))*$AH19+$AI19)*(1+$AP19)*(1+$AQ19)+(($AS19+($AT19-$AS19)*IF(VLOOKUP($Q19,武学奇术!$A:$ZZ,31,FALSE)=1,$F$18,0.5))*IF($G$1="鸣金",$AJ19,$AH19)+IF($G$1="鸣金",$AK19*1.5,0))*(1+$AU19)*(1+$AV19)+(($AW19+($AX19-$AW19)*IF(VLOOKUP($Q19,武学奇术!$A:$ZZ,31,FALSE)=1,$F$18,0.5))*IF($G$1="裂石",$AJ19,$AH19)+IF($G$1="裂石",$AK19*1.5,0))*(1+$AY19)*(1+$AZ19)+(($BA19+($BB19-$BA19)*IF(VLOOKUP($Q19,武学奇术!$A:$ZZ,31,FALSE)=1,$F$18,0.5))*IF($G$1="牵丝",$AJ19,$AH19)+IF($G$1="牵丝",$AK19*1.5,0))*(1+$BC19)*(1+$BD19)+(($BE19+($BF19-$BE19)*IF(VLOOKUP($Q19,武学奇术!$A:$ZZ,31,FALSE)=1,$F$18,0.5))*IF($G$1="破竹",$AJ19,$AH19)+IF($G$1="破竹",$AK19*1.5,0))*(1+$BG19)*(1+$BH19))*(1+$AL19)*$P19*(1+IF(VLOOKUP($Q19,武学奇术!$A:$ZZ,30,FALSE)="蓄力技",$B$21,0))*(1+$BQ19) -> 19364.255 | O19: =((($AN19*$AH19+$AI19)*(1+$AP19)*(1+$AQ19)+($AS19*IF($G$1="鸣金",$AJ19,$AH19)+IF($G$1="鸣金",$AK19*1.5,0))*(1+$AU19)*(1+$AV19)+($AW19*IF($G$1="裂石",$AJ19,$AH19)+IF($G$1="裂石",$AK19*1.5,0))*(1+$AY19)*(1+$AZ19)+($BA19*IF($G$1="牵丝",$AJ19,$AH19)+IF($G$1="牵丝",$AK19*1.5,0))*(1+$BC19)*(1+$BD19)+($BE19*IF($G$1="破竹",$AJ19,$AH19)+IF($G$1="破竹",$AK19*1.5,0))*(1+$BG19)*(1+$BH19))*(1+$AL19))*$P19*(1+IF(VLOOKUP($Q19,武学奇术!$A:$ZZ,30,FALSE)="蓄力技",$B$21,0))*(1+$BQ19) -> 17077.878 | P19: 1 | Q19: 拳甲轻击56 | R19: 易水歌5层 | S19: N/a | T19: 阴阳 | U19: 近战笛 | V19: N/a | W19: N/a | X19: 沧海帖4层 | Y19: 惧刃(拐) | Z19: N/a | AA19: N/a | AB19: N/a | AC19: N/a | AD19: N/a | AE19: 无惧 | AF19: 天志增伤 | AG19: =VLOOKUP($Q19,武学奇术!$A:$ZZ,25,FALSE) -> 拳甲 | AH19: =VLOOKUP($Q19,武学奇术!$A:$ZZ,26,FALSE) -> 1.2876 | AI19: =VLOOKUP($Q19,武学奇术!$A:$ZZ,27,FALSE)*(1+IF(OR($AG19=$F$4,$AG19=$F$5),$B$22,0)) -> 501.2 | AJ19: =VLOOKUP($Q19,武学奇术!$A:$ZZ,28,FALSE) -> 1.9313 | AK19: =VLOOKUP($Q19,武学奇术!$A:$ZZ,29,FALSE)*(1+IF(OR($AG19=$F$4,$AG19=$F$5),$B$22,0)) -> 273 | AL19: {=$G$3+IFERROR(VLOOKUP($AG19,$F$4:$G$7,2,FALSE),0)+VLOOKUP($Q19,武学奇术!$A:$ZZ,2,FALSE)+SUM(_xlfn.XLOOKUP($R19:$AF19,增益!$A:$A,增益!$B:$B,0))} -> 0.5741 | AM19: {=VLOOKUP($Q19,武学奇术!$A:$ZZ,5,FALSE)+SUM(_xlfn.XLOOKUP($R19:$AF19,增益!$A:$A,增益!$E:$E,0))} -> 0 | AN19: {=$D$10*(1+$AM19)+VLOOKUP($Q19,武学奇术!$A:$ZZ,3,FALSE)+SUM(_xlfn.XLOOKUP($R19:$AF19,增益!$A:$A,增益!$C:$C,0))-$I$2} -> 3804.006 | AO19: {=$E$10*(1+$AM19)+VLOOKUP($Q19,武学奇术!$A:$ZZ,4,FALSE)+SUM(_xlfn.XLOOKUP($R19:$AF19,增益!$A:$A,增益!$D:$D,0))-$I$2} -> 3804.006 | AP19: {=IF($F$10-$I$3+VLOOKUP($Q19,武学奇术!$A:$ZZ,6,FALSE)+SUM(_xlfn.XLOOKUP(R19:AF19,增益!$A:$A,增益!$F:$F,0))>0,($F$10-$I$3+VLOOKUP($Q19,武学奇术!$A:$ZZ,6,FALSE)+SUM(_xlfn.XLOOKUP(R19:AF19,增益!$A:$A,增益!$F:$F,0)))/200,($F$10-$I$3+VLOOKUP($Q19,武学奇术!$A:$ZZ,6,FALSE)+SUM(_xlfn.XLOOKUP(R19:AF19,增益!$A:$A,增益!$F:$F,0)))/100)} -> 0.317 | AQ19: {=$G$10+VLOOKUP($Q19,武学奇术!$A:$ZZ,7,FALSE)+SUM(_xlfn.XLOOKUP(R19:AF19,增益!$A:$A,增益!$G:$G,0))} -> 0.09 | AR19: {=VLOOKUP($Q19,武学奇术!$A:$ZZ,8,FALSE)+SUM(_xlfn.XLOOKUP(R19:AF19,增益!$A:$A,增益!$H:$H,0))} -> 0 | AS19: =$D$11*(1+$AR19) -> 0 | AT19: =$E$11*(1+$AR19) -> 0 | AU19: {=IF($F$11-$I$4+VLOOKUP($Q19,武学奇术!$A:$ZZ,9,FALSE)+SUM(_xlfn.XLOOKUP(R19:AF19,增益!$A:$A,增益!$I:$I,0))>0,($F$11-$I$4+VLOOKUP($Q19,武学奇术!$A:$ZZ,9,FALSE)+SUM(_xlfn.XLOOKUP(R19:AF19,增益!$A:$A,增益!$I:$I,0)))/200,($F$11-$I$4+VLOOKUP($Q19,武学奇术!$A:$ZZ,9,FALSE)+SUM(_xlfn.XLOOKUP(R19:AF19,增益!$A:$A,增益!$I:$I,0)))/100)} -> -0.14 | AV19: {=$G$11+VLOOKUP($Q19,武学奇术!$A:$ZZ,10,FALSE)+SUM(_xlfn.XLOOKUP(R19:AF19,增益!$A:$A,增益!$J:$J,0))} -> 0 | AW19: =$D$12*(1+$AR19) -> 0 | AX19: =$E$12*(1+$AR19) -> 0 | AY19: {=IF($F$12-$I$4+VLOOKUP($Q19,武学奇术!$A:$ZZ,11,FALSE)+SUM(_xlfn.XLOOKUP(R19:AF19,增益!$A:$A,增益!$K:$K,0))>0,($F$12-$I$4+VLOOKUP($Q19,武学奇术!$A:$ZZ,11,FALSE)+SUM(_xlfn.XLOOKUP(R19:AF19,增益!$A:$A,增益!$K:$K,0)))/200,($F$12-$I$4+VLOOKUP($Q19,武学奇术!$A:$ZZ,11,FALSE)+SUM(_xlfn.XLOOKUP(R19:AF19,增益!$A:$A,增益!$K:$K,0)))/100)} -> -0.14 | AZ19: {=$G$12+VLOOKUP($Q19,武学奇术!$A:$ZZ,12,FALSE)+SUM(_xlfn.XLOOKUP(R19:AF19,增益!$A:$A,增益!$L:$L,0))} -> 0 | BA19: =$D$13*(1+$AR19) -> 0 | BB19: =$E$13*(1+$AR19) -> 0 | BC19: {=IF($F$13-$I$4+VLOOKUP($Q19,武学奇术!$A:$ZZ,13,FALSE)+SUM(_xlfn.XLOOKUP(R19:AF19,增益!$A:$A,增益!$M:$M,0))>0,($F$13-$I$4+VLOOKUP($Q19,武学奇术!$A:$ZZ,13,FALSE)+SUM(_xlfn.XLOOKUP(R19:AF19,增益!$A:$A,增益!$K:$K,0)))/200,($F$13-$I$4+VLOOKUP($Q19,武学奇术!$A:$ZZ,13,FALSE)+SUM(_xlfn.XLOOKUP(R19:AF19,增益!$A:$A,增益!$M:$M,0)))/100)} -> -0.14 | BD19: {=$G$13+VLOOKUP($Q19,武学奇术!$A:$ZZ,14,FALSE)+SUM(_xlfn.XLOOKUP(R19:AF19,增益!$A:$A,增益!$N:$N,0))} -> 0 | BE19: =$D$14*(1+$AR19) -> 570.28 | BF19: =$E$14*(1+$AR19) -> 1582.156 | BG19: {=IF($F$14-$I$4+VLOOKUP($Q19,武学奇术!$A:$ZZ,15,FALSE)+SUM(_xlfn.XLOOKUP(R19:AF19,增益!$A:$A,增益!$O:$O,0))>0,($F$14-$I$4+VLOOKUP($Q19,武学奇术!$A:$ZZ,15,FALSE)+SUM(_xlfn.XLOOKUP(R19:AF19,增益!$A:$A,增益!$O:$O,0)))/200,($F$14-$I$4+VLOOKUP($Q19,武学奇术!$A:$ZZ,15,FALSE)+SUM(_xlfn.XLOOKUP(R19:AF19,增益!$A:$A,增益!$O:$O,0)))/100)} -> 0.08 | BH19: {=$G$14+VLOOKUP($Q19,武学奇术!$A:$ZZ,16,FALSE)+SUM(_xlfn.XLOOKUP(R19:AF19,增益!$A:$A,增益!$P:$P,0))} -> 0.24 | BI19: =MIN(IF(VLOOKUP($Q19,武学奇术!$A:$ZZ,23,FALSE)=1,100%,$B$8),100%) -> 1 | BJ19: {=IF(VLOOKUP($Q19,武学奇术!$A:$ZZ,23,FALSE)=1,100%,MIN(80%,$B$9+VLOOKUP($Q19,武学奇术!$A:$ZZ,17,FALSE)+SUM(_xlfn.XLOOKUP(R19:AF19,增益!$A:$A,增益!$Q:$Q,0)))+$B$11+SUM(_xlfn.XLOOKUP(R19:AF19,增益!$A:$A,增益!$U:$U,0)))*IF(VLOOKUP($Q19,武学奇术!$A:$ZZ,24,FALSE)=1,0,1)+MIN(IF(VLOOKUP($Q19,武学奇术!$A:$ZZ,32,FALSE)=1,IF(VLOOKUP($Q19,武学奇术!$A:$ZZ,24,FALSE)=1,100%,MIN(40%,$B$10+VLOOKUP($Q19,武学奇术!$A:$ZZ,19,FALSE)+SUM(_xlfn.XLOOKUP(R19:AF19,增益!$A:$A,增益!$S:$S,0)))+$B$12+SUM(_xlfn.XLOOKUP(R19:AF19,增益!$A:$A,增益!$V:$V,0))),0),12%)} -> 0.918 | BK19: {=1+$B$13+VLOOKUP($Q19,武学奇术!$A:$ZZ,18,FALSE)+SUM(_xlfn.XLOOKUP(R19:AF19,增益!$A:$A,增益!$R:$R,0))} -> 1.58 | BL19: {=MAX(IF(VLOOKUP($Q19,武学奇术!$A:$ZZ,24,FALSE)=1,100%,MIN(40%,$B$10+VLOOKUP($Q19,武学奇术!$A:$ZZ,19,FALSE)+SUM(_xlfn.XLOOKUP(R19:AF19,增益!$A:$A,增益!$S:$S,0)))+$B$12+SUM(_xlfn.XLOOKUP(R19:AF19,增益!$A:$A,增益!$V:$V,0)))*IF(VLOOKUP($Q19,武学奇术!$A:$ZZ,23,FALSE)=1,0,1)-IF(VLOOKUP($Q19,武学奇术!$A:$ZZ,32,FALSE)=1,12%,0),0)} -> 0.0895 | BM19: {=1+$B$14+VLOOKUP($Q19,武学奇术!$A:$ZZ,20,FALSE)+SUM(_xlfn.XLOOKUP(R19:AF19,增益!$A:$A,增益!$T:$T,0))} -> 1.35 | BN19: =MIN((1-BL19)*BI19,BI19*BJ19) -> 0.9105 | BO19: =1-BL19-BN19-BP19 -> 0 | BP19: =IF(VLOOKUP($Q19,武学奇术!$A:$ZZ,22,FALSE)=1,0,(1-$BI19))*(1-$BL19) -> 0 | BQ19: {=SUM(_xlfn.XLOOKUP(R19:AF19,增益!$A:$A,增益!$W:$W,0))+$I$5} -> 0.11
A20: 群体奇术增 | B20: 0 | C20: 影 | D20: √ | K20: =($L20*$BN20+$M20*$BL20+$N20*$BO20+$O20*$BP20) -> 70070.663 | L20: =((($AN20+($AO20-$AN20)*IF(VLOOKUP($Q20,武学奇术!$A:$ZZ,31,FALSE)=1,$F$18,0.5))*$AH20+$AI20)*(1+$AP20)*(1+$AQ20)+(($AS20+($AT20-$AS20)*IF(VLOOKUP($Q20,武学奇术!$A:$ZZ,31,FALSE)=1,$F$18,0.5))*IF($G$1="鸣金",$AJ20,$AH20)+IF($G$1="鸣金",$AK20*1.5,0))*(1+$AU20)*(1+$AV20)+(($AW20+($AX20-$AW20)*IF(VLOOKUP($Q20,武学奇术!$A:$ZZ,31,FALSE)=1,$F$18,0.5))*IF($G$1="裂石",$AJ20,$AH20)+IF($G$1="裂石",$AK20*1.5,0))*(1+$AY20)*(1+$AZ20)+(($BA20+($BB20-$BA20)*IF(VLOOKUP($Q20,武学奇术!$A:$ZZ,31,FALSE)=1,$F$18,0.5))*IF($G$1="牵丝",$AJ20,$AH20)+IF($G$1="牵丝",$AK20*1.5,0))*(1+$BC20)*(1+$BD20)+(($BE20+($BF20-$BE20)*IF(VLOOKUP($Q20,武学奇术!$A:$ZZ,31,FALSE)=1,$F$18,0.5))*IF($G$1="破竹",$AJ20,$AH20)+IF($G$1="破竹",$AK20*1.5,0))*(1+$BG20)*(1+$BH20))*(1+$AL20)*$BK20*$P20*(1+IF(VLOOKUP($Q20,武学奇术!$A:$ZZ,30,FALSE)="蓄力技",$B$21,0))*(1+$BQ20) -> 71255.826 | M20: =(($AO20*$AH20+$AI20)*(1+$AP20)*(1+$AQ20)+($AT20*IF($G$1="鸣金",$AJ20,$AH20)+IF($G$1="鸣金",$AK20*1.5,0))*(1+$AU20)*(1+$AV20)+($AX20*IF($G$1="裂石",$AJ20,$AH20)+IF($G$1="裂石",$AK20*1.5,0))*(1+$AY20)*(1+$AZ20)+($BB20*IF($G$1="牵丝",$AJ20,$AH20)+IF($G$1="牵丝",$AK20*1.5,0))*(1+$BC20)*(1+$BD20)+($BF20*IF($G$1="破竹",$AJ20,$AH20)+IF($G$1="破竹",$AK20*1.5,0))*(1+$BG20)*(1+$BH20))*(1+$AL20)*$BM20*$P20*(1+IF(VLOOKUP($Q20,武学奇术!$A:$ZZ,30,FALSE)="蓄力技",$B$21,0))*(1+$BQ20) -> 58013.78 | N20: =((($AN20+($AO20-$AN20)*IF(VLOOKUP($Q20,武学奇术!$A:$ZZ,31,FALSE)=1,$F$18,0.5))*$AH20+$AI20)*(1+$AP20)*(1+$AQ20)+(($AS20+($AT20-$AS20)*IF(VLOOKUP($Q20,武学奇术!$A:$ZZ,31,FALSE)=1,$F$18,0.5))*IF($G$1="鸣金",$AJ20,$AH20)+IF($G$1="鸣金",$AK20*1.5,0))*(1+$AU20)*(1+$AV20)+(($AW20+($AX20-$AW20)*IF(VLOOKUP($Q20,武学奇术!$A:$ZZ,31,FALSE)=1,$F$18,0.5))*IF($G$1="裂石",$AJ20,$AH20)+IF($G$1="裂石",$AK20*1.5,0))*(1+$AY20)*(1+$AZ20)+(($BA20+($BB20-$BA20)*IF(VLOOKUP($Q20,武学奇术!$A:$ZZ,31,FALSE)=1,$F$18,0.5))*IF($G$1="牵丝",$AJ20,$AH20)+IF($G$1="牵丝",$AK20*1.5,0))*(1+$BC20)*(1+$BD20)+(($BE20+($BF20-$BE20)*IF(VLOOKUP($Q20,武学奇术!$A:$ZZ,31,FALSE)=1,$F$18,0.5))*IF($G$1="破竹",$AJ20,$AH20)+IF($G$1="破竹",$AK20*1.5,0))*(1+$BG20)*(1+$BH20))*(1+$AL20)*$P20*(1+IF(VLOOKUP($Q20,武学奇术!$A:$ZZ,30,FALSE)="蓄力技",$B$21,0))*(1+$BQ20) -> 37902.035 | O20: =((($AN20*$AH20+$AI20)*(1+$AP20)*(1+$AQ20)+($AS20*IF($G$1="鸣金",$AJ20,$AH20)+IF($G$1="鸣金",$AK20*1.5,0))*(1+$AU20)*(1+$AV20)+($AW20*IF($G$1="裂石",$AJ20,$AH20)+IF($G$1="裂石",$AK20*1.5,0))*(1+$AY20)*(1+$AZ20)+($BA20*IF($G$1="牵丝",$AJ20,$AH20)+IF($G$1="牵丝",$AK20*1.5,0))*(1+$BC20)*(1+$BD20)+($BE20*IF($G$1="破竹",$AJ20,$AH20)+IF($G$1="破竹",$AK20*1.5,0))*(1+$BG20)*(1+$BH20))*(1+$AL20))*$P20*(1+IF(VLOOKUP($Q20,武学奇术!$A:$ZZ,30,FALSE)="蓄力技",$B$21,0))*(1+$BQ20) -> 32830.9 | P20: 1 | Q20: 鹰隼追击(拳甲) | R20: 易水歌5层 | S20: N/a | T20: 阴阳 | U20: 近战笛 | V20: N/a | W20: N/a | X20: 沧海帖4层 | Y20: 惧刃(拐) | Z20: 三穷 | AA20: N/a | AB20: N/a | AC20: N/a | AD20: N/a | AE20: 无惧 | AF20: 天志增伤 | AG20: =VLOOKUP($Q20,武学奇术!$A:$ZZ,25,FALSE) -> 拳甲 | AH20: =VLOOKUP($Q20,武学奇术!$A:$ZZ,26,FALSE) -> 2.33376 | AI20: =VLOOKUP($Q20,武学奇术!$A:$ZZ,27,FALSE)*(1+IF(OR($AG20=$F$4,$AG20=$F$5),$B$22,0)) -> 0 | AJ20: =VLOOKUP($Q20,武学奇术!$A:$ZZ,28,FALSE) -> 3.50064 | AK20: =VLOOKUP($Q20,武学奇术!$A:$ZZ,29,FALSE)*(1+IF(OR($AG20=$F$4,$AG20=$F$5),$B$22,0)) -> 0 | AL20: {=$G$3+IFERROR(VLOOKUP($AG20,$F$4:$G$7,2,FALSE),0)+VLOOKUP($Q20,武学奇术!$A:$ZZ,2,FALSE)+SUM(_xlfn.XLOOKUP($R20:$AF20,增益!$A:$A,增益!$B:$B,0))} -> 0.8741 | AM20: {=VLOOKUP($Q20,武学奇术!$A:$ZZ,5,FALSE)+SUM(_xlfn.XLOOKUP($R20:$AF20,增益!$A:$A,增益!$E:$E,0))} -> 0 | AN20: {=$D$10*(1+$AM20)+VLOOKUP($Q20,武学奇术!$A:$ZZ,3,FALSE)+SUM(_xlfn.XLOOKUP($R20:$AF20,增益!$A:$A,增益!$C:$C,0))-$I$2} -> 3804.006 | AO20: {=$E$10*(1+$AM20)+VLOOKUP($Q20,武学奇术!$A:$ZZ,4,FALSE)+SUM(_xlfn.XLOOKUP($R20:$AF20,增益!$A:$A,增益!$D:$D,0))-$I$2} -> 3804.006 | AP20: {=IF($F$10-$I$3+VLOOKUP($Q20,武学奇术!$A:$ZZ,6,FALSE)+SUM(_xlfn.XLOOKUP(R20:AF20,增益!$A:$A,增益!$F:$F,0))>0,($F$10-$I$3+VLOOKUP($Q20,武学奇术!$A:$ZZ,6,FALSE)+SUM(_xlfn.XLOOKUP(R20:AF20,增益!$A:$A,增益!$F:$F,0)))/200,($F$10-$I$3+VLOOKUP($Q20,武学奇术!$A:$ZZ,6,FALSE)+SUM(_xlfn.XLOOKUP(R20:AF20,增益!$A:$A,增益!$F:$F,0)))/100)} -> 0.347 | AQ20: {=$G$10+VLOOKUP($Q20,武学奇术!$A:$ZZ,7,FALSE)+SUM(_xlfn.XLOOKUP(R20:AF20,增益!$A:$A,增益!$G:$G,0))} -> 0.09 | AR20: {=VLOOKUP($Q20,武学奇术!$A:$ZZ,8,FALSE)+SUM(_xlfn.XLOOKUP(R20:AF20,增益!$A:$A,增益!$H:$H,0))} -> 0 | AS20: =$D$11*(1+$AR20) -> 0 | AT20: =$E$11*(1+$AR20) -> 0 | AU20: {=IF($F$11-$I$4+VLOOKUP($Q20,武学奇术!$A:$ZZ,9,FALSE)+SUM(_xlfn.XLOOKUP(R20:AF20,增益!$A:$A,增益!$I:$I,0))>0,($F$11-$I$4+VLOOKUP($Q20,武学奇术!$A:$ZZ,9,FALSE)+SUM(_xlfn.XLOOKUP(R20:AF20,增益!$A:$A,增益!$I:$I,0)))/200,($F$11-$I$4+VLOOKUP($Q20,武学奇术!$A:$ZZ,9,FALSE)+SUM(_xlfn.XLOOKUP(R20:AF20,增益!$A:$A,增益!$I:$I,0)))/100)} -> -0.08 | AV20: {=$G$11+VLOOKUP($Q20,武学奇术!$A:$ZZ,10,FALSE)+SUM(_xlfn.XLOOKUP(R20:AF20,增益!$A:$A,增益!$J:$J,0))} -> 0 | AW20: =$D$12*(1+$AR20) -> 0 | AX20: =$E$12*(1+$AR20) -> 0 | AY20: {=IF($F$12-$I$4+VLOOKUP($Q20,武学奇术!$A:$ZZ,11,FALSE)+SUM(_xlfn.XLOOKUP(R20:AF20,增益!$A:$A,增益!$K:$K,0))>0,($F$12-$I$4+VLOOKUP($Q20,武学奇术!$A:$ZZ,11,FALSE)+SUM(_xlfn.XLOOKUP(R20:AF20,增益!$A:$A,增益!$K:$K,0)))/200,($F$12-$I$4+VLOOKUP($Q20,武学奇术!$A:$ZZ,11,FALSE)+SUM(_xlfn.XLOOKUP(R20:AF20,增益!$A:$A,增益!$K:$K,0)))/100)} -> -0.08 | AZ20: {=$G$12+VLOOKUP($Q20,武学奇术!$A:$ZZ,12,FALSE)+SUM(_xlfn.XLOOKUP(R20:AF20,增益!$A:$A,增益!$L:$L,0))} -> 0 | BA20: =$D$13*(1+$AR20) -> 0 | BB20: =$E$13*(1+$AR20) -> 0 | BC20: {=IF($F$13-$I$4+VLOOKUP($Q20,武学奇术!$A:$ZZ,13,FALSE)+SUM(_xlfn.XLOOKUP(R20:AF20,增益!$A:$A,增益!$M:$M,0))>0,($F$13-$I$4+VLOOKUP($Q20,武学奇术!$A:$ZZ,13,FALSE)+SUM(_xlfn.XLOOKUP(R20:AF20,增益!$A:$A,增益!$K:$K,0)))/200,($F$13-$I$4+VLOOKUP($Q20,武学奇术!$A:$ZZ,13,FALSE)+SUM(_xlfn.XLOOKUP(R20:AF20,增益!$A:$A,增益!$M:$M,0)))/100)} -> -0.08 | BD20: {=$G$13+VLOOKUP($Q20,武学奇术!$A:$ZZ,14,FALSE)+SUM(_xlfn.XLOOKUP(R20:AF20,增益!$A:$A,增益!$N:$N,0))} -> 0 | BE20: =$D$14*(1+$AR20) -> 570.28 | BF20: =$E$14*(1+$AR20) -> 1582.156 | BG20: {=IF($F$14-$I$4+VLOOKUP($Q20,武学奇术!$A:$ZZ,15,FALSE)+SUM(_xlfn.XLOOKUP(R20:AF20,增益!$A:$A,增益!$O:$O,0))>0,($F$14-$I$4+VLOOKUP($Q20,武学奇术!$A:$ZZ,15,FALSE)+SUM(_xlfn.XLOOKUP(R20:AF20,增益!$A:$A,增益!$O:$O,0)))/200,($F$14-$I$4+VLOOKUP($Q20,武学奇术!$A:$ZZ,15,FALSE)+SUM(_xlfn.XLOOKUP(R20:AF20,增益!$A:$A,增益!$O:$O,0)))/100)} -> 0.11 | BH20: {=$G$14+VLOOKUP($Q20,武学奇术!$A:$ZZ,16,FALSE)+SUM(_xlfn.XLOOKUP(R20:AF20,增益!$A:$A,增益!$P:$P,0))} -> 0.24 | BI20: =MIN(IF(VLOOKUP($Q20,武学奇术!$A:$ZZ,23,FALSE)=1,100%,$B$8),100%) -> 1 | BJ20: {=IF(VLOOKUP($Q20,武学奇术!$A:$ZZ,23,FALSE)=1,100%,MIN(80%,$B$9+VLOOKUP($Q20,武学奇术!$A:$ZZ,17,FALSE)+SUM(_xlfn.XLOOKUP(R20:AF20,增益!$A:$A,增益!$Q:$Q,0)))+$B$11+SUM(_xlfn.XLOOKUP(R20:AF20,增益!$A:$A,增益!$U:$U,0)))*IF(VLOOKUP($Q20,武学奇术!$A:$ZZ,24,FALSE)=1,0,1)+MIN(IF(VLOOKUP($Q20,武学奇术!$A:$ZZ,32,FALSE)=1,IF(VLOOKUP($Q20,武学奇术!$A:$ZZ,24,FALSE)=1,100%,MIN(40%,$B$10+VLOOKUP($Q20,武学奇术!$A:$ZZ,19,FALSE)+SUM(_xlfn.XLOOKUP(R20:AF20,增益!$A:$A,增益!$S:$S,0)))+$B$12+SUM(_xlfn.XLOOKUP(R20:AF20,增益!$A:$A,增益!$V:$V,0))),0),12%)} -> 0.918 | BK20: {=1+$B$13+VLOOKUP($Q20,武学奇术!$A:$ZZ,18,FALSE)+SUM(_xlfn.XLOOKUP(R20:AF20,增益!$A:$A,增益!$R:$R,0))} -> 1.88 | BL20: {=MAX(IF(VLOOKUP($Q20,武学奇术!$A:$ZZ,24,FALSE)=1,100%,MIN(40%,$B$10+VLOOKUP($Q20,武学奇术!$A:$ZZ,19,FALSE)+SUM(_xlfn.XLOOKUP(R20:AF20,增益!$A:$A,增益!$S:$S,0)))+$B$12+SUM(_xlfn.XLOOKUP(R20:AF20,增益!$A:$A,增益!$V:$V,0)))*IF(VLOOKUP($Q20,武学奇术!$A:$ZZ,23,FALSE)=1,0,1)-IF(VLOOKUP($Q20,武学奇术!$A:$ZZ,32,FALSE)=1,12%,0),0)} -> 0.0895 | BM20: {=1+$B$14+VLOOKUP($Q20,武学奇术!$A:$ZZ,20,FALSE)+SUM(_xlfn.XLOOKUP(R20:AF20,增益!$A:$A,增益!$T:$T,0))} -> 1.35 | BN20: =MIN((1-BL20)*BI20,BI20*BJ20) -> 0.9105 | BO20: =1-BL20-BN20-BP20 -> 0 | BP20: =IF(VLOOKUP($Q20,武学奇术!$A:$ZZ,22,FALSE)=1,0,(1-$BI20))*(1-$BL20) -> 0 | BQ20: {=SUM(_xlfn.XLOOKUP(R20:AF20,增益!$A:$A,增益!$W:$W,0))+$I$5} -> 0.11
A21: 蓄力技定音 | B21: 0.32 | C21: 第三心法 | K21: =($L21*$BN21+$M21*$BL21+$N21*$BO21+$O21*$BP21) -> 26177.745 | L21: =((($AN21+($AO21-$AN21)*IF(VLOOKUP($Q21,武学奇术!$A:$ZZ,31,FALSE)=1,$F$18,0.5))*$AH21+$AI21)*(1+$AP21)*(1+$AQ21)+(($AS21+($AT21-$AS21)*IF(VLOOKUP($Q21,武学奇术!$A:$ZZ,31,FALSE)=1,$F$18,0.5))*IF($G$1="鸣金",$AJ21,$AH21)+IF($G$1="鸣金",$AK21*1.5,0))*(1+$AU21)*(1+$AV21)+(($AW21+($AX21-$AW21)*IF(VLOOKUP($Q21,武学奇术!$A:$ZZ,31,FALSE)=1,$F$18,0.5))*IF($G$1="裂石",$AJ21,$AH21)+IF($G$1="裂石",$AK21*1.5,0))*(1+$AY21)*(1+$AZ21)+(($BA21+($BB21-$BA21)*IF(VLOOKUP($Q21,武学奇术!$A:$ZZ,31,FALSE)=1,$F$18,0.5))*IF($G$1="牵丝",$AJ21,$AH21)+IF($G$1="牵丝",$AK21*1.5,0))*(1+$BC21)*(1+$BD21)+(($BE21+($BF21-$BE21)*IF(VLOOKUP($Q21,武学奇术!$A:$ZZ,31,FALSE)=1,$F$18,0.5))*IF($G$1="破竹",$AJ21,$AH21)+IF($G$1="破竹",$AK21*1.5,0))*(1+$BG21)*(1+$BH21))*(1+$AL21)*$BK21*$P21*(1+IF(VLOOKUP($Q21,武学奇术!$A:$ZZ,30,FALSE)="蓄力技",$B$21,0))*(1+$BQ21) -> 26296.886 | M21: =(($AO21*$AH21+$AI21)*(1+$AP21)*(1+$AQ21)+($AT21*IF($G$1="鸣金",$AJ21,$AH21)+IF($G$1="鸣金",$AK21*1.5,0))*(1+$AU21)*(1+$AV21)+($AX21*IF($G$1="裂石",$AJ21,$AH21)+IF($G$1="裂石",$AK21*1.5,0))*(1+$AY21)*(1+$AZ21)+($BB21*IF($G$1="牵丝",$AJ21,$AH21)+IF($G$1="牵丝",$AK21*1.5,0))*(1+$BC21)*(1+$BD21)+($BF21*IF($G$1="破竹",$AJ21,$AH21)+IF($G$1="破竹",$AK21*1.5,0))*(1+$BG21)*(1+$BH21))*(1+$AL21)*$BM21*$P21*(1+IF(VLOOKUP($Q21,武学奇术!$A:$ZZ,30,FALSE)="蓄力技",$B$21,0))*(1+$BQ21) -> 24965.698 | N21: =((($AN21+($AO21-$AN21)*IF(VLOOKUP($Q21,武学奇术!$A:$ZZ,31,FALSE)=1,$F$18,0.5))*$AH21+$AI21)*(1+$AP21)*(1+$AQ21)+(($AS21+($AT21-$AS21)*IF(VLOOKUP($Q21,武学奇术!$A:$ZZ,31,FALSE)=1,$F$18,0.5))*IF($G$1="鸣金",$AJ21,$AH21)+IF($G$1="鸣金",$AK21*1.5,0))*(1+$AU21)*(1+$AV21)+(($AW21+($AX21-$AW21)*IF(VLOOKUP($Q21,武学奇术!$A:$ZZ,31,FALSE)=1,$F$18,0.5))*IF($G$1="裂石",$AJ21,$AH21)+IF($G$1="裂石",$AK21*1.5,0))*(1+$AY21)*(1+$AZ21)+(($BA21+($BB21-$BA21)*IF(VLOOKUP($Q21,武学奇术!$A:$ZZ,31,FALSE)=1,$F$18,0.5))*IF($G$1="牵丝",$AJ21,$AH21)+IF($G$1="牵丝",$AK21*1.5,0))*(1+$BC21)*(1+$BD21)+(($BE21+($BF21-$BE21)*IF(VLOOKUP($Q21,武学奇术!$A:$ZZ,31,FALSE)=1,$F$18,0.5))*IF($G$1="破竹",$AJ21,$AH21)+IF($G$1="破竹",$AK21*1.5,0))*(1+$BG21)*(1+$BH21))*(1+$AL21)*$P21*(1+IF(VLOOKUP($Q21,武学奇术!$A:$ZZ,30,FALSE)="蓄力技",$B$21,0))*(1+$BQ21) -> 16538.922 | O21: =((($AN21*$AH21+$AI21)*(1+$AP21)*(1+$AQ21)+($AS21*IF($G$1="鸣金",$AJ21,$AH21)+IF($G$1="鸣金",$AK21*1.5,0))*(1+$AU21)*(1+$AV21)+($AW21*IF($G$1="裂石",$AJ21,$AH21)+IF($G$1="裂石",$AK21*1.5,0))*(1+$AY21)*(1+$AZ21)+($BA21*IF($G$1="牵丝",$AJ21,$AH21)+IF($G$1="牵丝",$AK21*1.5,0))*(1+$BC21)*(1+$BD21)+($BE21*IF($G$1="破竹",$AJ21,$AH21)+IF($G$1="破竹",$AK21*1.5,0))*(1+$BG21)*(1+$BH21))*(1+$AL21))*$P21*(1+IF(VLOOKUP($Q21,武学奇术!$A:$ZZ,30,FALSE)="蓄力技",$B$21,0))*(1+$BQ21) -> 14584.735 | P21: 1 | Q21: 拳甲Q1 | R21: 易水歌5层 | S21: N/a | T21: 阴阳 | U21: 近战笛 | V21: N/a | W21: N/a | X21: 沧海帖5层 | Y21: 惧刃(拐) | Z21: N/a | AA21: N/a | AB21: N/a | AC21: N/a | AD21: N/a | AE21: 无惧 | AF21: 天志增伤 | AG21: =VLOOKUP($Q21,武学奇术!$A:$ZZ,25,FALSE) -> 拳甲 | AH21: =VLOOKUP($Q21,武学奇术!$A:$ZZ,26,FALSE) -> 1.1005 | AI21: =VLOOKUP($Q21,武学奇术!$A:$ZZ,27,FALSE)*(1+IF(OR($AG21=$F$4,$AG21=$F$5),$B$22,0)) -> 427 | AJ21: =VLOOKUP($Q21,武学奇术!$A:$ZZ,28,FALSE) -> 1.6507 | AK21: =VLOOKUP($Q21,武学奇术!$A:$ZZ,29,FALSE)*(1+IF(OR($AG21=$F$4,$AG21=$F$5),$B$22,0)) -> 231 | AL21: {=$G$3+IFERROR(VLOOKUP($AG21,$F$4:$G$7,2,FALSE),0)+VLOOKUP($Q21,武学奇术!$A:$ZZ,2,FALSE)+SUM(_xlfn.XLOOKUP($R21:$AF21,增益!$A:$A,增益!$B:$B,0))} -> 0.5741 | AM21: {=VLOOKUP($Q21,武学奇术!$A:$ZZ,5,FALSE)+SUM(_xlfn.XLOOKUP($R21:$AF21,增益!$A:$A,增益!$E:$E,0))} -> 0 | AN21: {=$D$10*(1+$AM21)+VLOOKUP($Q21,武学奇术!$A:$ZZ,3,FALSE)+SUM(_xlfn.XLOOKUP($R21:$AF21,增益!$A:$A,增益!$C:$C,0))-$I$2} -> 3804.006 | AO21: {=$E$10*(1+$AM21)+VLOOKUP($Q21,武学奇术!$A:$ZZ,4,FALSE)+SUM(_xlfn.XLOOKUP($R21:$AF21,增益!$A:$A,增益!$D:$D,0))-$I$2} -> 3804.006 | AP21: {=IF($F$10-$I$3+VLOOKUP($Q21,武学奇术!$A:$ZZ,6,FALSE)+SUM(_xlfn.XLOOKUP(R21:AF21,增益!$A:$A,增益!$F:$F,0))>0,($F$10-$I$3+VLOOKUP($Q21,武学奇术!$A:$ZZ,6,FALSE)+SUM(_xlfn.XLOOKUP(R21:AF21,增益!$A:$A,增益!$F:$F,0)))/200,($F$10-$I$3+VLOOKUP($Q21,武学奇术!$A:$ZZ,6,FALSE)+SUM(_xlfn.XLOOKUP(R21:AF21,增益!$A:$A,增益!$F:$F,0)))/100)} -> 0.317 | AQ21: {=$G$10+VLOOKUP($Q21,武学奇术!$A:$ZZ,7,FALSE)+SUM(_xlfn.XLOOKUP(R21:AF21,增益!$A:$A,增益!$G:$G,0))} -> 0.09 | AR21: {=VLOOKUP($Q21,武学奇术!$A:$ZZ,8,FALSE)+SUM(_xlfn.XLOOKUP(R21:AF21,增益!$A:$A,增益!$H:$H,0))} -> 0 | AS21: =$D$11*(1+$AR21) -> 0 | AT21: =$E$11*(1+$AR21) -> 0 | AU21: {=IF($F$11-$I$4+VLOOKUP($Q21,武学奇术!$A:$ZZ,9,FALSE)+SUM(_xlfn.XLOOKUP(R21:AF21,增益!$A:$A,增益!$I:$I,0))>0,($F$11-$I$4+VLOOKUP($Q21,武学奇术!$A:$ZZ,9,FALSE)+SUM(_xlfn.XLOOKUP(R21:AF21,增益!$A:$A,增益!$I:$I,0)))/200,($F$11-$I$4+VLOOKUP($Q21,武学奇术!$A:$ZZ,9,FALSE)+SUM(_xlfn.XLOOKUP(R21:AF21,增益!$A:$A,增益!$I:$I,0)))/100)} -> -0.14 | AV21: {=$G$11+VLOOKUP($Q21,武学奇术!$A:$ZZ,10,FALSE)+SUM(_xlfn.XLOOKUP(R21:AF21,增益!$A:$A,增益!$J:$J,0))} -> 0 | AW21: =$D$12*(1+$AR21) -> 0 | AX21: =$E$12*(1+$AR21) -> 0 | AY21: {=IF($F$12-$I$4+VLOOKUP($Q21,武学奇术!$A:$ZZ,11,FALSE)+SUM(_xlfn.XLOOKUP(R21:AF21,增益!$A:$A,增益!$K:$K,0))>0,($F$12-$I$4+VLOOKUP($Q21,武学奇术!$A:$ZZ,11,FALSE)+SUM(_xlfn.XLOOKUP(R21:AF21,增益!$A:$A,增益!$K:$K,0)))/200,($F$12-$I$4+VLOOKUP($Q21,武学奇术!$A:$ZZ,11,FALSE)+SUM(_xlfn.XLOOKUP(R21:AF21,增益!$A:$A,增益!$K:$K,0)))/100)} -> -0.14 | AZ21: {=$G$12+VLOOKUP($Q21,武学奇术!$A:$ZZ,12,FALSE)+SUM(_xlfn.XLOOKUP(R21:AF21,增益!$A:$A,增益!$L:$L,0))} -> 0 | BA21: =$D$13*(1+$AR21) -> 0 | BB21: =$E$13*(1+$AR21) -> 0 | BC21: {=IF($F$13-$I$4+VLOOKUP($Q21,武学奇术!$A:$ZZ,13,FALSE)+SUM(_xlfn.XLOOKUP(R21:AF21,增益!$A:$A,增益!$M:$M,0))>0,($F$13-$I$4+VLOOKUP($Q21,武学奇术!$A:$ZZ,13,FALSE)+SUM(_xlfn.XLOOKUP(R21:AF21,增益!$A:$A,增益!$K:$K,0)))/200,($F$13-$I$4+VLOOKUP($Q21,武学奇术!$A:$ZZ,13,FALSE)+SUM(_xlfn.XLOOKUP(R21:AF21,增益!$A:$A,增益!$M:$M,0)))/100)} -> -0.14 | BD21: {=$G$13+VLOOKUP($Q21,武学奇术!$A:$ZZ,14,FALSE)+SUM(_xlfn.XLOOKUP(R21:AF21,增益!$A:$A,增益!$N:$N,0))} -> 0 | BE21: =$D$14*(1+$AR21) -> 570.28 | BF21: =$E$14*(1+$AR21) -> 1582.156 | BG21: {=IF($F$14-$I$4+VLOOKUP($Q21,武学奇术!$A:$ZZ,15,FALSE)+SUM(_xlfn.XLOOKUP(R21:AF21,增益!$A:$A,增益!$O:$O,0))>0,($F$14-$I$4+VLOOKUP($Q21,武学奇术!$A:$ZZ,15,FALSE)+SUM(_xlfn.XLOOKUP(R21:AF21,增益!$A:$A,增益!$O:$O,0)))/200,($F$14-$I$4+VLOOKUP($Q21,武学奇术!$A:$ZZ,15,FALSE)+SUM(_xlfn.XLOOKUP(R21:AF21,增益!$A:$A,增益!$O:$O,0)))/100)} -> 0.08 | BH21: {=$G$14+VLOOKUP($Q21,武学奇术!$A:$ZZ,16,FALSE)+SUM(_xlfn.XLOOKUP(R21:AF21,增益!$A:$A,增益!$P:$P,0))} -> 0.24 | BI21: =MIN(IF(VLOOKUP($Q21,武学奇术!$A:$ZZ,23,FALSE)=1,100%,$B$8),100%) -> 1 | BJ21: {=IF(VLOOKUP($Q21,武学奇术!$A:$ZZ,23,FALSE)=1,100%,MIN(80%,$B$9+VLOOKUP($Q21,武学奇术!$A:$ZZ,17,FALSE)+SUM(_xlfn.XLOOKUP(R21:AF21,增益!$A:$A,增益!$Q:$Q,0)))+$B$11+SUM(_xlfn.XLOOKUP(R21:AF21,增益!$A:$A,增益!$U:$U,0)))*IF(VLOOKUP($Q21,武学奇术!$A:$ZZ,24,FALSE)=1,0,1)+MIN(IF(VLOOKUP($Q21,武学奇术!$A:$ZZ,32,FALSE)=1,IF(VLOOKUP($Q21,武学奇术!$A:$ZZ,24,FALSE)=1,100%,MIN(40%,$B$10+VLOOKUP($Q21,武学奇术!$A:$ZZ,19,FALSE)+SUM(_xlfn.XLOOKUP(R21:AF21,增益!$A:$A,增益!$S:$S,0)))+$B$12+SUM(_xlfn.XLOOKUP(R21:AF21,增益!$A:$A,增益!$V:$V,0))),0),12%)} -> 0.918 | BK21: {=1+$B$13+VLOOKUP($Q21,武学奇术!$A:$ZZ,18,FALSE)+SUM(_xlfn.XLOOKUP(R21:AF21,增益!$A:$A,增益!$R:$R,0))} -> 1.59 | BL21: {=MAX(IF(VLOOKUP($Q21,武学奇术!$A:$ZZ,24,FALSE)=1,100%,MIN(40%,$B$10+VLOOKUP($Q21,武学奇术!$A:$ZZ,19,FALSE)+SUM(_xlfn.XLOOKUP(R21:AF21,增益!$A:$A,增益!$S:$S,0)))+$B$12+SUM(_xlfn.XLOOKUP(R21:AF21,增益!$A:$A,增益!$V:$V,0)))*IF(VLOOKUP($Q21,武学奇术!$A:$ZZ,23,FALSE)=1,0,1)-IF(VLOOKUP($Q21,武学奇术!$A:$ZZ,32,FALSE)=1,12%,0),0)} -> 0.0895 | BM21: {=1+$B$14+VLOOKUP($Q21,武学奇术!$A:$ZZ,20,FALSE)+SUM(_xlfn.XLOOKUP(R21:AF21,增益!$A:$A,增益!$T:$T,0))} -> 1.35 | BN21: =MIN((1-BL21)*BI21,BI21*BJ21) -> 0.9105 | BO21: =1-BL21-BN21-BP21 -> 0 | BP21: =IF(VLOOKUP($Q21,武学奇术!$A:$ZZ,22,FALSE)=1,0,(1-$BI21))*(1-$BL21) -> 0 | BQ21: {=SUM(_xlfn.XLOOKUP(R21:AF21,增益!$A:$A,增益!$W:$W,0))+$I$5} -> 0.11
A22: 固伤加成 | B22: 0.4 | C22: 断石之构 | K22: =($L22*$BN22+$M22*$BL22+$N22*$BO22+$O22*$BP22) -> 86052.097 | L22: =((($AN22+($AO22-$AN22)*IF(VLOOKUP($Q22,武学奇术!$A:$ZZ,31,FALSE)=1,$F$18,0.5))*$AH22+$AI22)*(1+$AP22)*(1+$AQ22)+(($AS22+($AT22-$AS22)*IF(VLOOKUP($Q22,武学奇术!$A:$ZZ,31,FALSE)=1,$F$18,0.5))*IF($G$1="鸣金",$AJ22,$AH22)+IF($G$1="鸣金",$AK22*1.5,0))*(1+$AU22)*(1+$AV22)+(($AW22+($AX22-$AW22)*IF(VLOOKUP($Q22,武学奇术!$A:$ZZ,31,FALSE)=1,$F$18,0.5))*IF($G$1="裂石",$AJ22,$AH22)+IF($G$1="裂石",$AK22*1.5,0))*(1+$AY22)*(1+$AZ22)+(($BA22+($BB22-$BA22)*IF(VLOOKUP($Q22,武学奇术!$A:$ZZ,31,FALSE)=1,$F$18,0.5))*IF($G$1="牵丝",$AJ22,$AH22)+IF($G$1="牵丝",$AK22*1.5,0))*(1+$BC22)*(1+$BD22)+(($BE22+($BF22-$BE22)*IF(VLOOKUP($Q22,武学奇术!$A:$ZZ,31,FALSE)=1,$F$18,0.5))*IF($G$1="破竹",$AJ22,$AH22)+IF($G$1="破竹",$AK22*1.5,0))*(1+$BG22)*(1+$BH22))*(1+$AL22)*$BK22*$P22*(1+IF(VLOOKUP($Q22,武学奇术!$A:$ZZ,30,FALSE)="蓄力技",$B$21,0))*(1+$BQ22) -> 87628.217 | M22: =(($AO22*$AH22+$AI22)*(1+$AP22)*(1+$AQ22)+($AT22*IF($G$1="鸣金",$AJ22,$AH22)+IF($G$1="鸣金",$AK22*1.5,0))*(1+$AU22)*(1+$AV22)+($AX22*IF($G$1="裂石",$AJ22,$AH22)+IF($G$1="裂石",$AK22*1.5,0))*(1+$AY22)*(1+$AZ22)+($BB22*IF($G$1="牵丝",$AJ22,$AH22)+IF($G$1="牵丝",$AK22*1.5,0))*(1+$BC22)*(1+$BD22)+($BF22*IF($G$1="破竹",$AJ22,$AH22)+IF($G$1="破竹",$AK22*1.5,0))*(1+$BG22)*(1+$BH22))*(1+$AL22)*$BM22*$P22*(1+IF(VLOOKUP($Q22,武学奇术!$A:$ZZ,30,FALSE)="蓄力技",$B$21,0))*(1+$BQ22) -> 70017.937 | N22: =((($AN22+($AO22-$AN22)*IF(VLOOKUP($Q22,武学奇术!$A:$ZZ,31,FALSE)=1,$F$18,0.5))*$AH22+$AI22)*(1+$AP22)*(1+$AQ22)+(($AS22+($AT22-$AS22)*IF(VLOOKUP($Q22,武学奇术!$A:$ZZ,31,FALSE)=1,$F$18,0.5))*IF($G$1="鸣金",$AJ22,$AH22)+IF($G$1="鸣金",$AK22*1.5,0))*(1+$AU22)*(1+$AV22)+(($AW22+($AX22-$AW22)*IF(VLOOKUP($Q22,武学奇术!$A:$ZZ,31,FALSE)=1,$F$18,0.5))*IF($G$1="裂石",$AJ22,$AH22)+IF($G$1="裂石",$AK22*1.5,0))*(1+$AY22)*(1+$AZ22)+(($BA22+($BB22-$BA22)*IF(VLOOKUP($Q22,武学奇术!$A:$ZZ,31,FALSE)=1,$F$18,0.5))*IF($G$1="牵丝",$AJ22,$AH22)+IF($G$1="牵丝",$AK22*1.5,0))*(1+$BC22)*(1+$BD22)+(($BE22+($BF22-$BE22)*IF(VLOOKUP($Q22,武学奇术!$A:$ZZ,31,FALSE)=1,$F$18,0.5))*IF($G$1="破竹",$AJ22,$AH22)+IF($G$1="破竹",$AK22*1.5,0))*(1+$BG22)*(1+$BH22))*(1+$AL22)*$P22*(1+IF(VLOOKUP($Q22,武学奇术!$A:$ZZ,30,FALSE)="蓄力技",$B$21,0))*(1+$BQ22) -> 46364.136 | O22: =((($AN22*$AH22+$AI22)*(1+$AP22)*(1+$AQ22)+($AS22*IF($G$1="鸣金",$AJ22,$AH22)+IF($G$1="鸣金",$AK22*1.5,0))*(1+$AU22)*(1+$AV22)+($AW22*IF($G$1="裂石",$AJ22,$AH22)+IF($G$1="裂石",$AK22*1.5,0))*(1+$AY22)*(1+$AZ22)+($BA22*IF($G$1="牵丝",$AJ22,$AH22)+IF($G$1="牵丝",$AK22*1.5,0))*(1+$BC22)*(1+$BD22)+($BE22*IF($G$1="破竹",$AJ22,$AH22)+IF($G$1="破竹",$AK22*1.5,0))*(1+$BG22)*(1+$BH22))*(1+$AL22))*$P22*(1+IF(VLOOKUP($Q22,武学奇术!$A:$ZZ,30,FALSE)="蓄力技",$B$21,0))*(1+$BQ22) -> 40863.134 | P22: 1 | Q22: 拳甲Q2 | R22: 易水歌5层 | S22: N/a | T22: N/a | U22: 近战笛 | V22: N/a | W22: N/a | X22: 沧海帖5层 | Y22: 惧刃(拐) | Z22: 三穷 | AA22: N/a | AB22: N/a | AC22: N/a | AD22: N/a | AE22: 无惧 | AF22: 天志增伤 | AG22: =VLOOKUP($Q22,武学奇术!$A:$ZZ,25,FALSE) -> 拳甲 | AH22: =VLOOKUP($Q22,武学奇术!$A:$ZZ,26,FALSE) -> 2.75166 | AI22: =VLOOKUP($Q22,武学奇术!$A:$ZZ,27,FALSE)*(1+IF(OR($AG22=$F$4,$AG22=$F$5),$B$22,0)) -> 1060.92 | AJ22: =VLOOKUP($Q22,武学奇术!$A:$ZZ,28,FALSE) -> 4.12776 | AK22: =VLOOKUP($Q22,武学奇术!$A:$ZZ,29,FALSE)*(1+IF(OR($AG22=$F$4,$AG22=$F$5),$B$22,0)) -> 574.56 | AL22: {=$G$3+IFERROR(VLOOKUP($AG22,$F$4:$G$7,2,FALSE),0)+VLOOKUP($Q22,武学奇术!$A:$ZZ,2,FALSE)+SUM(_xlfn.XLOOKUP($R22:$AF22,增益!$A:$A,增益!$B:$B,0))} -> 0.7241 | AM22: {=VLOOKUP($Q22,武学奇术!$A:$ZZ,5,FALSE)+SUM(_xlfn.XLOOKUP($R22:$AF22,增益!$A:$A,增益!$E:$E,0))} -> 0 | AN22: {=$D$10*(1+$AM22)+VLOOKUP($Q22,武学奇术!$A:$ZZ,3,FALSE)+SUM(_xlfn.XLOOKUP($R22:$AF22,增益!$A:$A,增益!$C:$C,0))-$I$2} -> 3804.006 | AO22: {=$E$10*(1+$AM22)+VLOOKUP($Q22,武学奇术!$A:$ZZ,4,FALSE)+SUM(_xlfn.XLOOKUP($R22:$AF22,增益!$A:$A,增益!$D:$D,0))-$I$2} -> 3804.006 | AP22: {=IF($F$10-$I$3+VLOOKUP($Q22,武学奇术!$A:$ZZ,6,FALSE)+SUM(_xlfn.XLOOKUP(R22:AF22,增益!$A:$A,增益!$F:$F,0))>0,($F$10-$I$3+VLOOKUP($Q22,武学奇术!$A:$ZZ,6,FALSE)+SUM(_xlfn.XLOOKUP(R22:AF22,增益!$A:$A,增益!$F:$F,0)))/200,($F$10-$I$3+VLOOKUP($Q22,武学奇术!$A:$ZZ,6,FALSE)+SUM(_xlfn.XLOOKUP(R22:AF22,增益!$A:$A,增益!$F:$F,0)))/100)} -> 0.347 | AQ22: {=$G$10+VLOOKUP($Q22,武学奇术!$A:$ZZ,7,FALSE)+SUM(_xlfn.XLOOKUP(R22:AF22,增益!$A:$A,增益!$G:$G,0))} -> 0.09 | AR22: {=VLOOKUP($Q22,武学奇术!$A:$ZZ,8,FALSE)+SUM(_xlfn.XLOOKUP(R22:AF22,增益!$A:$A,增益!$H:$H,0))} -> 0 | AS22: =$D$11*(1+$AR22) -> 0 | AT22: =$E$11*(1+$AR22) -> 0 | AU22: {=IF($F$11-$I$4+VLOOKUP($Q22,武学奇术!$A:$ZZ,9,FALSE)+SUM(_xlfn.XLOOKUP(R22:AF22,增益!$A:$A,增益!$I:$I,0))>0,($F$11-$I$4+VLOOKUP($Q22,武学奇术!$A:$ZZ,9,FALSE)+SUM(_xlfn.XLOOKUP(R22:AF22,增益!$A:$A,增益!$I:$I,0)))/200,($F$11-$I$4+VLOOKUP($Q22,武学奇术!$A:$ZZ,9,FALSE)+SUM(_xlfn.XLOOKUP(R22:AF22,增益!$A:$A,增益!$I:$I,0)))/100)} -> -0.08 | AV22: {=$G$11+VLOOKUP($Q22,武学奇术!$A:$ZZ,10,FALSE)+SUM(_xlfn.XLOOKUP(R22:AF22,增益!$A:$A,增益!$J:$J,0))} -> 0 | AW22: =$D$12*(1+$AR22) -> 0 | AX22: =$E$12*(1+$AR22) -> 0 | AY22: {=IF($F$12-$I$4+VLOOKUP($Q22,武学奇术!$A:$ZZ,11,FALSE)+SUM(_xlfn.XLOOKUP(R22:AF22,增益!$A:$A,增益!$K:$K,0))>0,($F$12-$I$4+VLOOKUP($Q22,武学奇术!$A:$ZZ,11,FALSE)+SUM(_xlfn.XLOOKUP(R22:AF22,增益!$A:$A,增益!$K:$K,0)))/200,($F$12-$I$4+VLOOKUP($Q22,武学奇术!$A:$ZZ,11,FALSE)+SUM(_xlfn.XLOOKUP(R22:AF22,增益!$A:$A,增益!$K:$K,0)))/100)} -> -0.08 | AZ22: {=$G$12+VLOOKUP($Q22,武学奇术!$A:$ZZ,12,FALSE)+SUM(_xlfn.XLOOKUP(R22:AF22,增益!$A:$A,增益!$L:$L,0))} -> 0 | BA22: =$D$13*(1+$AR22) -> 0 | BB22: =$E$13*(1+$AR22) -> 0 | BC22: {=IF($F$13-$I$4+VLOOKUP($Q22,武学奇术!$A:$ZZ,13,FALSE)+SUM(_xlfn.XLOOKUP(R22:AF22,增益!$A:$A,增益!$M:$M,0))>0,($F$13-$I$4+VLOOKUP($Q22,武学奇术!$A:$ZZ,13,FALSE)+SUM(_xlfn.XLOOKUP(R22:AF22,增益!$A:$A,增益!$K:$K,0)))/200,($F$13-$I$4+VLOOKUP($Q22,武学奇术!$A:$ZZ,13,FALSE)+SUM(_xlfn.XLOOKUP(R22:AF22,增益!$A:$A,增益!$M:$M,0)))/100)} -> -0.08 | BD22: {=$G$13+VLOOKUP($Q22,武学奇术!$A:$ZZ,14,FALSE)+SUM(_xlfn.XLOOKUP(R22:AF22,增益!$A:$A,增益!$N:$N,0))} -> 0 | BE22: =$D$14*(1+$AR22) -> 570.28 | BF22: =$E$14*(1+$AR22) -> 1582.156 | BG22: {=IF($F$14-$I$4+VLOOKUP($Q22,武学奇术!$A:$ZZ,15,FALSE)+SUM(_xlfn.XLOOKUP(R22:AF22,增益!$A:$A,增益!$O:$O,0))>0,($F$14-$I$4+VLOOKUP($Q22,武学奇术!$A:$ZZ,15,FALSE)+SUM(_xlfn.XLOOKUP(R22:AF22,增益!$A:$A,增益!$O:$O,0)))/200,($F$14-$I$4+VLOOKUP($Q22,武学奇术!$A:$ZZ,15,FALSE)+SUM(_xlfn.XLOOKUP(R22:AF22,增益!$A:$A,增益!$O:$O,0)))/100)} -> 0.11 | BH22: {=$G$14+VLOOKUP($Q22,武学奇术!$A:$ZZ,16,FALSE)+SUM(_xlfn.XLOOKUP(R22:AF22,增益!$A:$A,增益!$P:$P,0))} -> 0.24 | BI22: =MIN(IF(VLOOKUP($Q22,武学奇术!$A:$ZZ,23,FALSE)=1,100%,$B$8),100%) -> 1 | BJ22: {=IF(VLOOKUP($Q22,武学奇术!$A:$ZZ,23,FALSE)=1,100%,MIN(80%,$B$9+VLOOKUP($Q22,武学奇术!$A:$ZZ,17,FALSE)+SUM(_xlfn.XLOOKUP(R22:AF22,增益!$A:$A,增益!$Q:$Q,0)))+$B$11+SUM(_xlfn.XLOOKUP(R22:AF22,增益!$A:$A,增益!$U:$U,0)))*IF(VLOOKUP($Q22,武学奇术!$A:$ZZ,24,FALSE)=1,0,1)+MIN(IF(VLOOKUP($Q22,武学奇术!$A:$ZZ,32,FALSE)=1,IF(VLOOKUP($Q22,武学奇术!$A:$ZZ,24,FALSE)=1,100%,MIN(40%,$B$10+VLOOKUP($Q22,武学奇术!$A:$ZZ,19,FALSE)+SUM(_xlfn.XLOOKUP(R22:AF22,增益!$A:$A,增益!$S:$S,0)))+$B$12+SUM(_xlfn.XLOOKUP(R22:AF22,增益!$A:$A,增益!$V:$V,0))),0),12%)} -> 0.918 | BK22: {=1+$B$13+VLOOKUP($Q22,武学奇术!$A:$ZZ,18,FALSE)+SUM(_xlfn.XLOOKUP(R22:AF22,增益!$A:$A,增益!$R:$R,0))} -> 1.89 | BL22: {=MAX(IF(VLOOKUP($Q22,武学奇术!$A:$ZZ,24,FALSE)=1,100%,MIN(40%,$B$10+VLOOKUP($Q22,武学奇术!$A:$ZZ,19,FALSE)+SUM(_xlfn.XLOOKUP(R22:AF22,增益!$A:$A,增益!$S:$S,0)))+$B$12+SUM(_xlfn.XLOOKUP(R22:AF22,增益!$A:$A,增益!$V:$V,0)))*IF(VLOOKUP($Q22,武学奇术!$A:$ZZ,23,FALSE)=1,0,1)-IF(VLOOKUP($Q22,武学奇术!$A:$ZZ,32,FALSE)=1,12%,0),0)} -> 0.0895 | BM22: {=1+$B$14+VLOOKUP($Q22,武学奇术!$A:$ZZ,20,FALSE)+SUM(_xlfn.XLOOKUP(R22:AF22,增益!$A:$A,增益!$T:$T,0))} -> 1.35 | BN22: =MIN((1-BL22)*BI22,BI22*BJ22) -> 0.9105 | BO22: =1-BL22-BN22-BP22 -> 0 | BP22: =IF(VLOOKUP($Q22,武学奇术!$A:$ZZ,22,FALSE)=1,0,(1-$BI22))*(1-$BL22) -> 0 | BQ22: {=SUM(_xlfn.XLOOKUP(R22:AF22,增益!$A:$A,增益!$W:$W,0))+$I$5} -> 0.11
A23: 食物加成 | B23: 200 | C23: 第四心法 | K23: =($L23*$BN23+$M23*$BL23+$N23*$BO23+$O23*$BP23) -> 27496.654 | L23: =((($AN23+($AO23-$AN23)*IF(VLOOKUP($Q23,武学奇术!$A:$ZZ,31,FALSE)=1,$F$18,0.5))*$AH23+$AI23)*(1+$AP23)*(1+$AQ23)+(($AS23+($AT23-$AS23)*IF(VLOOKUP($Q23,武学奇术!$A:$ZZ,31,FALSE)=1,$F$18,0.5))*IF($G$1="鸣金",$AJ23,$AH23)+IF($G$1="鸣金",$AK23*1.5,0))*(1+$AU23)*(1+$AV23)+(($AW23+($AX23-$AW23)*IF(VLOOKUP($Q23,武学奇术!$A:$ZZ,31,FALSE)=1,$F$18,0.5))*IF($G$1="裂石",$AJ23,$AH23)+IF($G$1="裂石",$AK23*1.5,0))*(1+$AY23)*(1+$AZ23)+(($BA23+($BB23-$BA23)*IF(VLOOKUP($Q23,武学奇术!$A:$ZZ,31,FALSE)=1,$F$18,0.5))*IF($G$1="牵丝",$AJ23,$AH23)+IF($G$1="牵丝",$AK23*1.5,0))*(1+$BC23)*(1+$BD23)+(($BE23+($BF23-$BE23)*IF(VLOOKUP($Q23,武学奇术!$A:$ZZ,31,FALSE)=1,$F$18,0.5))*IF($G$1="破竹",$AJ23,$AH23)+IF($G$1="破竹",$AK23*1.5,0))*(1+$BG23)*(1+$BH23))*(1+$AL23)*$BK23*$P23*(1+IF(VLOOKUP($Q23,武学奇术!$A:$ZZ,30,FALSE)="蓄力技",$B$21,0))*(1+$BQ23) -> 27636.719 | M23: =(($AO23*$AH23+$AI23)*(1+$AP23)*(1+$AQ23)+($AT23*IF($G$1="鸣金",$AJ23,$AH23)+IF($G$1="鸣金",$AK23*1.5,0))*(1+$AU23)*(1+$AV23)+($AX23*IF($G$1="裂石",$AJ23,$AH23)+IF($G$1="裂石",$AK23*1.5,0))*(1+$AY23)*(1+$AZ23)+($BB23*IF($G$1="牵丝",$AJ23,$AH23)+IF($G$1="牵丝",$AK23*1.5,0))*(1+$BC23)*(1+$BD23)+($BF23*IF($G$1="破竹",$AJ23,$AH23)+IF($G$1="破竹",$AK23*1.5,0))*(1+$BG23)*(1+$BH23))*(1+$AL23)*$BM23*$P23*(1+IF(VLOOKUP($Q23,武学奇术!$A:$ZZ,30,FALSE)="蓄力技",$B$21,0))*(1+$BQ23) -> 26071.742 | N23: =((($AN23+($AO23-$AN23)*IF(VLOOKUP($Q23,武学奇术!$A:$ZZ,31,FALSE)=1,$F$18,0.5))*$AH23+$AI23)*(1+$AP23)*(1+$AQ23)+(($AS23+($AT23-$AS23)*IF(VLOOKUP($Q23,武学奇术!$A:$ZZ,31,FALSE)=1,$F$18,0.5))*IF($G$1="鸣金",$AJ23,$AH23)+IF($G$1="鸣金",$AK23*1.5,0))*(1+$AU23)*(1+$AV23)+(($AW23+($AX23-$AW23)*IF(VLOOKUP($Q23,武学奇术!$A:$ZZ,31,FALSE)=1,$F$18,0.5))*IF($G$1="裂石",$AJ23,$AH23)+IF($G$1="裂石",$AK23*1.5,0))*(1+$AY23)*(1+$AZ23)+(($BA23+($BB23-$BA23)*IF(VLOOKUP($Q23,武学奇术!$A:$ZZ,31,FALSE)=1,$F$18,0.5))*IF($G$1="牵丝",$AJ23,$AH23)+IF($G$1="牵丝",$AK23*1.5,0))*(1+$BC23)*(1+$BD23)+(($BE23+($BF23-$BE23)*IF(VLOOKUP($Q23,武学奇术!$A:$ZZ,31,FALSE)=1,$F$18,0.5))*IF($G$1="破竹",$AJ23,$AH23)+IF($G$1="破竹",$AK23*1.5,0))*(1+$BG23)*(1+$BH23))*(1+$AL23)*$P23*(1+IF(VLOOKUP($Q23,武学奇术!$A:$ZZ,30,FALSE)="蓄力技",$B$21,0))*(1+$BQ23) -> 17272.95 | O23: =((($AN23*$AH23+$AI23)*(1+$AP23)*(1+$AQ23)+($AS23*IF($G$1="鸣金",$AJ23,$AH23)+IF($G$1="鸣金",$AK23*1.5,0))*(1+$AU23)*(1+$AV23)+($AW23*IF($G$1="裂石",$AJ23,$AH23)+IF($G$1="裂石",$AK23*1.5,0))*(1+$AY23)*(1+$AZ23)+($BA23*IF($G$1="牵丝",$AJ23,$AH23)+IF($G$1="牵丝",$AK23*1.5,0))*(1+$BC23)*(1+$BD23)+($BE23*IF($G$1="破竹",$AJ23,$AH23)+IF($G$1="破竹",$AK23*1.5,0))*(1+$BG23)*(1+$BH23))*(1+$AL23))*$P23*(1+IF(VLOOKUP($Q23,武学奇术!$A:$ZZ,30,FALSE)="蓄力技",$B$21,0))*(1+$BQ23) -> 15233.497 | P23: 1 | Q23: 拳甲轻击56 | R23: 易水歌5层 | S23: N/a | T23: N/a | U23: N/a | V23: N/a | W23: N/a | X23: 沧海帖6层 | Y23: 惧刃(拐) | Z23: N/a | AA23: N/a | AB23: N/a | AC23: N/a | AD23: N/a | AE23: 无惧 | AF23: 天志增伤 | AG23: =VLOOKUP($Q23,武学奇术!$A:$ZZ,25,FALSE) -> 拳甲 | AH23: =VLOOKUP($Q23,武学奇术!$A:$ZZ,26,FALSE) -> 1.2876 | AI23: =VLOOKUP($Q23,武学奇术!$A:$ZZ,27,FALSE)*(1+IF(OR($AG23=$F$4,$AG23=$F$5),$B$22,0)) -> 501.2 | AJ23: =VLOOKUP($Q23,武学奇术!$A:$ZZ,28,FALSE) -> 1.9313 | AK23: =VLOOKUP($Q23,武学奇术!$A:$ZZ,29,FALSE)*(1+IF(OR($AG23=$F$4,$AG23=$F$5),$B$22,0)) -> 273 | AL23: {=$G$3+IFERROR(VLOOKUP($AG23,$F$4:$G$7,2,FALSE),0)+VLOOKUP($Q23,武学奇术!$A:$ZZ,2,FALSE)+SUM(_xlfn.XLOOKUP($R23:$AF23,增益!$A:$A,增益!$B:$B,0))} -> 0.4041 | AM23: {=VLOOKUP($Q23,武学奇术!$A:$ZZ,5,FALSE)+SUM(_xlfn.XLOOKUP($R23:$AF23,增益!$A:$A,增益!$E:$E,0))} -> 0 | AN23: {=$D$10*(1+$AM23)+VLOOKUP($Q23,武学奇术!$A:$ZZ,3,FALSE)+SUM(_xlfn.XLOOKUP($R23:$AF23,增益!$A:$A,增益!$C:$C,0))-$I$2} -> 3804.006 | AO23: {=$E$10*(1+$AM23)+VLOOKUP($Q23,武学奇术!$A:$ZZ,4,FALSE)+SUM(_xlfn.XLOOKUP($R23:$AF23,增益!$A:$A,增益!$D:$D,0))-$I$2} -> 3804.006 | AP23: {=IF($F$10-$I$3+VLOOKUP($Q23,武学奇术!$A:$ZZ,6,FALSE)+SUM(_xlfn.XLOOKUP(R23:AF23,增益!$A:$A,增益!$F:$F,0))>0,($F$10-$I$3+VLOOKUP($Q23,武学奇术!$A:$ZZ,6,FALSE)+SUM(_xlfn.XLOOKUP(R23:AF23,增益!$A:$A,增益!$F:$F,0)))/200,($F$10-$I$3+VLOOKUP($Q23,武学奇术!$A:$ZZ,6,FALSE)+SUM(_xlfn.XLOOKUP(R23:AF23,增益!$A:$A,增益!$F:$F,0)))/100)} -> 0.317 | AQ23: {=$G$10+VLOOKUP($Q23,武学奇术!$A:$ZZ,7,FALSE)+SUM(_xlfn.XLOOKUP(R23:AF23,增益!$A:$A,增益!$G:$G,0))} -> 0.09 | AR23: {=VLOOKUP($Q23,武学奇术!$A:$ZZ,8,FALSE)+SUM(_xlfn.XLOOKUP(R23:AF23,增益!$A:$A,增益!$H:$H,0))} -> 0 | AS23: =$D$11*(1+$AR23) -> 0 | AT23: =$E$11*(1+$AR23) -> 0 | AU23: {=IF($F$11-$I$4+VLOOKUP($Q23,武学奇术!$A:$ZZ,9,FALSE)+SUM(_xlfn.XLOOKUP(R23:AF23,增益!$A:$A,增益!$I:$I,0))>0,($F$11-$I$4+VLOOKUP($Q23,武学奇术!$A:$ZZ,9,FALSE)+SUM(_xlfn.XLOOKUP(R23:AF23,增益!$A:$A,增益!$I:$I,0)))/200,($F$11-$I$4+VLOOKUP($Q23,武学奇术!$A:$ZZ,9,FALSE)+SUM(_xlfn.XLOOKUP(R23:AF23,增益!$A:$A,增益!$I:$I,0)))/100)} -> -0.14 | AV23: {=$G$11+VLOOKUP($Q23,武学奇术!$A:$ZZ,10,FALSE)+SUM(_xlfn.XLOOKUP(R23:AF23,增益!$A:$A,增益!$J:$J,0))} -> 0 | AW23: =$D$12*(1+$AR23) -> 0 | AX23: =$E$12*(1+$AR23) -> 0 | AY23: {=IF($F$12-$I$4+VLOOKUP($Q23,武学奇术!$A:$ZZ,11,FALSE)+SUM(_xlfn.XLOOKUP(R23:AF23,增益!$A:$A,增益!$K:$K,0))>0,($F$12-$I$4+VLOOKUP($Q23,武学奇术!$A:$ZZ,11,FALSE)+SUM(_xlfn.XLOOKUP(R23:AF23,增益!$A:$A,增益!$K:$K,0)))/200,($F$12-$I$4+VLOOKUP($Q23,武学奇术!$A:$ZZ,11,FALSE)+SUM(_xlfn.XLOOKUP(R23:AF23,增益!$A:$A,增益!$K:$K,0)))/100)} -> -0.14 | AZ23: {=$G$12+VLOOKUP($Q23,武学奇术!$A:$ZZ,12,FALSE)+SUM(_xlfn.XLOOKUP(R23:AF23,增益!$A:$A,增益!$L:$L,0))} -> 0 | BA23: =$D$13*(1+$AR23) -> 0 | BB23: =$E$13*(1+$AR23) -> 0 | BC23: {=IF($F$13-$I$4+VLOOKUP($Q23,武学奇术!$A:$ZZ,13,FALSE)+SUM(_xlfn.XLOOKUP(R23:AF23,增益!$A:$A,增益!$M:$M,0))>0,($F$13-$I$4+VLOOKUP($Q23,武学奇术!$A:$ZZ,13,FALSE)+SUM(_xlfn.XLOOKUP(R23:AF23,增益!$A:$A,增益!$K:$K,0)))/200,($F$13-$I$4+VLOOKUP($Q23,武学奇术!$A:$ZZ,13,FALSE)+SUM(_xlfn.XLOOKUP(R23:AF23,增益!$A:$A,增益!$M:$M,0)))/100)} -> -0.14 | BD23: {=$G$13+VLOOKUP($Q23,武学奇术!$A:$ZZ,14,FALSE)+SUM(_xlfn.XLOOKUP(R23:AF23,增益!$A:$A,增益!$N:$N,0))} -> 0 | BE23: =$D$14*(1+$AR23) -> 570.28 | BF23: =$E$14*(1+$AR23) -> 1582.156 | BG23: {=IF($F$14-$I$4+VLOOKUP($Q23,武学奇术!$A:$ZZ,15,FALSE)+SUM(_xlfn.XLOOKUP(R23:AF23,增益!$A:$A,增益!$O:$O,0))>0,($F$14-$I$4+VLOOKUP($Q23,武学奇术!$A:$ZZ,15,FALSE)+SUM(_xlfn.XLOOKUP(R23:AF23,增益!$A:$A,增益!$O:$O,0)))/200,($F$14-$I$4+VLOOKUP($Q23,武学奇术!$A:$ZZ,15,FALSE)+SUM(_xlfn.XLOOKUP(R23:AF23,增益!$A:$A,增益!$O:$O,0)))/100)} -> 0.08 | BH23: {=$G$14+VLOOKUP($Q23,武学奇术!$A:$ZZ,16,FALSE)+SUM(_xlfn.XLOOKUP(R23:AF23,增益!$A:$A,增益!$P:$P,0))} -> 0.24 | BI23: =MIN(IF(VLOOKUP($Q23,武学奇术!$A:$ZZ,23,FALSE)=1,100%,$B$8),100%) -> 1 | BJ23: {=IF(VLOOKUP($Q23,武学奇术!$A:$ZZ,23,FALSE)=1,100%,MIN(80%,$B$9+VLOOKUP($Q23,武学奇术!$A:$ZZ,17,FALSE)+SUM(_xlfn.XLOOKUP(R23:AF23,增益!$A:$A,增益!$Q:$Q,0)))+$B$11+SUM(_xlfn.XLOOKUP(R23:AF23,增益!$A:$A,增益!$U:$U,0)))*IF(VLOOKUP($Q23,武学奇术!$A:$ZZ,24,FALSE)=1,0,1)+MIN(IF(VLOOKUP($Q23,武学奇术!$A:$ZZ,32,FALSE)=1,IF(VLOOKUP($Q23,武学奇术!$A:$ZZ,24,FALSE)=1,100%,MIN(40%,$B$10+VLOOKUP($Q23,武学奇术!$A:$ZZ,19,FALSE)+SUM(_xlfn.XLOOKUP(R23:AF23,增益!$A:$A,增益!$S:$S,0)))+$B$12+SUM(_xlfn.XLOOKUP(R23:AF23,增益!$A:$A,增益!$V:$V,0))),0),12%)} -> 0.918 | BK23: {=1+$B$13+VLOOKUP($Q23,武学奇术!$A:$ZZ,18,FALSE)+SUM(_xlfn.XLOOKUP(R23:AF23,增益!$A:$A,增益!$R:$R,0))} -> 1.6 | BL23: {=MAX(IF(VLOOKUP($Q23,武学奇术!$A:$ZZ,24,FALSE)=1,100%,MIN(40%,$B$10+VLOOKUP($Q23,武学奇术!$A:$ZZ,19,FALSE)+SUM(_xlfn.XLOOKUP(R23:AF23,增益!$A:$A,增益!$S:$S,0)))+$B$12+SUM(_xlfn.XLOOKUP(R23:AF23,增益!$A:$A,增益!$V:$V,0)))*IF(VLOOKUP($Q23,武学奇术!$A:$ZZ,23,FALSE)=1,0,1)-IF(VLOOKUP($Q23,武学奇术!$A:$ZZ,32,FALSE)=1,12%,0),0)} -> 0.0895 | BM23: {=1+$B$14+VLOOKUP($Q23,武学奇术!$A:$ZZ,20,FALSE)+SUM(_xlfn.XLOOKUP(R23:AF23,增益!$A:$A,增益!$T:$T,0))} -> 1.35 | BN23: =MIN((1-BL23)*BI23,BI23*BJ23) -> 0.9105 | BO23: =1-BL23-BN23-BP23 -> 0 | BP23: =IF(VLOOKUP($Q23,武学奇术!$A:$ZZ,22,FALSE)=1,0,(1-$BI23))*(1-$BL23) -> 0 | BQ23: {=SUM(_xlfn.XLOOKUP(R23:AF23,增益!$A:$A,增益!$W:$W,0))+$I$5} -> 0.11
B24: 400 | C24: 易水歌 | K24: =($L24*$BN24+$M24*$BL24+$N24*$BO24+$O24*$BP24) -> 64342.127 | L24: =((($AN24+($AO24-$AN24)*IF(VLOOKUP($Q24,武学奇术!$A:$ZZ,31,FALSE)=1,$F$18,0.5))*$AH24+$AI24)*(1+$AP24)*(1+$AQ24)+(($AS24+($AT24-$AS24)*IF(VLOOKUP($Q24,武学奇术!$A:$ZZ,31,FALSE)=1,$F$18,0.5))*IF($G$1="鸣金",$AJ24,$AH24)+IF($G$1="鸣金",$AK24*1.5,0))*(1+$AU24)*(1+$AV24)+(($AW24+($AX24-$AW24)*IF(VLOOKUP($Q24,武学奇术!$A:$ZZ,31,FALSE)=1,$F$18,0.5))*IF($G$1="裂石",$AJ24,$AH24)+IF($G$1="裂石",$AK24*1.5,0))*(1+$AY24)*(1+$AZ24)+(($BA24+($BB24-$BA24)*IF(VLOOKUP($Q24,武学奇术!$A:$ZZ,31,FALSE)=1,$F$18,0.5))*IF($G$1="牵丝",$AJ24,$AH24)+IF($G$1="牵丝",$AK24*1.5,0))*(1+$BC24)*(1+$BD24)+(($BE24+($BF24-$BE24)*IF(VLOOKUP($Q24,武学奇术!$A:$ZZ,31,FALSE)=1,$F$18,0.5))*IF($G$1="破竹",$AJ24,$AH24)+IF($G$1="破竹",$AK24*1.5,0))*(1+$BG24)*(1+$BH24))*(1+$AL24)*$BK24*$P24*(1+IF(VLOOKUP($Q24,武学奇术!$A:$ZZ,30,FALSE)="蓄力技",$B$21,0))*(1+$BQ24) -> 65481.474 | M24: =(($AO24*$AH24+$AI24)*(1+$AP24)*(1+$AQ24)+($AT24*IF($G$1="鸣金",$AJ24,$AH24)+IF($G$1="鸣金",$AK24*1.5,0))*(1+$AU24)*(1+$AV24)+($AX24*IF($G$1="裂石",$AJ24,$AH24)+IF($G$1="裂石",$AK24*1.5,0))*(1+$AY24)*(1+$AZ24)+($BB24*IF($G$1="牵丝",$AJ24,$AH24)+IF($G$1="牵丝",$AK24*1.5,0))*(1+$BC24)*(1+$BD24)+($BF24*IF($G$1="破竹",$AJ24,$AH24)+IF($G$1="破竹",$AK24*1.5,0))*(1+$BG24)*(1+$BH24))*(1+$AL24)*$BM24*$P24*(1+IF(VLOOKUP($Q24,武学奇术!$A:$ZZ,30,FALSE)="蓄力技",$B$21,0))*(1+$BQ24) -> 52751.338 | N24: =((($AN24+($AO24-$AN24)*IF(VLOOKUP($Q24,武学奇术!$A:$ZZ,31,FALSE)=1,$F$18,0.5))*$AH24+$AI24)*(1+$AP24)*(1+$AQ24)+(($AS24+($AT24-$AS24)*IF(VLOOKUP($Q24,武学奇术!$A:$ZZ,31,FALSE)=1,$F$18,0.5))*IF($G$1="鸣金",$AJ24,$AH24)+IF($G$1="鸣金",$AK24*1.5,0))*(1+$AU24)*(1+$AV24)+(($AW24+($AX24-$AW24)*IF(VLOOKUP($Q24,武学奇术!$A:$ZZ,31,FALSE)=1,$F$18,0.5))*IF($G$1="裂石",$AJ24,$AH24)+IF($G$1="裂石",$AK24*1.5,0))*(1+$AY24)*(1+$AZ24)+(($BA24+($BB24-$BA24)*IF(VLOOKUP($Q24,武学奇术!$A:$ZZ,31,FALSE)=1,$F$18,0.5))*IF($G$1="牵丝",$AJ24,$AH24)+IF($G$1="牵丝",$AK24*1.5,0))*(1+$BC24)*(1+$BD24)+(($BE24+($BF24-$BE24)*IF(VLOOKUP($Q24,武学奇术!$A:$ZZ,31,FALSE)=1,$F$18,0.5))*IF($G$1="破竹",$AJ24,$AH24)+IF($G$1="破竹",$AK24*1.5,0))*(1+$BG24)*(1+$BH24))*(1+$AL24)*$P24*(1+IF(VLOOKUP($Q24,武学奇术!$A:$ZZ,30,FALSE)="蓄力技",$B$21,0))*(1+$BQ24) -> 34463.934 | O24: =((($AN24*$AH24+$AI24)*(1+$AP24)*(1+$AQ24)+($AS24*IF($G$1="鸣金",$AJ24,$AH24)+IF($G$1="鸣金",$AK24*1.5,0))*(1+$AU24)*(1+$AV24)+($AW24*IF($G$1="裂石",$AJ24,$AH24)+IF($G$1="裂石",$AK24*1.5,0))*(1+$AY24)*(1+$AZ24)+($BA24*IF($G$1="牵丝",$AJ24,$AH24)+IF($G$1="牵丝",$AK24*1.5,0))*(1+$BC24)*(1+$BD24)+($BE24*IF($G$1="破竹",$AJ24,$AH24)+IF($G$1="破竹",$AK24*1.5,0))*(1+$BG24)*(1+$BH24))*(1+$AL24))*$P24*(1+IF(VLOOKUP($Q24,武学奇术!$A:$ZZ,30,FALSE)="蓄力技",$B$21,0))*(1+$BQ24) -> 29852.803 | P24: 1 | Q24: 鹰隼追击(拳甲) | R24: 易水歌5层 | S24: N/a | T24: N/a | U24: N/a | V24: N/a | W24: N/a | X24: 沧海帖6层 | Y24: 惧刃(拐) | Z24: 三穷 | AA24: N/a | AB24: N/a | AC24: N/a | AD24: N/a | AE24: 无惧 | AF24: 天志增伤 | AG24: =VLOOKUP($Q24,武学奇术!$A:$ZZ,25,FALSE) -> 拳甲 | AH24: =VLOOKUP($Q24,武学奇术!$A:$ZZ,26,FALSE) -> 2.33376 | AI24: =VLOOKUP($Q24,武学奇术!$A:$ZZ,27,FALSE)*(1+IF(OR($AG24=$F$4,$AG24=$F$5),$B$22,0)) -> 0 | AJ24: =VLOOKUP($Q24,武学奇术!$A:$ZZ,28,FALSE) -> 3.50064 | AK24: =VLOOKUP($Q24,武学奇术!$A:$ZZ,29,FALSE)*(1+IF(OR($AG24=$F$4,$AG24=$F$5),$B$22,0)) -> 0 | AL24: {=$G$3+IFERROR(VLOOKUP($AG24,$F$4:$G$7,2,FALSE),0)+VLOOKUP($Q24,武学奇术!$A:$ZZ,2,FALSE)+SUM(_xlfn.XLOOKUP($R24:$AF24,增益!$A:$A,增益!$B:$B,0))} -> 0.7041 | AM24: {=VLOOKUP($Q24,武学奇术!$A:$ZZ,5,FALSE)+SUM(_xlfn.XLOOKUP($R24:$AF24,增益!$A:$A,增益!$E:$E,0))} -> 0 | AN24: {=$D$10*(1+$AM24)+VLOOKUP($Q24,武学奇术!$A:$ZZ,3,FALSE)+SUM(_xlfn.XLOOKUP($R24:$AF24,增益!$A:$A,增益!$C:$C,0))-$I$2} -> 3804.006 | AO24: {=$E$10*(1+$AM24)+VLOOKUP($Q24,武学奇术!$A:$ZZ,4,FALSE)+SUM(_xlfn.XLOOKUP($R24:$AF24,增益!$A:$A,增益!$D:$D,0))-$I$2} -> 3804.006 | AP24: {=IF($F$10-$I$3+VLOOKUP($Q24,武学奇术!$A:$ZZ,6,FALSE)+SUM(_xlfn.XLOOKUP(R24:AF24,增益!$A:$A,增益!$F:$F,0))>0,($F$10-$I$3+VLOOKUP($Q24,武学奇术!$A:$ZZ,6,FALSE)+SUM(_xlfn.XLOOKUP(R24:AF24,增益!$A:$A,增益!$F:$F,0)))/200,($F$10-$I$3+VLOOKUP($Q24,武学奇术!$A:$ZZ,6,FALSE)+SUM(_xlfn.XLOOKUP(R24:AF24,增益!$A:$A,增益!$F:$F,0)))/100)} -> 0.347 | AQ24: {=$G$10+VLOOKUP($Q24,武学奇术!$A:$ZZ,7,FALSE)+SUM(_xlfn.XLOOKUP(R24:AF24,增益!$A:$A,增益!$G:$G,0))} -> 0.09 | AR24: {=VLOOKUP($Q24,武学奇术!$A:$ZZ,8,FALSE)+SUM(_xlfn.XLOOKUP(R24:AF24,增益!$A:$A,增益!$H:$H,0))} -> 0 | AS24: =$D$11*(1+$AR24) -> 0 | AT24: =$E$11*(1+$AR24) -> 0 | AU24: {=IF($F$11-$I$4+VLOOKUP($Q24,武学奇术!$A:$ZZ,9,FALSE)+SUM(_xlfn.XLOOKUP(R24:AF24,增益!$A:$A,增益!$I:$I,0))>0,($F$11-$I$4+VLOOKUP($Q24,武学奇术!$A:$ZZ,9,FALSE)+SUM(_xlfn.XLOOKUP(R24:AF24,增益!$A:$A,增益!$I:$I,0)))/200,($F$11-$I$4+VLOOKUP($Q24,武学奇术!$A:$ZZ,9,FALSE)+SUM(_xlfn.XLOOKUP(R24:AF24,增益!$A:$A,增益!$I:$I,0)))/100)} -> -0.08 | AV24: {=$G$11+VLOOKUP($Q24,武学奇术!$A:$ZZ,10,FALSE)+SUM(_xlfn.XLOOKUP(R24:AF24,增益!$A:$A,增益!$J:$J,0))} -> 0 | AW24: =$D$12*(1+$AR24) -> 0 | AX24: =$E$12*(1+$AR24) -> 0 | AY24: {=IF($F$12-$I$4+VLOOKUP($Q24,武学奇术!$A:$ZZ,11,FALSE)+SUM(_xlfn.XLOOKUP(R24:AF24,增益!$A:$A,增益!$K:$K,0))>0,($F$12-$I$4+VLOOKUP($Q24,武学奇术!$A:$ZZ,11,FALSE)+SUM(_xlfn.XLOOKUP(R24:AF24,增益!$A:$A,增益!$K:$K,0)))/200,($F$12-$I$4+VLOOKUP($Q24,武学奇术!$A:$ZZ,11,FALSE)+SUM(_xlfn.XLOOKUP(R24:AF24,增益!$A:$A,增益!$K:$K,0)))/100)} -> -0.08 | AZ24: {=$G$12+VLOOKUP($Q24,武学奇术!$A:$ZZ,12,FALSE)+SUM(_xlfn.XLOOKUP(R24:AF24,增益!$A:$A,增益!$L:$L,0))} -> 0 | BA24: =$D$13*(1+$AR24) -> 0 | BB24: =$E$13*(1+$AR24) -> 0 | BC24: {=IF($F$13-$I$4+VLOOKUP($Q24,武学奇术!$A:$ZZ,13,FALSE)+SUM(_xlfn.XLOOKUP(R24:AF24,增益!$A:$A,增益!$M:$M,0))>0,($F$13-$I$4+VLOOKUP($Q24,武学奇术!$A:$ZZ,13,FALSE)+SUM(_xlfn.XLOOKUP(R24:AF24,增益!$A:$A,增益!$K:$K,0)))/200,($F$13-$I$4+VLOOKUP($Q24,武学奇术!$A:$ZZ,13,FALSE)+SUM(_xlfn.XLOOKUP(R24:AF24,增益!$A:$A,增益!$M:$M,0)))/100)} -> -0.08 | BD24: {=$G$13+VLOOKUP($Q24,武学奇术!$A:$ZZ,14,FALSE)+SUM(_xlfn.XLOOKUP(R24:AF24,增益!$A:$A,增益!$N:$N,0))} -> 0 | BE24: =$D$14*(1+$AR24) -> 570.28 | BF24: =$E$14*(1+$AR24) -> 1582.156 | BG24: {=IF($F$14-$I$4+VLOOKUP($Q24,武学奇术!$A:$ZZ,15,FALSE)+SUM(_xlfn.XLOOKUP(R24:AF24,增益!$A:$A,增益!$O:$O,0))>0,($F$14-$I$4+VLOOKUP($Q24,武学奇术!$A:$ZZ,15,FALSE)+SUM(_xlfn.XLOOKUP(R24:AF24,增益!$A:$A,增益!$O:$O,0)))/200,($F$14-$I$4+VLOOKUP($Q24,武学奇术!$A:$ZZ,15,FALSE)+SUM(_xlfn.XLOOKUP(R24:AF24,增益!$A:$A,增益!$O:$O,0)))/100)} -> 0.11 | BH24: {=$G$14+VLOOKUP($Q24,武学奇术!$A:$ZZ,16,FALSE)+SUM(_xlfn.XLOOKUP(R24:AF24,增益!$A:$A,增益!$P:$P,0))} -> 0.24 | BI24: =MIN(IF(VLOOKUP($Q24,武学奇术!$A:$ZZ,23,FALSE)=1,100%,$B$8),100%) -> 1 | BJ24: {=IF(VLOOKUP($Q24,武学奇术!$A:$ZZ,23,FALSE)=1,100%,MIN(80%,$B$9+VLOOKUP($Q24,武学奇术!$A:$ZZ,17,FALSE)+SUM(_xlfn.XLOOKUP(R24:AF24,增益!$A:$A,增益!$Q:$Q,0)))+$B$11+SUM(_xlfn.XLOOKUP(R24:AF24,增益!$A:$A,增益!$U:$U,0)))*IF(VLOOKUP($Q24,武学奇术!$A:$ZZ,24,FALSE)=1,0,1)+MIN(IF(VLOOKUP($Q24,武学奇术!$A:$ZZ,32,FALSE)=1,IF(VLOOKUP($Q24,武学奇术!$A:$ZZ,24,FALSE)=1,100%,MIN(40%,$B$10+VLOOKUP($Q24,武学奇术!$A:$ZZ,19,FALSE)+SUM(_xlfn.XLOOKUP(R24:AF24,增益!$A:$A,增益!$S:$S,0)))+$B$12+SUM(_xlfn.XLOOKUP(R24:AF24,增益!$A:$A,增益!$V:$V,0))),0),12%)} -> 0.918 | BK24: {=1+$B$13+VLOOKUP($Q24,武学奇术!$A:$ZZ,18,FALSE)+SUM(_xlfn.XLOOKUP(R24:AF24,增益!$A:$A,增益!$R:$R,0))} -> 1.9 | BL24: {=MAX(IF(VLOOKUP($Q24,武学奇术!$A:$ZZ,24,FALSE)=1,100%,MIN(40%,$B$10+VLOOKUP($Q24,武学奇术!$A:$ZZ,19,FALSE)+SUM(_xlfn.XLOOKUP(R24:AF24,增益!$A:$A,增益!$S:$S,0)))+$B$12+SUM(_xlfn.XLOOKUP(R24:AF24,增益!$A:$A,增益!$V:$V,0)))*IF(VLOOKUP($Q24,武学奇术!$A:$ZZ,23,FALSE)=1,0,1)-IF(VLOOKUP($Q24,武学奇术!$A:$ZZ,32,FALSE)=1,12%,0),0)} -> 0.0895 | BM24: {=1+$B$14+VLOOKUP($Q24,武学奇术!$A:$ZZ,20,FALSE)+SUM(_xlfn.XLOOKUP(R24:AF24,增益!$A:$A,增益!$T:$T,0))} -> 1.35 | BN24: =MIN((1-BL24)*BI24,BI24*BJ24) -> 0.9105 | BO24: =1-BL24-BN24-BP24 -> 0 | BP24: =IF(VLOOKUP($Q24,武学奇术!$A:$ZZ,22,FALSE)=1,0,(1-$BI24))*(1-$BL24) -> 0 | BQ24: {=SUM(_xlfn.XLOOKUP(R24:AF24,增益!$A:$A,增益!$W:$W,0))+$I$5} -> 0.11
K25: =($L25*$BN25+$M25*$BL25+$N25*$BO25+$O25*$BP25) -> 25075.272 | L25: =((($AN25+($AO25-$AN25)*IF(VLOOKUP($Q25,武学奇术!$A:$ZZ,31,FALSE)=1,$F$18,0.5))*$AH25+$AI25)*(1+$AP25)*(1+$AQ25)+(($AS25+($AT25-$AS25)*IF(VLOOKUP($Q25,武学奇术!$A:$ZZ,31,FALSE)=1,$F$18,0.5))*IF($G$1="鸣金",$AJ25,$AH25)+IF($G$1="鸣金",$AK25*1.5,0))*(1+$AU25)*(1+$AV25)+(($AW25+($AX25-$AW25)*IF(VLOOKUP($Q25,武学奇术!$A:$ZZ,31,FALSE)=1,$F$18,0.5))*IF($G$1="裂石",$AJ25,$AH25)+IF($G$1="裂石",$AK25*1.5,0))*(1+$AY25)*(1+$AZ25)+(($BA25+($BB25-$BA25)*IF(VLOOKUP($Q25,武学奇术!$A:$ZZ,31,FALSE)=1,$F$18,0.5))*IF($G$1="牵丝",$AJ25,$AH25)+IF($G$1="牵丝",$AK25*1.5,0))*(1+$BC25)*(1+$BD25)+(($BE25+($BF25-$BE25)*IF(VLOOKUP($Q25,武学奇术!$A:$ZZ,31,FALSE)=1,$F$18,0.5))*IF($G$1="破竹",$AJ25,$AH25)+IF($G$1="破竹",$AK25*1.5,0))*(1+$BG25)*(1+$BH25))*(1+$AL25)*$BK25*$P25*(1+IF(VLOOKUP($Q25,武学奇术!$A:$ZZ,30,FALSE)="蓄力技",$B$21,0))*(1+$BQ25) -> 25202.942 | M25: =(($AO25*$AH25+$AI25)*(1+$AP25)*(1+$AQ25)+($AT25*IF($G$1="鸣金",$AJ25,$AH25)+IF($G$1="鸣金",$AK25*1.5,0))*(1+$AU25)*(1+$AV25)+($AX25*IF($G$1="裂石",$AJ25,$AH25)+IF($G$1="裂石",$AK25*1.5,0))*(1+$AY25)*(1+$AZ25)+($BB25*IF($G$1="牵丝",$AJ25,$AH25)+IF($G$1="牵丝",$AK25*1.5,0))*(1+$BC25)*(1+$BD25)+($BF25*IF($G$1="破竹",$AJ25,$AH25)+IF($G$1="破竹",$AK25*1.5,0))*(1+$BG25)*(1+$BH25))*(1+$AL25)*$BM25*$P25*(1+IF(VLOOKUP($Q25,武学奇术!$A:$ZZ,30,FALSE)="蓄力技",$B$21,0))*(1+$BQ25) -> 23776.455 | N25: =((($AN25+($AO25-$AN25)*IF(VLOOKUP($Q25,武学奇术!$A:$ZZ,31,FALSE)=1,$F$18,0.5))*$AH25+$AI25)*(1+$AP25)*(1+$AQ25)+(($AS25+($AT25-$AS25)*IF(VLOOKUP($Q25,武学奇术!$A:$ZZ,31,FALSE)=1,$F$18,0.5))*IF($G$1="鸣金",$AJ25,$AH25)+IF($G$1="鸣金",$AK25*1.5,0))*(1+$AU25)*(1+$AV25)+(($AW25+($AX25-$AW25)*IF(VLOOKUP($Q25,武学奇术!$A:$ZZ,31,FALSE)=1,$F$18,0.5))*IF($G$1="裂石",$AJ25,$AH25)+IF($G$1="裂石",$AK25*1.5,0))*(1+$AY25)*(1+$AZ25)+(($BA25+($BB25-$BA25)*IF(VLOOKUP($Q25,武学奇术!$A:$ZZ,31,FALSE)=1,$F$18,0.5))*IF($G$1="牵丝",$AJ25,$AH25)+IF($G$1="牵丝",$AK25*1.5,0))*(1+$BC25)*(1+$BD25)+(($BE25+($BF25-$BE25)*IF(VLOOKUP($Q25,武学奇术!$A:$ZZ,31,FALSE)=1,$F$18,0.5))*IF($G$1="破竹",$AJ25,$AH25)+IF($G$1="破竹",$AK25*1.5,0))*(1+$BG25)*(1+$BH25))*(1+$AL25)*$P25*(1+IF(VLOOKUP($Q25,武学奇术!$A:$ZZ,30,FALSE)="蓄力技",$B$21,0))*(1+$BQ25) -> 15751.839 | O25: =((($AN25*$AH25+$AI25)*(1+$AP25)*(1+$AQ25)+($AS25*IF($G$1="鸣金",$AJ25,$AH25)+IF($G$1="鸣金",$AK25*1.5,0))*(1+$AU25)*(1+$AV25)+($AW25*IF($G$1="裂石",$AJ25,$AH25)+IF($G$1="裂石",$AK25*1.5,0))*(1+$AY25)*(1+$AZ25)+($BA25*IF($G$1="牵丝",$AJ25,$AH25)+IF($G$1="牵丝",$AK25*1.5,0))*(1+$BC25)*(1+$BD25)+($BE25*IF($G$1="破竹",$AJ25,$AH25)+IF($G$1="破竹",$AK25*1.5,0))*(1+$BG25)*(1+$BH25))*(1+$AL25))*$P25*(1+IF(VLOOKUP($Q25,武学奇术!$A:$ZZ,30,FALSE)="蓄力技",$B$21,0))*(1+$BQ25) -> 13891.489 | P25: 1 | Q25: 绳标～ | R25: 易水歌5层 | S25: N/a | T25: N/a | U25: N/a | V25: N/a | W25: N/a | X25: 沧海帖6层 | Y25: 惧刃(拐) | Z25: N/a | AA25: N/a | AB25: N/a | AC25: N/a | AD25: N/a | AE25: 无惧 | AF25: 天志增伤 | AG25: =VLOOKUP($Q25,武学奇术!$A:$ZZ,25,FALSE) -> 绳镖 | AH25: =VLOOKUP($Q25,武学奇术!$A:$ZZ,26,FALSE) -> 1.2503 | AI25: =VLOOKUP($Q25,武学奇术!$A:$ZZ,27,FALSE)*(1+IF(OR($AG25=$F$4,$AG25=$F$5),$B$22,0)) -> 485.8 | AJ25: =VLOOKUP($Q25,武学奇术!$A:$ZZ,28,FALSE) -> 1.8755 | AK25: =VLOOKUP($Q25,武学奇术!$A:$ZZ,29,FALSE)*(1+IF(OR($AG25=$F$4,$AG25=$F$5),$B$22,0)) -> 264.6 | AL25: {=$G$3+IFERROR(VLOOKUP($AG25,$F$4:$G$7,2,FALSE),0)+VLOOKUP($Q25,武学奇术!$A:$ZZ,2,FALSE)+SUM(_xlfn.XLOOKUP($R25:$AF25,增益!$A:$A,增益!$B:$B,0))} -> 0.3189 | AM25: {=VLOOKUP($Q25,武学奇术!$A:$ZZ,5,FALSE)+SUM(_xlfn.XLOOKUP($R25:$AF25,增益!$A:$A,增益!$E:$E,0))} -> 0 | AN25: {=$D$10*(1+$AM25)+VLOOKUP($Q25,武学奇术!$A:$ZZ,3,FALSE)+SUM(_xlfn.XLOOKUP($R25:$AF25,增益!$A:$A,增益!$C:$C,0))-$I$2} -> 3804.006 | AO25: {=$E$10*(1+$AM25)+VLOOKUP($Q25,武学奇术!$A:$ZZ,4,FALSE)+SUM(_xlfn.XLOOKUP($R25:$AF25,增益!$A:$A,增益!$D:$D,0))-$I$2} -> 3804.006 | AP25: {=IF($F$10-$I$3+VLOOKUP($Q25,武学奇术!$A:$ZZ,6,FALSE)+SUM(_xlfn.XLOOKUP(R25:AF25,增益!$A:$A,增益!$F:$F,0))>0,($F$10-$I$3+VLOOKUP($Q25,武学奇术!$A:$ZZ,6,FALSE)+SUM(_xlfn.XLOOKUP(R25:AF25,增益!$A:$A,增益!$F:$F,0)))/200,($F$10-$I$3+VLOOKUP($Q25,武学奇术!$A:$ZZ,6,FALSE)+SUM(_xlfn.XLOOKUP(R25:AF25,增益!$A:$A,增益!$F:$F,0)))/100)} -> 0.317 | AQ25: {=$G$10+VLOOKUP($Q25,武学奇术!$A:$ZZ,7,FALSE)+SUM(_xlfn.XLOOKUP(R25:AF25,增益!$A:$A,增益!$G:$G,0))} -> 0.09 | AR25: {=VLOOKUP($Q25,武学奇术!$A:$ZZ,8,FALSE)+SUM(_xlfn.XLOOKUP(R25:AF25,增益!$A:$A,增益!$H:$H,0))} -> 0 | AS25: =$D$11*(1+$AR25) -> 0 | AT25: =$E$11*(1+$AR25) -> 0 | AU25: {=IF($F$11-$I$4+VLOOKUP($Q25,武学奇术!$A:$ZZ,9,FALSE)+SUM(_xlfn.XLOOKUP(R25:AF25,增益!$A:$A,增益!$I:$I,0))>0,($F$11-$I$4+VLOOKUP($Q25,武学奇术!$A:$ZZ,9,FALSE)+SUM(_xlfn.XLOOKUP(R25:AF25,增益!$A:$A,增益!$I:$I,0)))/200,($F$11-$I$4+VLOOKUP($Q25,武学奇术!$A:$ZZ,9,FALSE)+SUM(_xlfn.XLOOKUP(R25:AF25,增益!$A:$A,增益!$I:$I,0)))/100)} -> -0.14 | AV25: {=$G$11+VLOOKUP($Q25,武学奇术!$A:$ZZ,10,FALSE)+SUM(_xlfn.XLOOKUP(R25:AF25,增益!$A:$A,增益!$J:$J,0))} -> 0 | AW25: =$D$12*(1+$AR25) -> 0 | AX25: =$E$12*(1+$AR25) -> 0 | AY25: {=IF($F$12-$I$4+VLOOKUP($Q25,武学奇术!$A:$ZZ,11,FALSE)+SUM(_xlfn.XLOOKUP(R25:AF25,增益!$A:$A,增益!$K:$K,0))>0,($F$12-$I$4+VLOOKUP($Q25,武学奇术!$A:$ZZ,11,FALSE)+SUM(_xlfn.XLOOKUP(R25:AF25,增益!$A:$A,增益!$K:$K,0)))/200,($F$12-$I$4+VLOOKUP($Q25,武学奇术!$A:$ZZ,11,FALSE)+SUM(_xlfn.XLOOKUP(R25:AF25,增益!$A:$A,增益!$K:$K,0)))/100)} -> -0.14 | AZ25: {=$G$12+VLOOKUP($Q25,武学奇术!$A:$ZZ,12,FALSE)+SUM(_xlfn.XLOOKUP(R25:AF25,增益!$A:$A,增益!$L:$L,0))} -> 0 | BA25: =$D$13*(1+$AR25) -> 0 | BB25: =$E$13*(1+$AR25) -> 0 | BC25: {=IF($F$13-$I$4+VLOOKUP($Q25,武学奇术!$A:$ZZ,13,FALSE)+SUM(_xlfn.XLOOKUP(R25:AF25,增益!$A:$A,增益!$M:$M,0))>0,($F$13-$I$4+VLOOKUP($Q25,武学奇术!$A:$ZZ,13,FALSE)+SUM(_xlfn.XLOOKUP(R25:AF25,增益!$A:$A,增益!$K:$K,0)))/200,($F$13-$I$4+VLOOKUP($Q25,武学奇术!$A:$ZZ,13,FALSE)+SUM(_xlfn.XLOOKUP(R25:AF25,增益!$A:$A,增益!$M:$M,0)))/100)} -> -0.14 | BD25: {=$G$13+VLOOKUP($Q25,武学奇术!$A:$ZZ,14,FALSE)+SUM(_xlfn.XLOOKUP(R25:AF25,增益!$A:$A,增益!$N:$N,0))} -> 0 | BE25: =$D$14*(1+$AR25) -> 570.28 | BF25: =$E$14*(1+$AR25) -> 1582.156 | BG25: {=IF($F$14-$I$4+VLOOKUP($Q25,武学奇术!$A:$ZZ,15,FALSE)+SUM(_xlfn.XLOOKUP(R25:AF25,增益!$A:$A,增益!$O:$O,0))>0,($F$14-$I$4+VLOOKUP($Q25,武学奇术!$A:$ZZ,15,FALSE)+SUM(_xlfn.XLOOKUP(R25:AF25,增益!$A:$A,增益!$O:$O,0)))/200,($F$14-$I$4+VLOOKUP($Q25,武学奇术!$A:$ZZ,15,FALSE)+SUM(_xlfn.XLOOKUP(R25:AF25,增益!$A:$A,增益!$O:$O,0)))/100)} -> 0.08 | BH25: {=$G$14+VLOOKUP($Q25,武学奇术!$A:$ZZ,16,FALSE)+SUM(_xlfn.XLOOKUP(R25:AF25,增益!$A:$A,增益!$P:$P,0))} -> 0.24 | BI25: =MIN(IF(VLOOKUP($Q25,武学奇术!$A:$ZZ,23,FALSE)=1,100%,$B$8),100%) -> 1 | BJ25: {=IF(VLOOKUP($Q25,武学奇术!$A:$ZZ,23,FALSE)=1,100%,MIN(80%,$B$9+VLOOKUP($Q25,武学奇术!$A:$ZZ,17,FALSE)+SUM(_xlfn.XLOOKUP(R25:AF25,增益!$A:$A,增益!$Q:$Q,0)))+$B$11+SUM(_xlfn.XLOOKUP(R25:AF25,增益!$A:$A,增益!$U:$U,0)))*IF(VLOOKUP($Q25,武学奇术!$A:$ZZ,24,FALSE)=1,0,1)+MIN(IF(VLOOKUP($Q25,武学奇术!$A:$ZZ,32,FALSE)=1,IF(VLOOKUP($Q25,武学奇术!$A:$ZZ,24,FALSE)=1,100%,MIN(40%,$B$10+VLOOKUP($Q25,武学奇术!$A:$ZZ,19,FALSE)+SUM(_xlfn.XLOOKUP(R25:AF25,增益!$A:$A,增益!$S:$S,0)))+$B$12+SUM(_xlfn.XLOOKUP(R25:AF25,增益!$A:$A,增益!$V:$V,0))),0),12%)} -> 0.918 | BK25: {=1+$B$13+VLOOKUP($Q25,武学奇术!$A:$ZZ,18,FALSE)+SUM(_xlfn.XLOOKUP(R25:AF25,增益!$A:$A,增益!$R:$R,0))} -> 1.6 | BL25: {=MAX(IF(VLOOKUP($Q25,武学奇术!$A:$ZZ,24,FALSE)=1,100%,MIN(40%,$B$10+VLOOKUP($Q25,武学奇术!$A:$ZZ,19,FALSE)+SUM(_xlfn.XLOOKUP(R25:AF25,增益!$A:$A,增益!$S:$S,0)))+$B$12+SUM(_xlfn.XLOOKUP(R25:AF25,增益!$A:$A,增益!$V:$V,0)))*IF(VLOOKUP($Q25,武学奇术!$A:$ZZ,23,FALSE)=1,0,1)-IF(VLOOKUP($Q25,武学奇术!$A:$ZZ,32,FALSE)=1,12%,0),0)} -> 0.0895 | BM25: {=1+$B$14+VLOOKUP($Q25,武学奇术!$A:$ZZ,20,FALSE)+SUM(_xlfn.XLOOKUP(R25:AF25,增益!$A:$A,增益!$T:$T,0))} -> 1.35 | BN25: =MIN((1-BL25)*BI25,BI25*BJ25) -> 0.9105 | BO25: =1-BL25-BN25-BP25 -> 0 | BP25: =IF(VLOOKUP($Q25,武学奇术!$A:$ZZ,22,FALSE)=1,0,(1-$BI25))*(1-$BL25) -> 0 | BQ25: {=SUM(_xlfn.XLOOKUP(R25:AF25,增益!$A:$A,增益!$W:$W,0))+$I$5} -> 0.11
G26: 100 | K26: =($L26*$BN26+$M26*$BL26+$N26*$BO26+$O26*$BP26) -> 50937.674 | L26: =((($AN26+($AO26-$AN26)*IF(VLOOKUP($Q26,武学奇术!$A:$ZZ,31,FALSE)=1,$F$18,0.5))*$AH26+$AI26)*(1+$AP26)*(1+$AQ26)+(($AS26+($AT26-$AS26)*IF(VLOOKUP($Q26,武学奇术!$A:$ZZ,31,FALSE)=1,$F$18,0.5))*IF($G$1="鸣金",$AJ26,$AH26)+IF($G$1="鸣金",$AK26*1.5,0))*(1+$AU26)*(1+$AV26)+(($AW26+($AX26-$AW26)*IF(VLOOKUP($Q26,武学奇术!$A:$ZZ,31,FALSE)=1,$F$18,0.5))*IF($G$1="裂石",$AJ26,$AH26)+IF($G$1="裂石",$AK26*1.5,0))*(1+$AY26)*(1+$AZ26)+(($BA26+($BB26-$BA26)*IF(VLOOKUP($Q26,武学奇术!$A:$ZZ,31,FALSE)=1,$F$18,0.5))*IF($G$1="牵丝",$AJ26,$AH26)+IF($G$1="牵丝",$AK26*1.5,0))*(1+$BC26)*(1+$BD26)+(($BE26+($BF26-$BE26)*IF(VLOOKUP($Q26,武学奇术!$A:$ZZ,31,FALSE)=1,$F$18,0.5))*IF($G$1="破竹",$AJ26,$AH26)+IF($G$1="破竹",$AK26*1.5,0))*(1+$BG26)*(1+$BH26))*(1+$AL26)*$BK26*$P26*(1+IF(VLOOKUP($Q26,武学奇术!$A:$ZZ,30,FALSE)="蓄力技",$B$21,0))*(1+$BQ26) -> 51839.66 | M26: =(($AO26*$AH26+$AI26)*(1+$AP26)*(1+$AQ26)+($AT26*IF($G$1="鸣金",$AJ26,$AH26)+IF($G$1="鸣金",$AK26*1.5,0))*(1+$AU26)*(1+$AV26)+($AX26*IF($G$1="裂石",$AJ26,$AH26)+IF($G$1="裂石",$AK26*1.5,0))*(1+$AY26)*(1+$AZ26)+($BB26*IF($G$1="牵丝",$AJ26,$AH26)+IF($G$1="牵丝",$AK26*1.5,0))*(1+$BC26)*(1+$BD26)+($BF26*IF($G$1="破竹",$AJ26,$AH26)+IF($G$1="破竹",$AK26*1.5,0))*(1+$BG26)*(1+$BH26))*(1+$AL26)*$BM26*$P26*(1+IF(VLOOKUP($Q26,武学奇术!$A:$ZZ,30,FALSE)="蓄力技",$B$21,0))*(1+$BQ26) -> 41761.605 | N26: =((($AN26+($AO26-$AN26)*IF(VLOOKUP($Q26,武学奇术!$A:$ZZ,31,FALSE)=1,$F$18,0.5))*$AH26+$AI26)*(1+$AP26)*(1+$AQ26)+(($AS26+($AT26-$AS26)*IF(VLOOKUP($Q26,武学奇术!$A:$ZZ,31,FALSE)=1,$F$18,0.5))*IF($G$1="鸣金",$AJ26,$AH26)+IF($G$1="鸣金",$AK26*1.5,0))*(1+$AU26)*(1+$AV26)+(($AW26+($AX26-$AW26)*IF(VLOOKUP($Q26,武学奇术!$A:$ZZ,31,FALSE)=1,$F$18,0.5))*IF($G$1="裂石",$AJ26,$AH26)+IF($G$1="裂石",$AK26*1.5,0))*(1+$AY26)*(1+$AZ26)+(($BA26+($BB26-$BA26)*IF(VLOOKUP($Q26,武学奇术!$A:$ZZ,31,FALSE)=1,$F$18,0.5))*IF($G$1="牵丝",$AJ26,$AH26)+IF($G$1="牵丝",$AK26*1.5,0))*(1+$BC26)*(1+$BD26)+(($BE26+($BF26-$BE26)*IF(VLOOKUP($Q26,武学奇术!$A:$ZZ,31,FALSE)=1,$F$18,0.5))*IF($G$1="破竹",$AJ26,$AH26)+IF($G$1="破竹",$AK26*1.5,0))*(1+$BG26)*(1+$BH26))*(1+$AL26)*$P26*(1+IF(VLOOKUP($Q26,武学奇术!$A:$ZZ,30,FALSE)="蓄力技",$B$21,0))*(1+$BQ26) -> 27284.032 | O26: =((($AN26*$AH26+$AI26)*(1+$AP26)*(1+$AQ26)+($AS26*IF($G$1="鸣金",$AJ26,$AH26)+IF($G$1="鸣金",$AK26*1.5,0))*(1+$AU26)*(1+$AV26)+($AW26*IF($G$1="裂石",$AJ26,$AH26)+IF($G$1="裂石",$AK26*1.5,0))*(1+$AY26)*(1+$AZ26)+($BA26*IF($G$1="牵丝",$AJ26,$AH26)+IF($G$1="牵丝",$AK26*1.5,0))*(1+$BC26)*(1+$BD26)+($BE26*IF($G$1="破竹",$AJ26,$AH26)+IF($G$1="破竹",$AK26*1.5,0))*(1+$BG26)*(1+$BH26))*(1+$AL26))*$P26*(1+IF(VLOOKUP($Q26,武学奇术!$A:$ZZ,30,FALSE)="蓄力技",$B$21,0))*(1+$BQ26) -> 23633.542 | P26: 1 | Q26: 鹰隼追击(绳特殊技) | R26: 易水歌5层 | S26: N/a | T26: N/a | U26: N/a | V26: N/a | W26: N/a | X26: 沧海帖6层 | Y26: 惧刃(拐) | Z26: 三穷 | AA26: N/a | AB26: N/a | AC26: N/a | AD26: N/a | AE26: 无惧 | AF26: 天志增伤 | AG26: =VLOOKUP($Q26,武学奇术!$A:$ZZ,25,FALSE) -> 绳镖 | AH26: =VLOOKUP($Q26,武学奇术!$A:$ZZ,26,FALSE) -> 1.9448 | AI26: =VLOOKUP($Q26,武学奇术!$A:$ZZ,27,FALSE)*(1+IF(OR($AG26=$F$4,$AG26=$F$5),$B$22,0)) -> 0 | AJ26: =VLOOKUP($Q26,武学奇术!$A:$ZZ,28,FALSE) -> 2.9172 | AK26: =VLOOKUP($Q26,武学奇术!$A:$ZZ,29,FALSE)*(1+IF(OR($AG26=$F$4,$AG26=$F$5),$B$22,0)) -> 0 | AL26: {=$G$3+IFERROR(VLOOKUP($AG26,$F$4:$G$7,2,FALSE),0)+VLOOKUP($Q26,武学奇术!$A:$ZZ,2,FALSE)+SUM(_xlfn.XLOOKUP($R26:$AF26,增益!$A:$A,增益!$B:$B,0))} -> 0.6189 | AM26: {=VLOOKUP($Q26,武学奇术!$A:$ZZ,5,FALSE)+SUM(_xlfn.XLOOKUP($R26:$AF26,增益!$A:$A,增益!$E:$E,0))} -> 0 | AN26: {=$D$10*(1+$AM26)+VLOOKUP($Q26,武学奇术!$A:$ZZ,3,FALSE)+SUM(_xlfn.XLOOKUP($R26:$AF26,增益!$A:$A,增益!$C:$C,0))-$I$2} -> 3804.006 | AO26: {=$E$10*(1+$AM26)+VLOOKUP($Q26,武学奇术!$A:$ZZ,4,FALSE)+SUM(_xlfn.XLOOKUP($R26:$AF26,增益!$A:$A,增益!$D:$D,0))-$I$2} -> 3804.006 | AP26: {=IF($F$10-$I$3+VLOOKUP($Q26,武学奇术!$A:$ZZ,6,FALSE)+SUM(_xlfn.XLOOKUP(R26:AF26,增益!$A:$A,增益!$F:$F,0))>0,($F$10-$I$3+VLOOKUP($Q26,武学奇术!$A:$ZZ,6,FALSE)+SUM(_xlfn.XLOOKUP(R26:AF26,增益!$A:$A,增益!$F:$F,0)))/200,($F$10-$I$3+VLOOKUP($Q26,武学奇术!$A:$ZZ,6,FALSE)+SUM(_xlfn.XLOOKUP(R26:AF26,增益!$A:$A,增益!$F:$F,0)))/100)} -> 0.347 | AQ26: {=$G$10+VLOOKUP($Q26,武学奇术!$A:$ZZ,7,FALSE)+SUM(_xlfn.XLOOKUP(R26:AF26,增益!$A:$A,增益!$G:$G,0))} -> 0.09 | AR26: {=VLOOKUP($Q26,武学奇术!$A:$ZZ,8,FALSE)+SUM(_xlfn.XLOOKUP(R26:AF26,增益!$A:$A,增益!$H:$H,0))} -> 0 | AS26: =$D$11*(1+$AR26) -> 0 | AT26: =$E$11*(1+$AR26) -> 0 | AU26: {=IF($F$11-$I$4+VLOOKUP($Q26,武学奇术!$A:$ZZ,9,FALSE)+SUM(_xlfn.XLOOKUP(R26:AF26,增益!$A:$A,增益!$I:$I,0))>0,($F$11-$I$4+VLOOKUP($Q26,武学奇术!$A:$ZZ,9,FALSE)+SUM(_xlfn.XLOOKUP(R26:AF26,增益!$A:$A,增益!$I:$I,0)))/200,($F$11-$I$4+VLOOKUP($Q26,武学奇术!$A:$ZZ,9,FALSE)+SUM(_xlfn.XLOOKUP(R26:AF26,增益!$A:$A,增益!$I:$I,0)))/100)} -> -0.08 | AV26: {=$G$11+VLOOKUP($Q26,武学奇术!$A:$ZZ,10,FALSE)+SUM(_xlfn.XLOOKUP(R26:AF26,增益!$A:$A,增益!$J:$J,0))} -> 0 | AW26: =$D$12*(1+$AR26) -> 0 | AX26: =$E$12*(1+$AR26) -> 0 | AY26: {=IF($F$12-$I$4+VLOOKUP($Q26,武学奇术!$A:$ZZ,11,FALSE)+SUM(_xlfn.XLOOKUP(R26:AF26,增益!$A:$A,增益!$K:$K,0))>0,($F$12-$I$4+VLOOKUP($Q26,武学奇术!$A:$ZZ,11,FALSE)+SUM(_xlfn.XLOOKUP(R26:AF26,增益!$A:$A,增益!$K:$K,0)))/200,($F$12-$I$4+VLOOKUP($Q26,武学奇术!$A:$ZZ,11,FALSE)+SUM(_xlfn.XLOOKUP(R26:AF26,增益!$A:$A,增益!$K:$K,0)))/100)} -> -0.08 | AZ26: {=$G$12+VLOOKUP($Q26,武学奇术!$A:$ZZ,12,FALSE)+SUM(_xlfn.XLOOKUP(R26:AF26,增益!$A:$A,增益!$L:$L,0))} -> 0 | BA26: =$D$13*(1+$AR26) -> 0 | BB26: =$E$13*(1+$AR26) -> 0 | BC26: {=IF($F$13-$I$4+VLOOKUP($Q26,武学奇术!$A:$ZZ,13,FALSE)+SUM(_xlfn.XLOOKUP(R26:AF26,增益!$A:$A,增益!$M:$M,0))>0,($F$13-$I$4+VLOOKUP($Q26,武学奇术!$A:$ZZ,13,FALSE)+SUM(_xlfn.XLOOKUP(R26:AF26,增益!$A:$A,增益!$K:$K,0)))/200,($F$13-$I$4+VLOOKUP($Q26,武学奇术!$A:$ZZ,13,FALSE)+SUM(_xlfn.XLOOKUP(R26:AF26,增益!$A:$A,增益!$M:$M,0)))/100)} -> -0.08 | BD26: {=$G$13+VLOOKUP($Q26,武学奇术!$A:$ZZ,14,FALSE)+SUM(_xlfn.XLOOKUP(R26:AF26,增益!$A:$A,增益!$N:$N,0))} -> 0 | BE26: =$D$14*(1+$AR26) -> 570.28 | BF26: =$E$14*(1+$AR26) -> 1582.156 | BG26: {=IF($F$14-$I$4+VLOOKUP($Q26,武学奇术!$A:$ZZ,15,FALSE)+SUM(_xlfn.XLOOKUP(R26:AF26,增益!$A:$A,增益!$O:$O,0))>0,($F$14-$I$4+VLOOKUP($Q26,武学奇术!$A:$ZZ,15,FALSE)+SUM(_xlfn.XLOOKUP(R26:AF26,增益!$A:$A,增益!$O:$O,0)))/200,($F$14-$I$4+VLOOKUP($Q26,武学奇术!$A:$ZZ,15,FALSE)+SUM(_xlfn.XLOOKUP(R26:AF26,增益!$A:$A,增益!$O:$O,0)))/100)} -> 0.11 | BH26: {=$G$14+VLOOKUP($Q26,武学奇术!$A:$ZZ,16,FALSE)+SUM(_xlfn.XLOOKUP(R26:AF26,增益!$A:$A,增益!$P:$P,0))} -> 0.24 | BI26: =MIN(IF(VLOOKUP($Q26,武学奇术!$A:$ZZ,23,FALSE)=1,100%,$B$8),100%) -> 1 | BJ26: {=IF(VLOOKUP($Q26,武学奇术!$A:$ZZ,23,FALSE)=1,100%,MIN(80%,$B$9+VLOOKUP($Q26,武学奇术!$A:$ZZ,17,FALSE)+SUM(_xlfn.XLOOKUP(R26:AF26,增益!$A:$A,增益!$Q:$Q,0)))+$B$11+SUM(_xlfn.XLOOKUP(R26:AF26,增益!$A:$A,增益!$U:$U,0)))*IF(VLOOKUP($Q26,武学奇术!$A:$ZZ,24,FALSE)=1,0,1)+MIN(IF(VLOOKUP($Q26,武学奇术!$A:$ZZ,32,FALSE)=1,IF(VLOOKUP($Q26,武学奇术!$A:$ZZ,24,FALSE)=1,100%,MIN(40%,$B$10+VLOOKUP($Q26,武学奇术!$A:$ZZ,19,FALSE)+SUM(_xlfn.XLOOKUP(R26:AF26,增益!$A:$A,增益!$S:$S,0)))+$B$12+SUM(_xlfn.XLOOKUP(R26:AF26,增益!$A:$A,增益!$V:$V,0))),0),12%)} -> 0.918 | BK26: {=1+$B$13+VLOOKUP($Q26,武学奇术!$A:$ZZ,18,FALSE)+SUM(_xlfn.XLOOKUP(R26:AF26,增益!$A:$A,增益!$R:$R,0))} -> 1.9 | BL26: {=MAX(IF(VLOOKUP($Q26,武学奇术!$A:$ZZ,24,FALSE)=1,100%,MIN(40%,$B$10+VLOOKUP($Q26,武学奇术!$A:$ZZ,19,FALSE)+SUM(_xlfn.XLOOKUP(R26:AF26,增益!$A:$A,增益!$S:$S,0)))+$B$12+SUM(_xlfn.XLOOKUP(R26:AF26,增益!$A:$A,增益!$V:$V,0)))*IF(VLOOKUP($Q26,武学奇术!$A:$ZZ,23,FALSE)=1,0,1)-IF(VLOOKUP($Q26,武学奇术!$A:$ZZ,32,FALSE)=1,12%,0),0)} -> 0.0895 | BM26: {=1+$B$14+VLOOKUP($Q26,武学奇术!$A:$ZZ,20,FALSE)+SUM(_xlfn.XLOOKUP(R26:AF26,增益!$A:$A,增益!$T:$T,0))} -> 1.35 | BN26: =MIN((1-BL26)*BI26,BI26*BJ26) -> 0.9105 | BO26: =1-BL26-BN26-BP26 -> 0 | BP26: =IF(VLOOKUP($Q26,武学奇术!$A:$ZZ,22,FALSE)=1,0,(1-$BI26))*(1-$BL26) -> 0 | BQ26: {=SUM(_xlfn.XLOOKUP(R26:AF26,增益!$A:$A,增益!$W:$W,0))+$I$5} -> 0.11
A27: 酒 | B27: 1 | D27: 2.5 | G27: -10 | K27: =($L27*$BN27+$M27*$BL27+$N27*$BO27+$O27*$BP27) -> 32488.925 | L27: =((($AN27+($AO27-$AN27)*IF(VLOOKUP($Q27,武学奇术!$A:$ZZ,31,FALSE)=1,$F$18,0.5))*$AH27+$AI27)*(1+$AP27)*(1+$AQ27)+(($AS27+($AT27-$AS27)*IF(VLOOKUP($Q27,武学奇术!$A:$ZZ,31,FALSE)=1,$F$18,0.5))*IF($G$1="鸣金",$AJ27,$AH27)+IF($G$1="鸣金",$AK27*1.5,0))*(1+$AU27)*(1+$AV27)+(($AW27+($AX27-$AW27)*IF(VLOOKUP($Q27,武学奇术!$A:$ZZ,31,FALSE)=1,$F$18,0.5))*IF($G$1="裂石",$AJ27,$AH27)+IF($G$1="裂石",$AK27*1.5,0))*(1+$AY27)*(1+$AZ27)+(($BA27+($BB27-$BA27)*IF(VLOOKUP($Q27,武学奇术!$A:$ZZ,31,FALSE)=1,$F$18,0.5))*IF($G$1="牵丝",$AJ27,$AH27)+IF($G$1="牵丝",$AK27*1.5,0))*(1+$BC27)*(1+$BD27)+(($BE27+($BF27-$BE27)*IF(VLOOKUP($Q27,武学奇术!$A:$ZZ,31,FALSE)=1,$F$18,0.5))*IF($G$1="破竹",$AJ27,$AH27)+IF($G$1="破竹",$AK27*1.5,0))*(1+$BG27)*(1+$BH27))*(1+$AL27)*$BK27*$P27*(1+IF(VLOOKUP($Q27,武学奇术!$A:$ZZ,30,FALSE)="蓄力技",$B$21,0))*(1+$BQ27) -> 32669.738 | M27: =(($AO27*$AH27+$AI27)*(1+$AP27)*(1+$AQ27)+($AT27*IF($G$1="鸣金",$AJ27,$AH27)+IF($G$1="鸣金",$AK27*1.5,0))*(1+$AU27)*(1+$AV27)+($AX27*IF($G$1="裂石",$AJ27,$AH27)+IF($G$1="裂石",$AK27*1.5,0))*(1+$AY27)*(1+$AZ27)+($BB27*IF($G$1="牵丝",$AJ27,$AH27)+IF($G$1="牵丝",$AK27*1.5,0))*(1+$BC27)*(1+$BD27)+($BF27*IF($G$1="破竹",$AJ27,$AH27)+IF($G$1="破竹",$AK27*1.5,0))*(1+$BG27)*(1+$BH27))*(1+$AL27)*$BM27*$P27*(1+IF(VLOOKUP($Q27,武学奇术!$A:$ZZ,30,FALSE)="蓄力技",$B$21,0))*(1+$BQ27) -> 30649.474 | N27: =((($AN27+($AO27-$AN27)*IF(VLOOKUP($Q27,武学奇术!$A:$ZZ,31,FALSE)=1,$F$18,0.5))*$AH27+$AI27)*(1+$AP27)*(1+$AQ27)+(($AS27+($AT27-$AS27)*IF(VLOOKUP($Q27,武学奇术!$A:$ZZ,31,FALSE)=1,$F$18,0.5))*IF($G$1="鸣金",$AJ27,$AH27)+IF($G$1="鸣金",$AK27*1.5,0))*(1+$AU27)*(1+$AV27)+(($AW27+($AX27-$AW27)*IF(VLOOKUP($Q27,武学奇术!$A:$ZZ,31,FALSE)=1,$F$18,0.5))*IF($G$1="裂石",$AJ27,$AH27)+IF($G$1="裂石",$AK27*1.5,0))*(1+$AY27)*(1+$AZ27)+(($BA27+($BB27-$BA27)*IF(VLOOKUP($Q27,武学奇术!$A:$ZZ,31,FALSE)=1,$F$18,0.5))*IF($G$1="牵丝",$AJ27,$AH27)+IF($G$1="牵丝",$AK27*1.5,0))*(1+$BC27)*(1+$BD27)+(($BE27+($BF27-$BE27)*IF(VLOOKUP($Q27,武学奇术!$A:$ZZ,31,FALSE)=1,$F$18,0.5))*IF($G$1="破竹",$AJ27,$AH27)+IF($G$1="破竹",$AK27*1.5,0))*(1+$BG27)*(1+$BH27))*(1+$AL27)*$P27*(1+IF(VLOOKUP($Q27,武学奇术!$A:$ZZ,30,FALSE)="蓄力技",$B$21,0))*(1+$BQ27) -> 20418.586 | O27: =((($AN27*$AH27+$AI27)*(1+$AP27)*(1+$AQ27)+($AS27*IF($G$1="鸣金",$AJ27,$AH27)+IF($G$1="鸣金",$AK27*1.5,0))*(1+$AU27)*(1+$AV27)+($AW27*IF($G$1="裂石",$AJ27,$AH27)+IF($G$1="裂石",$AK27*1.5,0))*(1+$AY27)*(1+$AZ27)+($BA27*IF($G$1="牵丝",$AJ27,$AH27)+IF($G$1="牵丝",$AK27*1.5,0))*(1+$BC27)*(1+$BD27)+($BE27*IF($G$1="破竹",$AJ27,$AH27)+IF($G$1="破竹",$AK27*1.5,0))*(1+$BG27)*(1+$BH27))*(1+$AL27))*$P27*(1+IF(VLOOKUP($Q27,武学奇术!$A:$ZZ,30,FALSE)="蓄力技",$B$21,0))*(1+$BQ27) -> 18133.859 | P27: 1 | Q27: 绳标Q | R27: 易水歌5层 | S27: N/a | T27: N/a | U27: N/a | V27: N/a | W27: N/a | X27: 沧海帖6层 | Y27: N/a | Z27: N/a | AA27: N/a | AB27: N/a | AC27: N/a | AD27: N/a | AE27: 无惧 | AF27: 天志增伤 | AG27: =VLOOKUP($Q27,武学奇术!$A:$ZZ,25,FALSE) -> 绳镖 | AH27: =VLOOKUP($Q27,武学奇术!$A:$ZZ,26,FALSE) -> 1.6584 | AI27: =VLOOKUP($Q27,武学奇术!$A:$ZZ,27,FALSE)*(1+IF(OR($AG27=$F$4,$AG27=$F$5),$B$22,0)) -> 641.2 | AJ27: =VLOOKUP($Q27,武学奇术!$A:$ZZ,28,FALSE) -> 2.4876 | AK27: =VLOOKUP($Q27,武学奇术!$A:$ZZ,29,FALSE)*(1+IF(OR($AG27=$F$4,$AG27=$F$5),$B$22,0)) -> 350 | AL27: {=$G$3+IFERROR(VLOOKUP($AG27,$F$4:$G$7,2,FALSE),0)+VLOOKUP($Q27,武学奇术!$A:$ZZ,2,FALSE)+SUM(_xlfn.XLOOKUP($R27:$AF27,增益!$A:$A,增益!$B:$B,0))} -> 0.3189 | AM27: {=VLOOKUP($Q27,武学奇术!$A:$ZZ,5,FALSE)+SUM(_xlfn.XLOOKUP($R27:$AF27,增益!$A:$A,增益!$E:$E,0))} -> 0 | AN27: {=$D$10*(1+$AM27)+VLOOKUP($Q27,武学奇术!$A:$ZZ,3,FALSE)+SUM(_xlfn.XLOOKUP($R27:$AF27,增益!$A:$A,增益!$C:$C,0))-$I$2} -> 3804.006 | AO27: {=$E$10*(1+$AM27)+VLOOKUP($Q27,武学奇术!$A:$ZZ,4,FALSE)+SUM(_xlfn.XLOOKUP($R27:$AF27,增益!$A:$A,增益!$D:$D,0))-$I$2} -> 3804.006 | AP27: {=IF($F$10-$I$3+VLOOKUP($Q27,武学奇术!$A:$ZZ,6,FALSE)+SUM(_xlfn.XLOOKUP(R27:AF27,增益!$A:$A,增益!$F:$F,0))>0,($F$10-$I$3+VLOOKUP($Q27,武学奇术!$A:$ZZ,6,FALSE)+SUM(_xlfn.XLOOKUP(R27:AF27,增益!$A:$A,增益!$F:$F,0)))/200,($F$10-$I$3+VLOOKUP($Q27,武学奇术!$A:$ZZ,6,FALSE)+SUM(_xlfn.XLOOKUP(R27:AF27,增益!$A:$A,增益!$F:$F,0)))/100)} -> 0.317 | AQ27: {=$G$10+VLOOKUP($Q27,武学奇术!$A:$ZZ,7,FALSE)+SUM(_xlfn.XLOOKUP(R27:AF27,增益!$A:$A,增益!$G:$G,0))} -> 0.09 | AR27: {=VLOOKUP($Q27,武学奇术!$A:$ZZ,8,FALSE)+SUM(_xlfn.XLOOKUP(R27:AF27,增益!$A:$A,增益!$H:$H,0))} -> 0 | AS27: =$D$11*(1+$AR27) -> 0 | AT27: =$E$11*(1+$AR27) -> 0 | AU27: {=IF($F$11-$I$4+VLOOKUP($Q27,武学奇术!$A:$ZZ,9,FALSE)+SUM(_xlfn.XLOOKUP(R27:AF27,增益!$A:$A,增益!$I:$I,0))>0,($F$11-$I$4+VLOOKUP($Q27,武学奇术!$A:$ZZ,9,FALSE)+SUM(_xlfn.XLOOKUP(R27:AF27,增益!$A:$A,增益!$I:$I,0)))/200,($F$11-$I$4+VLOOKUP($Q27,武学奇术!$A:$ZZ,9,FALSE)+SUM(_xlfn.XLOOKUP(R27:AF27,增益!$A:$A,增益!$I:$I,0)))/100)} -> -0.3 | AV27: {=$G$11+VLOOKUP($Q27,武学奇术!$A:$ZZ,10,FALSE)+SUM(_xlfn.XLOOKUP(R27:AF27,增益!$A:$A,增益!$J:$J,0))} -> 0 | AW27: =$D$12*(1+$AR27) -> 0 | AX27: =$E$12*(1+$AR27) -> 0 | AY27: {=IF($F$12-$I$4+VLOOKUP($Q27,武学奇术!$A:$ZZ,11,FALSE)+SUM(_xlfn.XLOOKUP(R27:AF27,增益!$A:$A,增益!$K:$K,0))>0,($F$12-$I$4+VLOOKUP($Q27,武学奇术!$A:$ZZ,11,FALSE)+SUM(_xlfn.XLOOKUP(R27:AF27,增益!$A:$A,增益!$K:$K,0)))/200,($F$12-$I$4+VLOOKUP($Q27,武学奇术!$A:$ZZ,11,FALSE)+SUM(_xlfn.XLOOKUP(R27:AF27,增益!$A:$A,增益!$K:$K,0)))/100)} -> -0.3 | AZ27: {=$G$12+VLOOKUP($Q27,武学奇术!$A:$ZZ,12,FALSE)+SUM(_xlfn.XLOOKUP(R27:AF27,增益!$A:$A,增益!$L:$L,0))} -> 0 | BA27: =$D$13*(1+$AR27) -> 0 | BB27: =$E$13*(1+$AR27) -> 0 | BC27: {=IF($F$13-$I$4+VLOOKUP($Q27,武学奇术!$A:$ZZ,13,FALSE)+SUM(_xlfn.XLOOKUP(R27:AF27,增益!$A:$A,增益!$M:$M,0))>0,($F$13-$I$4+VLOOKUP($Q27,武学奇术!$A:$ZZ,13,FALSE)+SUM(_xlfn.XLOOKUP(R27:AF27,增益!$A:$A,增益!$K:$K,0)))/200,($F$13-$I$4+VLOOKUP($Q27,武学奇术!$A:$ZZ,13,FALSE)+SUM(_xlfn.XLOOKUP(R27:AF27,增益!$A:$A,增益!$M:$M,0)))/100)} -> -0.3 | BD27: {=$G$13+VLOOKUP($Q27,武学奇术!$A:$ZZ,14,FALSE)+SUM(_xlfn.XLOOKUP(R27:AF27,增益!$A:$A,增益!$N:$N,0))} -> 0 | BE27: =$D$14*(1+$AR27) -> 570.28 | BF27: =$E$14*(1+$AR27) -> 1582.156 | BG27: {=IF($F$14-$I$4+VLOOKUP($Q27,武学奇术!$A:$ZZ,15,FALSE)+SUM(_xlfn.XLOOKUP(R27:AF27,增益!$A:$A,增益!$O:$O,0))>0,($F$14-$I$4+VLOOKUP($Q27,武学奇术!$A:$ZZ,15,FALSE)+SUM(_xlfn.XLOOKUP(R27:AF27,增益!$A:$A,增益!$O:$O,0)))/200,($F$14-$I$4+VLOOKUP($Q27,武学奇术!$A:$ZZ,15,FALSE)+SUM(_xlfn.XLOOKUP(R27:AF27,增益!$A:$A,增益!$O:$O,0)))/100)} -> 0 | BH27: {=$G$14+VLOOKUP($Q27,武学奇术!$A:$ZZ,16,FALSE)+SUM(_xlfn.XLOOKUP(R27:AF27,增益!$A:$A,增益!$P:$P,0))} -> 0.24 | BI27: =MIN(IF(VLOOKUP($Q27,武学奇术!$A:$ZZ,23,FALSE)=1,100%,$B$8),100%) -> 1 | BJ27: {=IF(VLOOKUP($Q27,武学奇术!$A:$ZZ,23,FALSE)=1,100%,MIN(80%,$B$9+VLOOKUP($Q27,武学奇术!$A:$ZZ,17,FALSE)+SUM(_xlfn.XLOOKUP(R27:AF27,增益!$A:$A,增益!$Q:$Q,0)))+$B$11+SUM(_xlfn.XLOOKUP(R27:AF27,增益!$A:$A,增益!$U:$U,0)))*IF(VLOOKUP($Q27,武学奇术!$A:$ZZ,24,FALSE)=1,0,1)+MIN(IF(VLOOKUP($Q27,武学奇术!$A:$ZZ,32,FALSE)=1,IF(VLOOKUP($Q27,武学奇术!$A:$ZZ,24,FALSE)=1,100%,MIN(40%,$B$10+VLOOKUP($Q27,武学奇术!$A:$ZZ,19,FALSE)+SUM(_xlfn.XLOOKUP(R27:AF27,增益!$A:$A,增益!$S:$S,0)))+$B$12+SUM(_xlfn.XLOOKUP(R27:AF27,增益!$A:$A,增益!$V:$V,0))),0),12%)} -> 0.918 | BK27: {=1+$B$13+VLOOKUP($Q27,武学奇术!$A:$ZZ,18,FALSE)+SUM(_xlfn.XLOOKUP(R27:AF27,增益!$A:$A,增益!$R:$R,0))} -> 1.6 | BL27: {=MAX(IF(VLOOKUP($Q27,武学奇术!$A:$ZZ,24,FALSE)=1,100%,MIN(40%,$B$10+VLOOKUP($Q27,武学奇术!$A:$ZZ,19,FALSE)+SUM(_xlfn.XLOOKUP(R27:AF27,增益!$A:$A,增益!$S:$S,0)))+$B$12+SUM(_xlfn.XLOOKUP(R27:AF27,增益!$A:$A,增益!$V:$V,0)))*IF(VLOOKUP($Q27,武学奇术!$A:$ZZ,23,FALSE)=1,0,1)-IF(VLOOKUP($Q27,武学奇术!$A:$ZZ,32,FALSE)=1,12%,0),0)} -> 0.0895 | BM27: {=1+$B$14+VLOOKUP($Q27,武学奇术!$A:$ZZ,20,FALSE)+SUM(_xlfn.XLOOKUP(R27:AF27,增益!$A:$A,增益!$T:$T,0))} -> 1.35 | BN27: =MIN((1-BL27)*BI27,BI27*BJ27) -> 0.9105 | BO27: =1-BL27-BN27-BP27 -> 0 | BP27: =IF(VLOOKUP($Q27,武学奇术!$A:$ZZ,22,FALSE)=1,0,(1-$BI27))*(1-$BL27) -> 0 | BQ27: {=SUM(_xlfn.XLOOKUP(R27:AF27,增益!$A:$A,增益!$W:$W,0))+$I$5} -> 0.11
